id,person_id,position_id,start_date,end_date,is_current,appointment_type,notes,source_url,confidence,data_status,last_verified_at
1,1,1,2022-07-25,,true,elected,Sworn in as 15th President,https://www.presidentofindia.gov.in/,0.90,verified,2026-06-26
2,2,2,2025-09-12,,true,elected,Sworn in as 15th Vice President,https://vicepresidentofindia.nic.in/,0.90,verified,2026-06-26
3,3,3,2024-06-09,,true,appointed,Third consecutive term,https://www.pmindia.gov.in/en/,0.90,verified,2026-06-26
4,4,4,2024-06-09,,true,appointed,Home Affairs and Cooperation,https://www.india.gov.in/directory/whos-who/council-of-ministers,0.80,collected,2026-06-26
5,5,5,2024-06-09,,true,appointed,Defence,https://www.india.gov.in/directory/whos-who/council-of-ministers,0.80,collected,2026-06-26
6,6,6,2024-06-09,,true,appointed,Finance and Corporate Affairs,https://en.wikipedia.org/wiki/Third_Modi_ministry,0.85,verified,2026-06-26
7,7,7,2024-06-09,,true,appointed,"Railways, I&B, Electronics & IT",https://www.india.gov.in/directory/whos-who/council-of-ministers,0.80,collected,2026-06-26
8,8,8,2024-06-09,2026-07-25,false,appointed,Resigned from Union Council of Ministers; Education portfolio reassigned,https://www.thehindu.com/news/national/pralhad-joshi-appointed-union-education-minister/article71266932.ece,0.90,verified,2026-07-25
9,9,10,2024-06-10,,true,appointed,"Cabinet Minister, Road Transport & Highways",https://en.wikipedia.org/wiki/Third_Modi_ministry,0.80,collected,2026-06-26
10,10,11,2024-06-10,,true,appointed,Cabinet Minister; also Chemicals & Fertilizers,https://en.wikipedia.org/wiki/Third_Modi_ministry,0.80,collected,2026-06-26
11,11,12,2024-06-10,,true,appointed,Cabinet Minister; also Rural Development,https://en.wikipedia.org/wiki/Third_Modi_ministry,0.80,collected,2026-06-26
12,12,13,2024-06-10,,true,appointed,"Cabinet Minister, External Affairs",https://en.wikipedia.org/wiki/Third_Modi_ministry,0.80,collected,2026-06-26
13,13,14,2024-06-10,,true,appointed,Cabinet Minister; also Housing & Urban Affairs,https://en.wikipedia.org/wiki/Third_Modi_ministry,0.80,collected,2026-06-26
14,14,15,2024-06-10,,true,appointed,Cabinet Minister; also Steel,https://en.wikipedia.org/wiki/Third_Modi_ministry,0.80,collected,2026-06-26
15,15,16,2024-06-10,,true,appointed,"Cabinet Minister, Commerce & Industry",https://en.wikipedia.org/wiki/Third_Modi_ministry,0.80,collected,2026-06-26
16,16,17,2024-06-10,,true,appointed,"Cabinet Minister, MSME",https://en.wikipedia.org/wiki/Third_Modi_ministry,0.80,collected,2026-06-26
17,17,18,2024-06-10,,true,appointed,"Cabinet Minister; also Fisheries, Animal Husbandry & Dairying",https://en.wikipedia.org/wiki/Third_Modi_ministry,0.80,collected,2026-06-26
18,18,19,2024-06-10,,true,appointed,"Cabinet Minister, Ports/Shipping/Waterways",https://en.wikipedia.org/wiki/Third_Modi_ministry,0.80,collected,2026-06-26
19,19,20,2024-06-10,,true,appointed,"Cabinet Minister, Social Justice & Empowerment",https://en.wikipedia.org/wiki/Third_Modi_ministry,0.80,collected,2026-06-26
20,20,21,2024-06-10,,true,appointed,"Cabinet Minister, Civil Aviation",https://en.wikipedia.org/wiki/Third_Modi_ministry,0.80,collected,2026-06-26
21,21,22,2024-06-10,,true,appointed,Cabinet Minister; also New & Renewable Energy,https://en.wikipedia.org/wiki/Third_Modi_ministry,0.80,collected,2026-06-26
22,22,23,2024-06-10,,true,appointed,"Cabinet Minister, Tribal Affairs",https://en.wikipedia.org/wiki/Third_Modi_ministry,0.80,collected,2026-06-26
23,23,24,2024-06-10,,true,appointed,"Cabinet Minister, Textiles",https://en.wikipedia.org/wiki/Third_Modi_ministry,0.80,collected,2026-06-26
24,24,25,2024-06-10,,true,appointed,Cabinet Minister; also Development of North Eastern Region,https://en.wikipedia.org/wiki/Third_Modi_ministry,0.80,collected,2026-06-26
25,25,26,2024-06-10,,true,appointed,"Cabinet Minister, Environment/Forest/Climate",https://en.wikipedia.org/wiki/Third_Modi_ministry,0.80,collected,2026-06-26
26,26,27,2024-06-10,,true,appointed,Cabinet Minister; also Tourism,https://en.wikipedia.org/wiki/Third_Modi_ministry,0.80,collected,2026-06-26
27,27,28,2024-06-10,,true,appointed,"Cabinet Minister, Women & Child Development",https://en.wikipedia.org/wiki/Third_Modi_ministry,0.80,collected,2026-06-26
28,28,29,2024-06-10,,true,appointed,Cabinet Minister; also Minority Affairs,https://en.wikipedia.org/wiki/Third_Modi_ministry,0.80,collected,2026-06-26
29,29,30,2024-06-10,,true,appointed,"Cabinet Minister, Petroleum & Natural Gas",https://en.wikipedia.org/wiki/Third_Modi_ministry,0.80,collected,2026-06-26
30,30,31,2024-06-10,,true,appointed,Cabinet Minister; also Youth Affairs & Sports,https://en.wikipedia.org/wiki/Third_Modi_ministry,0.80,collected,2026-06-26
31,31,32,2024-06-10,,true,appointed,Cabinet Minister; also Mines,https://en.wikipedia.org/wiki/Third_Modi_ministry,0.80,collected,2026-06-26
32,32,33,2024-06-10,,true,appointed,"Cabinet Minister, Food Processing Industries",https://en.wikipedia.org/wiki/Third_Modi_ministry,0.80,collected,2026-06-26
33,33,34,2024-06-10,,true,appointed,"Cabinet Minister, Jal Shakti",https://en.wikipedia.org/wiki/Third_Modi_ministry,0.80,collected,2026-06-26
34,34,35,2024-06-10,,true,appointed,MoS (IC); also Planning,https://en.wikipedia.org/wiki/Third_Modi_ministry,0.80,collected,2026-06-26
35,35,36,2024-06-10,,true,appointed,"MoS (IC); also Earth Sciences, PMO, DoPT, Space, Atomic Energy",https://en.wikipedia.org/wiki/Third_Modi_ministry,0.80,collected,2026-06-26
36,36,37,2024-06-10,,true,appointed,"MoS (IC), Law & Justice; also Parliamentary Affairs",https://en.wikipedia.org/wiki/Third_Modi_ministry,0.80,collected,2026-06-26
37,37,38,2024-06-10,,true,appointed,"MoS (IC), AYUSH; also Health & Family Welfare",https://en.wikipedia.org/wiki/Third_Modi_ministry,0.80,collected,2026-06-26
38,38,39,2024-06-10,,true,appointed,MoS (IC); also Education,https://en.wikipedia.org/wiki/Third_Modi_ministry,0.80,collected,2026-06-26
39,39,40,2024-06-10,,true,appointed,"MoS, Information & Broadcasting; also Fisheries, Animal Husbandry & Dairying",https://en.wikipedia.org/wiki/Third_Modi_ministry,0.80,collected,2026-06-26
40,40,41,2024-06-10,,true,appointed,"MoS, Health & Family Welfare; also Chemicals & Fertilizers",https://en.wikipedia.org/wiki/Third_Modi_ministry,0.80,collected,2026-06-26
41,41,42,2024-06-10,,true,appointed,"MoS, Education; also Development of North Eastern Region",https://en.wikipedia.org/wiki/Third_Modi_ministry,0.80,collected,2026-06-26
42,42,43,2024-06-10,,true,appointed,"MoS, Commerce & Industry; also Electronics & IT",https://en.wikipedia.org/wiki/Third_Modi_ministry,0.80,collected,2026-06-26
43,43,44,2024-06-10,,true,appointed,"MoS, Power; also New & Renewable Energy",https://en.wikipedia.org/wiki/Third_Modi_ministry,0.80,collected,2026-06-26
44,44,45,2024-06-10,,true,appointed,"MoS, Finance",https://en.wikipedia.org/wiki/Third_Modi_ministry,0.80,collected,2026-06-26
45,45,46,2024-06-10,,true,appointed,"MoS, Co-operation",https://en.wikipedia.org/wiki/Third_Modi_ministry,0.80,collected,2026-06-26
46,46,47,2024-06-10,,true,appointed,"MoS, Social Justice & Empowerment",https://en.wikipedia.org/wiki/Third_Modi_ministry,0.80,collected,2026-06-26
47,47,48,2024-06-10,,true,appointed,"MoS, Agriculture & Farmers Welfare",https://en.wikipedia.org/wiki/Third_Modi_ministry,0.80,collected,2026-06-26
48,48,49,2024-06-10,,true,appointed,"MoS, Home Affairs",https://en.wikipedia.org/wiki/Third_Modi_ministry,0.80,collected,2026-06-26
49,49,50,2024-06-10,,true,appointed,"MoS, Jal Shakti; also Railways",https://en.wikipedia.org/wiki/Third_Modi_ministry,0.80,collected,2026-06-26
50,50,51,2024-06-10,,true,appointed,"MoS, Rural Development; also Communications",https://en.wikipedia.org/wiki/Third_Modi_ministry,0.80,collected,2026-06-26
51,51,52,2024-06-10,,true,appointed,"MoS, Fisheries, Animal Husbandry & Dairying; also Panchayati Raj",https://en.wikipedia.org/wiki/Third_Modi_ministry,0.80,collected,2026-06-26
52,52,53,2024-06-10,,true,appointed,"MoS, MSME; also Labour & Employment",https://en.wikipedia.org/wiki/Third_Modi_ministry,0.80,collected,2026-06-26
53,53,54,2024-06-10,,true,appointed,"MoS, Environment, Forest & Climate Change; also External Affairs",https://en.wikipedia.org/wiki/Third_Modi_ministry,0.80,collected,2026-06-26
54,54,55,2024-06-10,,true,appointed,"MoS, Consumer Affairs, Food & PD; also Social Justice",https://en.wikipedia.org/wiki/Third_Modi_ministry,0.80,collected,2026-06-26
55,55,56,2024-06-10,,true,appointed,"MoS, Ports, Shipping & Waterways",https://en.wikipedia.org/wiki/Third_Modi_ministry,0.80,collected,2026-06-26
56,56,57,2024-06-10,,true,appointed,"MoS, Petroleum & Natural Gas; also Tourism",https://en.wikipedia.org/wiki/Third_Modi_ministry,0.80,collected,2026-06-26
57,57,58,2024-06-10,,true,appointed,"MoS, Road Transport & Highways",https://en.wikipedia.org/wiki/Third_Modi_ministry,0.80,collected,2026-06-26
58,58,59,2024-06-10,,true,appointed,"MoS, Home Affairs",https://en.wikipedia.org/wiki/Third_Modi_ministry,0.80,collected,2026-06-26
59,59,60,2024-06-10,,true,appointed,"MoS, Rural Development",https://en.wikipedia.org/wiki/Third_Modi_ministry,0.80,collected,2026-06-26
60,60,61,2024-06-10,,true,appointed,"MoS, Agriculture & Farmers Welfare",https://en.wikipedia.org/wiki/Third_Modi_ministry,0.80,collected,2026-06-26
61,61,62,2024-06-10,,true,appointed,"MoS, Coal; also Mines",https://en.wikipedia.org/wiki/Third_Modi_ministry,0.80,collected,2026-06-26
62,62,63,2024-06-10,,true,appointed,"MoS, Defence",https://en.wikipedia.org/wiki/Third_Modi_ministry,0.80,collected,2026-06-26
63,63,64,2024-06-10,,true,appointed,"MoS, Food Processing Industries; also Railways",https://en.wikipedia.org/wiki/Third_Modi_ministry,0.80,collected,2026-06-26
64,64,65,2024-06-10,,true,appointed,"MoS, Tribal Affairs",https://en.wikipedia.org/wiki/Third_Modi_ministry,0.80,collected,2026-06-26
65,65,66,2024-06-10,,true,appointed,"MoS, Youth Affairs & Sports",https://en.wikipedia.org/wiki/Third_Modi_ministry,0.80,collected,2026-06-26
66,66,67,2024-06-10,,true,appointed,"MoS, Women & Child Development",https://en.wikipedia.org/wiki/Third_Modi_ministry,0.80,collected,2026-06-26
67,67,68,2024-06-10,,true,appointed,"MoS, Housing & Urban Affairs",https://en.wikipedia.org/wiki/Third_Modi_ministry,0.80,collected,2026-06-26
68,68,69,2024-06-10,,true,appointed,"MoS, Heavy Industries; also Steel",https://en.wikipedia.org/wiki/Third_Modi_ministry,0.80,collected,2026-06-26
69,69,70,2024-06-10,,true,appointed,"MoS, Corporate Affairs; also Road Transport & Highways",https://en.wikipedia.org/wiki/Third_Modi_ministry,0.80,collected,2026-06-26
70,70,71,2024-06-10,,true,appointed,"MoS, Civil Aviation; also Co-operation",https://en.wikipedia.org/wiki/Third_Modi_ministry,0.80,collected,2026-06-26
71,71,72,2024-06-10,,true,appointed,"MoS, Minority Affairs; also Fisheries, Animal Husbandry & Dairying",https://en.wikipedia.org/wiki/Third_Modi_ministry,0.80,collected,2026-06-26
72,72,73,2024-06-10,,true,appointed,"MoS, External Affairs; also Textiles",https://en.wikipedia.org/wiki/Third_Modi_ministry,0.80,collected,2026-06-26
73,73,74,2024-06-10,,true,appointed,"MoS, Consumer Affairs, Food & Public Distribution",https://en.wikipedia.org/wiki/Third_Modi_ministry,0.80,collected,2026-06-26
74,74,75,2024-06-10,,true,appointed,"MoS, Jal Shakti",https://en.wikipedia.org/wiki/Third_Modi_ministry,0.80,collected,2026-06-26
75,75,76,,,true,appointed,Governor of Andhra Pradesh,https://en.wikipedia.org/wiki/List_of_current_Indian_governors,0.80,collected,2026-06-26
76,76,77,2024-06-12,,true,elected,Chief Minister of Andhra Pradesh,https://en.wikipedia.org/wiki/List_of_current_Indian_chief_ministers,0.80,collected,2026-06-26
77,77,79,,,true,appointed,Governor of Arunachal Pradesh,https://en.wikipedia.org/wiki/List_of_current_Indian_governors,0.80,collected,2026-06-26
78,78,80,2019-05-29,,true,elected,Chief Minister of Arunachal Pradesh,https://en.wikipedia.org/wiki/List_of_current_Indian_chief_ministers,0.80,collected,2026-06-26
79,79,82,,,true,appointed,Governor of Assam,https://en.wikipedia.org/wiki/List_of_current_Indian_governors,0.80,collected,2026-06-26
80,80,83,2021-05-10,,true,elected,Chief Minister of Assam,https://en.wikipedia.org/wiki/List_of_current_Indian_chief_ministers,0.80,collected,2026-06-26
81,81,85,,,true,appointed,Governor of Bihar,https://en.wikipedia.org/wiki/List_of_current_Indian_governors,0.80,collected,2026-06-26
82,82,86,,2026-04-15,false,elected,Resigned as Bihar CM to contest Rajya Sabha (Apr 2026),https://en.wikipedia.org/wiki/Samrat_Choudhary,0.80,verified,2026-06-26
83,83,88,,,true,appointed,Governor of Chhattisgarh,https://en.wikipedia.org/wiki/List_of_current_Indian_governors,0.80,collected,2026-06-26
84,84,89,2023-12-13,,true,elected,Chief Minister of Chhattisgarh,https://en.wikipedia.org/wiki/List_of_current_Indian_chief_ministers,0.80,collected,2026-06-26
85,85,91,,,true,appointed,Governor of Goa,https://en.wikipedia.org/wiki/List_of_current_Indian_governors,0.80,collected,2026-06-26
86,86,92,2019-03-19,,true,elected,Chief Minister of Goa,https://en.wikipedia.org/wiki/List_of_current_Indian_chief_ministers,0.80,collected,2026-06-26
87,87,94,,,true,appointed,Governor of Gujarat,https://en.wikipedia.org/wiki/List_of_current_Indian_governors,0.80,collected,2026-06-26
88,88,95,2022-12-12,,true,elected,Chief Minister of Gujarat,https://en.wikipedia.org/wiki/List_of_current_Indian_chief_ministers,0.80,collected,2026-06-26
89,89,97,,,true,appointed,Governor of Haryana,https://en.wikipedia.org/wiki/List_of_current_Indian_governors,0.80,collected,2026-06-26
90,90,98,2024-10-17,,true,elected,Chief Minister of Haryana,https://en.wikipedia.org/wiki/List_of_current_Indian_chief_ministers,0.80,collected,2026-06-26
91,91,100,,,true,appointed,Governor of Himachal Pradesh,https://en.wikipedia.org/wiki/List_of_current_Indian_governors,0.80,collected,2026-06-26
92,92,101,2022-12-11,,true,elected,Chief Minister of Himachal Pradesh,https://en.wikipedia.org/wiki/List_of_current_Indian_chief_ministers,0.80,collected,2026-06-26
93,93,103,,,true,appointed,Governor of Jharkhand,https://en.wikipedia.org/wiki/List_of_current_Indian_governors,0.80,collected,2026-06-26
94,94,104,2024-11-28,,true,elected,Chief Minister of Jharkhand,https://en.wikipedia.org/wiki/List_of_current_Indian_chief_ministers,0.80,collected,2026-06-26
95,95,106,,,true,appointed,Governor of Karnataka,https://en.wikipedia.org/wiki/List_of_current_Indian_governors,0.80,collected,2026-06-26
96,96,107,2023-05-20,,true,elected,Chief Minister of Karnataka,https://en.wikipedia.org/wiki/List_of_current_Indian_chief_ministers,0.80,collected,2026-06-26
97,97,109,,,true,appointed,Governor of Kerala,https://en.wikipedia.org/wiki/List_of_current_Indian_governors,0.80,collected,2026-06-26
98,98,110,2021-05-20,2026-05-20,false,elected,LDF voted out in 2026 Kerala election,https://www.britannica.com/topic/2026-State-Elections-in-India,0.80,stale,2026-06-26
99,99,112,,,true,appointed,Governor of Madhya Pradesh,https://en.wikipedia.org/wiki/List_of_current_Indian_governors,0.80,collected,2026-06-26
100,100,113,2023-12-13,,true,elected,Chief Minister of Madhya Pradesh,https://en.wikipedia.org/wiki/List_of_current_Indian_chief_ministers,0.80,collected,2026-06-26
101,87,115,,,true,additional_charge,Additional charge as Governor of Maharashtra,https://en.wikipedia.org/wiki/List_of_current_Indian_governors,0.80,collected,2026-06-26
102,101,116,2024-12-05,,true,elected,Chief Minister of Maharashtra,https://en.wikipedia.org/wiki/List_of_current_Indian_chief_ministers,0.80,collected,2026-06-26
103,102,118,,,true,appointed,Governor of Manipur,https://en.wikipedia.org/wiki/List_of_current_Indian_governors,0.80,collected,2026-06-26
104,103,119,2026-02-04,,true,elected,Chief Minister of Manipur,https://en.wikipedia.org/wiki/List_of_current_Indian_chief_ministers,0.80,collected,2026-06-26
105,104,121,,,true,appointed,Governor of Meghalaya,https://en.wikipedia.org/wiki/List_of_current_Indian_governors,0.80,collected,2026-06-26
106,105,122,2023-03-07,,true,elected,Chief Minister of Meghalaya,https://en.wikipedia.org/wiki/List_of_current_Indian_chief_ministers,0.80,collected,2026-06-26
107,106,124,,,true,appointed,Governor of Mizoram,https://en.wikipedia.org/wiki/List_of_current_Indian_governors,0.80,collected,2026-06-26
108,107,125,2023-12-08,,true,elected,Chief Minister of Mizoram,https://en.wikipedia.org/wiki/List_of_current_Indian_chief_ministers,0.80,collected,2026-06-26
109,102,127,,,true,additional_charge,Additional charge as Governor of Nagaland,https://en.wikipedia.org/wiki/List_of_current_Indian_governors,0.80,collected,2026-06-26
110,108,128,2023-03-07,,true,elected,Chief Minister of Nagaland,https://en.wikipedia.org/wiki/List_of_current_Indian_chief_ministers,0.80,collected,2026-06-26
111,109,130,,,true,appointed,Governor of Odisha,https://en.wikipedia.org/wiki/List_of_current_Indian_governors,0.80,collected,2026-06-26
112,110,131,2024-06-12,,true,elected,Chief Minister of Odisha,https://en.wikipedia.org/wiki/List_of_current_Indian_chief_ministers,0.80,collected,2026-06-26
113,111,133,,,true,appointed,Governor of Punjab,https://en.wikipedia.org/wiki/List_of_current_Indian_governors,0.80,collected,2026-06-26
114,112,134,2022-03-16,,true,elected,Chief Minister of Punjab,https://en.wikipedia.org/wiki/List_of_current_Indian_chief_ministers,0.80,collected,2026-06-26
115,113,136,,,true,appointed,Governor of Rajasthan,https://en.wikipedia.org/wiki/List_of_current_Indian_governors,0.80,collected,2026-06-26
116,114,137,2023-12-15,,true,elected,Chief Minister of Rajasthan,https://en.wikipedia.org/wiki/List_of_current_Indian_chief_ministers,0.80,collected,2026-06-26
117,115,139,,,true,appointed,Governor of Sikkim,https://en.wikipedia.org/wiki/List_of_current_Indian_governors,0.80,collected,2026-06-26
118,116,140,2019-05-27,,true,elected,Chief Minister of Sikkim,https://en.wikipedia.org/wiki/List_of_current_Indian_chief_ministers,0.80,collected,2026-06-26
119,117,142,,,true,appointed,Governor of Tamil Nadu,https://en.wikipedia.org/wiki/List_of_current_Indian_governors,0.80,collected,2026-06-26
120,118,143,2021-05-07,2026-05-07,false,elected,"Chief Minister of Tamil Nadu (DMK govt voted out, 2026 election)",https://www.britannica.com/topic/2026-State-Elections-in-India,0.80,stale,2026-06-26
121,119,145,,,true,appointed,Governor of Telangana,https://en.wikipedia.org/wiki/List_of_current_Indian_governors,0.80,collected,2026-06-26
122,120,146,2023-12-07,,true,elected,Chief Minister of Telangana,https://en.wikipedia.org/wiki/List_of_current_Indian_chief_ministers,0.80,collected,2026-06-26
123,121,148,,,true,appointed,Governor of Tripura,https://en.wikipedia.org/wiki/List_of_current_Indian_governors,0.80,collected,2026-06-26
124,122,149,2023-03-08,,true,elected,Chief Minister of Tripura,https://en.wikipedia.org/wiki/List_of_current_Indian_chief_ministers,0.80,collected,2026-06-26
125,123,151,,,true,appointed,Governor of Uttarakhand,https://en.wikipedia.org/wiki/List_of_current_Indian_governors,0.80,collected,2026-06-26
126,124,152,2021-07-04,,true,elected,Chief Minister of Uttarakhand,https://en.wikipedia.org/wiki/List_of_current_Indian_chief_ministers,0.80,collected,2026-06-26
127,125,154,,,true,appointed,Governor of Uttar Pradesh,https://en.wikipedia.org/wiki/List_of_current_Indian_governors,0.80,collected,2026-06-26
128,126,155,2017-03-19,,true,elected,Chief Minister of Uttar Pradesh,https://en.wikipedia.org/wiki/List_of_current_Indian_chief_ministers,0.80,collected,2026-06-26
129,127,157,,,true,appointed,Governor of West Bengal,https://en.wikipedia.org/wiki/List_of_current_Indian_governors,0.80,collected,2026-06-26
130,128,158,2011-05-20,2026-05-09,false,elected,TMC lost 2026 WB election; ministry ended 7 May 2026,https://en.wikipedia.org/wiki/Suvendu_Adhikari_ministry,0.80,verified,2026-06-26
131,129,161,2025-02-20,,true,elected,Chief Minister of Delhi (NCT),https://en.wikipedia.org/wiki/List_of_current_Indian_chief_ministers,0.80,collected,2026-06-26
132,130,164,2024-10-16,,true,elected,Chief Minister of Jammu and Kashmir,https://en.wikipedia.org/wiki/List_of_current_Indian_chief_ministers,0.80,collected,2026-06-26
133,131,167,2021-05-07,,true,elected,Chief Minister of Puducherry,https://en.wikipedia.org/wiki/List_of_current_Indian_chief_ministers,0.80,collected,2026-06-26
134,132,160,,,true,appointed,Lieutenant Governor of Delhi,https://en.wikipedia.org/wiki/List_of_current_Indian_lieutenant_governors_and_administrators,0.80,collected,2026-06-26
135,133,163,,,true,appointed,Lieutenant Governor of Jammu and Kashmir,https://en.wikipedia.org/wiki/List_of_current_Indian_lieutenant_governors_and_administrators,0.80,collected,2026-06-26
136,134,166,,,true,appointed,Lieutenant Governor of Puducherry,https://en.wikipedia.org/wiki/List_of_current_Indian_lieutenant_governors_and_administrators,0.80,collected,2026-06-26
137,135,170,,,true,appointed,Lieutenant Governor of Ladakh,https://en.wikipedia.org/wiki/List_of_current_Indian_lieutenant_governors_and_administrators,0.80,collected,2026-06-26
138,111,171,,,true,additional_charge,Additional charge as Administrator of Chandigarh,https://en.wikipedia.org/wiki/List_of_current_Indian_lieutenant_governors_and_administrators,0.80,collected,2026-06-26
139,136,172,,,true,appointed,Administrator of Dadra and Nagar Haveli and Daman and Diu,https://en.wikipedia.org/wiki/List_of_current_Indian_lieutenant_governors_and_administrators,0.80,collected,2026-06-26
140,136,173,,,true,additional_charge,Additional charge as Administrator of Lakshadweep,https://en.wikipedia.org/wiki/List_of_current_Indian_lieutenant_governors_and_administrators,0.80,collected,2026-06-26
141,137,174,2024-06-12,,true,elected,Deputy CM of Andhra Pradesh,https://en.wikipedia.org/wiki/List_of_current_Indian_deputy_chief_ministers,0.80,collected,2026-06-26
142,138,175,2016-07-16,,true,elected,Deputy CM of Arunachal Pradesh,https://en.wikipedia.org/wiki/List_of_current_Indian_deputy_chief_ministers,0.80,collected,2026-06-26
143,139,176,2026-04-15,,true,elected,Deputy Chief Minister of Bihar (since 15 Apr 2026),https://en.wikipedia.org/wiki/Samrat_Choudhary,0.85,collected,2026-06-26
144,140,177,2026-04-15,,true,elected,Deputy Chief Minister of Bihar (since 15 Apr 2026),https://en.wikipedia.org/wiki/Samrat_Choudhary,0.85,collected,2026-06-26
145,141,178,2023-12-13,,true,elected,Deputy CM of Chhattisgarh,https://en.wikipedia.org/wiki/List_of_current_Indian_deputy_chief_ministers,0.80,collected,2026-06-26
146,142,179,2023-12-13,,true,elected,Deputy CM of Chhattisgarh,https://en.wikipedia.org/wiki/List_of_current_Indian_deputy_chief_ministers,0.80,collected,2026-06-26
147,143,180,2025-10-17,,true,elected,Deputy CM of Gujarat,https://en.wikipedia.org/wiki/List_of_current_Indian_deputy_chief_ministers,0.80,collected,2026-06-26
148,144,181,2022-12-11,,true,elected,Deputy CM of Himachal Pradesh,https://en.wikipedia.org/wiki/List_of_current_Indian_deputy_chief_ministers,0.80,collected,2026-06-26
149,145,182,2024-10-16,,true,elected,Deputy CM of Jammu and Kashmir,https://en.wikipedia.org/wiki/List_of_current_Indian_deputy_chief_ministers,0.80,collected,2026-06-26
150,146,183,2023-05-20,,true,elected,Deputy CM of Karnataka,https://en.wikipedia.org/wiki/List_of_current_Indian_deputy_chief_ministers,0.80,collected,2026-06-26
151,147,184,2023-12-13,,true,elected,Deputy CM of Madhya Pradesh,https://en.wikipedia.org/wiki/List_of_current_Indian_deputy_chief_ministers,0.80,collected,2026-06-26
152,148,185,2023-12-13,,true,elected,Deputy CM of Madhya Pradesh,https://en.wikipedia.org/wiki/List_of_current_Indian_deputy_chief_ministers,0.80,collected,2026-06-26
153,149,186,2024-12-05,,true,elected,Deputy CM of Maharashtra,https://en.wikipedia.org/wiki/List_of_current_Indian_deputy_chief_ministers,0.80,collected,2026-06-26
154,150,187,2026-01-31,,true,elected,Deputy CM of Maharashtra,https://en.wikipedia.org/wiki/List_of_current_Indian_deputy_chief_ministers,0.80,collected,2026-06-26
155,151,188,2026-02-04,,true,elected,Deputy CM of Manipur,https://en.wikipedia.org/wiki/List_of_current_Indian_deputy_chief_ministers,0.80,collected,2026-06-26
156,152,189,2026-02-04,,true,elected,Deputy CM of Manipur,https://en.wikipedia.org/wiki/List_of_current_Indian_deputy_chief_ministers,0.80,collected,2026-06-26
157,153,190,2018-03-06,,true,elected,Deputy CM of Meghalaya,https://en.wikipedia.org/wiki/List_of_current_Indian_deputy_chief_ministers,0.80,collected,2026-06-26
158,154,191,2023-03-07,,true,elected,Deputy CM of Meghalaya,https://en.wikipedia.org/wiki/List_of_current_Indian_deputy_chief_ministers,0.80,collected,2026-06-26
159,155,192,2018-03-09,,true,elected,Deputy CM of Nagaland,https://en.wikipedia.org/wiki/List_of_current_Indian_deputy_chief_ministers,0.80,collected,2026-06-26
160,156,193,2023-03-07,,true,elected,Deputy CM of Nagaland,https://en.wikipedia.org/wiki/List_of_current_Indian_deputy_chief_ministers,0.80,collected,2026-06-26
161,157,194,2024-06-12,,true,elected,Deputy CM of Odisha,https://en.wikipedia.org/wiki/List_of_current_Indian_deputy_chief_ministers,0.80,collected,2026-06-26
162,158,195,2024-06-12,,true,elected,Deputy CM of Odisha,https://en.wikipedia.org/wiki/List_of_current_Indian_deputy_chief_ministers,0.80,collected,2026-06-26
163,159,196,2023-12-15,,true,elected,Deputy CM of Rajasthan,https://en.wikipedia.org/wiki/List_of_current_Indian_deputy_chief_ministers,0.80,collected,2026-06-26
164,160,197,2023-12-15,,true,elected,Deputy CM of Rajasthan,https://en.wikipedia.org/wiki/List_of_current_Indian_deputy_chief_ministers,0.80,collected,2026-06-26
165,161,198,2024-09-28,2026-05-07,false,elected,"Deputy CM of Tamil Nadu (DMK govt voted out, 2026 election)",https://www.britannica.com/topic/2026-State-Elections-in-India,0.80,stale,2026-06-26
166,162,199,2023-12-07,,true,elected,Deputy CM of Telangana,https://en.wikipedia.org/wiki/List_of_current_Indian_deputy_chief_ministers,0.80,collected,2026-06-26
167,163,200,2017-03-19,,true,elected,Deputy CM of Uttar Pradesh,https://en.wikipedia.org/wiki/List_of_current_Indian_deputy_chief_ministers,0.80,collected,2026-06-26
168,164,201,2022-03-25,,true,elected,Deputy CM of Uttar Pradesh,https://en.wikipedia.org/wiki/List_of_current_Indian_deputy_chief_ministers,0.80,collected,2026-06-26
169,165,202,2025-11-24,,true,appointed,53rd CJI,https://www.sci.gov.in/chief-justice-judges/,0.85,collected,2026-06-26
170,166,203,,,true,appointed,Chief Election Commissioner,https://en.wikipedia.org/wiki/Chief_Election_Commissioner_of_India,0.80,collected,2026-06-26
171,167,204,,,true,appointed,CAG of India,https://en.wikipedia.org/wiki/List_of_office-holders_in_the_Government_of_India,0.80,collected,2026-06-26
172,168,205,,,true,appointed,Attorney General,https://en.wikipedia.org/wiki/List_of_office-holders_in_the_Government_of_India,0.80,collected,2026-06-26
173,169,206,2024-06-26,,true,elected,Speaker of the Lok Sabha,https://www.pmindia.gov.in/en/news_updates/pm-congratulates-shri-om-birla-on-being-elected-as-speaker-of-lok-sabha/,0.85,collected,2026-06-26
174,170,207,,,true,appointed,Cabinet Secretary,https://en.wikipedia.org/wiki/Cabinet_Secretary_(India),0.80,collected,2026-06-26
175,171,208,,,true,appointed,Principal Secretary to PM,https://www.pmindia.gov.in/en/list-of-officers-pmo/,0.80,collected,2026-06-26
176,172,209,,,true,appointed,Principal Secretary-2 to PM,https://www.pmindia.gov.in/en/list-of-officers-pmo/,0.80,collected,2026-06-26
177,173,210,,,true,appointed,"Minister, Uttar Pradesh",https://en.wikipedia.org/wiki/Second_Yogi_Adityanath_ministry,0.75,collected,2026-06-26
178,174,211,,,true,appointed,"Minister, Uttar Pradesh",https://en.wikipedia.org/wiki/Second_Yogi_Adityanath_ministry,0.75,collected,2026-06-26
179,175,212,,,true,appointed,"Minister, Uttar Pradesh",https://en.wikipedia.org/wiki/Second_Yogi_Adityanath_ministry,0.75,collected,2026-06-26
180,176,213,,,true,appointed,"Minister, Uttar Pradesh",https://en.wikipedia.org/wiki/Second_Yogi_Adityanath_ministry,0.75,collected,2026-06-26
181,177,214,,,true,appointed,"Minister, Uttar Pradesh",https://en.wikipedia.org/wiki/Second_Yogi_Adityanath_ministry,0.75,collected,2026-06-26
182,178,215,,,true,appointed,"Minister, Uttar Pradesh",https://en.wikipedia.org/wiki/Second_Yogi_Adityanath_ministry,0.75,collected,2026-06-26
183,179,216,,,true,appointed,"Minister, Uttar Pradesh",https://en.wikipedia.org/wiki/Second_Yogi_Adityanath_ministry,0.75,collected,2026-06-26
184,180,217,,,true,appointed,"Minister, Uttar Pradesh",https://en.wikipedia.org/wiki/Second_Yogi_Adityanath_ministry,0.75,collected,2026-06-26
185,181,218,,,true,appointed,"Minister, Uttar Pradesh",https://en.wikipedia.org/wiki/Second_Yogi_Adityanath_ministry,0.75,collected,2026-06-26
186,182,219,,,true,appointed,"Minister, Uttar Pradesh",https://en.wikipedia.org/wiki/Second_Yogi_Adityanath_ministry,0.75,collected,2026-06-26
187,183,220,,,true,appointed,"Minister, Uttar Pradesh",https://en.wikipedia.org/wiki/Second_Yogi_Adityanath_ministry,0.75,collected,2026-06-26
188,184,221,,,true,appointed,"Minister, Uttar Pradesh",https://en.wikipedia.org/wiki/Second_Yogi_Adityanath_ministry,0.75,collected,2026-06-26
189,185,222,,,true,appointed,"Minister, Uttar Pradesh",https://en.wikipedia.org/wiki/Second_Yogi_Adityanath_ministry,0.75,collected,2026-06-26
190,186,223,,,true,appointed,"Minister, Uttar Pradesh",https://en.wikipedia.org/wiki/Second_Yogi_Adityanath_ministry,0.75,collected,2026-06-26
191,187,224,,,true,appointed,"Minister, Uttar Pradesh",https://en.wikipedia.org/wiki/Second_Yogi_Adityanath_ministry,0.75,collected,2026-06-26
192,188,225,,,true,appointed,"Minister of State (Independent Charge), Uttar Pradesh",https://en.wikipedia.org/wiki/Second_Yogi_Adityanath_ministry,0.75,collected,2026-06-26
193,189,226,,,true,appointed,"Minister of State (Independent Charge), Uttar Pradesh",https://en.wikipedia.org/wiki/Second_Yogi_Adityanath_ministry,0.75,collected,2026-06-26
194,190,227,,,true,appointed,"Minister of State (Independent Charge), Uttar Pradesh",https://en.wikipedia.org/wiki/Second_Yogi_Adityanath_ministry,0.75,collected,2026-06-26
195,191,228,,,true,appointed,"Minister of State (Independent Charge), Uttar Pradesh",https://en.wikipedia.org/wiki/Second_Yogi_Adityanath_ministry,0.75,collected,2026-06-26
196,192,229,,,true,appointed,"Minister of State (Independent Charge), Uttar Pradesh",https://en.wikipedia.org/wiki/Second_Yogi_Adityanath_ministry,0.75,collected,2026-06-26
197,193,230,,,true,appointed,"Minister of State (Independent Charge), Uttar Pradesh",https://en.wikipedia.org/wiki/Second_Yogi_Adityanath_ministry,0.75,collected,2026-06-26
198,194,231,,,true,appointed,"Minister of State (Independent Charge), Uttar Pradesh",https://en.wikipedia.org/wiki/Second_Yogi_Adityanath_ministry,0.75,collected,2026-06-26
199,195,232,,,true,appointed,"Minister of State (Independent Charge), Uttar Pradesh",https://en.wikipedia.org/wiki/Second_Yogi_Adityanath_ministry,0.75,collected,2026-06-26
200,196,233,,,true,appointed,"Minister of State (Independent Charge), Uttar Pradesh",https://en.wikipedia.org/wiki/Second_Yogi_Adityanath_ministry,0.75,collected,2026-06-26
201,197,234,,,true,appointed,"Minister of State (Independent Charge), Uttar Pradesh",https://en.wikipedia.org/wiki/Second_Yogi_Adityanath_ministry,0.75,collected,2026-06-26
202,198,235,,,true,appointed,"Minister of State (Independent Charge), Uttar Pradesh",https://en.wikipedia.org/wiki/Second_Yogi_Adityanath_ministry,0.75,collected,2026-06-26
203,199,236,,,true,appointed,"Minister of State (Independent Charge), Uttar Pradesh",https://en.wikipedia.org/wiki/Second_Yogi_Adityanath_ministry,0.75,collected,2026-06-26
204,200,237,,,true,appointed,"Minister of State (Independent Charge), Uttar Pradesh",https://en.wikipedia.org/wiki/Second_Yogi_Adityanath_ministry,0.75,collected,2026-06-26
205,201,238,,,true,appointed,"Minister of State (Independent Charge), Uttar Pradesh",https://en.wikipedia.org/wiki/Second_Yogi_Adityanath_ministry,0.75,collected,2026-06-26
206,202,239,,,true,appointed,"Minister of State (Independent Charge), Uttar Pradesh",https://en.wikipedia.org/wiki/Second_Yogi_Adityanath_ministry,0.75,collected,2026-06-26
207,203,240,,,true,appointed,"Minister of State (Independent Charge), Uttar Pradesh",https://en.wikipedia.org/wiki/Second_Yogi_Adityanath_ministry,0.75,collected,2026-06-26
208,204,241,,,true,appointed,"Minister of State (Independent Charge), Uttar Pradesh",https://en.wikipedia.org/wiki/Second_Yogi_Adityanath_ministry,0.75,collected,2026-06-26
209,205,242,,,true,appointed,"Minister of State, Uttar Pradesh",https://en.wikipedia.org/wiki/Second_Yogi_Adityanath_ministry,0.75,collected,2026-06-26
210,206,243,,,true,appointed,"Minister of State, Uttar Pradesh",https://en.wikipedia.org/wiki/Second_Yogi_Adityanath_ministry,0.75,collected,2026-06-26
211,207,244,,,true,appointed,"Minister of State, Uttar Pradesh",https://en.wikipedia.org/wiki/Second_Yogi_Adityanath_ministry,0.75,collected,2026-06-26
212,208,245,,,true,appointed,"Minister of State, Uttar Pradesh",https://en.wikipedia.org/wiki/Second_Yogi_Adityanath_ministry,0.75,collected,2026-06-26
213,209,246,,,true,appointed,"Minister of State, Uttar Pradesh",https://en.wikipedia.org/wiki/Second_Yogi_Adityanath_ministry,0.75,collected,2026-06-26
214,210,247,,,true,appointed,"Minister of State, Uttar Pradesh",https://en.wikipedia.org/wiki/Second_Yogi_Adityanath_ministry,0.75,collected,2026-06-26
215,211,248,,,true,appointed,"Minister of State, Uttar Pradesh",https://en.wikipedia.org/wiki/Second_Yogi_Adityanath_ministry,0.75,collected,2026-06-26
216,212,249,,,true,appointed,"Minister of State, Uttar Pradesh",https://en.wikipedia.org/wiki/Second_Yogi_Adityanath_ministry,0.75,collected,2026-06-26
217,213,250,,,true,appointed,"Minister of State, Uttar Pradesh",https://en.wikipedia.org/wiki/Second_Yogi_Adityanath_ministry,0.75,collected,2026-06-26
218,214,251,,,true,appointed,"Minister of State, Uttar Pradesh",https://en.wikipedia.org/wiki/Second_Yogi_Adityanath_ministry,0.75,collected,2026-06-26
219,215,252,,,true,appointed,"Minister of State, Uttar Pradesh",https://en.wikipedia.org/wiki/Second_Yogi_Adityanath_ministry,0.75,collected,2026-06-26
220,216,253,,,true,appointed,"Minister of State, Uttar Pradesh",https://en.wikipedia.org/wiki/Second_Yogi_Adityanath_ministry,0.75,collected,2026-06-26
221,217,254,,,true,appointed,"Minister of State, Uttar Pradesh",https://en.wikipedia.org/wiki/Second_Yogi_Adityanath_ministry,0.75,collected,2026-06-26
222,218,255,,,true,appointed,"Minister of State, Uttar Pradesh",https://en.wikipedia.org/wiki/Second_Yogi_Adityanath_ministry,0.75,collected,2026-06-26
223,219,256,,,true,appointed,"Minister of State, Uttar Pradesh",https://en.wikipedia.org/wiki/Second_Yogi_Adityanath_ministry,0.75,collected,2026-06-26
224,220,257,,,true,appointed,"Minister of State, Uttar Pradesh",https://en.wikipedia.org/wiki/Second_Yogi_Adityanath_ministry,0.75,collected,2026-06-26
225,221,258,,,true,appointed,"Minister of State, Uttar Pradesh",https://en.wikipedia.org/wiki/Second_Yogi_Adityanath_ministry,0.75,collected,2026-06-26
226,222,259,,,true,appointed,"Minister of State, Uttar Pradesh",https://en.wikipedia.org/wiki/Second_Yogi_Adityanath_ministry,0.75,collected,2026-06-26
227,223,260,,,true,appointed,"Minister of State, Uttar Pradesh",https://en.wikipedia.org/wiki/Second_Yogi_Adityanath_ministry,0.75,collected,2026-06-26
228,224,78,,,true,appointed,"Chief Secretary, Andhra Pradesh",https://www.sarkaritel.com/chief-secretaries-of-states-union-territores/,0.80,collected,2026-06-26
229,225,81,,,true,appointed,"Chief Secretary, Arunachal Pradesh",https://www.sarkaritel.com/chief-secretaries-of-states-union-territores/,0.80,collected,2026-06-26
230,226,84,,,true,appointed,"Chief Secretary, Assam",https://www.sarkaritel.com/chief-secretaries-of-states-union-territores/,0.80,collected,2026-06-26
231,227,87,,,true,appointed,"Chief Secretary, Bihar",https://www.sarkaritel.com/chief-secretaries-of-states-union-territores/,0.80,collected,2026-06-26
232,228,90,,,true,appointed,"Chief Secretary, Chhattisgarh",https://www.sarkaritel.com/chief-secretaries-of-states-union-territores/,0.80,collected,2026-06-26
233,229,93,,,true,appointed,"Chief Secretary, Goa",https://www.sarkaritel.com/chief-secretaries-of-states-union-territores/,0.80,collected,2026-06-26
234,230,96,,,true,appointed,"Chief Secretary, Gujarat",https://www.sarkaritel.com/chief-secretaries-of-states-union-territores/,0.80,collected,2026-06-26
235,231,99,,,true,appointed,"Chief Secretary, Haryana",https://www.sarkaritel.com/chief-secretaries-of-states-union-territores/,0.80,collected,2026-06-26
236,232,102,,,true,appointed,"Chief Secretary, Himachal Pradesh",https://www.sarkaritel.com/chief-secretaries-of-states-union-territores/,0.80,collected,2026-06-26
237,233,105,,,true,appointed,"Chief Secretary, Jharkhand",https://www.sarkaritel.com/chief-secretaries-of-states-union-territores/,0.80,collected,2026-06-26
238,234,108,,,true,appointed,"Chief Secretary, Karnataka",https://www.sarkaritel.com/chief-secretaries-of-states-union-territores/,0.80,collected,2026-06-26
239,235,111,,,true,appointed,"Chief Secretary, Kerala",https://www.sarkaritel.com/chief-secretaries-of-states-union-territores/,0.80,collected,2026-06-26
240,236,114,,,true,appointed,"Chief Secretary, Madhya Pradesh",https://www.sarkaritel.com/chief-secretaries-of-states-union-territores/,0.80,collected,2026-06-26
241,237,117,,,true,appointed,"Chief Secretary, Maharashtra",https://www.sarkaritel.com/chief-secretaries-of-states-union-territores/,0.80,collected,2026-06-26
242,238,120,,,true,appointed,"Chief Secretary, Manipur",https://www.sarkaritel.com/chief-secretaries-of-states-union-territores/,0.80,collected,2026-06-26
243,239,123,,,true,appointed,"Chief Secretary, Meghalaya",https://www.sarkaritel.com/chief-secretaries-of-states-union-territores/,0.80,collected,2026-06-26
244,240,126,,,true,appointed,"Chief Secretary, Mizoram",https://www.sarkaritel.com/chief-secretaries-of-states-union-territores/,0.80,collected,2026-06-26
245,241,129,,,true,appointed,"Chief Secretary, Nagaland",https://www.sarkaritel.com/chief-secretaries-of-states-union-territores/,0.80,collected,2026-06-26
246,242,132,,,true,appointed,"Chief Secretary, Odisha",https://www.sarkaritel.com/chief-secretaries-of-states-union-territores/,0.80,collected,2026-06-26
247,243,135,,,true,appointed,"Chief Secretary, Punjab",https://www.sarkaritel.com/chief-secretaries-of-states-union-territores/,0.80,collected,2026-06-26
248,244,138,,,true,appointed,"Chief Secretary, Rajasthan",https://www.sarkaritel.com/chief-secretaries-of-states-union-territores/,0.80,collected,2026-06-26
249,245,141,,,true,appointed,"Chief Secretary, Sikkim",https://www.sarkaritel.com/chief-secretaries-of-states-union-territores/,0.80,collected,2026-06-26
250,246,144,,,true,appointed,"Chief Secretary, Tamil Nadu",https://www.sarkaritel.com/chief-secretaries-of-states-union-territores/,0.80,collected,2026-06-26
251,247,147,,,true,appointed,"Chief Secretary, Telangana",https://www.sarkaritel.com/chief-secretaries-of-states-union-territores/,0.80,collected,2026-06-26
252,248,150,,,true,appointed,"Chief Secretary, Tripura",https://www.sarkaritel.com/chief-secretaries-of-states-union-territores/,0.80,collected,2026-06-26
253,249,153,,,true,appointed,"Chief Secretary, Uttarakhand",https://www.sarkaritel.com/chief-secretaries-of-states-union-territores/,0.80,collected,2026-06-26
254,250,156,,,true,appointed,"Chief Secretary, Uttar Pradesh",https://www.sarkaritel.com/chief-secretaries-of-states-union-territores/,0.80,collected,2026-06-26
255,251,159,,,true,appointed,"Chief Secretary, West Bengal",https://www.sarkaritel.com/chief-secretaries-of-states-union-territores/,0.80,collected,2026-06-26
256,252,162,,,true,appointed,"Chief Secretary, Delhi (NCT)",https://www.sarkaritel.com/chief-secretaries-of-states-union-territores/,0.80,collected,2026-06-26
257,253,165,,,true,appointed,"Chief Secretary, Jammu and Kashmir",https://www.sarkaritel.com/chief-secretaries-of-states-union-territores/,0.80,collected,2026-06-26
258,254,168,,,true,appointed,"Chief Secretary, Puducherry",https://www.sarkaritel.com/chief-secretaries-of-states-union-territores/,0.80,collected,2026-06-26
259,255,261,,,true,appointed,"Chief Secretary, Andaman and Nicobar Islands",https://www.sarkaritel.com/chief-secretaries-of-states-union-territores/,0.80,collected,2026-06-26
260,256,262,,,true,appointed,"Chief Secretary, Chandigarh",https://www.sarkaritel.com/chief-secretaries-of-states-union-territores/,0.80,collected,2026-06-26
261,257,263,,,true,appointed,"Chief Secretary, Dadra and Nagar Haveli and Daman and Diu",https://www.sarkaritel.com/chief-secretaries-of-states-union-territores/,0.80,collected,2026-06-26
262,258,264,,,true,appointed,"Chief Secretary, Ladakh",https://www.sarkaritel.com/chief-secretaries-of-states-union-territores/,0.80,collected,2026-06-26
263,259,265,,,true,appointed,"Chief Secretary, Lakshadweep",https://www.sarkaritel.com/chief-secretaries-of-states-union-territores/,0.80,collected,2026-06-26
264,260,86,2026-04-15,,true,elected,Chief Minister of Bihar (since 15 Apr 2026),https://en.wikipedia.org/wiki/Samrat_Choudhary,0.85,verified,2026-06-26
265,261,9,2024-08-22,,true,appointed,Union Home Secretary,https://en.wikipedia.org/wiki/Govind_Mohan,0.80,collected,2026-06-26
266,262,169,,,true,appointed,"Lieutenant Governor, A&N Islands",https://andamannicobar.gov.in/,0.75,collected,2026-06-26
267,263,266,,,true,appointed,"Minister, Maharashtra",https://en.wikipedia.org/wiki/Third_Fadnavis_ministry,0.75,collected,2026-06-26
268,264,267,,,true,appointed,"Minister, Maharashtra",https://en.wikipedia.org/wiki/Third_Fadnavis_ministry,0.75,collected,2026-06-26
269,265,268,,,true,appointed,"Minister, Maharashtra",https://en.wikipedia.org/wiki/Third_Fadnavis_ministry,0.75,collected,2026-06-26
270,266,269,,,true,appointed,"Minister, Maharashtra",https://en.wikipedia.org/wiki/Third_Fadnavis_ministry,0.75,collected,2026-06-26
271,267,270,,,true,appointed,"Minister, Maharashtra",https://en.wikipedia.org/wiki/Third_Fadnavis_ministry,0.75,collected,2026-06-26
272,268,271,,,true,appointed,"Minister, Maharashtra",https://en.wikipedia.org/wiki/Third_Fadnavis_ministry,0.75,collected,2026-06-26
273,269,272,,,true,appointed,"Minister, Maharashtra",https://en.wikipedia.org/wiki/Third_Fadnavis_ministry,0.75,collected,2026-06-26
274,270,273,,,true,appointed,"Minister, Maharashtra",https://en.wikipedia.org/wiki/Third_Fadnavis_ministry,0.75,collected,2026-06-26
275,271,274,,,true,appointed,"Minister, Maharashtra",https://en.wikipedia.org/wiki/Third_Fadnavis_ministry,0.75,collected,2026-06-26
276,272,275,,,true,appointed,"Minister, Maharashtra",https://en.wikipedia.org/wiki/Third_Fadnavis_ministry,0.75,collected,2026-06-26
277,273,276,,,true,appointed,"Minister, Maharashtra",https://en.wikipedia.org/wiki/Third_Fadnavis_ministry,0.75,collected,2026-06-26
278,274,277,,,true,appointed,"Minister, Maharashtra",https://en.wikipedia.org/wiki/Third_Fadnavis_ministry,0.75,collected,2026-06-26
279,275,278,,,true,appointed,"Minister, Maharashtra",https://en.wikipedia.org/wiki/Third_Fadnavis_ministry,0.75,collected,2026-06-26
280,276,279,,,true,appointed,"Minister, Maharashtra",https://en.wikipedia.org/wiki/Third_Fadnavis_ministry,0.75,collected,2026-06-26
281,277,280,,,true,appointed,"Minister, Maharashtra",https://en.wikipedia.org/wiki/Third_Fadnavis_ministry,0.75,collected,2026-06-26
282,278,281,,,true,appointed,"Minister, Maharashtra",https://en.wikipedia.org/wiki/Third_Fadnavis_ministry,0.75,collected,2026-06-26
283,279,282,,,true,appointed,"Minister, Maharashtra",https://en.wikipedia.org/wiki/Third_Fadnavis_ministry,0.75,collected,2026-06-26
284,280,283,,,true,appointed,"Minister, Maharashtra",https://en.wikipedia.org/wiki/Third_Fadnavis_ministry,0.75,collected,2026-06-26
285,281,284,,,true,appointed,"Minister, Maharashtra",https://en.wikipedia.org/wiki/Third_Fadnavis_ministry,0.75,collected,2026-06-26
286,282,285,,,true,appointed,"Minister, Maharashtra",https://en.wikipedia.org/wiki/Third_Fadnavis_ministry,0.75,collected,2026-06-26
287,283,286,,,true,appointed,"Minister, Maharashtra",https://en.wikipedia.org/wiki/Third_Fadnavis_ministry,0.75,collected,2026-06-26
288,284,287,,,true,appointed,"Minister, Maharashtra",https://en.wikipedia.org/wiki/Third_Fadnavis_ministry,0.75,collected,2026-06-26
289,285,288,,,true,appointed,"Minister, Maharashtra",https://en.wikipedia.org/wiki/Third_Fadnavis_ministry,0.75,collected,2026-06-26
290,286,289,,,true,appointed,"Minister, Maharashtra",https://en.wikipedia.org/wiki/Third_Fadnavis_ministry,0.75,collected,2026-06-26
291,287,290,,,true,appointed,"Minister, Maharashtra",https://en.wikipedia.org/wiki/Third_Fadnavis_ministry,0.75,collected,2026-06-26
292,288,291,,,true,appointed,"Minister, Maharashtra",https://en.wikipedia.org/wiki/Third_Fadnavis_ministry,0.75,collected,2026-06-26
293,289,292,,,true,appointed,"Minister, Maharashtra",https://en.wikipedia.org/wiki/Third_Fadnavis_ministry,0.75,collected,2026-06-26
294,290,293,,,true,appointed,"Minister, Maharashtra",https://en.wikipedia.org/wiki/Third_Fadnavis_ministry,0.75,collected,2026-06-26
295,291,294,,,true,appointed,"Minister, Maharashtra",https://en.wikipedia.org/wiki/Third_Fadnavis_ministry,0.75,collected,2026-06-26
296,292,295,,,true,appointed,"Minister, Maharashtra",https://en.wikipedia.org/wiki/Third_Fadnavis_ministry,0.75,collected,2026-06-26
297,293,296,,,true,appointed,"Minister, Maharashtra",https://en.wikipedia.org/wiki/Third_Fadnavis_ministry,0.75,collected,2026-06-26
298,294,297,,,true,appointed,"Minister, Maharashtra",https://en.wikipedia.org/wiki/Third_Fadnavis_ministry,0.75,collected,2026-06-26
299,295,298,,,true,appointed,"Minister of State, Maharashtra",https://en.wikipedia.org/wiki/Third_Fadnavis_ministry,0.75,collected,2026-06-26
300,296,299,,,true,appointed,"Minister of State, Maharashtra",https://en.wikipedia.org/wiki/Third_Fadnavis_ministry,0.75,collected,2026-06-26
301,297,300,,,true,appointed,"Minister of State, Maharashtra",https://en.wikipedia.org/wiki/Third_Fadnavis_ministry,0.75,collected,2026-06-26
302,298,301,,,true,appointed,"Minister of State, Maharashtra",https://en.wikipedia.org/wiki/Third_Fadnavis_ministry,0.75,collected,2026-06-26
303,299,302,,,true,appointed,"Minister of State, Maharashtra",https://en.wikipedia.org/wiki/Third_Fadnavis_ministry,0.75,collected,2026-06-26
304,300,303,,,true,appointed,"Minister of State, Maharashtra",https://en.wikipedia.org/wiki/Third_Fadnavis_ministry,0.75,collected,2026-06-26
305,301,304,,,true,appointed,"Minister, Madhya Pradesh",https://en.wikipedia.org/wiki/Mohan_Yadav_ministry,0.75,collected,2026-06-26
306,302,305,,,true,appointed,"Minister, Madhya Pradesh",https://en.wikipedia.org/wiki/Mohan_Yadav_ministry,0.75,collected,2026-06-26
307,303,306,,,true,appointed,"Minister, Madhya Pradesh",https://en.wikipedia.org/wiki/Mohan_Yadav_ministry,0.75,collected,2026-06-26
308,304,307,,,true,appointed,"Minister, Madhya Pradesh",https://en.wikipedia.org/wiki/Mohan_Yadav_ministry,0.75,collected,2026-06-26
309,305,308,,,true,appointed,"Minister, Madhya Pradesh",https://en.wikipedia.org/wiki/Mohan_Yadav_ministry,0.75,collected,2026-06-26
310,306,309,,,true,appointed,"Minister, Madhya Pradesh",https://en.wikipedia.org/wiki/Mohan_Yadav_ministry,0.75,collected,2026-06-26
311,307,310,,,true,appointed,"Minister, Madhya Pradesh",https://en.wikipedia.org/wiki/Mohan_Yadav_ministry,0.75,collected,2026-06-26
312,308,311,,,true,appointed,"Minister, Madhya Pradesh",https://en.wikipedia.org/wiki/Mohan_Yadav_ministry,0.75,collected,2026-06-26
313,309,312,,,true,appointed,"Minister, Madhya Pradesh",https://en.wikipedia.org/wiki/Mohan_Yadav_ministry,0.75,collected,2026-06-26
314,310,313,,,true,appointed,"Minister, Madhya Pradesh",https://en.wikipedia.org/wiki/Mohan_Yadav_ministry,0.75,collected,2026-06-26
315,311,314,,,true,appointed,"Minister, Madhya Pradesh",https://en.wikipedia.org/wiki/Mohan_Yadav_ministry,0.75,collected,2026-06-26
316,312,315,,,true,appointed,"Minister, Madhya Pradesh",https://en.wikipedia.org/wiki/Mohan_Yadav_ministry,0.75,collected,2026-06-26
317,313,316,,,true,appointed,"Minister, Madhya Pradesh",https://en.wikipedia.org/wiki/Mohan_Yadav_ministry,0.75,collected,2026-06-26
318,314,317,,,true,appointed,"Minister, Madhya Pradesh",https://en.wikipedia.org/wiki/Mohan_Yadav_ministry,0.75,collected,2026-06-26
319,315,318,,,true,appointed,"Minister, Madhya Pradesh",https://en.wikipedia.org/wiki/Mohan_Yadav_ministry,0.75,collected,2026-06-26
320,316,319,,,true,appointed,"Minister, Madhya Pradesh",https://en.wikipedia.org/wiki/Mohan_Yadav_ministry,0.75,collected,2026-06-26
321,317,320,,,true,appointed,"Minister, Madhya Pradesh",https://en.wikipedia.org/wiki/Mohan_Yadav_ministry,0.75,collected,2026-06-26
322,318,321,,,true,appointed,"Minister, Madhya Pradesh",https://en.wikipedia.org/wiki/Mohan_Yadav_ministry,0.75,collected,2026-06-26
323,319,322,,,true,appointed,"Minister, Madhya Pradesh",https://en.wikipedia.org/wiki/Mohan_Yadav_ministry,0.75,collected,2026-06-26
324,320,323,,,true,appointed,"Minister, Madhya Pradesh",https://en.wikipedia.org/wiki/Mohan_Yadav_ministry,0.75,collected,2026-06-26
325,321,324,,,true,appointed,"Minister, Madhya Pradesh",https://en.wikipedia.org/wiki/Mohan_Yadav_ministry,0.75,collected,2026-06-26
326,322,325,,,true,appointed,"Minister, Madhya Pradesh",https://en.wikipedia.org/wiki/Mohan_Yadav_ministry,0.75,collected,2026-06-26
327,323,326,,,true,appointed,"Minister, Madhya Pradesh",https://en.wikipedia.org/wiki/Mohan_Yadav_ministry,0.75,collected,2026-06-26
328,324,327,,,true,appointed,"Minister, Madhya Pradesh",https://en.wikipedia.org/wiki/Mohan_Yadav_ministry,0.75,collected,2026-06-26
329,325,328,,,true,appointed,"Minister, Rajasthan",https://en.wikipedia.org/wiki/Bhajan_Lal_Sharma_ministry,0.75,collected,2026-06-26
330,326,329,,,true,appointed,"Minister, Rajasthan",https://en.wikipedia.org/wiki/Bhajan_Lal_Sharma_ministry,0.75,collected,2026-06-26
331,327,330,,,true,appointed,"Minister, Rajasthan",https://en.wikipedia.org/wiki/Bhajan_Lal_Sharma_ministry,0.75,collected,2026-06-26
332,328,331,,,true,appointed,"Minister, Rajasthan",https://en.wikipedia.org/wiki/Bhajan_Lal_Sharma_ministry,0.75,collected,2026-06-26
333,329,332,,,true,appointed,"Minister, Rajasthan",https://en.wikipedia.org/wiki/Bhajan_Lal_Sharma_ministry,0.75,collected,2026-06-26
334,330,333,,,true,appointed,"Minister, Rajasthan",https://en.wikipedia.org/wiki/Bhajan_Lal_Sharma_ministry,0.75,collected,2026-06-26
335,331,334,,,true,appointed,"Minister, Rajasthan",https://en.wikipedia.org/wiki/Bhajan_Lal_Sharma_ministry,0.75,collected,2026-06-26
336,332,335,,,true,appointed,"Minister, Rajasthan",https://en.wikipedia.org/wiki/Bhajan_Lal_Sharma_ministry,0.75,collected,2026-06-26
337,333,336,,,true,appointed,"Minister, Rajasthan",https://en.wikipedia.org/wiki/Bhajan_Lal_Sharma_ministry,0.75,collected,2026-06-26
338,334,337,,,true,appointed,"Minister, Rajasthan",https://en.wikipedia.org/wiki/Bhajan_Lal_Sharma_ministry,0.75,collected,2026-06-26
339,335,338,,,true,appointed,"Minister, Rajasthan",https://en.wikipedia.org/wiki/Bhajan_Lal_Sharma_ministry,0.75,collected,2026-06-26
340,336,339,,,true,appointed,"Minister, Rajasthan",https://en.wikipedia.org/wiki/Bhajan_Lal_Sharma_ministry,0.75,collected,2026-06-26
341,337,340,,,true,appointed,"Minister, Rajasthan",https://en.wikipedia.org/wiki/Bhajan_Lal_Sharma_ministry,0.75,collected,2026-06-26
342,338,341,,,true,appointed,"Minister, Rajasthan",https://en.wikipedia.org/wiki/Bhajan_Lal_Sharma_ministry,0.75,collected,2026-06-26
343,339,342,,,true,appointed,"Minister, Rajasthan",https://en.wikipedia.org/wiki/Bhajan_Lal_Sharma_ministry,0.75,collected,2026-06-26
344,340,343,,,true,appointed,"Minister, Rajasthan",https://en.wikipedia.org/wiki/Bhajan_Lal_Sharma_ministry,0.75,collected,2026-06-26
345,341,344,,,true,appointed,"Minister of State, Rajasthan",https://en.wikipedia.org/wiki/Bhajan_Lal_Sharma_ministry,0.75,collected,2026-06-26
346,342,345,,,true,appointed,"Minister of State, Rajasthan",https://en.wikipedia.org/wiki/Bhajan_Lal_Sharma_ministry,0.75,collected,2026-06-26
347,343,346,,,true,appointed,"Minister of State, Rajasthan",https://en.wikipedia.org/wiki/Bhajan_Lal_Sharma_ministry,0.75,collected,2026-06-26
348,344,347,,,true,appointed,"Minister of State, Rajasthan",https://en.wikipedia.org/wiki/Bhajan_Lal_Sharma_ministry,0.75,collected,2026-06-26
349,345,348,,,true,appointed,"Minister of State, Rajasthan",https://en.wikipedia.org/wiki/Bhajan_Lal_Sharma_ministry,0.75,collected,2026-06-26
350,346,349,,,true,appointed,"Minister, Gujarat",https://en.wikipedia.org/wiki/Second_Bhupendrabhai_Patel_ministry,0.75,collected,2026-06-26
351,347,350,,,true,appointed,"Minister, Gujarat",https://en.wikipedia.org/wiki/Second_Bhupendrabhai_Patel_ministry,0.75,collected,2026-06-26
352,348,351,,,true,appointed,"Minister, Gujarat",https://en.wikipedia.org/wiki/Second_Bhupendrabhai_Patel_ministry,0.75,collected,2026-06-26
353,349,352,,,true,appointed,"Minister, Gujarat",https://en.wikipedia.org/wiki/Second_Bhupendrabhai_Patel_ministry,0.75,collected,2026-06-26
354,350,353,,,true,appointed,"Minister, Gujarat",https://en.wikipedia.org/wiki/Second_Bhupendrabhai_Patel_ministry,0.75,collected,2026-06-26
355,351,354,,,true,appointed,"Minister, Gujarat",https://en.wikipedia.org/wiki/Second_Bhupendrabhai_Patel_ministry,0.75,collected,2026-06-26
356,352,355,,,true,appointed,"Minister, Gujarat",https://en.wikipedia.org/wiki/Second_Bhupendrabhai_Patel_ministry,0.75,collected,2026-06-26
357,353,356,,,true,appointed,"Minister, Gujarat",https://en.wikipedia.org/wiki/Second_Bhupendrabhai_Patel_ministry,0.75,collected,2026-06-26
358,354,357,,,true,appointed,"Minister of State, Gujarat",https://en.wikipedia.org/wiki/Second_Bhupendrabhai_Patel_ministry,0.75,collected,2026-06-26
359,355,358,,,true,appointed,"Minister of State, Gujarat",https://en.wikipedia.org/wiki/Second_Bhupendrabhai_Patel_ministry,0.75,collected,2026-06-26
360,356,359,,,true,appointed,"Minister of State, Gujarat",https://en.wikipedia.org/wiki/Second_Bhupendrabhai_Patel_ministry,0.75,collected,2026-06-26
361,357,360,,,true,appointed,"Minister of State, Gujarat",https://en.wikipedia.org/wiki/Second_Bhupendrabhai_Patel_ministry,0.75,collected,2026-06-26
362,358,361,,,true,appointed,"Minister of State, Gujarat",https://en.wikipedia.org/wiki/Second_Bhupendrabhai_Patel_ministry,0.75,collected,2026-06-26
363,359,362,,,true,appointed,"Minister of State, Gujarat",https://en.wikipedia.org/wiki/Second_Bhupendrabhai_Patel_ministry,0.75,collected,2026-06-26
364,360,363,,,true,appointed,"Minister of State, Gujarat",https://en.wikipedia.org/wiki/Second_Bhupendrabhai_Patel_ministry,0.75,collected,2026-06-26
365,361,364,,,true,appointed,"Minister of State, Gujarat",https://en.wikipedia.org/wiki/Second_Bhupendrabhai_Patel_ministry,0.75,collected,2026-06-26
366,362,365,,,true,appointed,"Minister of State, Gujarat",https://en.wikipedia.org/wiki/Second_Bhupendrabhai_Patel_ministry,0.75,collected,2026-06-26
367,363,366,,,true,appointed,"Minister of State, Gujarat",https://en.wikipedia.org/wiki/Second_Bhupendrabhai_Patel_ministry,0.75,collected,2026-06-26
368,364,367,,,true,appointed,"Minister of State, Gujarat",https://en.wikipedia.org/wiki/Second_Bhupendrabhai_Patel_ministry,0.75,collected,2026-06-26
369,365,368,,,true,appointed,"Minister of State, Gujarat",https://en.wikipedia.org/wiki/Second_Bhupendrabhai_Patel_ministry,0.75,collected,2026-06-26
370,366,369,,,true,appointed,"Minister of State, Gujarat",https://en.wikipedia.org/wiki/Second_Bhupendrabhai_Patel_ministry,0.75,collected,2026-06-26
371,367,370,,,true,appointed,"Minister of State, Gujarat",https://en.wikipedia.org/wiki/Second_Bhupendrabhai_Patel_ministry,0.75,collected,2026-06-26
372,368,371,,,true,appointed,"Minister of State, Gujarat",https://en.wikipedia.org/wiki/Second_Bhupendrabhai_Patel_ministry,0.75,collected,2026-06-26
373,369,372,,,true,appointed,"Minister of State, Gujarat",https://en.wikipedia.org/wiki/Second_Bhupendrabhai_Patel_ministry,0.75,collected,2026-06-26
374,370,373,,,true,appointed,"Minister, Karnataka",https://en.wikipedia.org/wiki/Second_Siddaramaiah_ministry,0.75,collected,2026-06-26
375,371,374,,,true,appointed,"Minister, Karnataka",https://en.wikipedia.org/wiki/Second_Siddaramaiah_ministry,0.75,collected,2026-06-26
376,372,375,,,true,appointed,"Minister, Karnataka",https://en.wikipedia.org/wiki/Second_Siddaramaiah_ministry,0.75,collected,2026-06-26
377,373,376,,,true,appointed,"Minister, Karnataka",https://en.wikipedia.org/wiki/Second_Siddaramaiah_ministry,0.75,collected,2026-06-26
378,374,377,,,true,appointed,"Minister, Karnataka",https://en.wikipedia.org/wiki/Second_Siddaramaiah_ministry,0.75,collected,2026-06-26
379,375,378,,,true,appointed,"Minister, Karnataka",https://en.wikipedia.org/wiki/Second_Siddaramaiah_ministry,0.75,collected,2026-06-26
380,376,379,,,true,appointed,"Minister, Karnataka",https://en.wikipedia.org/wiki/Second_Siddaramaiah_ministry,0.75,collected,2026-06-26
381,377,380,,,true,appointed,"Minister, Karnataka",https://en.wikipedia.org/wiki/Second_Siddaramaiah_ministry,0.75,collected,2026-06-26
382,378,381,,,true,appointed,"Minister, Karnataka",https://en.wikipedia.org/wiki/Second_Siddaramaiah_ministry,0.75,collected,2026-06-26
383,379,382,,,true,appointed,"Minister, Karnataka",https://en.wikipedia.org/wiki/Second_Siddaramaiah_ministry,0.75,collected,2026-06-26
384,380,383,,,true,appointed,"Minister, Karnataka",https://en.wikipedia.org/wiki/Second_Siddaramaiah_ministry,0.75,collected,2026-06-26
385,381,384,,,true,appointed,"Minister, Karnataka",https://en.wikipedia.org/wiki/Second_Siddaramaiah_ministry,0.75,collected,2026-06-26
386,382,385,,,true,appointed,"Minister, Karnataka",https://en.wikipedia.org/wiki/Second_Siddaramaiah_ministry,0.75,collected,2026-06-26
387,383,386,,,true,appointed,"Minister, Karnataka",https://en.wikipedia.org/wiki/Second_Siddaramaiah_ministry,0.75,collected,2026-06-26
388,384,387,,,true,appointed,"Minister, Karnataka",https://en.wikipedia.org/wiki/Second_Siddaramaiah_ministry,0.75,collected,2026-06-26
389,385,388,,,true,appointed,"Minister, Karnataka",https://en.wikipedia.org/wiki/Second_Siddaramaiah_ministry,0.75,collected,2026-06-26
390,386,389,,,true,appointed,"Minister, Karnataka",https://en.wikipedia.org/wiki/Second_Siddaramaiah_ministry,0.75,collected,2026-06-26
391,387,390,,,true,appointed,"Minister, Karnataka",https://en.wikipedia.org/wiki/Second_Siddaramaiah_ministry,0.75,collected,2026-06-26
392,388,391,,,true,appointed,"Minister, Karnataka",https://en.wikipedia.org/wiki/Second_Siddaramaiah_ministry,0.75,collected,2026-06-26
393,389,392,,,true,appointed,"Minister, Karnataka",https://en.wikipedia.org/wiki/Second_Siddaramaiah_ministry,0.75,collected,2026-06-26
394,390,393,,,true,appointed,"Minister, Karnataka",https://en.wikipedia.org/wiki/Second_Siddaramaiah_ministry,0.75,collected,2026-06-26
395,391,394,,,true,appointed,"Minister, Karnataka",https://en.wikipedia.org/wiki/Second_Siddaramaiah_ministry,0.75,collected,2026-06-26
396,392,395,,,true,appointed,"Minister, Karnataka",https://en.wikipedia.org/wiki/Second_Siddaramaiah_ministry,0.75,collected,2026-06-26
397,393,396,,,true,appointed,"Minister, Karnataka",https://en.wikipedia.org/wiki/Second_Siddaramaiah_ministry,0.75,collected,2026-06-26
398,394,397,,,true,appointed,"Minister, Karnataka",https://en.wikipedia.org/wiki/Second_Siddaramaiah_ministry,0.75,collected,2026-06-26
399,395,398,,,true,appointed,"Minister, Karnataka",https://en.wikipedia.org/wiki/Second_Siddaramaiah_ministry,0.75,collected,2026-06-26
400,396,399,,,true,appointed,"Minister, Karnataka",https://en.wikipedia.org/wiki/Second_Siddaramaiah_ministry,0.75,collected,2026-06-26
401,397,400,,,true,appointed,"Minister, Karnataka",https://en.wikipedia.org/wiki/Second_Siddaramaiah_ministry,0.75,collected,2026-06-26
402,398,401,,,true,appointed,"Minister, Karnataka",https://en.wikipedia.org/wiki/Second_Siddaramaiah_ministry,0.75,collected,2026-06-26
403,399,402,,,true,appointed,"Minister, Karnataka",https://en.wikipedia.org/wiki/Second_Siddaramaiah_ministry,0.75,collected,2026-06-26
404,400,403,,,true,appointed,"Minister, Bihar",https://en.wikipedia.org/wiki/Choudhary_ministry,0.75,collected,2026-06-26
405,401,404,,,true,appointed,"Minister, Bihar",https://en.wikipedia.org/wiki/Choudhary_ministry,0.75,collected,2026-06-26
406,402,405,,,true,appointed,"Minister, Bihar",https://en.wikipedia.org/wiki/Choudhary_ministry,0.75,collected,2026-06-26
407,403,406,,,true,appointed,"Minister, Bihar",https://en.wikipedia.org/wiki/Choudhary_ministry,0.75,collected,2026-06-26
408,404,407,,,true,appointed,"Minister, Bihar",https://en.wikipedia.org/wiki/Choudhary_ministry,0.75,collected,2026-06-26
409,405,408,,,true,appointed,"Minister, Bihar",https://en.wikipedia.org/wiki/Choudhary_ministry,0.75,collected,2026-06-26
410,406,409,,,true,appointed,"Minister, Bihar",https://en.wikipedia.org/wiki/Choudhary_ministry,0.75,collected,2026-06-26
411,407,410,,,true,appointed,"Minister, Bihar",https://en.wikipedia.org/wiki/Choudhary_ministry,0.75,collected,2026-06-26
412,408,411,,,true,appointed,"Minister, Bihar",https://en.wikipedia.org/wiki/Choudhary_ministry,0.75,collected,2026-06-26
413,409,412,,,true,appointed,"Minister, Bihar",https://en.wikipedia.org/wiki/Choudhary_ministry,0.75,collected,2026-06-26
414,410,413,,,true,appointed,"Minister, Bihar",https://en.wikipedia.org/wiki/Choudhary_ministry,0.75,collected,2026-06-26
415,411,414,,,true,appointed,"Minister, Bihar",https://en.wikipedia.org/wiki/Choudhary_ministry,0.75,collected,2026-06-26
416,412,415,,,true,appointed,"Minister, Bihar",https://en.wikipedia.org/wiki/Choudhary_ministry,0.75,collected,2026-06-26
417,413,416,,,true,appointed,"Minister, Bihar",https://en.wikipedia.org/wiki/Choudhary_ministry,0.75,collected,2026-06-26
418,414,417,,,true,appointed,"Minister, Bihar",https://en.wikipedia.org/wiki/Choudhary_ministry,0.75,collected,2026-06-26
419,415,418,,,true,appointed,"Minister, Bihar",https://en.wikipedia.org/wiki/Choudhary_ministry,0.75,collected,2026-06-26
420,416,419,,,true,appointed,"Minister, Bihar",https://en.wikipedia.org/wiki/Choudhary_ministry,0.75,collected,2026-06-26
421,417,420,,,true,appointed,"Minister, Bihar",https://en.wikipedia.org/wiki/Choudhary_ministry,0.75,collected,2026-06-26
422,418,421,,,true,appointed,"Minister, Bihar",https://en.wikipedia.org/wiki/Choudhary_ministry,0.75,collected,2026-06-26
423,419,422,,,true,appointed,"Minister, Bihar",https://en.wikipedia.org/wiki/Choudhary_ministry,0.75,collected,2026-06-26
424,420,423,,,true,appointed,"Minister, Bihar",https://en.wikipedia.org/wiki/Choudhary_ministry,0.75,collected,2026-06-26
425,421,424,,,true,appointed,"Minister, Bihar",https://en.wikipedia.org/wiki/Choudhary_ministry,0.75,collected,2026-06-26
426,422,425,,,true,appointed,"Minister, Bihar",https://en.wikipedia.org/wiki/Choudhary_ministry,0.75,collected,2026-06-26
427,423,426,,,true,appointed,"Minister, Bihar",https://en.wikipedia.org/wiki/Choudhary_ministry,0.75,collected,2026-06-26
428,424,427,,,true,appointed,"Minister, Bihar",https://en.wikipedia.org/wiki/Choudhary_ministry,0.75,collected,2026-06-26
429,425,428,,,true,appointed,"Minister, Bihar",https://en.wikipedia.org/wiki/Choudhary_ministry,0.75,collected,2026-06-26
430,426,429,,,true,appointed,"Minister, Bihar",https://en.wikipedia.org/wiki/Choudhary_ministry,0.75,collected,2026-06-26
431,427,430,,,true,appointed,"Minister, Bihar",https://en.wikipedia.org/wiki/Choudhary_ministry,0.75,collected,2026-06-26
432,428,431,,,true,appointed,"Minister, Bihar",https://en.wikipedia.org/wiki/Choudhary_ministry,0.75,collected,2026-06-26
433,429,432,,,true,appointed,"Minister, Bihar",https://en.wikipedia.org/wiki/Choudhary_ministry,0.75,collected,2026-06-26
434,430,433,,,true,appointed,"Minister, Bihar",https://en.wikipedia.org/wiki/Choudhary_ministry,0.75,collected,2026-06-26
435,431,434,,,true,appointed,"Minister, Bihar",https://en.wikipedia.org/wiki/Choudhary_ministry,0.75,collected,2026-06-26
436,432,435,,2026-05-07,false,appointed,"Minister, Tamil Nadu (DMK govt voted out, 2026 election)",https://www.britannica.com/topic/2026-State-Elections-in-India,0.75,stale,2026-06-26
437,433,436,,2026-05-07,false,appointed,"Minister, Tamil Nadu (DMK govt voted out, 2026 election)",https://www.britannica.com/topic/2026-State-Elections-in-India,0.75,stale,2026-06-26
438,434,437,,2026-05-07,false,appointed,"Minister, Tamil Nadu (DMK govt voted out, 2026 election)",https://www.britannica.com/topic/2026-State-Elections-in-India,0.75,stale,2026-06-26
439,435,438,,2026-05-07,false,appointed,"Minister, Tamil Nadu (DMK govt voted out, 2026 election)",https://www.britannica.com/topic/2026-State-Elections-in-India,0.75,stale,2026-06-26
440,436,439,,2026-05-07,false,appointed,"Minister, Tamil Nadu (DMK govt voted out, 2026 election)",https://www.britannica.com/topic/2026-State-Elections-in-India,0.75,stale,2026-06-26
441,437,440,,2026-05-07,false,appointed,"Minister, Tamil Nadu (DMK govt voted out, 2026 election)",https://www.britannica.com/topic/2026-State-Elections-in-India,0.75,stale,2026-06-26
442,438,441,,2026-05-07,false,appointed,"Minister, Tamil Nadu (DMK govt voted out, 2026 election)",https://www.britannica.com/topic/2026-State-Elections-in-India,0.75,stale,2026-06-26
443,439,442,,2026-05-07,false,appointed,"Minister, Tamil Nadu (DMK govt voted out, 2026 election)",https://www.britannica.com/topic/2026-State-Elections-in-India,0.75,stale,2026-06-26
444,440,443,,2026-05-07,false,appointed,"Minister, Tamil Nadu (DMK govt voted out, 2026 election)",https://www.britannica.com/topic/2026-State-Elections-in-India,0.75,stale,2026-06-26
445,441,444,,2026-05-07,false,appointed,"Minister, Tamil Nadu (DMK govt voted out, 2026 election)",https://www.britannica.com/topic/2026-State-Elections-in-India,0.75,stale,2026-06-26
446,442,445,,2026-05-07,false,appointed,"Minister, Tamil Nadu (DMK govt voted out, 2026 election)",https://www.britannica.com/topic/2026-State-Elections-in-India,0.75,stale,2026-06-26
447,443,446,,2026-05-07,false,appointed,"Minister, Tamil Nadu (DMK govt voted out, 2026 election)",https://www.britannica.com/topic/2026-State-Elections-in-India,0.75,stale,2026-06-26
448,444,447,,2026-05-07,false,appointed,"Minister, Tamil Nadu (DMK govt voted out, 2026 election)",https://www.britannica.com/topic/2026-State-Elections-in-India,0.75,stale,2026-06-26
449,445,448,,2026-05-07,false,appointed,"Minister, Tamil Nadu (DMK govt voted out, 2026 election)",https://www.britannica.com/topic/2026-State-Elections-in-India,0.75,stale,2026-06-26
450,446,449,,2026-05-07,false,appointed,"Minister, Tamil Nadu (DMK govt voted out, 2026 election)",https://www.britannica.com/topic/2026-State-Elections-in-India,0.75,stale,2026-06-26
451,447,450,,2026-05-07,false,appointed,"Minister, Tamil Nadu (DMK govt voted out, 2026 election)",https://www.britannica.com/topic/2026-State-Elections-in-India,0.75,stale,2026-06-26
452,448,451,,2026-05-07,false,appointed,"Minister, Tamil Nadu (DMK govt voted out, 2026 election)",https://www.britannica.com/topic/2026-State-Elections-in-India,0.75,stale,2026-06-26
453,449,452,,2026-05-07,false,appointed,"Minister, Tamil Nadu (DMK govt voted out, 2026 election)",https://www.britannica.com/topic/2026-State-Elections-in-India,0.75,stale,2026-06-26
454,450,453,,2026-05-07,false,appointed,"Minister, Tamil Nadu (DMK govt voted out, 2026 election)",https://www.britannica.com/topic/2026-State-Elections-in-India,0.75,stale,2026-06-26
455,451,454,,2026-05-07,false,appointed,"Minister, Tamil Nadu (DMK govt voted out, 2026 election)",https://www.britannica.com/topic/2026-State-Elections-in-India,0.75,stale,2026-06-26
456,452,455,,2026-05-07,false,appointed,"Minister, Tamil Nadu (DMK govt voted out, 2026 election)",https://www.britannica.com/topic/2026-State-Elections-in-India,0.75,stale,2026-06-26
457,453,456,,2026-05-07,false,appointed,"Minister, Tamil Nadu (DMK govt voted out, 2026 election)",https://www.britannica.com/topic/2026-State-Elections-in-India,0.75,stale,2026-06-26
458,454,457,,2026-05-07,false,appointed,"Minister, Tamil Nadu (DMK govt voted out, 2026 election)",https://www.britannica.com/topic/2026-State-Elections-in-India,0.75,stale,2026-06-26
459,455,458,,2026-05-07,false,appointed,"Minister, Tamil Nadu (DMK govt voted out, 2026 election)",https://www.britannica.com/topic/2026-State-Elections-in-India,0.75,stale,2026-06-26
460,456,459,,2026-05-07,false,appointed,"Minister, Tamil Nadu (DMK govt voted out, 2026 election)",https://www.britannica.com/topic/2026-State-Elections-in-India,0.75,stale,2026-06-26
461,457,460,,2026-05-07,false,appointed,"Minister, Tamil Nadu (DMK govt voted out, 2026 election)",https://www.britannica.com/topic/2026-State-Elections-in-India,0.75,stale,2026-06-26
462,458,461,,2026-05-07,false,appointed,"Minister, Tamil Nadu (DMK govt voted out, 2026 election)",https://www.britannica.com/topic/2026-State-Elections-in-India,0.75,stale,2026-06-26
463,459,462,,2026-05-07,false,appointed,"Minister, Tamil Nadu (DMK govt voted out, 2026 election)",https://www.britannica.com/topic/2026-State-Elections-in-India,0.75,stale,2026-06-26
464,460,463,,2026-05-07,false,appointed,"Minister, Tamil Nadu (DMK govt voted out, 2026 election)",https://www.britannica.com/topic/2026-State-Elections-in-India,0.75,stale,2026-06-26
465,461,464,,2026-05-07,false,appointed,"Minister, Tamil Nadu (DMK govt voted out, 2026 election)",https://www.britannica.com/topic/2026-State-Elections-in-India,0.75,stale,2026-06-26
466,462,465,,2026-05-07,false,appointed,"Minister, Tamil Nadu (DMK govt voted out, 2026 election)",https://www.britannica.com/topic/2026-State-Elections-in-India,0.75,stale,2026-06-26
467,463,466,,2026-05-07,false,appointed,"Minister, Tamil Nadu (DMK govt voted out, 2026 election)",https://www.britannica.com/topic/2026-State-Elections-in-India,0.75,stale,2026-06-26
468,464,467,,2026-05-07,false,appointed,"Minister, Tamil Nadu (DMK govt voted out, 2026 election)",https://www.britannica.com/topic/2026-State-Elections-in-India,0.75,stale,2026-06-26
469,465,468,,,true,appointed,"Minister, Andhra Pradesh",https://en.wikipedia.org/wiki/Fourth_N._Chandrababu_Naidu_ministry,0.75,collected,2026-06-26
470,466,469,,,true,appointed,"Minister, Andhra Pradesh",https://en.wikipedia.org/wiki/Fourth_N._Chandrababu_Naidu_ministry,0.75,collected,2026-06-26
471,467,470,,,true,appointed,"Minister, Andhra Pradesh",https://en.wikipedia.org/wiki/Fourth_N._Chandrababu_Naidu_ministry,0.75,collected,2026-06-26
472,468,471,,,true,appointed,"Minister, Andhra Pradesh",https://en.wikipedia.org/wiki/Fourth_N._Chandrababu_Naidu_ministry,0.75,collected,2026-06-26
473,469,472,,,true,appointed,"Minister, Andhra Pradesh",https://en.wikipedia.org/wiki/Fourth_N._Chandrababu_Naidu_ministry,0.75,collected,2026-06-26
474,470,473,,,true,appointed,"Minister, Andhra Pradesh",https://en.wikipedia.org/wiki/Fourth_N._Chandrababu_Naidu_ministry,0.75,collected,2026-06-26
475,471,474,,,true,appointed,"Minister, Andhra Pradesh",https://en.wikipedia.org/wiki/Fourth_N._Chandrababu_Naidu_ministry,0.75,collected,2026-06-26
476,472,475,,,true,appointed,"Minister, Andhra Pradesh",https://en.wikipedia.org/wiki/Fourth_N._Chandrababu_Naidu_ministry,0.75,collected,2026-06-26
477,473,476,,,true,appointed,"Minister, Andhra Pradesh",https://en.wikipedia.org/wiki/Fourth_N._Chandrababu_Naidu_ministry,0.75,collected,2026-06-26
478,474,477,,,true,appointed,"Minister, Andhra Pradesh",https://en.wikipedia.org/wiki/Fourth_N._Chandrababu_Naidu_ministry,0.75,collected,2026-06-26
479,475,478,,,true,appointed,"Minister, Andhra Pradesh",https://en.wikipedia.org/wiki/Fourth_N._Chandrababu_Naidu_ministry,0.75,collected,2026-06-26
480,476,479,,,true,appointed,"Minister, Andhra Pradesh",https://en.wikipedia.org/wiki/Fourth_N._Chandrababu_Naidu_ministry,0.75,collected,2026-06-26
481,477,480,,,true,appointed,"Minister, Andhra Pradesh",https://en.wikipedia.org/wiki/Fourth_N._Chandrababu_Naidu_ministry,0.75,collected,2026-06-26
482,478,481,,,true,appointed,"Minister, Andhra Pradesh",https://en.wikipedia.org/wiki/Fourth_N._Chandrababu_Naidu_ministry,0.75,collected,2026-06-26
483,479,482,,,true,appointed,"Minister, Andhra Pradesh",https://en.wikipedia.org/wiki/Fourth_N._Chandrababu_Naidu_ministry,0.75,collected,2026-06-26
484,480,483,,,true,appointed,"Minister, Andhra Pradesh",https://en.wikipedia.org/wiki/Fourth_N._Chandrababu_Naidu_ministry,0.75,collected,2026-06-26
485,481,484,,,true,appointed,"Minister, Andhra Pradesh",https://en.wikipedia.org/wiki/Fourth_N._Chandrababu_Naidu_ministry,0.75,collected,2026-06-26
486,482,485,,,true,appointed,"Minister, Andhra Pradesh",https://en.wikipedia.org/wiki/Fourth_N._Chandrababu_Naidu_ministry,0.75,collected,2026-06-26
487,483,486,,,true,appointed,"Minister, Andhra Pradesh",https://en.wikipedia.org/wiki/Fourth_N._Chandrababu_Naidu_ministry,0.75,collected,2026-06-26
488,484,487,,,true,appointed,"Minister, Andhra Pradesh",https://en.wikipedia.org/wiki/Fourth_N._Chandrababu_Naidu_ministry,0.75,collected,2026-06-26
489,485,488,,,true,appointed,"Minister, Andhra Pradesh",https://en.wikipedia.org/wiki/Fourth_N._Chandrababu_Naidu_ministry,0.75,collected,2026-06-26
490,486,489,,,true,appointed,"Minister, Andhra Pradesh",https://en.wikipedia.org/wiki/Fourth_N._Chandrababu_Naidu_ministry,0.75,collected,2026-06-26
491,487,490,,,true,appointed,"Minister, Andhra Pradesh",https://en.wikipedia.org/wiki/Fourth_N._Chandrababu_Naidu_ministry,0.75,collected,2026-06-26
492,488,491,,,true,appointed,"Minister, Telangana",https://en.wikipedia.org/wiki/Revanth_Reddy_ministry,0.75,collected,2026-06-26
493,489,492,,,true,appointed,"Minister, Telangana",https://en.wikipedia.org/wiki/Revanth_Reddy_ministry,0.75,collected,2026-06-26
494,490,493,,,true,appointed,"Minister, Telangana",https://en.wikipedia.org/wiki/Revanth_Reddy_ministry,0.75,collected,2026-06-26
495,491,494,,,true,appointed,"Minister, Telangana",https://en.wikipedia.org/wiki/Revanth_Reddy_ministry,0.75,collected,2026-06-26
496,492,495,,,true,appointed,"Minister, Telangana",https://en.wikipedia.org/wiki/Revanth_Reddy_ministry,0.75,collected,2026-06-26
497,493,496,,,true,appointed,"Minister, Telangana",https://en.wikipedia.org/wiki/Revanth_Reddy_ministry,0.75,collected,2026-06-26
498,494,497,,,true,appointed,"Minister, Telangana",https://en.wikipedia.org/wiki/Revanth_Reddy_ministry,0.75,collected,2026-06-26
499,495,498,,,true,appointed,"Minister, Telangana",https://en.wikipedia.org/wiki/Revanth_Reddy_ministry,0.75,collected,2026-06-26
500,496,499,,,true,appointed,"Minister, Telangana",https://en.wikipedia.org/wiki/Revanth_Reddy_ministry,0.75,collected,2026-06-26
501,497,500,,,true,appointed,"Minister, Telangana",https://en.wikipedia.org/wiki/Revanth_Reddy_ministry,0.75,collected,2026-06-26
502,498,501,,,true,appointed,"Minister, Telangana",https://en.wikipedia.org/wiki/Revanth_Reddy_ministry,0.75,collected,2026-06-26
503,499,502,,,true,appointed,"Minister, Telangana",https://en.wikipedia.org/wiki/Revanth_Reddy_ministry,0.75,collected,2026-06-26
504,500,503,,,true,appointed,"Minister, Telangana",https://en.wikipedia.org/wiki/Revanth_Reddy_ministry,0.75,collected,2026-06-26
505,501,504,,,true,appointed,"Minister, Telangana",https://en.wikipedia.org/wiki/Revanth_Reddy_ministry,0.75,collected,2026-06-26
506,502,158,2026-05-09,,true,elected,Chief Minister of West Bengal (since 9 May 2026),https://en.wikipedia.org/wiki/Suvendu_Adhikari_ministry,0.85,verified,2026-06-26
507,503,505,2026-05-09,,true,appointed,"Minister, West Bengal",https://en.wikipedia.org/wiki/Suvendu_Adhikari_ministry,0.80,collected,2026-06-26
508,504,506,2026-05-09,,true,appointed,"Minister, West Bengal",https://en.wikipedia.org/wiki/Suvendu_Adhikari_ministry,0.80,collected,2026-06-26
509,505,507,2026-05-09,,true,appointed,"Minister, West Bengal",https://en.wikipedia.org/wiki/Suvendu_Adhikari_ministry,0.80,collected,2026-06-26
510,506,508,2026-05-09,,true,appointed,"Minister, West Bengal",https://en.wikipedia.org/wiki/Suvendu_Adhikari_ministry,0.80,collected,2026-06-26
511,507,509,2026-05-09,,true,appointed,"Minister, West Bengal",https://en.wikipedia.org/wiki/Suvendu_Adhikari_ministry,0.80,collected,2026-06-26
512,508,510,2026-05-09,,true,appointed,"Minister, West Bengal",https://en.wikipedia.org/wiki/Suvendu_Adhikari_ministry,0.80,collected,2026-06-26
513,509,511,2026-05-09,,true,appointed,"Minister, West Bengal",https://en.wikipedia.org/wiki/Suvendu_Adhikari_ministry,0.80,collected,2026-06-26
514,510,512,2026-05-09,,true,appointed,"Minister, West Bengal",https://en.wikipedia.org/wiki/Suvendu_Adhikari_ministry,0.80,collected,2026-06-26
515,511,513,2026-05-09,,true,appointed,"Minister, West Bengal",https://en.wikipedia.org/wiki/Suvendu_Adhikari_ministry,0.80,collected,2026-06-26
516,512,514,2026-05-09,,true,appointed,"Minister, West Bengal",https://en.wikipedia.org/wiki/Suvendu_Adhikari_ministry,0.80,collected,2026-06-26
517,513,515,2026-05-09,,true,appointed,"Minister, West Bengal",https://en.wikipedia.org/wiki/Suvendu_Adhikari_ministry,0.80,collected,2026-06-26
518,514,516,2026-05-09,,true,appointed,"Minister, West Bengal",https://en.wikipedia.org/wiki/Suvendu_Adhikari_ministry,0.80,collected,2026-06-26
519,515,517,2026-05-09,,true,appointed,"Minister, West Bengal",https://en.wikipedia.org/wiki/Suvendu_Adhikari_ministry,0.80,collected,2026-06-26
520,516,518,2026-05-09,,true,appointed,"Minister, West Bengal",https://en.wikipedia.org/wiki/Suvendu_Adhikari_ministry,0.80,collected,2026-06-26
521,517,519,2026-05-09,,true,appointed,"Minister, West Bengal",https://en.wikipedia.org/wiki/Suvendu_Adhikari_ministry,0.80,collected,2026-06-26
522,518,520,2026-05-09,,true,appointed,"Minister, West Bengal",https://en.wikipedia.org/wiki/Suvendu_Adhikari_ministry,0.80,collected,2026-06-26
523,519,521,2026-05-09,,true,appointed,"Minister, West Bengal",https://en.wikipedia.org/wiki/Suvendu_Adhikari_ministry,0.80,collected,2026-06-26
524,520,522,2026-05-09,,true,appointed,"Minister, West Bengal",https://en.wikipedia.org/wiki/Suvendu_Adhikari_ministry,0.80,collected,2026-06-26
525,521,523,2026-05-09,,true,appointed,"Minister of State, West Bengal",https://en.wikipedia.org/wiki/Suvendu_Adhikari_ministry,0.80,collected,2026-06-26
526,522,524,2026-05-09,,true,appointed,"Minister of State, West Bengal",https://en.wikipedia.org/wiki/Suvendu_Adhikari_ministry,0.80,collected,2026-06-26
527,523,525,2026-05-09,,true,appointed,"Minister of State, West Bengal",https://en.wikipedia.org/wiki/Suvendu_Adhikari_ministry,0.80,collected,2026-06-26
528,524,526,2026-05-09,,true,appointed,"Minister of State, West Bengal",https://en.wikipedia.org/wiki/Suvendu_Adhikari_ministry,0.80,collected,2026-06-26
529,525,527,2026-05-09,,true,appointed,"Minister of State, West Bengal",https://en.wikipedia.org/wiki/Suvendu_Adhikari_ministry,0.80,collected,2026-06-26
530,526,528,2026-05-09,,true,appointed,"Minister of State, West Bengal",https://en.wikipedia.org/wiki/Suvendu_Adhikari_ministry,0.80,collected,2026-06-26
531,527,529,2026-05-09,,true,appointed,"Minister of State, West Bengal",https://en.wikipedia.org/wiki/Suvendu_Adhikari_ministry,0.80,collected,2026-06-26
532,528,530,2026-05-09,,true,appointed,"Minister of State, West Bengal",https://en.wikipedia.org/wiki/Suvendu_Adhikari_ministry,0.80,collected,2026-06-26
533,529,531,2026-05-09,,true,appointed,"Minister of State, West Bengal",https://en.wikipedia.org/wiki/Suvendu_Adhikari_ministry,0.80,collected,2026-06-26
534,530,532,2026-05-09,,true,appointed,"Minister of State, West Bengal",https://en.wikipedia.org/wiki/Suvendu_Adhikari_ministry,0.80,collected,2026-06-26
535,531,533,2026-05-09,,true,appointed,"Minister of State, West Bengal",https://en.wikipedia.org/wiki/Suvendu_Adhikari_ministry,0.80,collected,2026-06-26
536,532,534,2026-05-09,,true,appointed,"Minister of State, West Bengal",https://en.wikipedia.org/wiki/Suvendu_Adhikari_ministry,0.80,collected,2026-06-26
537,533,535,2026-05-09,,true,appointed,"Minister of State, West Bengal",https://en.wikipedia.org/wiki/Suvendu_Adhikari_ministry,0.80,collected,2026-06-26
538,534,536,2026-05-09,,true,appointed,"Minister of State, West Bengal",https://en.wikipedia.org/wiki/Suvendu_Adhikari_ministry,0.80,collected,2026-06-26
539,535,537,2026-05-09,,true,appointed,"Minister of State, West Bengal",https://en.wikipedia.org/wiki/Suvendu_Adhikari_ministry,0.80,collected,2026-06-26
540,536,538,2026-05-09,,true,appointed,"Minister of State, West Bengal",https://en.wikipedia.org/wiki/Suvendu_Adhikari_ministry,0.80,collected,2026-06-26
541,537,539,2026-05-09,,true,appointed,"Minister of State, West Bengal",https://en.wikipedia.org/wiki/Suvendu_Adhikari_ministry,0.80,collected,2026-06-26
542,538,540,2026-05-09,,true,appointed,"Minister of State, West Bengal",https://en.wikipedia.org/wiki/Suvendu_Adhikari_ministry,0.80,collected,2026-06-26
543,539,541,2026-05-09,,true,appointed,"Minister of State, West Bengal",https://en.wikipedia.org/wiki/Suvendu_Adhikari_ministry,0.80,collected,2026-06-26
544,540,542,2026-05-09,,true,appointed,"Minister of State, West Bengal",https://en.wikipedia.org/wiki/Suvendu_Adhikari_ministry,0.80,collected,2026-06-26
545,541,543,2026-05-09,,true,appointed,"Minister of State, West Bengal",https://en.wikipedia.org/wiki/Suvendu_Adhikari_ministry,0.80,collected,2026-06-26
546,542,544,2026-05-09,,true,appointed,"Minister of State, West Bengal",https://en.wikipedia.org/wiki/Suvendu_Adhikari_ministry,0.80,collected,2026-06-26
547,543,545,,,true,appointed,"Minister, Odisha",https://en.wikipedia.org/wiki/Mohan_Charan_Majhi_ministry,0.75,collected,2026-06-26
548,544,546,,,true,appointed,"Minister, Odisha",https://en.wikipedia.org/wiki/Mohan_Charan_Majhi_ministry,0.75,collected,2026-06-26
549,545,547,,,true,appointed,"Minister, Odisha",https://en.wikipedia.org/wiki/Mohan_Charan_Majhi_ministry,0.75,collected,2026-06-26
550,546,548,,,true,appointed,"Minister, Odisha",https://en.wikipedia.org/wiki/Mohan_Charan_Majhi_ministry,0.75,collected,2026-06-26
551,547,549,,,true,appointed,"Minister, Odisha",https://en.wikipedia.org/wiki/Mohan_Charan_Majhi_ministry,0.75,collected,2026-06-26
552,548,550,,,true,appointed,"Minister, Odisha",https://en.wikipedia.org/wiki/Mohan_Charan_Majhi_ministry,0.75,collected,2026-06-26
553,549,551,,,true,appointed,"Minister, Odisha",https://en.wikipedia.org/wiki/Mohan_Charan_Majhi_ministry,0.75,collected,2026-06-26
554,550,552,,,true,appointed,"Minister, Odisha",https://en.wikipedia.org/wiki/Mohan_Charan_Majhi_ministry,0.75,collected,2026-06-26
555,551,553,,,true,appointed,"Minister of State, Odisha",https://en.wikipedia.org/wiki/Mohan_Charan_Majhi_ministry,0.75,collected,2026-06-26
556,552,554,,,true,appointed,"Minister of State, Odisha",https://en.wikipedia.org/wiki/Mohan_Charan_Majhi_ministry,0.75,collected,2026-06-26
557,553,555,,,true,appointed,"Minister of State, Odisha",https://en.wikipedia.org/wiki/Mohan_Charan_Majhi_ministry,0.75,collected,2026-06-26
558,554,556,,,true,appointed,"Minister of State, Odisha",https://en.wikipedia.org/wiki/Mohan_Charan_Majhi_ministry,0.75,collected,2026-06-26
559,555,557,,,true,appointed,"Minister of State, Odisha",https://en.wikipedia.org/wiki/Mohan_Charan_Majhi_ministry,0.75,collected,2026-06-26
560,556,558,,,true,appointed,"Minister, Jharkhand",https://en.wikipedia.org/wiki/Fourth_Hemant_Soren_ministry,0.75,collected,2026-06-26
561,557,559,,,true,appointed,"Minister, Jharkhand",https://en.wikipedia.org/wiki/Fourth_Hemant_Soren_ministry,0.75,collected,2026-06-26
562,558,560,,,true,appointed,"Minister, Jharkhand",https://en.wikipedia.org/wiki/Fourth_Hemant_Soren_ministry,0.75,collected,2026-06-26
563,559,561,,,true,appointed,"Minister, Jharkhand",https://en.wikipedia.org/wiki/Fourth_Hemant_Soren_ministry,0.75,collected,2026-06-26
564,560,562,,,true,appointed,"Minister, Jharkhand",https://en.wikipedia.org/wiki/Fourth_Hemant_Soren_ministry,0.75,collected,2026-06-26
565,561,563,,,true,appointed,"Minister, Jharkhand",https://en.wikipedia.org/wiki/Fourth_Hemant_Soren_ministry,0.75,collected,2026-06-26
566,562,564,,,true,appointed,"Minister, Jharkhand",https://en.wikipedia.org/wiki/Fourth_Hemant_Soren_ministry,0.75,collected,2026-06-26
567,563,565,,,true,appointed,"Minister, Jharkhand",https://en.wikipedia.org/wiki/Fourth_Hemant_Soren_ministry,0.75,collected,2026-06-26
568,564,566,,,true,appointed,"Minister, Jharkhand",https://en.wikipedia.org/wiki/Fourth_Hemant_Soren_ministry,0.75,collected,2026-06-26
569,565,567,,,true,appointed,"Minister, Jharkhand",https://en.wikipedia.org/wiki/Fourth_Hemant_Soren_ministry,0.75,collected,2026-06-26
570,566,568,,,true,appointed,"Minister, Punjab",https://en.wikipedia.org/wiki/Bhagwant_Mann_ministry,0.75,collected,2026-06-26
571,567,569,,,true,appointed,"Minister, Punjab",https://en.wikipedia.org/wiki/Bhagwant_Mann_ministry,0.75,collected,2026-06-26
572,568,570,,,true,appointed,"Minister, Punjab",https://en.wikipedia.org/wiki/Bhagwant_Mann_ministry,0.75,collected,2026-06-26
573,569,571,,,true,appointed,"Minister, Punjab",https://en.wikipedia.org/wiki/Bhagwant_Mann_ministry,0.75,collected,2026-06-26
574,570,572,,,true,appointed,"Minister, Punjab",https://en.wikipedia.org/wiki/Bhagwant_Mann_ministry,0.75,collected,2026-06-26
575,571,573,,,true,appointed,"Minister, Punjab",https://en.wikipedia.org/wiki/Bhagwant_Mann_ministry,0.75,collected,2026-06-26
576,572,574,,,true,appointed,"Minister, Punjab",https://en.wikipedia.org/wiki/Bhagwant_Mann_ministry,0.75,collected,2026-06-26
577,573,575,,,true,appointed,"Minister, Punjab",https://en.wikipedia.org/wiki/Bhagwant_Mann_ministry,0.75,collected,2026-06-26
578,574,576,,,true,appointed,"Minister, Punjab",https://en.wikipedia.org/wiki/Bhagwant_Mann_ministry,0.75,collected,2026-06-26
579,575,577,,,true,appointed,"Minister, Punjab",https://en.wikipedia.org/wiki/Bhagwant_Mann_ministry,0.75,collected,2026-06-26
580,576,578,,,true,appointed,"Minister, Punjab",https://en.wikipedia.org/wiki/Bhagwant_Mann_ministry,0.75,collected,2026-06-26
581,577,579,,,true,appointed,"Minister, Punjab",https://en.wikipedia.org/wiki/Bhagwant_Mann_ministry,0.75,collected,2026-06-26
582,578,580,,,true,appointed,"Minister, Punjab",https://en.wikipedia.org/wiki/Bhagwant_Mann_ministry,0.75,collected,2026-06-26
583,579,581,,,true,appointed,"Minister, Punjab",https://en.wikipedia.org/wiki/Bhagwant_Mann_ministry,0.75,collected,2026-06-26
584,580,582,,,true,appointed,"Minister, Punjab",https://en.wikipedia.org/wiki/Bhagwant_Mann_ministry,0.75,collected,2026-06-26
585,581,583,,,true,appointed,"Minister, Chhattisgarh",https://www.thehitavada.com/Encyc/2025/8/21/portfolios-allocated-to-all-cabinet-ministers.html,0.75,collected,2026-06-26
586,582,584,,,true,appointed,"Minister, Chhattisgarh",https://www.thehitavada.com/Encyc/2025/8/21/portfolios-allocated-to-all-cabinet-ministers.html,0.75,collected,2026-06-26
587,583,585,,,true,appointed,"Minister, Chhattisgarh",https://www.thehitavada.com/Encyc/2025/8/21/portfolios-allocated-to-all-cabinet-ministers.html,0.75,collected,2026-06-26
588,584,586,,,true,appointed,"Minister, Chhattisgarh",https://www.thehitavada.com/Encyc/2025/8/21/portfolios-allocated-to-all-cabinet-ministers.html,0.75,collected,2026-06-26
589,585,587,,,true,appointed,"Minister, Chhattisgarh",https://www.thehitavada.com/Encyc/2025/8/21/portfolios-allocated-to-all-cabinet-ministers.html,0.75,collected,2026-06-26
590,586,588,,,true,appointed,"Minister, Chhattisgarh",https://www.thehitavada.com/Encyc/2025/8/21/portfolios-allocated-to-all-cabinet-ministers.html,0.75,collected,2026-06-26
591,587,589,,,true,appointed,"Minister, Chhattisgarh",https://www.thehitavada.com/Encyc/2025/8/21/portfolios-allocated-to-all-cabinet-ministers.html,0.75,collected,2026-06-26
592,588,590,,,true,appointed,"Minister, Chhattisgarh",https://www.thehitavada.com/Encyc/2025/8/21/portfolios-allocated-to-all-cabinet-ministers.html,0.75,collected,2026-06-26
593,589,591,,,true,appointed,"Minister, Chhattisgarh",https://www.thehitavada.com/Encyc/2025/8/21/portfolios-allocated-to-all-cabinet-ministers.html,0.75,collected,2026-06-26
594,590,592,,,true,appointed,"Minister, Chhattisgarh",https://www.thehitavada.com/Encyc/2025/8/21/portfolios-allocated-to-all-cabinet-ministers.html,0.75,collected,2026-06-26
595,591,593,,,true,appointed,"Minister, Chhattisgarh",https://www.thehitavada.com/Encyc/2025/8/21/portfolios-allocated-to-all-cabinet-ministers.html,0.75,collected,2026-06-26
596,592,594,,,true,appointed,"Minister, Haryana",https://www.indiatvnews.com/haryana/haryana-polls-2024-cm-nayab-saini-cabinet,0.75,collected,2026-06-26
597,593,595,,,true,appointed,"Minister, Haryana",https://www.indiatvnews.com/haryana/haryana-polls-2024-cm-nayab-saini-cabinet,0.75,collected,2026-06-26
598,594,596,,,true,appointed,"Minister, Haryana",https://www.indiatvnews.com/haryana/haryana-polls-2024-cm-nayab-saini-cabinet,0.75,collected,2026-06-26
599,595,597,,,true,appointed,"Minister, Haryana",https://www.indiatvnews.com/haryana/haryana-polls-2024-cm-nayab-saini-cabinet,0.75,collected,2026-06-26
600,596,598,,,true,appointed,"Minister, Haryana",https://www.indiatvnews.com/haryana/haryana-polls-2024-cm-nayab-saini-cabinet,0.75,collected,2026-06-26
601,597,599,,,true,appointed,"Minister, Haryana",https://www.indiatvnews.com/haryana/haryana-polls-2024-cm-nayab-saini-cabinet,0.75,collected,2026-06-26
602,598,600,,,true,appointed,"Minister, Haryana",https://www.indiatvnews.com/haryana/haryana-polls-2024-cm-nayab-saini-cabinet,0.75,collected,2026-06-26
603,599,601,,,true,appointed,"Minister, Haryana",https://www.indiatvnews.com/haryana/haryana-polls-2024-cm-nayab-saini-cabinet,0.75,collected,2026-06-26
604,600,602,,,true,appointed,"Minister, Haryana",https://www.indiatvnews.com/haryana/haryana-polls-2024-cm-nayab-saini-cabinet,0.75,collected,2026-06-26
605,601,603,,,true,appointed,"Minister, Haryana",https://www.indiatvnews.com/haryana/haryana-polls-2024-cm-nayab-saini-cabinet,0.75,collected,2026-06-26
606,602,604,,,true,appointed,"Minister, Haryana",https://www.indiatvnews.com/haryana/haryana-polls-2024-cm-nayab-saini-cabinet,0.75,collected,2026-06-26
607,603,605,,,true,appointed,"Minister of State, Haryana",https://www.indiatvnews.com/haryana/haryana-polls-2024-cm-nayab-saini-cabinet,0.75,collected,2026-06-26
608,604,606,,,true,appointed,"Minister of State, Haryana",https://www.indiatvnews.com/haryana/haryana-polls-2024-cm-nayab-saini-cabinet,0.75,collected,2026-06-26
609,605,607,,,true,appointed,"Minister, Assam",https://en.wikipedia.org/wiki/Himanta_Biswa_Sarma_ministry,0.75,collected,2026-06-26
610,606,608,,,true,appointed,"Minister, Assam",https://en.wikipedia.org/wiki/Himanta_Biswa_Sarma_ministry,0.75,collected,2026-06-26
611,607,609,,,true,appointed,"Minister, Assam",https://en.wikipedia.org/wiki/Himanta_Biswa_Sarma_ministry,0.75,collected,2026-06-26
612,608,610,,,true,appointed,"Minister, Assam",https://en.wikipedia.org/wiki/Himanta_Biswa_Sarma_ministry,0.75,collected,2026-06-26
613,609,611,,,true,appointed,"Minister, Assam",https://en.wikipedia.org/wiki/Himanta_Biswa_Sarma_ministry,0.75,collected,2026-06-26
614,610,612,,,true,appointed,"Minister, Assam",https://en.wikipedia.org/wiki/Himanta_Biswa_Sarma_ministry,0.75,collected,2026-06-26
615,611,613,,,true,appointed,"Minister, Assam",https://en.wikipedia.org/wiki/Himanta_Biswa_Sarma_ministry,0.75,collected,2026-06-26
616,612,614,,,true,appointed,"Minister, Assam",https://en.wikipedia.org/wiki/Himanta_Biswa_Sarma_ministry,0.75,collected,2026-06-26
617,613,615,,,true,appointed,"Minister, Assam",https://en.wikipedia.org/wiki/Himanta_Biswa_Sarma_ministry,0.75,collected,2026-06-26
618,614,616,,,true,appointed,"Minister, Assam",https://en.wikipedia.org/wiki/Himanta_Biswa_Sarma_ministry,0.75,collected,2026-06-26
619,615,617,,,true,appointed,"Minister, Assam",https://en.wikipedia.org/wiki/Himanta_Biswa_Sarma_ministry,0.75,collected,2026-06-26
620,616,618,,,true,appointed,"Minister, Assam",https://en.wikipedia.org/wiki/Himanta_Biswa_Sarma_ministry,0.75,collected,2026-06-26
621,617,619,,,true,appointed,"Minister, Assam",https://en.wikipedia.org/wiki/Himanta_Biswa_Sarma_ministry,0.75,collected,2026-06-26
622,618,620,,,true,appointed,"Minister, Assam",https://en.wikipedia.org/wiki/Himanta_Biswa_Sarma_ministry,0.75,collected,2026-06-26
623,619,621,,,true,appointed,"Minister, Assam",https://en.wikipedia.org/wiki/Himanta_Biswa_Sarma_ministry,0.75,collected,2026-06-26
624,620,622,,,true,appointed,"Minister, Assam",https://en.wikipedia.org/wiki/Himanta_Biswa_Sarma_ministry,0.75,collected,2026-06-26
625,621,623,,,true,appointed,"Minister, Assam",https://en.wikipedia.org/wiki/Himanta_Biswa_Sarma_ministry,0.75,collected,2026-06-26
626,622,624,,,true,appointed,"Minister, Assam",https://en.wikipedia.org/wiki/Himanta_Biswa_Sarma_ministry,0.75,collected,2026-06-26
627,623,143,2026-05,,true,elected,"Chief Minister of Tamil Nadu (TVK), 2026",https://www.britannica.com/topic/2026-State-Elections-in-India,0.75,collected,2026-06-26
628,624,110,2026-05-20,,true,elected,"Chief Minister of Kerala (UDF/INC), 2026",https://www.britannica.com/topic/2026-State-Elections-in-India,0.75,collected,2026-06-26
629,625,625,,,true,appointed,"Minister, Delhi (NCT)",https://en.wikipedia.org/wiki/Rekha_Gupta_ministry,0.75,collected,2026-06-26
630,626,626,,,true,appointed,"Minister, Delhi (NCT)",https://en.wikipedia.org/wiki/Rekha_Gupta_ministry,0.75,collected,2026-06-26
631,627,627,,,true,appointed,"Minister, Delhi (NCT)",https://en.wikipedia.org/wiki/Rekha_Gupta_ministry,0.75,collected,2026-06-26
632,628,628,,,true,appointed,"Minister, Delhi (NCT)",https://en.wikipedia.org/wiki/Rekha_Gupta_ministry,0.75,collected,2026-06-26
633,629,629,,,true,appointed,"Minister, Delhi (NCT)",https://en.wikipedia.org/wiki/Rekha_Gupta_ministry,0.75,collected,2026-06-26
634,630,630,,,true,appointed,"Minister, Delhi (NCT)",https://en.wikipedia.org/wiki/Rekha_Gupta_ministry,0.75,collected,2026-06-26
635,631,631,,,true,appointed,"Minister, Himachal Pradesh",https://en.wikipedia.org/wiki/Sukhu_ministry,0.75,collected,2026-06-26
636,632,632,,,true,appointed,"Minister, Himachal Pradesh",https://en.wikipedia.org/wiki/Sukhu_ministry,0.75,collected,2026-06-26
637,633,633,,,true,appointed,"Minister, Himachal Pradesh",https://en.wikipedia.org/wiki/Sukhu_ministry,0.75,collected,2026-06-26
638,634,634,,,true,appointed,"Minister, Himachal Pradesh",https://en.wikipedia.org/wiki/Sukhu_ministry,0.75,collected,2026-06-26
639,635,635,,,true,appointed,"Minister, Himachal Pradesh",https://en.wikipedia.org/wiki/Sukhu_ministry,0.75,collected,2026-06-26
640,636,636,,,true,appointed,"Minister, Himachal Pradesh",https://en.wikipedia.org/wiki/Sukhu_ministry,0.75,collected,2026-06-26
641,637,637,,,true,appointed,"Minister, Himachal Pradesh",https://en.wikipedia.org/wiki/Sukhu_ministry,0.75,collected,2026-06-26
642,638,638,,,true,appointed,"Minister, Himachal Pradesh",https://en.wikipedia.org/wiki/Sukhu_ministry,0.75,collected,2026-06-26
643,639,639,,,true,appointed,"Minister, Himachal Pradesh",https://en.wikipedia.org/wiki/Sukhu_ministry,0.75,collected,2026-06-26
644,640,640,,,true,appointed,"Minister, Uttarakhand",https://en.wikipedia.org/wiki/Second_Dhami_ministry,0.75,collected,2026-06-26
645,641,641,,,true,appointed,"Minister, Uttarakhand",https://en.wikipedia.org/wiki/Second_Dhami_ministry,0.75,collected,2026-06-26
646,642,642,,,true,appointed,"Minister, Uttarakhand",https://en.wikipedia.org/wiki/Second_Dhami_ministry,0.75,collected,2026-06-26
647,643,643,,,true,appointed,"Minister, Uttarakhand",https://en.wikipedia.org/wiki/Second_Dhami_ministry,0.75,collected,2026-06-26
648,644,644,,,true,appointed,"Minister, Uttarakhand",https://en.wikipedia.org/wiki/Second_Dhami_ministry,0.75,collected,2026-06-26
649,645,645,,,true,appointed,"Minister, Uttarakhand",https://en.wikipedia.org/wiki/Second_Dhami_ministry,0.75,collected,2026-06-26
650,646,646,,,true,appointed,"Minister, Uttarakhand",https://en.wikipedia.org/wiki/Second_Dhami_ministry,0.75,collected,2026-06-26
651,647,647,,,true,appointed,"Minister, Uttarakhand",https://en.wikipedia.org/wiki/Second_Dhami_ministry,0.75,collected,2026-06-26
652,648,648,,,true,appointed,"Minister, Uttarakhand",https://en.wikipedia.org/wiki/Second_Dhami_ministry,0.75,collected,2026-06-26
653,649,649,,,true,appointed,"Minister, Uttarakhand",https://en.wikipedia.org/wiki/Second_Dhami_ministry,0.75,collected,2026-06-26
654,650,650,,,true,appointed,"Minister, Uttarakhand",https://en.wikipedia.org/wiki/Second_Dhami_ministry,0.75,collected,2026-06-26
655,651,651,,,true,appointed,"Minister, Goa",https://en.wikipedia.org/wiki/Second_Pramod_Sawant_ministry,0.75,collected,2026-06-26
656,652,652,,,true,appointed,"Minister, Goa",https://en.wikipedia.org/wiki/Second_Pramod_Sawant_ministry,0.75,collected,2026-06-26
657,653,653,,,true,appointed,"Minister, Goa",https://en.wikipedia.org/wiki/Second_Pramod_Sawant_ministry,0.75,collected,2026-06-26
658,654,654,,,true,appointed,"Minister, Goa",https://en.wikipedia.org/wiki/Second_Pramod_Sawant_ministry,0.75,collected,2026-06-26
659,655,655,,,true,appointed,"Minister, Goa",https://en.wikipedia.org/wiki/Second_Pramod_Sawant_ministry,0.75,collected,2026-06-26
660,656,656,,,true,appointed,"Minister, Goa",https://en.wikipedia.org/wiki/Second_Pramod_Sawant_ministry,0.75,collected,2026-06-26
661,657,657,,,true,appointed,"Minister, Goa",https://en.wikipedia.org/wiki/Second_Pramod_Sawant_ministry,0.75,collected,2026-06-26
662,658,658,,,true,appointed,"Minister, Goa",https://en.wikipedia.org/wiki/Second_Pramod_Sawant_ministry,0.75,collected,2026-06-26
663,659,659,,,true,appointed,"Minister, Goa",https://en.wikipedia.org/wiki/Second_Pramod_Sawant_ministry,0.75,collected,2026-06-26
664,660,660,,,true,appointed,"Minister, Goa",https://en.wikipedia.org/wiki/Second_Pramod_Sawant_ministry,0.75,collected,2026-06-26
665,661,661,,,true,appointed,"Minister, Jammu and Kashmir",https://en.wikipedia.org/wiki/Second_Omar_Abdullah_ministry,0.75,collected,2026-06-26
666,662,662,,,true,appointed,"Minister, Jammu and Kashmir",https://en.wikipedia.org/wiki/Second_Omar_Abdullah_ministry,0.75,collected,2026-06-26
667,663,663,,,true,appointed,"Minister, Jammu and Kashmir",https://en.wikipedia.org/wiki/Second_Omar_Abdullah_ministry,0.75,collected,2026-06-26
668,664,664,,,true,appointed,"Minister, Jammu and Kashmir",https://en.wikipedia.org/wiki/Second_Omar_Abdullah_ministry,0.75,collected,2026-06-26
669,665,665,,,true,appointed,"Minister, Tripura",https://en.wikipedia.org/wiki/Second_Saha_ministry,0.75,collected,2026-06-26
670,666,666,,,true,appointed,"Minister, Tripura",https://en.wikipedia.org/wiki/Second_Saha_ministry,0.75,collected,2026-06-26
671,667,667,,,true,appointed,"Minister, Tripura",https://en.wikipedia.org/wiki/Second_Saha_ministry,0.75,collected,2026-06-26
672,668,668,,,true,appointed,"Minister, Tripura",https://en.wikipedia.org/wiki/Second_Saha_ministry,0.75,collected,2026-06-26
673,669,669,,,true,appointed,"Minister, Tripura",https://en.wikipedia.org/wiki/Second_Saha_ministry,0.75,collected,2026-06-26
674,670,670,,,true,appointed,"Minister, Tripura",https://en.wikipedia.org/wiki/Second_Saha_ministry,0.75,collected,2026-06-26
675,671,671,,,true,appointed,"Minister, Tripura",https://en.wikipedia.org/wiki/Second_Saha_ministry,0.75,collected,2026-06-26
676,672,672,,,true,appointed,"Minister, Tripura",https://en.wikipedia.org/wiki/Second_Saha_ministry,0.75,collected,2026-06-26
677,673,673,,,true,appointed,"Minister, Tripura",https://en.wikipedia.org/wiki/Second_Saha_ministry,0.75,collected,2026-06-26
678,674,674,,,true,appointed,"Minister, Tripura",https://en.wikipedia.org/wiki/Second_Saha_ministry,0.75,collected,2026-06-26
679,675,675,,,true,appointed,"Minister of State, Tripura",https://en.wikipedia.org/wiki/Second_Saha_ministry,0.75,collected,2026-06-26
680,676,676,,,true,appointed,"Minister, Meghalaya",https://en.wikipedia.org/wiki/Second_Conrad_Sangma_ministry,0.75,collected,2026-06-26
681,677,677,,,true,appointed,"Minister, Meghalaya",https://en.wikipedia.org/wiki/Second_Conrad_Sangma_ministry,0.75,collected,2026-06-26
682,678,678,,,true,appointed,"Minister, Meghalaya",https://en.wikipedia.org/wiki/Second_Conrad_Sangma_ministry,0.75,collected,2026-06-26
683,679,679,,,true,appointed,"Minister, Meghalaya",https://en.wikipedia.org/wiki/Second_Conrad_Sangma_ministry,0.75,collected,2026-06-26
684,680,680,,,true,appointed,"Minister, Meghalaya",https://en.wikipedia.org/wiki/Second_Conrad_Sangma_ministry,0.75,collected,2026-06-26
685,681,681,,,true,appointed,"Minister, Meghalaya",https://en.wikipedia.org/wiki/Second_Conrad_Sangma_ministry,0.75,collected,2026-06-26
686,682,682,,,true,appointed,"Minister, Meghalaya",https://en.wikipedia.org/wiki/Second_Conrad_Sangma_ministry,0.75,collected,2026-06-26
687,683,683,,,true,appointed,"Minister, Meghalaya",https://en.wikipedia.org/wiki/Second_Conrad_Sangma_ministry,0.75,collected,2026-06-26
688,684,684,,,true,appointed,"Minister, Meghalaya",https://en.wikipedia.org/wiki/Second_Conrad_Sangma_ministry,0.75,collected,2026-06-26
689,685,685,,,true,appointed,"Minister, Puducherry",https://py.gov.in/ministers,0.75,collected,2026-06-26
690,686,686,,,true,appointed,"Minister, Puducherry",https://py.gov.in/ministers,0.75,collected,2026-06-26
691,687,687,,,true,appointed,"Minister, Puducherry",https://py.gov.in/ministers,0.75,collected,2026-06-26
692,688,688,,,true,appointed,"Minister, Puducherry",https://py.gov.in/ministers,0.75,collected,2026-06-26
693,689,689,,,true,appointed,"Minister, Puducherry",https://py.gov.in/ministers,0.75,collected,2026-06-26
694,690,690,,,true,appointed,"Minister, Manipur",https://assembly.mn.gov.in/council-of-ministers,0.75,collected,2026-06-26
695,691,691,,,true,appointed,"Minister, Manipur",https://assembly.mn.gov.in/council-of-ministers,0.75,collected,2026-06-26
696,692,692,,,true,appointed,"Minister, Nagaland",https://en.wikipedia.org/wiki/Fifth_Rio_ministry,0.75,collected,2026-06-26
697,693,693,,,true,appointed,"Minister, Nagaland",https://en.wikipedia.org/wiki/Fifth_Rio_ministry,0.75,collected,2026-06-26
698,694,694,,,true,appointed,"Minister, Nagaland",https://en.wikipedia.org/wiki/Fifth_Rio_ministry,0.75,collected,2026-06-26
699,695,695,,,true,appointed,"Minister, Nagaland",https://en.wikipedia.org/wiki/Fifth_Rio_ministry,0.75,collected,2026-06-26
700,696,696,,,true,appointed,"Minister, Nagaland",https://en.wikipedia.org/wiki/Fifth_Rio_ministry,0.75,collected,2026-06-26
701,697,697,,,true,appointed,"Minister, Nagaland",https://en.wikipedia.org/wiki/Fifth_Rio_ministry,0.75,collected,2026-06-26
702,698,698,,,true,appointed,"Minister, Nagaland",https://en.wikipedia.org/wiki/Fifth_Rio_ministry,0.75,collected,2026-06-26
703,699,699,,,true,appointed,"Minister, Nagaland",https://en.wikipedia.org/wiki/Fifth_Rio_ministry,0.75,collected,2026-06-26
704,700,700,,,true,appointed,"Minister, Nagaland",https://en.wikipedia.org/wiki/Fifth_Rio_ministry,0.75,collected,2026-06-26
705,701,701,,,true,appointed,"Minister, Arunachal Pradesh",https://en.wikipedia.org/wiki/Fifth_Pema_Khandu_ministry,0.75,collected,2026-06-26
706,702,702,,,true,appointed,"Minister, Arunachal Pradesh",https://en.wikipedia.org/wiki/Fifth_Pema_Khandu_ministry,0.75,collected,2026-06-26
707,703,703,,,true,appointed,"Minister, Arunachal Pradesh",https://en.wikipedia.org/wiki/Fifth_Pema_Khandu_ministry,0.75,collected,2026-06-26
708,704,704,,,true,appointed,"Minister, Arunachal Pradesh",https://en.wikipedia.org/wiki/Fifth_Pema_Khandu_ministry,0.75,collected,2026-06-26
709,705,705,,,true,appointed,"Minister, Arunachal Pradesh",https://en.wikipedia.org/wiki/Fifth_Pema_Khandu_ministry,0.75,collected,2026-06-26
710,706,706,,,true,appointed,"Minister, Arunachal Pradesh",https://en.wikipedia.org/wiki/Fifth_Pema_Khandu_ministry,0.75,collected,2026-06-26
711,707,707,,,true,appointed,"Minister, Arunachal Pradesh",https://en.wikipedia.org/wiki/Fifth_Pema_Khandu_ministry,0.75,collected,2026-06-26
712,708,708,,,true,appointed,"Minister, Arunachal Pradesh",https://en.wikipedia.org/wiki/Fifth_Pema_Khandu_ministry,0.75,collected,2026-06-26
713,709,709,,,true,appointed,"Minister, Arunachal Pradesh",https://en.wikipedia.org/wiki/Fifth_Pema_Khandu_ministry,0.75,collected,2026-06-26
714,710,710,,,true,appointed,"Minister, Arunachal Pradesh",https://en.wikipedia.org/wiki/Fifth_Pema_Khandu_ministry,0.75,collected,2026-06-26
715,711,711,,,true,appointed,"Minister, Mizoram",https://en.wikipedia.org/wiki/Lalduhoma_ministry,0.75,collected,2026-06-26
716,712,712,,,true,appointed,"Minister, Mizoram",https://en.wikipedia.org/wiki/Lalduhoma_ministry,0.75,collected,2026-06-26
717,713,713,,,true,appointed,"Minister, Mizoram",https://en.wikipedia.org/wiki/Lalduhoma_ministry,0.75,collected,2026-06-26
718,714,714,,,true,appointed,"Minister, Mizoram",https://en.wikipedia.org/wiki/Lalduhoma_ministry,0.75,collected,2026-06-26
719,715,715,,,true,appointed,"Minister, Mizoram",https://en.wikipedia.org/wiki/Lalduhoma_ministry,0.75,collected,2026-06-26
720,716,716,,,true,appointed,"Minister, Mizoram",https://en.wikipedia.org/wiki/Lalduhoma_ministry,0.75,collected,2026-06-26
721,717,717,,,true,appointed,"Minister of State, Mizoram",https://en.wikipedia.org/wiki/Lalduhoma_ministry,0.75,collected,2026-06-26
722,718,718,,,true,appointed,"Minister of State, Mizoram",https://en.wikipedia.org/wiki/Lalduhoma_ministry,0.75,collected,2026-06-26
723,719,719,,,true,appointed,"Minister of State, Mizoram",https://en.wikipedia.org/wiki/Lalduhoma_ministry,0.75,collected,2026-06-26
724,720,720,,,true,appointed,"Minister of State, Mizoram",https://en.wikipedia.org/wiki/Lalduhoma_ministry,0.75,collected,2026-06-26
725,721,721,,,true,appointed,"Minister, Sikkim",https://en.wikipedia.org/wiki/Second_Tamang_ministry,0.75,collected,2026-06-26
726,722,722,,,true,appointed,"Minister, Sikkim",https://en.wikipedia.org/wiki/Second_Tamang_ministry,0.75,collected,2026-06-26
727,723,723,,,true,appointed,"Minister, Sikkim",https://en.wikipedia.org/wiki/Second_Tamang_ministry,0.75,collected,2026-06-26
728,724,724,,,true,appointed,"Minister, Sikkim",https://en.wikipedia.org/wiki/Second_Tamang_ministry,0.75,collected,2026-06-26
729,725,725,,,true,appointed,"Minister, Sikkim",https://en.wikipedia.org/wiki/Second_Tamang_ministry,0.75,collected,2026-06-26
730,726,726,,,true,appointed,"Minister, Sikkim",https://en.wikipedia.org/wiki/Second_Tamang_ministry,0.75,collected,2026-06-26
731,727,727,,,true,appointed,"Minister, Sikkim",https://en.wikipedia.org/wiki/Second_Tamang_ministry,0.75,collected,2026-06-26
732,728,728,,,true,appointed,"Minister, Sikkim",https://en.wikipedia.org/wiki/Second_Tamang_ministry,0.75,collected,2026-06-26
733,729,729,,,true,appointed,"Minister, Sikkim",https://en.wikipedia.org/wiki/Second_Tamang_ministry,0.75,collected,2026-06-26
734,730,730,,,true,appointed,"Minister, Sikkim",https://en.wikipedia.org/wiki/Second_Tamang_ministry,0.75,collected,2026-06-26
735,731,731,,,true,appointed,"Minister, Sikkim",https://en.wikipedia.org/wiki/Second_Tamang_ministry,0.75,collected,2026-06-26
736,732,2778,2026-05-10,,true,appointed,"Minister, Tamil Nadu",https://en.wikipedia.org/wiki/C._Joseph_Vijay_ministry,0.75,collected,2026-06-26
737,733,2779,2026-05-10,,true,appointed,"Minister, Tamil Nadu",https://en.wikipedia.org/wiki/C._Joseph_Vijay_ministry,0.75,collected,2026-06-26
738,734,2780,2026-05-10,,true,appointed,"Minister, Tamil Nadu",https://en.wikipedia.org/wiki/C._Joseph_Vijay_ministry,0.75,collected,2026-06-26
739,735,2781,2026-05-10,,true,appointed,"Minister, Tamil Nadu",https://en.wikipedia.org/wiki/C._Joseph_Vijay_ministry,0.75,collected,2026-06-26
740,736,2782,2026-05-10,,true,appointed,"Minister, Tamil Nadu",https://en.wikipedia.org/wiki/C._Joseph_Vijay_ministry,0.75,collected,2026-06-26
741,737,2783,2026-05-10,,true,appointed,"Minister, Tamil Nadu",https://en.wikipedia.org/wiki/C._Joseph_Vijay_ministry,0.75,collected,2026-06-26
742,738,2784,2026-05-10,,true,appointed,"Minister, Tamil Nadu",https://en.wikipedia.org/wiki/C._Joseph_Vijay_ministry,0.75,collected,2026-06-26
743,739,2785,2026-05-10,,true,appointed,"Minister, Tamil Nadu",https://en.wikipedia.org/wiki/C._Joseph_Vijay_ministry,0.75,collected,2026-06-26
744,740,2786,2026-05-10,,true,appointed,"Minister, Tamil Nadu",https://en.wikipedia.org/wiki/C._Joseph_Vijay_ministry,0.75,collected,2026-06-26
745,741,2787,2026-05-10,,true,appointed,"Minister, Tamil Nadu",https://en.wikipedia.org/wiki/C._Joseph_Vijay_ministry,0.75,collected,2026-06-26
746,742,2788,2026-05-10,,true,appointed,"Minister, Tamil Nadu",https://en.wikipedia.org/wiki/C._Joseph_Vijay_ministry,0.75,collected,2026-06-26
747,743,2789,2026-05-10,,true,appointed,"Minister, Tamil Nadu",https://en.wikipedia.org/wiki/C._Joseph_Vijay_ministry,0.75,collected,2026-06-26
748,744,2790,2026-05-10,,true,appointed,"Minister, Tamil Nadu",https://en.wikipedia.org/wiki/C._Joseph_Vijay_ministry,0.75,collected,2026-06-26
749,745,2791,2026-05-10,,true,appointed,"Minister, Tamil Nadu",https://en.wikipedia.org/wiki/C._Joseph_Vijay_ministry,0.75,collected,2026-06-26
750,746,2792,2026-05-10,,true,appointed,"Minister, Tamil Nadu",https://en.wikipedia.org/wiki/C._Joseph_Vijay_ministry,0.75,collected,2026-06-26
751,747,2793,2026-05-10,,true,appointed,"Minister, Tamil Nadu",https://en.wikipedia.org/wiki/C._Joseph_Vijay_ministry,0.75,collected,2026-06-26
752,748,2794,2026-05-10,,true,appointed,"Minister, Tamil Nadu",https://en.wikipedia.org/wiki/C._Joseph_Vijay_ministry,0.75,collected,2026-06-26
753,749,2795,2026-05-10,,true,appointed,"Minister, Tamil Nadu",https://en.wikipedia.org/wiki/C._Joseph_Vijay_ministry,0.75,collected,2026-06-26
754,750,2796,2026-05-10,,true,appointed,"Minister, Tamil Nadu",https://en.wikipedia.org/wiki/C._Joseph_Vijay_ministry,0.75,collected,2026-06-26
755,751,2797,2026-05-10,,true,appointed,"Minister, Tamil Nadu",https://en.wikipedia.org/wiki/C._Joseph_Vijay_ministry,0.75,collected,2026-06-26
756,752,2798,2026-05-10,,true,appointed,"Minister, Tamil Nadu",https://en.wikipedia.org/wiki/C._Joseph_Vijay_ministry,0.75,collected,2026-06-26
757,753,2799,2026-05-10,,true,appointed,"Minister, Tamil Nadu",https://en.wikipedia.org/wiki/C._Joseph_Vijay_ministry,0.75,collected,2026-06-26
758,754,2800,2026-05-10,,true,appointed,"Minister, Tamil Nadu",https://en.wikipedia.org/wiki/C._Joseph_Vijay_ministry,0.75,collected,2026-06-26
759,755,2801,2026-05-10,,true,appointed,"Minister, Tamil Nadu",https://en.wikipedia.org/wiki/C._Joseph_Vijay_ministry,0.75,collected,2026-06-26
760,756,2802,2026-05-10,,true,appointed,"Minister, Tamil Nadu",https://en.wikipedia.org/wiki/C._Joseph_Vijay_ministry,0.75,collected,2026-06-26
761,757,2803,2026-05-10,,true,appointed,"Minister, Tamil Nadu",https://en.wikipedia.org/wiki/C._Joseph_Vijay_ministry,0.75,collected,2026-06-26
762,758,2804,2026-05-10,,true,appointed,"Minister, Tamil Nadu",https://en.wikipedia.org/wiki/C._Joseph_Vijay_ministry,0.75,collected,2026-06-26
763,759,2805,2026-05-10,,true,appointed,"Minister, Tamil Nadu",https://en.wikipedia.org/wiki/C._Joseph_Vijay_ministry,0.75,collected,2026-06-26
764,760,2806,2026-05-10,,true,appointed,"Minister, Tamil Nadu",https://en.wikipedia.org/wiki/C._Joseph_Vijay_ministry,0.75,collected,2026-06-26
765,761,2807,2026-05-10,,true,appointed,"Minister, Tamil Nadu",https://en.wikipedia.org/wiki/C._Joseph_Vijay_ministry,0.75,collected,2026-06-26
766,762,2808,2026-05-10,,true,appointed,"Minister, Tamil Nadu",https://en.wikipedia.org/wiki/C._Joseph_Vijay_ministry,0.75,collected,2026-06-26
767,763,2809,2026-05-10,,true,appointed,"Minister, Tamil Nadu",https://en.wikipedia.org/wiki/C._Joseph_Vijay_ministry,0.75,collected,2026-06-26
768,764,2810,2026-05-10,,true,appointed,"Minister, Tamil Nadu",https://en.wikipedia.org/wiki/C._Joseph_Vijay_ministry,0.75,collected,2026-06-26
769,765,2811,2026-05-10,,true,appointed,"Minister, Tamil Nadu",https://en.wikipedia.org/wiki/C._Joseph_Vijay_ministry,0.75,collected,2026-06-26
770,766,2812,2026-05-18,,true,appointed,"Minister, Kerala",https://en.wikipedia.org/wiki/Satheesan_ministry,0.75,collected,2026-06-26
771,767,2813,2026-05-18,,true,appointed,"Minister, Kerala",https://en.wikipedia.org/wiki/Satheesan_ministry,0.75,collected,2026-06-26
772,768,2814,2026-05-18,,true,appointed,"Minister, Kerala",https://en.wikipedia.org/wiki/Satheesan_ministry,0.75,collected,2026-06-26
773,769,2815,2026-05-18,,true,appointed,"Minister, Kerala",https://en.wikipedia.org/wiki/Satheesan_ministry,0.75,collected,2026-06-26
774,770,2816,2026-05-18,,true,appointed,"Minister, Kerala",https://en.wikipedia.org/wiki/Satheesan_ministry,0.75,collected,2026-06-26
775,771,2817,2026-05-18,,true,appointed,"Minister, Kerala",https://en.wikipedia.org/wiki/Satheesan_ministry,0.75,collected,2026-06-26
776,772,2818,2026-05-18,,true,appointed,"Minister, Kerala",https://en.wikipedia.org/wiki/Satheesan_ministry,0.75,collected,2026-06-26
777,773,2819,2026-05-18,,true,appointed,"Minister, Kerala",https://en.wikipedia.org/wiki/Satheesan_ministry,0.75,collected,2026-06-26
778,774,2820,2026-05-18,,true,appointed,"Minister, Kerala",https://en.wikipedia.org/wiki/Satheesan_ministry,0.75,collected,2026-06-26
779,775,2821,2026-05-18,,true,appointed,"Minister, Kerala",https://en.wikipedia.org/wiki/Satheesan_ministry,0.75,collected,2026-06-26
780,776,2822,2026-05-18,,true,appointed,"Minister, Kerala",https://en.wikipedia.org/wiki/Satheesan_ministry,0.75,collected,2026-06-26
781,777,2823,2026-05-18,,true,appointed,"Minister, Kerala",https://en.wikipedia.org/wiki/Satheesan_ministry,0.75,collected,2026-06-26
782,778,2824,2026-05-18,,true,appointed,"Minister, Kerala",https://en.wikipedia.org/wiki/Satheesan_ministry,0.75,collected,2026-06-26
783,779,2825,2026-05-18,,true,appointed,"Minister, Kerala",https://en.wikipedia.org/wiki/Satheesan_ministry,0.75,collected,2026-06-26
784,780,2826,2026-05-18,,true,appointed,"Minister, Kerala",https://en.wikipedia.org/wiki/Satheesan_ministry,0.75,collected,2026-06-26
785,781,2827,2026-05-18,,true,appointed,"Minister, Kerala",https://en.wikipedia.org/wiki/Satheesan_ministry,0.75,collected,2026-06-26
786,782,2828,2026-05-18,,true,appointed,"Minister, Kerala",https://en.wikipedia.org/wiki/Satheesan_ministry,0.75,collected,2026-06-26
787,783,2829,2026-05-18,,true,appointed,"Minister, Kerala",https://en.wikipedia.org/wiki/Satheesan_ministry,0.75,collected,2026-06-26
788,784,2830,2026-05-18,,true,appointed,"Minister, Kerala",https://en.wikipedia.org/wiki/Satheesan_ministry,0.75,collected,2026-06-26
789,785,2831,2026-05-18,,true,appointed,"Minister, Kerala",https://en.wikipedia.org/wiki/Satheesan_ministry,0.75,collected,2026-06-26
790,786,1470,,,true,appointed,"Collector/DM, Mumbai City",https://www.sarkaritel.com/divisional-commissioner-collectors-government-of-maharashtra/,0.70,collected,2026-06-26
791,787,1472,,,true,appointed,"Collector/DM, Mumbai Suburban",https://www.sarkaritel.com/divisional-commissioner-collectors-government-of-maharashtra/,0.70,collected,2026-06-26
792,788,1502,,,true,appointed,"Collector/DM, Thane",https://www.sarkaritel.com/divisional-commissioner-collectors-government-of-maharashtra/,0.70,collected,2026-06-26
793,789,1484,,,true,appointed,"Collector/DM, Palghar",https://www.sarkaritel.com/divisional-commissioner-collectors-government-of-maharashtra/,0.70,collected,2026-06-26
794,790,1490,,,true,appointed,"Collector/DM, Raigad",https://www.sarkaritel.com/divisional-commissioner-collectors-government-of-maharashtra/,0.70,collected,2026-06-26
795,791,1492,,,true,appointed,"Collector/DM, Ratnagiri",https://www.sarkaritel.com/divisional-commissioner-collectors-government-of-maharashtra/,0.70,collected,2026-06-26
796,792,1498,,,true,appointed,"Collector/DM, Sindhudurg",https://www.sarkaritel.com/divisional-commissioner-collectors-government-of-maharashtra/,0.70,collected,2026-06-26
797,793,1488,,,true,appointed,"Collector/DM, Pune",https://www.sarkaritel.com/divisional-commissioner-collectors-government-of-maharashtra/,0.70,collected,2026-06-26
798,794,1496,,,true,appointed,"Collector/DM, Satara",https://www.sarkaritel.com/divisional-commissioner-collectors-government-of-maharashtra/,0.70,collected,2026-06-26
799,795,1494,,,true,appointed,"Collector/DM, Sangli",https://www.sarkaritel.com/divisional-commissioner-collectors-government-of-maharashtra/,0.70,collected,2026-06-26
800,796,1500,,,true,appointed,"Collector/DM, Solapur",https://www.sarkaritel.com/divisional-commissioner-collectors-government-of-maharashtra/,0.70,collected,2026-06-26
801,797,1466,,,true,appointed,"Collector/DM, Kolhapur",https://www.sarkaritel.com/divisional-commissioner-collectors-government-of-maharashtra/,0.70,collected,2026-06-26
802,798,1480,,,true,appointed,"Collector/DM, Nashik",https://www.sarkaritel.com/divisional-commissioner-collectors-government-of-maharashtra/,0.70,collected,2026-06-26
803,799,1454,,,true,appointed,"Collector/DM, Dhule",https://www.sarkaritel.com/divisional-commissioner-collectors-government-of-maharashtra/,0.70,collected,2026-06-26
804,800,1478,,,true,appointed,"Collector/DM, Nandurbar",https://www.sarkaritel.com/divisional-commissioner-collectors-government-of-maharashtra/,0.70,collected,2026-06-26
805,801,1462,,,true,appointed,"Collector/DM, Jalgaon",https://www.sarkaritel.com/divisional-commissioner-collectors-government-of-maharashtra/,0.70,collected,2026-06-26
806,802,1438,,,true,appointed,"Collector/DM, Ahmednagar",https://www.sarkaritel.com/divisional-commissioner-collectors-government-of-maharashtra/,0.70,collected,2026-06-26
807,803,1444,,,true,appointed,"Collector/DM, Aurangabad",https://www.sarkaritel.com/divisional-commissioner-collectors-government-of-maharashtra/,0.70,collected,2026-06-26
808,804,1464,,,true,appointed,"Collector/DM, Jalna",https://www.sarkaritel.com/divisional-commissioner-collectors-government-of-maharashtra/,0.70,collected,2026-06-26
809,805,1446,,,true,appointed,"Collector/DM, Beed",https://www.sarkaritel.com/divisional-commissioner-collectors-government-of-maharashtra/,0.70,collected,2026-06-26
810,806,1468,,,true,appointed,"Collector/DM, Latur",https://www.sarkaritel.com/divisional-commissioner-collectors-government-of-maharashtra/,0.70,collected,2026-06-26
811,807,1482,,,true,appointed,"Collector/DM, Osmanabad",https://www.sarkaritel.com/divisional-commissioner-collectors-government-of-maharashtra/,0.70,collected,2026-06-26
812,808,1476,,,true,appointed,"Collector/DM, Nanded",https://www.sarkaritel.com/divisional-commissioner-collectors-government-of-maharashtra/,0.70,collected,2026-06-26
813,809,1486,,,true,appointed,"Collector/DM, Parbhani",https://www.sarkaritel.com/divisional-commissioner-collectors-government-of-maharashtra/,0.70,collected,2026-06-26
814,810,1460,,,true,appointed,"Collector/DM, Hingoli",https://www.sarkaritel.com/divisional-commissioner-collectors-government-of-maharashtra/,0.70,collected,2026-06-26
815,811,1474,,,true,appointed,"Collector/DM, Nagpur",https://www.sarkaritel.com/divisional-commissioner-collectors-government-of-maharashtra/,0.70,collected,2026-06-26
816,812,1504,,,true,appointed,"Collector/DM, Wardha",https://www.sarkaritel.com/divisional-commissioner-collectors-government-of-maharashtra/,0.70,collected,2026-06-26
817,813,1448,,,true,appointed,"Collector/DM, Bhandara",https://www.sarkaritel.com/divisional-commissioner-collectors-government-of-maharashtra/,0.70,collected,2026-06-26
818,814,1458,,,true,appointed,"Collector/DM, Gondia",https://www.sarkaritel.com/divisional-commissioner-collectors-government-of-maharashtra/,0.70,collected,2026-06-26
819,815,1452,,,true,appointed,"Collector/DM, Chandrapur",https://www.sarkaritel.com/divisional-commissioner-collectors-government-of-maharashtra/,0.70,collected,2026-06-26
820,816,1456,,,true,appointed,"Collector/DM, Gadchiroli",https://www.sarkaritel.com/divisional-commissioner-collectors-government-of-maharashtra/,0.70,collected,2026-06-26
821,817,1442,,,true,appointed,"Collector/DM, Amravati",https://www.sarkaritel.com/divisional-commissioner-collectors-government-of-maharashtra/,0.70,collected,2026-06-26
822,818,1440,,,true,appointed,"Collector/DM, Akola",https://www.sarkaritel.com/divisional-commissioner-collectors-government-of-maharashtra/,0.70,collected,2026-06-26
823,819,1506,,,true,appointed,"Collector/DM, Washim",https://www.sarkaritel.com/divisional-commissioner-collectors-government-of-maharashtra/,0.70,collected,2026-06-26
824,820,1450,,,true,appointed,"Collector/DM, Buldhana",https://www.sarkaritel.com/divisional-commissioner-collectors-government-of-maharashtra/,0.70,collected,2026-06-26
825,821,1508,,,true,appointed,"Collector/DM, Yavatmal",https://www.sarkaritel.com/divisional-commissioner-collectors-government-of-maharashtra/,0.70,collected,2026-06-26
826,822,1052,,,true,appointed,"Collector/DM, Ahmedabad",https://www.sarkaritel.com/collector-gujarat-government/,0.70,collected,2026-06-26
827,823,1054,,,true,appointed,"Collector/DM, Amreli",https://www.sarkaritel.com/collector-gujarat-government/,0.70,collected,2026-06-26
828,824,1056,,,true,appointed,"Collector/DM, Anand",https://www.sarkaritel.com/collector-gujarat-government/,0.70,collected,2026-06-26
829,825,1058,,,true,appointed,"Collector/DM, Aravalli",https://www.sarkaritel.com/collector-gujarat-government/,0.70,collected,2026-06-26
830,826,1060,,,true,appointed,"Collector/DM, Banaskantha",https://www.sarkaritel.com/collector-gujarat-government/,0.70,collected,2026-06-26
831,827,1062,,,true,appointed,"Collector/DM, Bharuch",https://www.sarkaritel.com/collector-gujarat-government/,0.70,collected,2026-06-26
832,828,1064,,,true,appointed,"Collector/DM, Bhavnagar",https://www.sarkaritel.com/collector-gujarat-government/,0.70,collected,2026-06-26
833,829,1066,,,true,appointed,"Collector/DM, Botad",https://www.sarkaritel.com/collector-gujarat-government/,0.70,collected,2026-06-26
834,830,1068,,,true,appointed,"Collector/DM, Chhota Udaipur",https://www.sarkaritel.com/collector-gujarat-government/,0.70,collected,2026-06-26
835,831,1070,,,true,appointed,"Collector/DM, Dahod",https://www.sarkaritel.com/collector-gujarat-government/,0.70,collected,2026-06-26
836,832,1072,,,true,appointed,"Collector/DM, Dang",https://www.sarkaritel.com/collector-gujarat-government/,0.70,collected,2026-06-26
837,833,1074,,,true,appointed,"Collector/DM, Devbhoomi Dwarka",https://www.sarkaritel.com/collector-gujarat-government/,0.70,collected,2026-06-26
838,834,1076,,,true,appointed,"Collector/DM, Gandhinagar",https://www.sarkaritel.com/collector-gujarat-government/,0.70,collected,2026-06-26
839,835,1078,,,true,appointed,"Collector/DM, Gir Somnath",https://www.sarkaritel.com/collector-gujarat-government/,0.70,collected,2026-06-26
840,836,1080,,,true,appointed,"Collector/DM, Jamnagar",https://www.sarkaritel.com/collector-gujarat-government/,0.70,collected,2026-06-26
841,837,1086,,,true,appointed,"Collector/DM, Kutch",https://www.sarkaritel.com/collector-gujarat-government/,0.70,collected,2026-06-26
842,838,1084,,,true,appointed,"Collector/DM, Kheda",https://www.sarkaritel.com/collector-gujarat-government/,0.70,collected,2026-06-26
843,839,1090,,,true,appointed,"Collector/DM, Mehsana",https://www.sarkaritel.com/collector-gujarat-government/,0.70,collected,2026-06-26
844,840,1092,,,true,appointed,"Collector/DM, Morbi",https://www.sarkaritel.com/collector-gujarat-government/,0.70,collected,2026-06-26
845,841,1094,,,true,appointed,"Collector/DM, Narmada",https://www.sarkaritel.com/collector-gujarat-government/,0.70,collected,2026-06-26
846,842,1096,,,true,appointed,"Collector/DM, Navsari",https://www.sarkaritel.com/collector-gujarat-government/,0.70,collected,2026-06-26
847,843,1098,,,true,appointed,"Collector/DM, Panchmahal",https://www.sarkaritel.com/collector-gujarat-government/,0.70,collected,2026-06-26
848,844,1100,,,true,appointed,"Collector/DM, Patan",https://www.sarkaritel.com/collector-gujarat-government/,0.70,collected,2026-06-26
849,845,1102,,,true,appointed,"Collector/DM, Porbandar",https://www.sarkaritel.com/collector-gujarat-government/,0.70,collected,2026-06-26
850,846,1104,,,true,appointed,"Collector/DM, Rajkot",https://www.sarkaritel.com/collector-gujarat-government/,0.70,collected,2026-06-26
851,847,1106,,,true,appointed,"Collector/DM, Sabarkantha",https://www.sarkaritel.com/collector-gujarat-government/,0.70,collected,2026-06-26
852,848,1110,,,true,appointed,"Collector/DM, Surendranagar",https://www.sarkaritel.com/collector-gujarat-government/,0.70,collected,2026-06-26
853,849,1112,,,true,appointed,"Collector/DM, Tapi",https://www.sarkaritel.com/collector-gujarat-government/,0.70,collected,2026-06-26
854,850,1114,,,true,appointed,"Collector/DM, Vadodara",https://www.sarkaritel.com/collector-gujarat-government/,0.70,collected,2026-06-26
855,851,1118,,,true,appointed,"Collector/DM, Vav-Tharad",https://www.sarkaritel.com/collector-gujarat-government/,0.70,collected,2026-06-26
856,852,1728,,,true,appointed,"Collector/DM, Ajmer",https://election.rajasthan.gov.in/ (Collector & ADM list 14.05.2026) + district NIC sites,0.65,collected,2026-06-26
857,853,1730,,,true,appointed,"Collector/DM, Alwar",https://election.rajasthan.gov.in/ (Collector & ADM list 14.05.2026) + district NIC sites,0.65,collected,2026-06-26
858,854,1732,,,true,appointed,"Collector/DM, Balotra",https://election.rajasthan.gov.in/ (Collector & ADM list 14.05.2026) + district NIC sites,0.65,collected,2026-06-26
859,855,1734,,,true,appointed,"Collector/DM, Banswara",https://election.rajasthan.gov.in/ (Collector & ADM list 14.05.2026) + district NIC sites,0.65,collected,2026-06-26
860,856,1736,,,true,appointed,"Collector/DM, Baran",https://election.rajasthan.gov.in/ (Collector & ADM list 14.05.2026) + district NIC sites,0.65,collected,2026-06-26
861,857,1738,,,true,appointed,"Collector/DM, Barmer",https://election.rajasthan.gov.in/ (Collector & ADM list 14.05.2026) + district NIC sites,0.65,collected,2026-06-26
862,858,1740,,,true,appointed,"Collector/DM, Beawar",https://election.rajasthan.gov.in/ (Collector & ADM list 14.05.2026) + district NIC sites,0.65,collected,2026-06-26
863,859,1742,,,true,appointed,"Collector/DM, Bharatpur",https://election.rajasthan.gov.in/ (Collector & ADM list 14.05.2026) + district NIC sites,0.65,collected,2026-06-26
864,860,1744,,,true,appointed,"Collector/DM, Bhilwara",https://election.rajasthan.gov.in/ (Collector & ADM list 14.05.2026) + district NIC sites,0.65,collected,2026-06-26
865,861,1746,,,true,appointed,"Collector/DM, Bikaner",https://election.rajasthan.gov.in/ (Collector & ADM list 14.05.2026) + district NIC sites,0.65,collected,2026-06-26
866,862,1748,,,true,appointed,"Collector/DM, Bundi",https://election.rajasthan.gov.in/ (Collector & ADM list 14.05.2026) + district NIC sites,0.65,collected,2026-06-26
867,863,1750,,,true,appointed,"Collector/DM, Chittorgarh",https://election.rajasthan.gov.in/ (Collector & ADM list 14.05.2026) + district NIC sites,0.65,collected,2026-06-26
868,864,1752,,,true,appointed,"Collector/DM, Churu",https://election.rajasthan.gov.in/ (Collector & ADM list 14.05.2026) + district NIC sites,0.65,collected,2026-06-26
869,865,1754,,,true,appointed,"Collector/DM, Dausa",https://election.rajasthan.gov.in/ (Collector & ADM list 14.05.2026) + district NIC sites,0.65,collected,2026-06-26
870,866,1756,,,true,appointed,"Collector/DM, Deeg",https://election.rajasthan.gov.in/ (Collector & ADM list 14.05.2026) + district NIC sites,0.65,collected,2026-06-26
871,867,1758,,,true,appointed,"Collector/DM, Didwana-Kuchaman",https://election.rajasthan.gov.in/ (Collector & ADM list 14.05.2026) + district NIC sites,0.65,collected,2026-06-26
872,868,1760,,,true,appointed,"Collector/DM, Dholpur",https://election.rajasthan.gov.in/ (Collector & ADM list 14.05.2026) + district NIC sites,0.65,collected,2026-06-26
873,869,1762,,,true,appointed,"Collector/DM, Dungarpur",https://election.rajasthan.gov.in/ (Collector & ADM list 14.05.2026) + district NIC sites,0.65,collected,2026-06-26
874,870,1764,,,true,appointed,"Collector/DM, Hanumangarh",https://election.rajasthan.gov.in/ (Collector & ADM list 14.05.2026) + district NIC sites,0.65,collected,2026-06-26
875,871,1766,,,true,appointed,"Collector/DM, Jaipur",https://election.rajasthan.gov.in/ (Collector & ADM list 14.05.2026) + district NIC sites,0.65,collected,2026-06-26
876,872,1768,,,true,appointed,"Collector/DM, Jaisalmer",https://election.rajasthan.gov.in/ (Collector & ADM list 14.05.2026) + district NIC sites,0.65,collected,2026-06-26
877,873,1770,,,true,appointed,"Collector/DM, Jalore",https://election.rajasthan.gov.in/ (Collector & ADM list 14.05.2026) + district NIC sites,0.65,collected,2026-06-26
878,874,1772,,,true,appointed,"Collector/DM, Jhalawar",https://election.rajasthan.gov.in/ (Collector & ADM list 14.05.2026) + district NIC sites,0.65,collected,2026-06-26
879,875,1774,,,true,appointed,"Collector/DM, Jhunjhunu",https://election.rajasthan.gov.in/ (Collector & ADM list 14.05.2026) + district NIC sites,0.65,collected,2026-06-26
880,876,1776,,,true,appointed,"Collector/DM, Jodhpur",https://election.rajasthan.gov.in/ (Collector & ADM list 14.05.2026) + district NIC sites,0.65,collected,2026-06-26
881,877,1778,,,true,appointed,"Collector/DM, Karauli",https://election.rajasthan.gov.in/ (Collector & ADM list 14.05.2026) + district NIC sites,0.65,collected,2026-06-26
882,878,1780,,,true,appointed,"Collector/DM, Khairthal-Tijara",https://election.rajasthan.gov.in/ (Collector & ADM list 14.05.2026) + district NIC sites,0.65,collected,2026-06-26
883,879,1782,,,true,appointed,"Collector/DM, Kota",https://election.rajasthan.gov.in/ (Collector & ADM list 14.05.2026) + district NIC sites,0.65,collected,2026-06-26
884,880,1784,,,true,appointed,"Collector/DM, Kotputli-Behror",https://election.rajasthan.gov.in/ (Collector & ADM list 14.05.2026) + district NIC sites,0.65,collected,2026-06-26
885,881,1786,,,true,appointed,"Collector/DM, Nagaur",https://election.rajasthan.gov.in/ (Collector & ADM list 14.05.2026) + district NIC sites,0.65,collected,2026-06-26
886,882,1788,,,true,appointed,"Collector/DM, Pali",https://election.rajasthan.gov.in/ (Collector & ADM list 14.05.2026) + district NIC sites,0.65,collected,2026-06-26
887,883,1790,,,true,appointed,"Collector/DM, Phalodi",https://election.rajasthan.gov.in/ (Collector & ADM list 14.05.2026) + district NIC sites,0.65,collected,2026-06-26
888,884,1792,,,true,appointed,"Collector/DM, Pratapgarh",https://election.rajasthan.gov.in/ (Collector & ADM list 14.05.2026) + district NIC sites,0.65,collected,2026-06-26
889,885,1794,,,true,appointed,"Collector/DM, Rajsamand",https://election.rajasthan.gov.in/ (Collector & ADM list 14.05.2026) + district NIC sites,0.65,collected,2026-06-26
890,886,1796,,,true,appointed,"Collector/DM, Salumbar",https://election.rajasthan.gov.in/ (Collector & ADM list 14.05.2026) + district NIC sites,0.65,collected,2026-06-26
891,887,1798,,,true,appointed,"Collector/DM, Sawai Madhopur",https://election.rajasthan.gov.in/ (Collector & ADM list 14.05.2026) + district NIC sites,0.65,collected,2026-06-26
892,888,1800,,,true,appointed,"Collector/DM, Sikar",https://election.rajasthan.gov.in/ (Collector & ADM list 14.05.2026) + district NIC sites,0.65,collected,2026-06-26
893,889,1802,,,true,appointed,"Collector/DM, Sirohi",https://election.rajasthan.gov.in/ (Collector & ADM list 14.05.2026) + district NIC sites,0.65,collected,2026-06-26
894,890,1804,,,true,appointed,"Collector/DM, Sri Ganganagar",https://election.rajasthan.gov.in/ (Collector & ADM list 14.05.2026) + district NIC sites,0.65,collected,2026-06-26
895,891,1806,,,true,appointed,"Collector/DM, Tonk",https://election.rajasthan.gov.in/ (Collector & ADM list 14.05.2026) + district NIC sites,0.65,collected,2026-06-26
896,892,1808,,,true,appointed,"Collector/DM, Udaipur",https://election.rajasthan.gov.in/ (Collector & ADM list 14.05.2026) + district NIC sites,0.65,collected,2026-06-26
897,893,1328,,,true,appointed,"Collector/DM, Bhopal",https://www.sarkaritel.com/ MP collectors + district NIC sites,0.65,collected,2026-06-26
898,894,1354,,,true,appointed,"Collector/DM, Indore",https://www.sarkaritel.com/ MP collectors + district NIC sites,0.65,collected,2026-06-26
899,895,1370,,,true,appointed,"Collector/DM, Jabalpur",https://www.sarkaritel.com/ MP collectors + district NIC sites,0.65,collected,2026-06-26
900,896,1406,,,true,appointed,"Collector/DM, Sagar",https://www.sarkaritel.com/ MP collectors + district NIC sites,0.65,collected,2026-06-26
901,897,1394,,,true,appointed,"Collector/DM, Rewa",https://www.sarkaritel.com/ MP collectors + district NIC sites,0.65,collected,2026-06-26
902,898,1400,,,true,appointed,"Collector/DM, Satna",https://www.sarkaritel.com/ MP collectors + district NIC sites,0.65,collected,2026-06-26
903,899,1362,,,true,appointed,"Collector/DM, Dhar",https://www.sarkaritel.com/ MP collectors + district NIC sites,0.65,collected,2026-06-26
904,900,1434,,,true,appointed,"Collector/DM, Ratlam",https://www.sarkaritel.com/ MP collectors + district NIC sites,0.65,collected,2026-06-26
905,901,1368,,,true,appointed,"Collector/DM, Khargone",https://www.sarkaritel.com/ MP collectors + district NIC sites,0.65,collected,2026-06-26
906,902,1374,,,true,appointed,"Collector/DM, Chhindwara",https://www.sarkaritel.com/ MP collectors + district NIC sites,0.65,collected,2026-06-26
907,903,1336,,,true,appointed,"Collector/DM, Vidisha",https://www.sarkaritel.com/ MP collectors + district NIC sites,0.65,collected,2026-06-26
908,904,1334,,,true,appointed,"Collector/DM, Sehore",https://www.sarkaritel.com/ MP collectors + district NIC sites,0.65,collected,2026-06-26
909,905,1330,,,true,appointed,"Collector/DM, Raisen",https://www.sarkaritel.com/ MP collectors + district NIC sites,0.65,collected,2026-06-26
910,906,1332,,,true,appointed,"Collector/DM, Rajgarh",https://www.sarkaritel.com/ MP collectors + district NIC sites,0.65,collected,2026-06-26
911,907,1390,,,true,appointed,"Collector/DM, Betul",https://www.sarkaritel.com/ MP collectors + district NIC sites,0.65,collected,2026-06-26
912,908,1388,,,true,appointed,"Collector/DM, Narmadapuram",https://www.sarkaritel.com/ MP collectors + district NIC sites,0.65,collected,2026-06-26
913,909,1392,,,true,appointed,"Collector/DM, Harda",https://www.sarkaritel.com/ MP collectors + district NIC sites,0.65,collected,2026-06-26
914,910,1366,,,true,appointed,"Collector/DM, Khandwa",https://www.sarkaritel.com/ MP collectors + district NIC sites,0.65,collected,2026-06-26
915,911,1360,,,true,appointed,"Collector/DM, Burhanpur",https://www.sarkaritel.com/ MP collectors + district NIC sites,0.65,collected,2026-06-26
916,912,1358,,,true,appointed,"Collector/DM, Barwani",https://www.sarkaritel.com/ MP collectors + district NIC sites,0.65,collected,2026-06-26
917,913,1364,,,true,appointed,"Collector/DM, Jhabua",https://www.sarkaritel.com/ MP collectors + district NIC sites,0.65,collected,2026-06-26
918,914,1430,,,true,appointed,"Collector/DM, Mandsaur",https://www.sarkaritel.com/ MP collectors + district NIC sites,0.65,collected,2026-06-26
919,915,1432,,,true,appointed,"Collector/DM, Neemuch",https://www.sarkaritel.com/ MP collectors + district NIC sites,0.65,collected,2026-06-26
920,916,1436,,,true,appointed,"Collector/DM, Shajapur",https://www.sarkaritel.com/ MP collectors + district NIC sites,0.65,collected,2026-06-26
921,917,1426,,,true,appointed,"Collector/DM, Agar Malwa",https://www.sarkaritel.com/ MP collectors + district NIC sites,0.65,collected,2026-06-26
922,918,1338,,,true,appointed,"Collector/DM, Morena",https://www.sarkaritel.com/ MP collectors + district NIC sites,0.65,collected,2026-06-26
923,919,1340,,,true,appointed,"Collector/DM, Bhind",https://www.sarkaritel.com/ MP collectors + district NIC sites,0.65,collected,2026-06-26
924,920,1342,,,true,appointed,"Collector/DM, Sheopur",https://www.sarkaritel.com/ MP collectors + district NIC sites,0.65,collected,2026-06-26
925,921,1352,,,true,appointed,"Collector/DM, Shivpuri",https://www.sarkaritel.com/ MP collectors + district NIC sites,0.65,collected,2026-06-26
926,922,1350,,,true,appointed,"Collector/DM, Guna",https://www.sarkaritel.com/ MP collectors + district NIC sites,0.65,collected,2026-06-26
927,923,1346,,,true,appointed,"Collector/DM, Ashoknagar",https://www.sarkaritel.com/ MP collectors + district NIC sites,0.65,collected,2026-06-26
928,924,1348,,,true,appointed,"Collector/DM, Datia",https://www.sarkaritel.com/ MP collectors + district NIC sites,0.65,collected,2026-06-26
929,925,1416,,,true,appointed,"Collector/DM, Tikamgarh",https://www.sarkaritel.com/ MP collectors + district NIC sites,0.65,collected,2026-06-26
930,926,1412,,,true,appointed,"Collector/DM, Niwari",https://www.sarkaritel.com/ MP collectors + district NIC sites,0.65,collected,2026-06-26
931,927,1408,,,true,appointed,"Collector/DM, Chhatarpur",https://www.sarkaritel.com/ MP collectors + district NIC sites,0.65,collected,2026-06-26
932,928,1414,,,true,appointed,"Collector/DM, Panna",https://www.sarkaritel.com/ MP collectors + district NIC sites,0.65,collected,2026-06-26
933,929,1410,,,true,appointed,"Collector/DM, Damoh",https://www.sarkaritel.com/ MP collectors + district NIC sites,0.65,collected,2026-06-26
934,930,1402,,,true,appointed,"Collector/DM, Sidhi",https://www.sarkaritel.com/ MP collectors + district NIC sites,0.65,collected,2026-06-26
935,931,1404,,,true,appointed,"Collector/DM, Singrauli",https://www.sarkaritel.com/ MP collectors + district NIC sites,0.65,collected,2026-06-26
936,932,1378,,,true,appointed,"Collector/DM, Katni",https://www.sarkaritel.com/ MP collectors + district NIC sites,0.65,collected,2026-06-26
937,933,1382,,,true,appointed,"Collector/DM, Narsinghpur",https://www.sarkaritel.com/ MP collectors + district NIC sites,0.65,collected,2026-06-26
938,934,1386,,,true,appointed,"Collector/DM, Seoni",https://www.sarkaritel.com/ MP collectors + district NIC sites,0.65,collected,2026-06-26
939,935,1376,,,true,appointed,"Collector/DM, Dindori",https://www.sarkaritel.com/ MP collectors + district NIC sites,0.65,collected,2026-06-26
940,936,1372,,,true,appointed,"Collector/DM, Balaghat",https://www.sarkaritel.com/ MP collectors + district NIC sites,0.65,collected,2026-06-26
941,937,1422,,,true,appointed,"Collector/DM, Umaria",https://www.sarkaritel.com/ MP collectors + district NIC sites,0.65,collected,2026-06-26
942,938,1418,,,true,appointed,"Collector/DM, Shahdol",https://www.sarkaritel.com/ MP collectors + district NIC sites,0.65,collected,2026-06-26
943,939,1420,,,true,appointed,"Collector/DM, Anuppur",https://www.sarkaritel.com/ MP collectors + district NIC sites,0.65,collected,2026-06-26
944,940,1396,,,true,appointed,"Collector/DM, Maihar",https://www.sarkaritel.com/ MP collectors + district NIC sites,0.65,collected,2026-06-26
945,941,1398,,,true,appointed,"Collector/DM, Mauganj",https://www.sarkaritel.com/ MP collectors + district NIC sites,0.65,collected,2026-06-26
946,942,1384,,,true,appointed,"Collector/DM, Pandhurna",https://www.sarkaritel.com/ MP collectors + district NIC sites,0.65,collected,2026-06-26
947,943,1238,,,true,appointed,"Collector/DM, Bagalkote",https://www.sarkaritel.com/ Karnataka DC directory + district NIC sites + ceg.karnataka.gov.in,0.65,collected,2026-06-26
948,944,1248,,,true,appointed,"Collector/DM, Ballari",https://www.sarkaritel.com/ Karnataka DC directory + district NIC sites + ceg.karnataka.gov.in,0.65,collected,2026-06-26
949,945,1246,,,true,appointed,"Collector/DM, Belagavi",https://www.sarkaritel.com/ Karnataka DC directory + district NIC sites + ceg.karnataka.gov.in,0.65,collected,2026-06-26
950,946,1240,,,true,appointed,"Collector/DM, Bengaluru Urban",https://www.sarkaritel.com/ Karnataka DC directory + district NIC sites + ceg.karnataka.gov.in,0.65,collected,2026-06-26
951,947,1250,,,true,appointed,"Collector/DM, Bidar",https://www.sarkaritel.com/ Karnataka DC directory + district NIC sites + ceg.karnataka.gov.in,0.65,collected,2026-06-26
952,948,1254,,,true,appointed,"Collector/DM, Chamarajanagara",https://www.sarkaritel.com/ Karnataka DC directory + district NIC sites + ceg.karnataka.gov.in,0.65,collected,2026-06-26
953,949,1256,,,true,appointed,"Collector/DM, Chikkaballapura",https://www.sarkaritel.com/ Karnataka DC directory + district NIC sites + ceg.karnataka.gov.in,0.65,collected,2026-06-26
954,950,1258,,,true,appointed,"Collector/DM, Chikkamagaluru",https://www.sarkaritel.com/ Karnataka DC directory + district NIC sites + ceg.karnataka.gov.in,0.65,collected,2026-06-26
955,951,1260,,,true,appointed,"Collector/DM, Chitradurga",https://www.sarkaritel.com/ Karnataka DC directory + district NIC sites + ceg.karnataka.gov.in,0.65,collected,2026-06-26
956,952,1262,,,true,appointed,"Collector/DM, Dakshina Kannada",https://www.sarkaritel.com/ Karnataka DC directory + district NIC sites + ceg.karnataka.gov.in,0.65,collected,2026-06-26
957,953,1264,,,true,appointed,"Collector/DM, Davanagere",https://www.sarkaritel.com/ Karnataka DC directory + district NIC sites + ceg.karnataka.gov.in,0.65,collected,2026-06-26
958,954,1266,,,true,appointed,"Collector/DM, Dharwad",https://www.sarkaritel.com/ Karnataka DC directory + district NIC sites + ceg.karnataka.gov.in,0.65,collected,2026-06-26
959,955,1268,,,true,appointed,"Collector/DM, Gadag",https://www.sarkaritel.com/ Karnataka DC directory + district NIC sites + ceg.karnataka.gov.in,0.65,collected,2026-06-26
960,956,1272,,,true,appointed,"Collector/DM, Hassan",https://www.sarkaritel.com/ Karnataka DC directory + district NIC sites + ceg.karnataka.gov.in,0.65,collected,2026-06-26
961,957,1274,,,true,appointed,"Collector/DM, Haveri",https://www.sarkaritel.com/ Karnataka DC directory + district NIC sites + ceg.karnataka.gov.in,0.65,collected,2026-06-26
962,958,1270,,,true,appointed,"Collector/DM, Kalaburagi",https://www.sarkaritel.com/ Karnataka DC directory + district NIC sites + ceg.karnataka.gov.in,0.65,collected,2026-06-26
963,959,1276,,,true,appointed,"Collector/DM, Kodagu",https://www.sarkaritel.com/ Karnataka DC directory + district NIC sites + ceg.karnataka.gov.in,0.65,collected,2026-06-26
964,960,1278,,,true,appointed,"Collector/DM, Kolar",https://www.sarkaritel.com/ Karnataka DC directory + district NIC sites + ceg.karnataka.gov.in,0.65,collected,2026-06-26
965,961,1280,,,true,appointed,"Collector/DM, Koppal",https://www.sarkaritel.com/ Karnataka DC directory + district NIC sites + ceg.karnataka.gov.in,0.65,collected,2026-06-26
966,962,1282,,,true,appointed,"Collector/DM, Mandya",https://www.sarkaritel.com/ Karnataka DC directory + district NIC sites + ceg.karnataka.gov.in,0.65,collected,2026-06-26
967,963,1284,,,true,appointed,"Collector/DM, Mysuru",https://www.sarkaritel.com/ Karnataka DC directory + district NIC sites + ceg.karnataka.gov.in,0.65,collected,2026-06-26
968,964,1286,,,true,appointed,"Collector/DM, Raichur",https://www.sarkaritel.com/ Karnataka DC directory + district NIC sites + ceg.karnataka.gov.in,0.65,collected,2026-06-26
969,965,1288,,,true,appointed,"Collector/DM, Shivamogga",https://www.sarkaritel.com/ Karnataka DC directory + district NIC sites + ceg.karnataka.gov.in,0.65,collected,2026-06-26
970,966,1290,,,true,appointed,"Collector/DM, Tumakuru",https://www.sarkaritel.com/ Karnataka DC directory + district NIC sites + ceg.karnataka.gov.in,0.65,collected,2026-06-26
971,967,1292,,,true,appointed,"Collector/DM, Udupi",https://www.sarkaritel.com/ Karnataka DC directory + district NIC sites + ceg.karnataka.gov.in,0.65,collected,2026-06-26
972,968,1294,,,true,appointed,"Collector/DM, Uttara Kannada",https://www.sarkaritel.com/ Karnataka DC directory + district NIC sites + ceg.karnataka.gov.in,0.65,collected,2026-06-26
973,969,1252,,,true,appointed,"Collector/DM, Vijayapura",https://www.sarkaritel.com/ Karnataka DC directory + district NIC sites + ceg.karnataka.gov.in,0.65,collected,2026-06-26
974,970,1296,,,true,appointed,"Collector/DM, Vijayanagara",https://www.sarkaritel.com/ Karnataka DC directory + district NIC sites + ceg.karnataka.gov.in,0.65,collected,2026-06-26
975,971,1298,,,true,appointed,"Collector/DM, Yadgiri",https://www.sarkaritel.com/ Karnataka DC directory + district NIC sites + ceg.karnataka.gov.in,0.65,collected,2026-06-26
976,972,2006,,,true,appointed,"Collector/DM, Agra",https://www.sarkaritel.com/divisional-commissioner-district-magistrate-government-of-uttar-pradesh/ + district NIC sites,0.65,collected,2026-06-26
977,973,2060,,,true,appointed,"Collector/DM, Firozabad",https://www.sarkaritel.com/divisional-commissioner-district-magistrate-government-of-uttar-pradesh/ + district NIC sites,0.65,collected,2026-06-26
978,974,2108,,,true,appointed,"Collector/DM, Mainpuri",https://www.sarkaritel.com/divisional-commissioner-district-magistrate-government-of-uttar-pradesh/ + district NIC sites,0.65,collected,2026-06-26
979,975,2110,,,true,appointed,"Collector/DM, Mathura",https://www.sarkaritel.com/divisional-commissioner-district-magistrate-government-of-uttar-pradesh/ + district NIC sites,0.65,collected,2026-06-26
980,976,2008,,,true,appointed,"Collector/DM, Aligarh",https://www.sarkaritel.com/divisional-commissioner-district-magistrate-government-of-uttar-pradesh/ + district NIC sites,0.65,collected,2026-06-26
981,977,2078,,,true,appointed,"Collector/DM, Hathras",https://www.sarkaritel.com/divisional-commissioner-district-magistrate-government-of-uttar-pradesh/ + district NIC sites,0.65,collected,2026-06-26
982,978,2092,,,true,appointed,"Collector/DM, Kasganj",https://www.sarkaritel.com/divisional-commissioner-district-magistrate-government-of-uttar-pradesh/ + district NIC sites,0.65,collected,2026-06-26
983,979,2052,,,true,appointed,"Collector/DM, Etah",https://www.sarkaritel.com/divisional-commissioner-district-magistrate-government-of-uttar-pradesh/ + district NIC sites,0.65,collected,2026-06-26
984,980,2126,,,true,appointed,"Collector/DM, Prayagraj",https://www.sarkaritel.com/divisional-commissioner-district-magistrate-government-of-uttar-pradesh/ + district NIC sites,0.65,collected,2026-06-26
985,981,2094,,,true,appointed,"Collector/DM, Kaushambi",https://www.sarkaritel.com/divisional-commissioner-district-magistrate-government-of-uttar-pradesh/ + district NIC sites,0.65,collected,2026-06-26
986,982,2058,,,true,appointed,"Collector/DM, Fatehpur",https://www.sarkaritel.com/divisional-commissioner-district-magistrate-government-of-uttar-pradesh/ + district NIC sites,0.65,collected,2026-06-26
987,983,2124,,,true,appointed,"Collector/DM, Pratapgarh",https://www.sarkaritel.com/divisional-commissioner-district-magistrate-government-of-uttar-pradesh/ + district NIC sites,0.65,collected,2026-06-26
988,984,2090,,,true,appointed,"Collector/DM, Kanpur Nagar",https://www.sarkaritel.com/divisional-commissioner-district-magistrate-government-of-uttar-pradesh/ + district NIC sites,0.65,collected,2026-06-26
989,985,2088,,,true,appointed,"Collector/DM, Kanpur Dehat",https://www.sarkaritel.com/divisional-commissioner-district-magistrate-government-of-uttar-pradesh/ + district NIC sites,0.65,collected,2026-06-26
990,986,2054,,,true,appointed,"Collector/DM, Etawah",https://www.sarkaritel.com/divisional-commissioner-district-magistrate-government-of-uttar-pradesh/ + district NIC sites,0.65,collected,2026-06-26
991,987,2016,,,true,appointed,"Collector/DM, Auraiya",https://www.sarkaritel.com/divisional-commissioner-district-magistrate-government-of-uttar-pradesh/ + district NIC sites,0.65,collected,2026-06-26
992,988,2056,,,true,appointed,"Collector/DM, Farrukhabad",https://www.sarkaritel.com/divisional-commissioner-district-magistrate-government-of-uttar-pradesh/ + district NIC sites,0.65,collected,2026-06-26
993,989,2086,,,true,appointed,"Collector/DM, Kannauj",https://www.sarkaritel.com/divisional-commissioner-district-magistrate-government-of-uttar-pradesh/ + district NIC sites,0.65,collected,2026-06-26
994,990,2018,,,true,appointed,"Collector/DM, Ayodhya",https://www.sarkaritel.com/divisional-commissioner-district-magistrate-government-of-uttar-pradesh/ + district NIC sites,0.65,collected,2026-06-26
995,991,2010,,,true,appointed,"Collector/DM, Ambedkar Nagar",https://www.sarkaritel.com/divisional-commissioner-district-magistrate-government-of-uttar-pradesh/ + district NIC sites,0.65,collected,2026-06-26
996,992,2034,,,true,appointed,"Collector/DM, Barabanki",https://www.sarkaritel.com/divisional-commissioner-district-magistrate-government-of-uttar-pradesh/ + district NIC sites,0.65,collected,2026-06-26
997,993,2150,,,true,appointed,"Collector/DM, Sultanpur",https://www.sarkaritel.com/divisional-commissioner-district-magistrate-government-of-uttar-pradesh/ + district NIC sites,0.65,collected,2026-06-26
998,994,2012,,,true,appointed,"Collector/DM, Amethi",https://www.sarkaritel.com/divisional-commissioner-district-magistrate-government-of-uttar-pradesh/ + district NIC sites,0.65,collected,2026-06-26
999,995,2070,,,true,appointed,"Collector/DM, Gorakhpur",https://www.sarkaritel.com/divisional-commissioner-district-magistrate-government-of-uttar-pradesh/ + district NIC sites,0.65,collected,2026-06-26
1000,996,2050,,,true,appointed,"Collector/DM, Deoria",https://www.sarkaritel.com/divisional-commissioner-district-magistrate-government-of-uttar-pradesh/ + district NIC sites,0.65,collected,2026-06-26
1001,997,2104,,,true,appointed,"Collector/DM, Maharajganj",https://www.sarkaritel.com/divisional-commissioner-district-magistrate-government-of-uttar-pradesh/ + district NIC sites,0.65,collected,2026-06-26
1002,998,2096,,,true,appointed,"Collector/DM, Kushinagar",https://www.sarkaritel.com/divisional-commissioner-district-magistrate-government-of-uttar-pradesh/ + district NIC sites,0.65,collected,2026-06-26
1003,999,2084,,,true,appointed,"Collector/DM, Jhansi",https://www.sarkaritel.com/divisional-commissioner-district-magistrate-government-of-uttar-pradesh/ + district NIC sites,0.65,collected,2026-06-26
1004,1000,2080,,,true,appointed,"Collector/DM, Jalaun",https://www.sarkaritel.com/divisional-commissioner-district-magistrate-government-of-uttar-pradesh/ + district NIC sites,0.65,collected,2026-06-26
1005,1001,2100,,,true,appointed,"Collector/DM, Lalitpur",https://www.sarkaritel.com/divisional-commissioner-district-magistrate-government-of-uttar-pradesh/ + district NIC sites,0.65,collected,2026-06-26
1006,1002,2032,,,true,appointed,"Collector/DM, Banda",https://www.sarkaritel.com/divisional-commissioner-district-magistrate-government-of-uttar-pradesh/ + district NIC sites,0.65,collected,2026-06-26
1007,1003,2048,,,true,appointed,"Collector/DM, Chitrakoot",https://www.sarkaritel.com/divisional-commissioner-district-magistrate-government-of-uttar-pradesh/ + district NIC sites,0.65,collected,2026-06-26
1008,1004,2072,,,true,appointed,"Collector/DM, Hamirpur",https://www.sarkaritel.com/divisional-commissioner-district-magistrate-government-of-uttar-pradesh/ + district NIC sites,0.65,collected,2026-06-26
1009,1005,2106,,,true,appointed,"Collector/DM, Mahoba",https://www.sarkaritel.com/divisional-commissioner-district-magistrate-government-of-uttar-pradesh/ + district NIC sites,0.65,collected,2026-06-26
1010,1006,2068,,,true,appointed,"Collector/DM, Gonda",https://www.sarkaritel.com/divisional-commissioner-district-magistrate-government-of-uttar-pradesh/ + district NIC sites,0.65,collected,2026-06-26
1011,1007,2026,,,true,appointed,"Collector/DM, Bahraich",https://www.sarkaritel.com/divisional-commissioner-district-magistrate-government-of-uttar-pradesh/ + district NIC sites,0.65,collected,2026-06-26
1012,1008,2030,,,true,appointed,"Collector/DM, Balrampur",https://www.sarkaritel.com/divisional-commissioner-district-magistrate-government-of-uttar-pradesh/ + district NIC sites,0.65,collected,2026-06-26
1013,1009,2142,,,true,appointed,"Collector/DM, Shravasti",https://www.sarkaritel.com/divisional-commissioner-district-magistrate-government-of-uttar-pradesh/ + district NIC sites,0.65,collected,2026-06-26
1014,1010,2132,,,true,appointed,"Collector/DM, Saharanpur",https://www.sarkaritel.com/divisional-commissioner-district-magistrate-government-of-uttar-pradesh/ + district NIC sites,0.65,collected,2026-06-26
1015,1011,2120,,,true,appointed,"Collector/DM, Muzaffarnagar",https://www.sarkaritel.com/divisional-commissioner-district-magistrate-government-of-uttar-pradesh/ + district NIC sites,0.65,collected,2026-06-26
1016,1012,2140,,,true,appointed,"Collector/DM, Shamli",https://www.sarkaritel.com/divisional-commissioner-district-magistrate-government-of-uttar-pradesh/ + district NIC sites,0.65,collected,2026-06-26
1017,1013,2102,,,true,appointed,"Collector/DM, Lucknow",https://www.sarkaritel.com/divisional-commissioner-district-magistrate-government-of-uttar-pradesh/ + district NIC sites,0.65,collected,2026-06-26
1018,1014,2076,,,true,appointed,"Collector/DM, Hardoi",https://www.sarkaritel.com/divisional-commissioner-district-magistrate-government-of-uttar-pradesh/ + district NIC sites,0.65,collected,2026-06-26
1019,1015,2098,,,true,appointed,"Collector/DM, Lakhimpur Kheri",https://www.sarkaritel.com/divisional-commissioner-district-magistrate-government-of-uttar-pradesh/ + district NIC sites,0.65,collected,2026-06-26
1020,1016,2128,,,true,appointed,"Collector/DM, Rae Bareli",https://www.sarkaritel.com/divisional-commissioner-district-magistrate-government-of-uttar-pradesh/ + district NIC sites,0.65,collected,2026-06-26
1021,1017,2146,,,true,appointed,"Collector/DM, Sitapur",https://www.sarkaritel.com/divisional-commissioner-district-magistrate-government-of-uttar-pradesh/ + district NIC sites,0.65,collected,2026-06-26
1022,1018,2152,,,true,appointed,"Collector/DM, Unnao",https://www.sarkaritel.com/divisional-commissioner-district-magistrate-government-of-uttar-pradesh/ + district NIC sites,0.65,collected,2026-06-26
1023,1019,2114,,,true,appointed,"Collector/DM, Meerut",https://www.sarkaritel.com/divisional-commissioner-district-magistrate-government-of-uttar-pradesh/ + district NIC sites,0.65,collected,2026-06-26
1024,1020,2062,,,true,appointed,"Collector/DM, Gautam Buddha Nagar",https://www.sarkaritel.com/divisional-commissioner-district-magistrate-government-of-uttar-pradesh/ + district NIC sites,0.65,collected,2026-06-26
1025,1021,2024,,,true,appointed,"Collector/DM, Bagpat",https://www.sarkaritel.com/divisional-commissioner-district-magistrate-government-of-uttar-pradesh/ + district NIC sites,0.65,collected,2026-06-26
1026,1022,2044,,,true,appointed,"Collector/DM, Bulandshahr",https://www.sarkaritel.com/divisional-commissioner-district-magistrate-government-of-uttar-pradesh/ + district NIC sites,0.65,collected,2026-06-26
1027,1023,2064,,,true,appointed,"Collector/DM, Ghaziabad",https://www.sarkaritel.com/divisional-commissioner-district-magistrate-government-of-uttar-pradesh/ + district NIC sites,0.65,collected,2026-06-26
1028,1024,2074,,,true,appointed,"Collector/DM, Hapur",https://www.sarkaritel.com/divisional-commissioner-district-magistrate-government-of-uttar-pradesh/ + district NIC sites,0.65,collected,2026-06-26
1029,1025,2036,,,true,appointed,"Collector/DM, Bareilly",https://www.sarkaritel.com/divisional-commissioner-district-magistrate-government-of-uttar-pradesh/ + district NIC sites,0.65,collected,2026-06-26
1030,1026,2022,,,true,appointed,"Collector/DM, Budaun",https://www.sarkaritel.com/divisional-commissioner-district-magistrate-government-of-uttar-pradesh/ + district NIC sites,0.65,collected,2026-06-26
1031,1027,2122,,,true,appointed,"Collector/DM, Pilibhit",https://www.sarkaritel.com/divisional-commissioner-district-magistrate-government-of-uttar-pradesh/ + district NIC sites,0.65,collected,2026-06-26
1032,1028,2138,,,true,appointed,"Collector/DM, Shahjahanpur",https://www.sarkaritel.com/divisional-commissioner-district-magistrate-government-of-uttar-pradesh/ + district NIC sites,0.65,collected,2026-06-26
1033,1029,2118,,,true,appointed,"Collector/DM, Moradabad",https://www.sarkaritel.com/divisional-commissioner-district-magistrate-government-of-uttar-pradesh/ + district NIC sites,0.65,collected,2026-06-26
1034,1030,2014,,,true,appointed,"Collector/DM, Amroha",https://www.sarkaritel.com/divisional-commissioner-district-magistrate-government-of-uttar-pradesh/ + district NIC sites,0.65,collected,2026-06-26
1035,1031,2130,,,true,appointed,"Collector/DM, Rampur",https://www.sarkaritel.com/divisional-commissioner-district-magistrate-government-of-uttar-pradesh/ + district NIC sites,0.65,collected,2026-06-26
1036,1032,2042,,,true,appointed,"Collector/DM, Bijnor",https://www.sarkaritel.com/divisional-commissioner-district-magistrate-government-of-uttar-pradesh/ + district NIC sites,0.65,collected,2026-06-26
1037,1033,2136,,,true,appointed,"Collector/DM, Sambhal",https://www.sarkaritel.com/divisional-commissioner-district-magistrate-government-of-uttar-pradesh/ + district NIC sites,0.65,collected,2026-06-26
1038,1034,2154,,,true,appointed,"Collector/DM, Varanasi",https://www.sarkaritel.com/divisional-commissioner-district-magistrate-government-of-uttar-pradesh/ + district NIC sites,0.65,collected,2026-06-26
1039,1035,2046,,,true,appointed,"Collector/DM, Chandauli",https://www.sarkaritel.com/divisional-commissioner-district-magistrate-government-of-uttar-pradesh/ + district NIC sites,0.65,collected,2026-06-26
1040,1036,2082,,,true,appointed,"Collector/DM, Jaunpur",https://www.sarkaritel.com/divisional-commissioner-district-magistrate-government-of-uttar-pradesh/ + district NIC sites,0.65,collected,2026-06-26
1041,1037,2066,,,true,appointed,"Collector/DM, Ghazipur",https://www.sarkaritel.com/divisional-commissioner-district-magistrate-government-of-uttar-pradesh/ + district NIC sites,0.65,collected,2026-06-26
1042,1038,2020,,,true,appointed,"Collector/DM, Azamgarh",https://www.sarkaritel.com/divisional-commissioner-district-magistrate-government-of-uttar-pradesh/ + district NIC sites,0.65,collected,2026-06-26
1043,1039,2028,,,true,appointed,"Collector/DM, Ballia",https://www.sarkaritel.com/divisional-commissioner-district-magistrate-government-of-uttar-pradesh/ + district NIC sites,0.65,collected,2026-06-26
1044,1040,2112,,,true,appointed,"Collector/DM, Mau",https://www.sarkaritel.com/divisional-commissioner-district-magistrate-government-of-uttar-pradesh/ + district NIC sites,0.65,collected,2026-06-26
1045,1041,2116,,,true,appointed,"Collector/DM, Mirzapur",https://www.sarkaritel.com/divisional-commissioner-district-magistrate-government-of-uttar-pradesh/ + district NIC sites,0.65,collected,2026-06-26
1046,1042,2040,,,true,appointed,"Collector/DM, Bhadohi",https://www.sarkaritel.com/divisional-commissioner-district-magistrate-government-of-uttar-pradesh/ + district NIC sites,0.65,collected,2026-06-26
1047,1043,2148,,,true,appointed,"Collector/DM, Sonbhadra",https://www.sarkaritel.com/divisional-commissioner-district-magistrate-government-of-uttar-pradesh/ + district NIC sites,0.65,collected,2026-06-26
1048,1044,2038,,,true,appointed,"Collector/DM, Basti",https://www.sarkaritel.com/divisional-commissioner-district-magistrate-government-of-uttar-pradesh/ + district NIC sites,0.65,collected,2026-06-26
1049,1045,2134,,,true,appointed,"Collector/DM, Sant Kabir Nagar",https://www.sarkaritel.com/divisional-commissioner-district-magistrate-government-of-uttar-pradesh/ + district NIC sites,0.65,collected,2026-06-26
1050,1046,2144,,,true,appointed,"Collector/DM, Siddharthnagar",https://www.sarkaritel.com/divisional-commissioner-district-magistrate-government-of-uttar-pradesh/ + district NIC sites,0.65,collected,2026-06-26
1051,1047,956,,,true,appointed,"Collector/DM, Patna",https://sarkaritel.com Bihar DM directory + district NIC sites,0.60,collected,2026-06-26
1052,1048,926,,,true,appointed,"Collector/DM, Gaya",https://sarkaritel.com Bihar DM directory + district NIC sites,0.60,collected,2026-06-26
1053,1049,952,,,true,appointed,"Collector/DM, Nalanda",https://sarkaritel.com Bihar DM directory + district NIC sites,0.60,collected,2026-06-26
1054,1050,918,,,true,appointed,"Collector/DM, Bhojpur",https://sarkaritel.com Bihar DM directory + district NIC sites,0.60,collected,2026-06-26
1055,1051,920,,,true,appointed,"Collector/DM, Buxar",https://sarkaritel.com Bihar DM directory + district NIC sites,0.60,collected,2026-06-26
1056,1052,960,,,true,appointed,"Collector/DM, Rohtas",https://sarkaritel.com Bihar DM directory + district NIC sites,0.60,collected,2026-06-26
1057,1053,938,,,true,appointed,"Collector/DM, Kaimur",https://sarkaritel.com Bihar DM directory + district NIC sites,0.60,collected,2026-06-26
1058,1054,932,,,true,appointed,"Collector/DM, Jehanabad",https://sarkaritel.com Bihar DM directory + district NIC sites,0.60,collected,2026-06-26
1059,1055,908,,,true,appointed,"Collector/DM, Arwal",https://sarkaritel.com Bihar DM directory + district NIC sites,0.60,collected,2026-06-26
1060,1056,954,,,true,appointed,"Collector/DM, Nawada",https://sarkaritel.com Bihar DM directory + district NIC sites,0.60,collected,2026-06-26
1061,1057,950,,,true,appointed,"Collector/DM, Muzaffarpur",https://sarkaritel.com Bihar DM directory + district NIC sites,0.60,collected,2026-06-26
1062,1058,978,,,true,appointed,"Collector/DM, Vaishali",https://sarkaritel.com Bihar DM directory + district NIC sites,0.60,collected,2026-06-26
1063,1059,972,,,true,appointed,"Collector/DM, Sitamarhi",https://sarkaritel.com Bihar DM directory + district NIC sites,0.60,collected,2026-06-26
1064,1060,966,,,true,appointed,"Collector/DM, Sheohar",https://sarkaritel.com Bihar DM directory + district NIC sites,0.60,collected,2026-06-26
1065,1061,924,,,true,appointed,"Collector/DM, East Champaran",https://sarkaritel.com Bihar DM directory + district NIC sites,0.60,collected,2026-06-26
1066,1062,980,,,true,appointed,"Collector/DM, West Champaran",https://sarkaritel.com Bihar DM directory + district NIC sites,0.60,collected,2026-06-26
1067,1063,922,,,true,appointed,"Collector/DM, Darbhanga",https://sarkaritel.com Bihar DM directory + district NIC sites,0.60,collected,2026-06-26
1068,1064,964,,,true,appointed,"Collector/DM, Samastipur",https://sarkaritel.com Bihar DM directory + district NIC sites,0.60,collected,2026-06-26
1069,1065,914,,,true,appointed,"Collector/DM, Begusarai",https://sarkaritel.com Bihar DM directory + district NIC sites,0.60,collected,2026-06-26
1070,1066,970,,,true,appointed,"Collector/DM, Saran",https://sarkaritel.com Bihar DM directory + district NIC sites,0.60,collected,2026-06-26
1071,1067,976,,,true,appointed,"Collector/DM, Siwan",https://sarkaritel.com Bihar DM directory + district NIC sites,0.60,collected,2026-06-26
1072,1068,928,,,true,appointed,"Collector/DM, Gopalganj",https://sarkaritel.com Bihar DM directory + district NIC sites,0.60,collected,2026-06-26
1073,1069,916,,,true,appointed,"Collector/DM, Bhagalpur",https://sarkaritel.com Bihar DM directory + district NIC sites,0.60,collected,2026-06-26
1074,1070,912,,,true,appointed,"Collector/DM, Banka",https://sarkaritel.com Bihar DM directory + district NIC sites,0.60,collected,2026-06-26
1075,1071,946,,,true,appointed,"Collector/DM, Munger",https://sarkaritel.com Bihar DM directory + district NIC sites,0.60,collected,2026-06-26
1076,1072,942,,,true,appointed,"Collector/DM, Lakhisarai",https://sarkaritel.com Bihar DM directory + district NIC sites,0.60,collected,2026-06-26
1077,1073,968,,,true,appointed,"Collector/DM, Sheikhpura",https://sarkaritel.com Bihar DM directory + district NIC sites,0.60,collected,2026-06-26
1078,1074,930,,,true,appointed,"Collector/DM, Jamui",https://sarkaritel.com Bihar DM directory + district NIC sites,0.60,collected,2026-06-26
1079,1075,962,,,true,appointed,"Collector/DM, Saharsa",https://sarkaritel.com Bihar DM directory + district NIC sites,0.60,collected,2026-06-26
1080,1076,974,,,true,appointed,"Collector/DM, Supaul",https://sarkaritel.com Bihar DM directory + district NIC sites,0.60,collected,2026-06-26
1081,1077,948,,,true,appointed,"Collector/DM, Madhepura",https://sarkaritel.com Bihar DM directory + district NIC sites,0.60,collected,2026-06-26
1082,1078,958,,,true,appointed,"Collector/DM, Purnia",https://sarkaritel.com Bihar DM directory + district NIC sites,0.60,collected,2026-06-26
1083,1079,940,,,true,appointed,"Collector/DM, Katihar",https://sarkaritel.com Bihar DM directory + district NIC sites,0.60,collected,2026-06-26
1084,1080,906,,,true,appointed,"Collector/DM, Araria",https://sarkaritel.com Bihar DM directory + district NIC sites,0.60,collected,2026-06-26
1085,1081,936,,,true,appointed,"Collector/DM, Kishanganj",https://sarkaritel.com Bihar DM directory + district NIC sites,0.60,collected,2026-06-26
1086,1082,934,,,true,appointed,"Collector/DM, Khagaria",https://sarkaritel.com Bihar DM directory + district NIC sites,0.60,collected,2026-06-26
1087,1083,910,,,true,appointed,"Collector/DM, Aurangabad",https://sarkaritel.com Bihar DM directory + district NIC sites,0.60,collected,2026-06-26
1088,1084,1822,,,true,appointed,"Collector/DM, Ariyalur",https://www.tn.gov.in/collectors + district NIC sites,0.60,collected,2026-06-26
1089,1085,1826,,,true,appointed,"Collector/DM, Chennai",https://www.tn.gov.in/collectors + district NIC sites,0.60,collected,2026-06-26
1090,1086,1828,,,true,appointed,"Collector/DM, Coimbatore",https://www.tn.gov.in/collectors + district NIC sites,0.60,collected,2026-06-26
1091,1087,1830,,,true,appointed,"Collector/DM, Cuddalore",https://www.tn.gov.in/collectors + district NIC sites,0.60,collected,2026-06-26
1092,1088,1832,,,true,appointed,"Collector/DM, Dharmapuri",https://www.tn.gov.in/collectors + district NIC sites,0.60,collected,2026-06-26
1093,1089,1834,,,true,appointed,"Collector/DM, Dindigul",https://www.tn.gov.in/collectors + district NIC sites,0.60,collected,2026-06-26
1094,1090,1836,,,true,appointed,"Collector/DM, Erode",https://www.tn.gov.in/collectors + district NIC sites,0.60,collected,2026-06-26
1095,1091,1840,,,true,appointed,"Collector/DM, Kancheepuram",https://www.tn.gov.in/collectors + district NIC sites,0.60,collected,2026-06-26
1096,1092,1842,,,true,appointed,"Collector/DM, Kanyakumari",https://www.tn.gov.in/collectors + district NIC sites,0.60,collected,2026-06-26
1097,1093,1844,,,true,appointed,"Collector/DM, Karur",https://www.tn.gov.in/collectors + district NIC sites,0.60,collected,2026-06-26
1098,1094,1846,,,true,appointed,"Collector/DM, Krishnagiri",https://www.tn.gov.in/collectors + district NIC sites,0.60,collected,2026-06-26
1099,1095,1848,,,true,appointed,"Collector/DM, Madurai",https://www.tn.gov.in/collectors + district NIC sites,0.60,collected,2026-06-26
1100,1096,1850,,,true,appointed,"Collector/DM, Mayiladuthurai",https://www.tn.gov.in/collectors + district NIC sites,0.60,collected,2026-06-26
1101,1097,1852,,,true,appointed,"Collector/DM, Nagapattinam",https://www.tn.gov.in/collectors + district NIC sites,0.60,collected,2026-06-26
1102,1098,1854,,,true,appointed,"Collector/DM, Namakkal",https://www.tn.gov.in/collectors + district NIC sites,0.60,collected,2026-06-26
1103,1099,1858,,,true,appointed,"Collector/DM, Perambalur",https://www.tn.gov.in/collectors + district NIC sites,0.60,collected,2026-06-26
1104,1100,1860,,,true,appointed,"Collector/DM, Pudukkottai",https://www.tn.gov.in/collectors + district NIC sites,0.60,collected,2026-06-26
1105,1101,1862,,,true,appointed,"Collector/DM, Ramanathapuram",https://www.tn.gov.in/collectors + district NIC sites,0.60,collected,2026-06-26
1106,1102,1864,,,true,appointed,"Collector/DM, Ranipet",https://www.tn.gov.in/collectors + district NIC sites,0.60,collected,2026-06-26
1107,1103,1866,,,true,appointed,"Collector/DM, Salem",https://www.tn.gov.in/collectors + district NIC sites,0.60,collected,2026-06-26
1108,1104,1868,,,true,appointed,"Collector/DM, Sivaganga",https://www.tn.gov.in/collectors + district NIC sites,0.60,collected,2026-06-26
1109,1105,1872,,,true,appointed,"Collector/DM, Thanjavur",https://www.tn.gov.in/collectors + district NIC sites,0.60,collected,2026-06-26
1110,1106,1874,,,true,appointed,"Collector/DM, Theni",https://www.tn.gov.in/collectors + district NIC sites,0.60,collected,2026-06-26
1111,1107,1856,,,true,appointed,"Collector/DM, Nilgiris",https://www.tn.gov.in/collectors + district NIC sites,0.60,collected,2026-06-26
1112,1108,1876,,,true,appointed,"Collector/DM, Thoothukudi",https://www.tn.gov.in/collectors + district NIC sites,0.60,collected,2026-06-26
1113,1109,1878,,,true,appointed,"Collector/DM, Tiruchirappalli",https://www.tn.gov.in/collectors + district NIC sites,0.60,collected,2026-06-26
1114,1110,1880,,,true,appointed,"Collector/DM, Tirunelveli",https://www.tn.gov.in/collectors + district NIC sites,0.60,collected,2026-06-26
1115,1111,1882,,,true,appointed,"Collector/DM, Tirupathur",https://www.tn.gov.in/collectors + district NIC sites,0.60,collected,2026-06-26
1116,1112,1884,,,true,appointed,"Collector/DM, Tiruppur",https://www.tn.gov.in/collectors + district NIC sites,0.60,collected,2026-06-26
1117,1113,1886,,,true,appointed,"Collector/DM, Tiruvallur",https://www.tn.gov.in/collectors + district NIC sites,0.60,collected,2026-06-26
1118,1114,1888,,,true,appointed,"Collector/DM, Tiruvannamalai",https://www.tn.gov.in/collectors + district NIC sites,0.60,collected,2026-06-26
1119,1115,1890,,,true,appointed,"Collector/DM, Tiruvarur",https://www.tn.gov.in/collectors + district NIC sites,0.60,collected,2026-06-26
1120,1116,1892,,,true,appointed,"Collector/DM, Vellore",https://www.tn.gov.in/collectors + district NIC sites,0.60,collected,2026-06-26
1121,1117,1894,,,true,appointed,"Collector/DM, Viluppuram",https://www.tn.gov.in/collectors + district NIC sites,0.60,collected,2026-06-26
1122,1118,1898,,,true,appointed,"Collector/DM, Adilabad",https://www.telangana.gov.in/contacts/district-officials/ + district NIC sites,0.60,collected,2026-06-26
1123,1119,1934,,,true,appointed,"Collector/DM, Bhadradri Kothagudem",https://www.telangana.gov.in/contacts/district-officials/ + district NIC sites,0.60,collected,2026-06-26
1124,1120,1928,,,true,appointed,"Collector/DM, Hanumakonda",https://www.telangana.gov.in/contacts/district-officials/ + district NIC sites,0.60,collected,2026-06-26
1125,1121,1948,,,true,appointed,"Collector/DM, Hyderabad",https://www.telangana.gov.in/contacts/district-officials/ + district NIC sites,0.60,collected,2026-06-26
1126,1122,1908,,,true,appointed,"Collector/DM, Jagtial",https://www.telangana.gov.in/contacts/district-officials/ + district NIC sites,0.60,collected,2026-06-26
1127,1123,1926,,,true,appointed,"Collector/DM, Jangaon",https://www.telangana.gov.in/contacts/district-officials/ + district NIC sites,0.60,collected,2026-06-26
1128,1124,1918,,,true,appointed,"Collector/DM, Jayashankar Bhupalpally",https://www.telangana.gov.in/contacts/district-officials/ + district NIC sites,0.60,collected,2026-06-26
1129,1125,1962,,,true,appointed,"Collector/DM, Jogulamba Gadwal",https://www.telangana.gov.in/contacts/district-officials/ + district NIC sites,0.60,collected,2026-06-26
1130,1126,1912,,,true,appointed,"Collector/DM, Kamareddy",https://www.telangana.gov.in/contacts/district-officials/ + district NIC sites,0.60,collected,2026-06-26
1131,1127,1916,,,true,appointed,"Collector/DM, Karimnagar",https://www.telangana.gov.in/contacts/district-officials/ + district NIC sites,0.60,collected,2026-06-26
1132,1128,1936,,,true,appointed,"Collector/DM, Khammam",https://www.telangana.gov.in/contacts/district-officials/ + district NIC sites,0.60,collected,2026-06-26
1133,1129,1900,,,true,appointed,"Collector/DM, Kumuram Bheem Asifabad",https://www.telangana.gov.in/contacts/district-officials/ + district NIC sites,0.60,collected,2026-06-26
1134,1130,1938,,,true,appointed,"Collector/DM, Mahabubabad",https://www.telangana.gov.in/contacts/district-officials/ + district NIC sites,0.60,collected,2026-06-26
1135,1131,1956,,,true,appointed,"Collector/DM, Mahabubnagar",https://www.telangana.gov.in/contacts/district-officials/ + district NIC sites,0.60,collected,2026-06-26
1136,1132,1902,,,true,appointed,"Collector/DM, Mancherial",https://www.telangana.gov.in/contacts/district-officials/ + district NIC sites,0.60,collected,2026-06-26
1137,1133,1922,,,true,appointed,"Collector/DM, Medak",https://www.telangana.gov.in/contacts/district-officials/ + district NIC sites,0.60,collected,2026-06-26
1138,1134,1946,,,true,appointed,"Collector/DM, Medchal-Malkajgiri",https://www.telangana.gov.in/contacts/district-officials/ + district NIC sites,0.60,collected,2026-06-26
1139,1135,1932,,,true,appointed,"Collector/DM, Mulugu",https://www.telangana.gov.in/contacts/district-officials/ + district NIC sites,0.60,collected,2026-06-26
1140,1136,1958,,,true,appointed,"Collector/DM, Nagarkurnool",https://www.telangana.gov.in/contacts/district-officials/ + district NIC sites,0.60,collected,2026-06-26
1141,1137,1942,,,true,appointed,"Collector/DM, Nalgonda",https://www.telangana.gov.in/contacts/district-officials/ + district NIC sites,0.60,collected,2026-06-26
1142,1138,1954,,,true,appointed,"Collector/DM, Narayanpet",https://www.telangana.gov.in/contacts/district-officials/ + district NIC sites,0.60,collected,2026-06-26
1143,1139,1904,,,true,appointed,"Collector/DM, Nirmal",https://www.telangana.gov.in/contacts/district-officials/ + district NIC sites,0.60,collected,2026-06-26
1144,1140,1906,,,true,appointed,"Collector/DM, Nizamabad",https://www.telangana.gov.in/contacts/district-officials/ + district NIC sites,0.60,collected,2026-06-26
1145,1141,1910,,,true,appointed,"Collector/DM, Peddapalli",https://www.telangana.gov.in/contacts/district-officials/ + district NIC sites,0.60,collected,2026-06-26
1146,1142,1914,,,true,appointed,"Collector/DM, Rajanna Sircilla",https://www.telangana.gov.in/contacts/district-officials/ + district NIC sites,0.60,collected,2026-06-26
1147,1143,1950,,,true,appointed,"Collector/DM, Ranga Reddy",https://www.telangana.gov.in/contacts/district-officials/ + district NIC sites,0.60,collected,2026-06-26
1148,1144,1920,,,true,appointed,"Collector/DM, Sangareddy",https://www.telangana.gov.in/contacts/district-officials/ + district NIC sites,0.60,collected,2026-06-26
1149,1145,1924,,,true,appointed,"Collector/DM, Siddipet",https://www.telangana.gov.in/contacts/district-officials/ + district NIC sites,0.60,collected,2026-06-26
1150,1146,1940,,,true,appointed,"Collector/DM, Suryapet",https://www.telangana.gov.in/contacts/district-officials/ + district NIC sites,0.60,collected,2026-06-26
1151,1147,1952,,,true,appointed,"Collector/DM, Vikarabad",https://www.telangana.gov.in/contacts/district-officials/ + district NIC sites,0.60,collected,2026-06-26
1152,1148,1960,,,true,appointed,"Collector/DM, Wanaparthy",https://www.telangana.gov.in/contacts/district-officials/ + district NIC sites,0.60,collected,2026-06-26
1153,1149,1930,,,true,appointed,"Collector/DM, Warangal",https://www.telangana.gov.in/contacts/district-officials/ + district NIC sites,0.60,collected,2026-06-26
1154,1150,1944,,,true,appointed,"Collector/DM, Yadadri Bhuvanagiri",https://www.telangana.gov.in/contacts/district-officials/ + district NIC sites,0.60,collected,2026-06-26
1155,1151,732,,,true,appointed,"Collector/DM, Srikakulam",https://www.sarkaritel.com/collectors-of-andhra-pradesh-district-wise-list/ + district NIC sites,0.60,collected,2026-06-26
1156,1152,734,,,true,appointed,"Collector/DM, Parvathipuram Manyam",https://www.sarkaritel.com/collectors-of-andhra-pradesh-district-wise-list/ + district NIC sites,0.60,collected,2026-06-26
1157,1153,738,,,true,appointed,"Collector/DM, Visakhapatnam",https://www.sarkaritel.com/collectors-of-andhra-pradesh-district-wise-list/ + district NIC sites,0.60,collected,2026-06-26
1158,1154,740,,,true,appointed,"Collector/DM, Alluri Sitharama Raju",https://www.sarkaritel.com/collectors-of-andhra-pradesh-district-wise-list/ + district NIC sites,0.60,collected,2026-06-26
1159,1155,742,,,true,appointed,"Collector/DM, Anakapalli",https://www.sarkaritel.com/collectors-of-andhra-pradesh-district-wise-list/ + district NIC sites,0.60,collected,2026-06-26
1160,1156,744,,,true,appointed,"Collector/DM, Kakinada",https://www.sarkaritel.com/collectors-of-andhra-pradesh-district-wise-list/ + district NIC sites,0.60,collected,2026-06-26
1161,1157,746,,,true,appointed,"Collector/DM, East Godavari",https://www.sarkaritel.com/collectors-of-andhra-pradesh-district-wise-list/ + district NIC sites,0.60,collected,2026-06-26
1162,1158,748,,,true,appointed,"Collector/DM, Dr. B. R. Ambedkar Konaseema",https://www.sarkaritel.com/collectors-of-andhra-pradesh-district-wise-list/ + district NIC sites,0.60,collected,2026-06-26
1163,1159,750,,,true,appointed,"Collector/DM, Eluru",https://www.sarkaritel.com/collectors-of-andhra-pradesh-district-wise-list/ + district NIC sites,0.60,collected,2026-06-26
1164,1160,752,,,true,appointed,"Collector/DM, West Godavari",https://www.sarkaritel.com/collectors-of-andhra-pradesh-district-wise-list/ + district NIC sites,0.60,collected,2026-06-26
1165,1161,754,,,true,appointed,"Collector/DM, NTR",https://www.sarkaritel.com/collectors-of-andhra-pradesh-district-wise-list/ + district NIC sites,0.60,collected,2026-06-26
1166,1162,756,,,true,appointed,"Collector/DM, Krishna",https://www.sarkaritel.com/collectors-of-andhra-pradesh-district-wise-list/ + district NIC sites,0.60,collected,2026-06-26
1167,1163,758,,,true,appointed,"Collector/DM, Palnadu",https://www.sarkaritel.com/collectors-of-andhra-pradesh-district-wise-list/ + district NIC sites,0.60,collected,2026-06-26
1168,1164,760,,,true,appointed,"Collector/DM, Guntur",https://www.sarkaritel.com/collectors-of-andhra-pradesh-district-wise-list/ + district NIC sites,0.60,collected,2026-06-26
1169,1165,762,,,true,appointed,"Collector/DM, Bapatla",https://www.sarkaritel.com/collectors-of-andhra-pradesh-district-wise-list/ + district NIC sites,0.60,collected,2026-06-26
1170,1166,764,,,true,appointed,"Collector/DM, Prakasam",https://www.sarkaritel.com/collectors-of-andhra-pradesh-district-wise-list/ + district NIC sites,0.60,collected,2026-06-26
1171,1167,766,,,true,appointed,"Collector/DM, Sri Potti Sriramulu Nellore",https://www.sarkaritel.com/collectors-of-andhra-pradesh-district-wise-list/ + district NIC sites,0.60,collected,2026-06-26
1172,1168,768,,,true,appointed,"Collector/DM, Kurnool",https://www.sarkaritel.com/collectors-of-andhra-pradesh-district-wise-list/ + district NIC sites,0.60,collected,2026-06-26
1173,1169,770,,,true,appointed,"Collector/DM, Nandyal",https://www.sarkaritel.com/collectors-of-andhra-pradesh-district-wise-list/ + district NIC sites,0.60,collected,2026-06-26
1174,1170,772,,,true,appointed,"Collector/DM, Ananthapuramu",https://www.sarkaritel.com/collectors-of-andhra-pradesh-district-wise-list/ + district NIC sites,0.60,collected,2026-06-26
1175,1171,774,,,true,appointed,"Collector/DM, Sri Sathya Sai",https://www.sarkaritel.com/collectors-of-andhra-pradesh-district-wise-list/ + district NIC sites,0.60,collected,2026-06-26
1176,1172,776,,,true,appointed,"Collector/DM, YSR Kadapa",https://www.sarkaritel.com/collectors-of-andhra-pradesh-district-wise-list/ + district NIC sites,0.60,collected,2026-06-26
1177,1173,778,,,true,appointed,"Collector/DM, Annamayya",https://www.sarkaritel.com/collectors-of-andhra-pradesh-district-wise-list/ + district NIC sites,0.60,collected,2026-06-26
1178,1174,780,,,true,appointed,"Collector/DM, Tirupati",https://www.sarkaritel.com/collectors-of-andhra-pradesh-district-wise-list/ + district NIC sites,0.60,collected,2026-06-26
1179,1175,782,,,true,appointed,"Collector/DM, Chittoor",https://www.sarkaritel.com/collectors-of-andhra-pradesh-district-wise-list/ + district NIC sites,0.60,collected,2026-06-26
1180,1176,2156,,,true,appointed,"Collector/DM, Alipurduar",https://wb.gov.in/pdf/List of District Magistrate.pdf,0.60,collected,2026-06-26
1181,1177,2158,,,true,appointed,"Collector/DM, Bankura",https://wb.gov.in/pdf/List of District Magistrate.pdf,0.60,collected,2026-06-26
1182,1178,2164,,,true,appointed,"Collector/DM, Birbhum",https://wb.gov.in/pdf/List of District Magistrate.pdf,0.60,collected,2026-06-26
1183,1179,2166,,,true,appointed,"Collector/DM, Cooch Behar",https://wb.gov.in/pdf/List of District Magistrate.pdf,0.60,collected,2026-06-26
1184,1180,2168,,,true,appointed,"Collector/DM, Dakshin Dinajpur",https://wb.gov.in/pdf/List of District Magistrate.pdf,0.60,collected,2026-06-26
1185,1181,2170,,,true,appointed,"Collector/DM, Darjeeling",https://wb.gov.in/pdf/List of District Magistrate.pdf,0.60,collected,2026-06-26
1186,1182,2172,,,true,appointed,"Collector/DM, Hooghly",https://wb.gov.in/pdf/List of District Magistrate.pdf,0.60,collected,2026-06-26
1187,1183,2174,,,true,appointed,"Collector/DM, Howrah",https://wb.gov.in/pdf/List of District Magistrate.pdf,0.60,collected,2026-06-26
1188,1184,2176,,,true,appointed,"Collector/DM, Jalpaiguri",https://wb.gov.in/pdf/List of District Magistrate.pdf,0.60,collected,2026-06-26
1189,1185,2178,,,true,appointed,"Collector/DM, Jhargram",https://wb.gov.in/pdf/List of District Magistrate.pdf,0.60,collected,2026-06-26
1190,1186,2180,,,true,appointed,"Collector/DM, Kalimpong",https://wb.gov.in/pdf/List of District Magistrate.pdf,0.60,collected,2026-06-26
1191,1187,2184,,,true,appointed,"Collector/DM, Malda",https://wb.gov.in/pdf/List of District Magistrate.pdf,0.60,collected,2026-06-26
1192,1188,2186,,,true,appointed,"Collector/DM, Murshidabad",https://wb.gov.in/pdf/List of District Magistrate.pdf,0.60,collected,2026-06-26
1193,1189,2188,,,true,appointed,"Collector/DM, Nadia",https://wb.gov.in/pdf/List of District Magistrate.pdf,0.60,collected,2026-06-26
1194,1190,2190,,,true,appointed,"Collector/DM, North 24 Parganas",https://wb.gov.in/pdf/List of District Magistrate.pdf,0.60,collected,2026-06-26
1195,1191,2160,,,true,appointed,"Collector/DM, Paschim Bardhaman",https://wb.gov.in/pdf/List of District Magistrate.pdf,0.60,collected,2026-06-26
1196,1192,2192,,,true,appointed,"Collector/DM, Paschim Medinipur",https://wb.gov.in/pdf/List of District Magistrate.pdf,0.60,collected,2026-06-26
1197,1193,2162,,,true,appointed,"Collector/DM, Purba Bardhaman",https://wb.gov.in/pdf/List of District Magistrate.pdf,0.60,collected,2026-06-26
1198,1194,2194,,,true,appointed,"Collector/DM, Purba Medinipur",https://wb.gov.in/pdf/List of District Magistrate.pdf,0.60,collected,2026-06-26
1199,1195,2196,,,true,appointed,"Collector/DM, Purulia",https://wb.gov.in/pdf/List of District Magistrate.pdf,0.60,collected,2026-06-26
1200,1196,2198,,,true,appointed,"Collector/DM, South 24 Parganas",https://wb.gov.in/pdf/List of District Magistrate.pdf,0.60,collected,2026-06-26
1201,1197,2200,,,true,appointed,"Collector/DM, Uttar Dinajpur",https://wb.gov.in/pdf/List of District Magistrate.pdf,0.60,collected,2026-06-26
1202,1198,1622,,,true,appointed,"Collector/DM, Angul",https://odisha.gov.in/en/state-portal-district-officials + district NIC sites,0.60,collected,2026-06-26
1203,1199,1624,,,true,appointed,"Collector/DM, Balangir",https://odisha.gov.in/en/state-portal-district-officials + district NIC sites,0.60,collected,2026-06-26
1204,1200,1626,,,true,appointed,"Collector/DM, Balasore",https://odisha.gov.in/en/state-portal-district-officials + district NIC sites,0.60,collected,2026-06-26
1205,1201,1628,,,true,appointed,"Collector/DM, Bargarh",https://odisha.gov.in/en/state-portal-district-officials + district NIC sites,0.60,collected,2026-06-26
1206,1202,1630,,,true,appointed,"Collector/DM, Bhadrak",https://odisha.gov.in/en/state-portal-district-officials + district NIC sites,0.60,collected,2026-06-26
1207,1203,1632,,,true,appointed,"Collector/DM, Boudh",https://odisha.gov.in/en/state-portal-district-officials + district NIC sites,0.60,collected,2026-06-26
1208,1204,1634,,,true,appointed,"Collector/DM, Cuttack",https://odisha.gov.in/en/state-portal-district-officials + district NIC sites,0.60,collected,2026-06-26
1209,1205,1636,,,true,appointed,"Collector/DM, Deogarh",https://odisha.gov.in/en/state-portal-district-officials + district NIC sites,0.60,collected,2026-06-26
1210,1206,1638,,,true,appointed,"Collector/DM, Dhenkanal",https://odisha.gov.in/en/state-portal-district-officials + district NIC sites,0.60,collected,2026-06-26
1211,1207,1640,,,true,appointed,"Collector/DM, Gajapati",https://odisha.gov.in/en/state-portal-district-officials + district NIC sites,0.60,collected,2026-06-26
1212,1208,1642,,,true,appointed,"Collector/DM, Ganjam",https://odisha.gov.in/en/state-portal-district-officials + district NIC sites,0.60,collected,2026-06-26
1213,1209,1644,,,true,appointed,"Collector/DM, Jagatsinghpur",https://odisha.gov.in/en/state-portal-district-officials + district NIC sites,0.60,collected,2026-06-26
1214,1210,1646,,,true,appointed,"Collector/DM, Jajpur",https://odisha.gov.in/en/state-portal-district-officials + district NIC sites,0.60,collected,2026-06-26
1215,1211,1648,,,true,appointed,"Collector/DM, Jharsuguda",https://odisha.gov.in/en/state-portal-district-officials + district NIC sites,0.60,collected,2026-06-26
1216,1212,1650,,,true,appointed,"Collector/DM, Kalahandi",https://odisha.gov.in/en/state-portal-district-officials + district NIC sites,0.60,collected,2026-06-26
1217,1213,1652,,,true,appointed,"Collector/DM, Kandhamal",https://odisha.gov.in/en/state-portal-district-officials + district NIC sites,0.60,collected,2026-06-26
1218,1214,1654,,,true,appointed,"Collector/DM, Kendrapara",https://odisha.gov.in/en/state-portal-district-officials + district NIC sites,0.60,collected,2026-06-26
1219,1215,1656,,,true,appointed,"Collector/DM, Kendujhar",https://odisha.gov.in/en/state-portal-district-officials + district NIC sites,0.60,collected,2026-06-26
1220,1216,1658,,,true,appointed,"Collector/DM, Khordha",https://odisha.gov.in/en/state-portal-district-officials + district NIC sites,0.60,collected,2026-06-26
1221,1217,1660,,,true,appointed,"Collector/DM, Koraput",https://odisha.gov.in/en/state-portal-district-officials + district NIC sites,0.60,collected,2026-06-26
1222,1218,1662,,,true,appointed,"Collector/DM, Malkangiri",https://odisha.gov.in/en/state-portal-district-officials + district NIC sites,0.60,collected,2026-06-26
1223,1219,1664,,,true,appointed,"Collector/DM, Mayurbhanj",https://odisha.gov.in/en/state-portal-district-officials + district NIC sites,0.60,collected,2026-06-26
1224,1220,1666,,,true,appointed,"Collector/DM, Nabarangpur",https://odisha.gov.in/en/state-portal-district-officials + district NIC sites,0.60,collected,2026-06-26
1225,1221,1668,,,true,appointed,"Collector/DM, Nayagarh",https://odisha.gov.in/en/state-portal-district-officials + district NIC sites,0.60,collected,2026-06-26
1226,1222,1670,,,true,appointed,"Collector/DM, Nuapada",https://odisha.gov.in/en/state-portal-district-officials + district NIC sites,0.60,collected,2026-06-26
1227,1223,1672,,,true,appointed,"Collector/DM, Puri",https://odisha.gov.in/en/state-portal-district-officials + district NIC sites,0.60,collected,2026-06-26
1228,1224,1674,,,true,appointed,"Collector/DM, Rayagada",https://odisha.gov.in/en/state-portal-district-officials + district NIC sites,0.60,collected,2026-06-26
1229,1225,1676,,,true,appointed,"Collector/DM, Sambalpur",https://odisha.gov.in/en/state-portal-district-officials + district NIC sites,0.60,collected,2026-06-26
1230,1226,1678,,,true,appointed,"Collector/DM, Subarnapur",https://odisha.gov.in/en/state-portal-district-officials + district NIC sites,0.60,collected,2026-06-26
1231,1227,1680,,,true,appointed,"Collector/DM, Sundargarh",https://odisha.gov.in/en/state-portal-district-officials + district NIC sites,0.60,collected,2026-06-26
1232,1228,1682,,,true,appointed,"Collector/DM, Amritsar",https://www.sarkaritel.com PB DC directory + district NIC sites,0.60,collected,2026-06-26
1233,1229,1684,,,true,appointed,"Collector/DM, Barnala",https://www.sarkaritel.com PB DC directory + district NIC sites,0.60,collected,2026-06-26
1234,1230,1686,,,true,appointed,"Collector/DM, Bathinda",https://www.sarkaritel.com PB DC directory + district NIC sites,0.60,collected,2026-06-26
1235,1231,1688,,,true,appointed,"Collector/DM, Faridkot",https://www.sarkaritel.com PB DC directory + district NIC sites,0.60,collected,2026-06-26
1236,1232,1690,,,true,appointed,"Collector/DM, Fatehgarh Sahib",https://www.sarkaritel.com PB DC directory + district NIC sites,0.60,collected,2026-06-26
1237,1233,1694,,,true,appointed,"Collector/DM, Fazilka",https://www.sarkaritel.com PB DC directory + district NIC sites,0.60,collected,2026-06-26
1238,1234,1692,,,true,appointed,"Collector/DM, Firozpur",https://www.sarkaritel.com PB DC directory + district NIC sites,0.60,collected,2026-06-26
1239,1235,1696,,,true,appointed,"Collector/DM, Gurdaspur",https://www.sarkaritel.com PB DC directory + district NIC sites,0.60,collected,2026-06-26
1240,1236,1698,,,true,appointed,"Collector/DM, Hoshiarpur",https://www.sarkaritel.com PB DC directory + district NIC sites,0.60,collected,2026-06-26
1241,1237,1700,,,true,appointed,"Collector/DM, Jalandhar",https://www.sarkaritel.com PB DC directory + district NIC sites,0.60,collected,2026-06-26
1242,1238,1702,,,true,appointed,"Collector/DM, Kapurthala",https://www.sarkaritel.com PB DC directory + district NIC sites,0.60,collected,2026-06-26
1243,1239,1704,,,true,appointed,"Collector/DM, Ludhiana",https://www.sarkaritel.com PB DC directory + district NIC sites,0.60,collected,2026-06-26
1244,1240,1706,,,true,appointed,"Collector/DM, Malerkotla",https://www.sarkaritel.com PB DC directory + district NIC sites,0.60,collected,2026-06-26
1245,1241,1708,,,true,appointed,"Collector/DM, Mansa",https://www.sarkaritel.com PB DC directory + district NIC sites,0.60,collected,2026-06-26
1246,1242,1710,,,true,appointed,"Collector/DM, Moga",https://www.sarkaritel.com PB DC directory + district NIC sites,0.60,collected,2026-06-26
1247,1243,1714,,,true,appointed,"Collector/DM, Pathankot",https://www.sarkaritel.com PB DC directory + district NIC sites,0.60,collected,2026-06-26
1248,1244,1716,,,true,appointed,"Collector/DM, Patiala",https://www.sarkaritel.com PB DC directory + district NIC sites,0.60,collected,2026-06-26
1249,1245,1718,,,true,appointed,"Collector/DM, Rupnagar",https://www.sarkaritel.com PB DC directory + district NIC sites,0.60,collected,2026-06-26
1250,1246,1722,,,true,appointed,"Collector/DM, Sangrur",https://www.sarkaritel.com PB DC directory + district NIC sites,0.60,collected,2026-06-26
1251,1247,1724,,,true,appointed,"Collector/DM, Shaheed Bhagat Singh Nagar",https://www.sarkaritel.com PB DC directory + district NIC sites,0.60,collected,2026-06-26
1252,1248,1712,,,true,appointed,"Collector/DM, Sri Muktsar Sahib",https://www.sarkaritel.com PB DC directory + district NIC sites,0.60,collected,2026-06-26
1253,1249,1720,,,true,appointed,"Collector/DM, Sahibzada Ajit Singh Nagar",https://www.sarkaritel.com PB DC directory + district NIC sites,0.60,collected,2026-06-26
1254,1250,1726,,,true,appointed,"Collector/DM, Tarn Taran",https://www.sarkaritel.com PB DC directory + district NIC sites,0.60,collected,2026-06-26
1255,1251,1120,,,true,appointed,"Collector/DM, Ambala",https://www.sarkaritel.com HR DC directory + district NIC sites,0.60,collected,2026-06-26
1256,1252,1156,,,true,appointed,"Collector/DM, Bhiwani",https://www.sarkaritel.com HR DC directory + district NIC sites,0.60,collected,2026-06-26
1257,1253,1158,,,true,appointed,"Collector/DM, Charkhi Dadri",https://www.sarkaritel.com HR DC directory + district NIC sites,0.60,collected,2026-06-26
1258,1254,1128,,,true,appointed,"Collector/DM, Faridabad",https://www.sarkaritel.com HR DC directory + district NIC sites,0.60,collected,2026-06-26
1259,1255,1142,,,true,appointed,"Collector/DM, Fatehabad",https://www.sarkaritel.com HR DC directory + district NIC sites,0.60,collected,2026-06-26
1260,1256,1134,,,true,appointed,"Collector/DM, Gurugram",https://www.sarkaritel.com HR DC directory + district NIC sites,0.60,collected,2026-06-26
1261,1257,1140,,,true,appointed,"Collector/DM, Hisar",https://www.sarkaritel.com HR DC directory + district NIC sites,0.60,collected,2026-06-26
1262,1258,1160,,,true,appointed,"Collector/DM, Jhajjar",https://www.sarkaritel.com HR DC directory + district NIC sites,0.60,collected,2026-06-26
1263,1259,1144,,,true,appointed,"Collector/DM, Jind",https://www.sarkaritel.com HR DC directory + district NIC sites,0.60,collected,2026-06-26
1264,1260,1150,,,true,appointed,"Collector/DM, Kaithal",https://www.sarkaritel.com HR DC directory + district NIC sites,0.60,collected,2026-06-26
1265,1261,1148,,,true,appointed,"Collector/DM, Karnal",https://www.sarkaritel.com HR DC directory + district NIC sites,0.60,collected,2026-06-26
1266,1262,1122,,,true,appointed,"Collector/DM, Kurukshetra",https://www.sarkaritel.com HR DC directory + district NIC sites,0.60,collected,2026-06-26
1267,1263,1136,,,true,appointed,"Collector/DM, Mahendragarh",https://www.sarkaritel.com HR DC directory + district NIC sites,0.60,collected,2026-06-26
1268,1264,1130,,,true,appointed,"Collector/DM, Nuh",https://www.sarkaritel.com HR DC directory + district NIC sites,0.60,collected,2026-06-26
1269,1265,1132,,,true,appointed,"Collector/DM, Palwal",https://www.sarkaritel.com HR DC directory + district NIC sites,0.60,collected,2026-06-26
1270,1266,1124,,,true,appointed,"Collector/DM, Panchkula",https://www.sarkaritel.com HR DC directory + district NIC sites,0.60,collected,2026-06-26
1271,1267,1152,,,true,appointed,"Collector/DM, Panipat",https://www.sarkaritel.com HR DC directory + district NIC sites,0.60,collected,2026-06-26
1272,1268,1138,,,true,appointed,"Collector/DM, Rewari",https://www.sarkaritel.com HR DC directory + district NIC sites,0.60,collected,2026-06-26
1273,1269,1154,,,true,appointed,"Collector/DM, Rohtak",https://www.sarkaritel.com HR DC directory + district NIC sites,0.60,collected,2026-06-26
1274,1270,1146,,,true,appointed,"Collector/DM, Sirsa",https://www.sarkaritel.com HR DC directory + district NIC sites,0.60,collected,2026-06-26
1275,1271,1162,,,true,appointed,"Collector/DM, Sonipat",https://www.sarkaritel.com HR DC directory + district NIC sites,0.60,collected,2026-06-26
1276,1272,1126,,,true,appointed,"Collector/DM, Yamunanagar",https://www.sarkaritel.com HR DC directory + district NIC sites,0.60,collected,2026-06-26
1277,1273,1228,,,true,appointed,"Collector/DM, Ranchi",https://sec.jharkhand.gov.in/Images/contacts.pdf + district NIC sites,0.60,collected,2026-06-26
1278,1274,1200,,,true,appointed,"Collector/DM, East Singhbhum",https://sec.jharkhand.gov.in/Images/contacts.pdf + district NIC sites,0.60,collected,2026-06-26
1279,1275,1236,,,true,appointed,"Collector/DM, West Singhbhum",https://sec.jharkhand.gov.in/Images/contacts.pdf + district NIC sites,0.60,collected,2026-06-26
1280,1276,1232,,,true,appointed,"Collector/DM, Saraikela-Kharsawan",https://sec.jharkhand.gov.in/Images/contacts.pdf + district NIC sites,0.60,collected,2026-06-26
1281,1277,1196,,,true,appointed,"Collector/DM, Dhanbad",https://sec.jharkhand.gov.in/Images/contacts.pdf + district NIC sites,0.60,collected,2026-06-26
1282,1278,1190,,,true,appointed,"Collector/DM, Bokaro",https://sec.jharkhand.gov.in/Images/contacts.pdf + district NIC sites,0.60,collected,2026-06-26
1283,1279,1210,,,true,appointed,"Collector/DM, Hazaribagh",https://sec.jharkhand.gov.in/Images/contacts.pdf + district NIC sites,0.60,collected,2026-06-26
1284,1280,1192,,,true,appointed,"Collector/DM, Chatra",https://sec.jharkhand.gov.in/Images/contacts.pdf + district NIC sites,0.60,collected,2026-06-26
1285,1281,1216,,,true,appointed,"Collector/DM, Koderma",https://sec.jharkhand.gov.in/Images/contacts.pdf + district NIC sites,0.60,collected,2026-06-26
1286,1282,1226,,,true,appointed,"Collector/DM, Ramgarh",https://sec.jharkhand.gov.in/Images/contacts.pdf + district NIC sites,0.60,collected,2026-06-26
1287,1283,1194,,,true,appointed,"Collector/DM, Deoghar",https://sec.jharkhand.gov.in/Images/contacts.pdf + district NIC sites,0.60,collected,2026-06-26
1288,1284,1198,,,true,appointed,"Collector/DM, Dumka",https://sec.jharkhand.gov.in/Images/contacts.pdf + district NIC sites,0.60,collected,2026-06-26
1289,1285,1230,,,true,appointed,"Collector/DM, Sahibganj",https://sec.jharkhand.gov.in/Images/contacts.pdf + district NIC sites,0.60,collected,2026-06-26
1290,1286,1222,,,true,appointed,"Collector/DM, Pakur",https://sec.jharkhand.gov.in/Images/contacts.pdf + district NIC sites,0.60,collected,2026-06-26
1291,1287,1206,,,true,appointed,"Collector/DM, Godda",https://sec.jharkhand.gov.in/Images/contacts.pdf + district NIC sites,0.60,collected,2026-06-26
1292,1288,1224,,,true,appointed,"Collector/DM, Palamu",https://sec.jharkhand.gov.in/Images/contacts.pdf + district NIC sites,0.60,collected,2026-06-26
1293,1289,1218,,,true,appointed,"Collector/DM, Latehar",https://sec.jharkhand.gov.in/Images/contacts.pdf + district NIC sites,0.60,collected,2026-06-26
1294,1290,1202,,,true,appointed,"Collector/DM, Garhwa",https://sec.jharkhand.gov.in/Images/contacts.pdf + district NIC sites,0.60,collected,2026-06-26
1295,1291,1220,,,true,appointed,"Collector/DM, Lohardaga",https://sec.jharkhand.gov.in/Images/contacts.pdf + district NIC sites,0.60,collected,2026-06-26
1296,1292,1208,,,true,appointed,"Collector/DM, Gumla",https://sec.jharkhand.gov.in/Images/contacts.pdf + district NIC sites,0.60,collected,2026-06-26
1297,1293,1234,,,true,appointed,"Collector/DM, Simdega",https://sec.jharkhand.gov.in/Images/contacts.pdf + district NIC sites,0.60,collected,2026-06-26
1298,1294,1214,,,true,appointed,"Collector/DM, Khunti",https://sec.jharkhand.gov.in/Images/contacts.pdf + district NIC sites,0.60,collected,2026-06-26
1299,1295,994,,,true,appointed,"Collector/DM, Bilaspur",https://www.sarkaritel.com CG collectors + district NIC sites,0.60,collected,2026-06-26
1300,1296,1004,,,true,appointed,"Collector/DM, Gaurella-Pendra-Marwahi",https://www.sarkaritel.com CG collectors + district NIC sites,0.60,collected,2026-06-26
1301,1297,1006,,,true,appointed,"Collector/DM, Janjgir-Champa",https://www.sarkaritel.com CG collectors + district NIC sites,0.60,collected,2026-06-26
1302,1298,1018,,,true,appointed,"Collector/DM, Korba",https://www.sarkaritel.com CG collectors + district NIC sites,0.60,collected,2026-06-26
1303,1299,1028,,,true,appointed,"Collector/DM, Mungeli",https://www.sarkaritel.com CG collectors + district NIC sites,0.60,collected,2026-06-26
1304,1300,1032,,,true,appointed,"Collector/DM, Raigarh",https://www.sarkaritel.com CG collectors + district NIC sites,0.60,collected,2026-06-26
1305,1301,1040,,,true,appointed,"Collector/DM, Sakti",https://www.sarkaritel.com CG collectors + district NIC sites,0.60,collected,2026-06-26
1306,1302,1038,,,true,appointed,"Collector/DM, Sarangarh-Bilaigarh",https://www.sarkaritel.com CG collectors + district NIC sites,0.60,collected,2026-06-26
1307,1303,1034,,,true,appointed,"Collector/DM, Raipur",https://www.sarkaritel.com CG collectors + district NIC sites,0.60,collected,2026-06-26
1308,1304,984,,,true,appointed,"Collector/DM, Baloda Bazar-Bhatapara",https://www.sarkaritel.com CG collectors + district NIC sites,0.60,collected,2026-06-26
1309,1305,998,,,true,appointed,"Collector/DM, Dhamtari",https://www.sarkaritel.com CG collectors + district NIC sites,0.60,collected,2026-06-26
1310,1306,1002,,,true,appointed,"Collector/DM, Gariaband",https://www.sarkaritel.com CG collectors + district NIC sites,0.60,collected,2026-06-26
1311,1307,1022,,,true,appointed,"Collector/DM, Mahasamund",https://www.sarkaritel.com CG collectors + district NIC sites,0.60,collected,2026-06-26
1312,1308,1046,,,true,appointed,"Collector/DM, Surguja",https://www.sarkaritel.com CG collectors + district NIC sites,0.60,collected,2026-06-26
1313,1309,986,,,true,appointed,"Collector/DM, Balrampur",https://www.sarkaritel.com CG collectors + district NIC sites,0.60,collected,2026-06-26
1314,1310,1024,,,true,appointed,"Collector/DM, Manendragarh-Chirmiri-Bharatpur",https://www.sarkaritel.com CG collectors + district NIC sites,0.60,collected,2026-06-26
1315,1311,1044,,,true,appointed,"Collector/DM, Surajpur",https://www.sarkaritel.com CG collectors + district NIC sites,0.60,collected,2026-06-26
1316,1312,1000,,,true,appointed,"Collector/DM, Durg",https://www.sarkaritel.com CG collectors + district NIC sites,0.60,collected,2026-06-26
1317,1313,982,,,true,appointed,"Collector/DM, Balod",https://www.sarkaritel.com CG collectors + district NIC sites,0.60,collected,2026-06-26
1318,1314,990,,,true,appointed,"Collector/DM, Bemetara",https://www.sarkaritel.com CG collectors + district NIC sites,0.60,collected,2026-06-26
1319,1315,1010,,,true,appointed,"Collector/DM, Kabirdham",https://www.sarkaritel.com CG collectors + district NIC sites,0.60,collected,2026-06-26
1320,1316,1016,,,true,appointed,"Collector/DM, Khairagarh-Chhuikhadan-Gandai",https://www.sarkaritel.com CG collectors + district NIC sites,0.60,collected,2026-06-26
1321,1317,1026,,,true,appointed,"Collector/DM, Mohla-Manpur-Ambagarh Chowki",https://www.sarkaritel.com CG collectors + district NIC sites,0.60,collected,2026-06-26
1322,1318,1036,,,true,appointed,"Collector/DM, Rajnandgaon",https://www.sarkaritel.com CG collectors + district NIC sites,0.60,collected,2026-06-26
1323,1319,988,,,true,appointed,"Collector/DM, Bastar",https://www.sarkaritel.com CG collectors + district NIC sites,0.60,collected,2026-06-26
1324,1320,992,,,true,appointed,"Collector/DM, Bijapur",https://www.sarkaritel.com CG collectors + district NIC sites,0.60,collected,2026-06-26
1325,1321,996,,,true,appointed,"Collector/DM, Dantewada",https://www.sarkaritel.com CG collectors + district NIC sites,0.60,collected,2026-06-26
1326,1322,1012,,,true,appointed,"Collector/DM, Kanker",https://www.sarkaritel.com CG collectors + district NIC sites,0.60,collected,2026-06-26
1327,1323,1014,,,true,appointed,"Collector/DM, Kondagaon",https://www.sarkaritel.com CG collectors + district NIC sites,0.60,collected,2026-06-26
1328,1324,1030,,,true,appointed,"Collector/DM, Narayanpur",https://www.sarkaritel.com CG collectors + district NIC sites,0.60,collected,2026-06-26
1329,1325,1042,,,true,appointed,"Collector/DM, Sukma",https://www.sarkaritel.com CG collectors + district NIC sites,0.60,collected,2026-06-26
1330,1326,872,,,true,appointed,"Collector/DM, Kamrup Metropolitan",https://cm.assam.gov.in/deputy-commissioners + district NIC sites,0.60,collected,2026-06-26
1331,1327,874,,,true,appointed,"Collector/DM, Kamrup",https://cm.assam.gov.in/deputy-commissioners + district NIC sites,0.60,collected,2026-06-26
1332,1328,888,,,true,appointed,"Collector/DM, Nagaon",https://cm.assam.gov.in/deputy-commissioners + district NIC sites,0.60,collected,2026-06-26
1333,1329,846,,,true,appointed,"Collector/DM, Cachar",https://cm.assam.gov.in/deputy-commissioners + district NIC sites,0.60,collected,2026-06-26
1334,1330,858,,,true,appointed,"Collector/DM, Dibrugarh",https://cm.assam.gov.in/deputy-commissioners + district NIC sites,0.60,collected,2026-06-26
1335,1331,894,,,true,appointed,"Collector/DM, Sonitpur",https://cm.assam.gov.in/deputy-commissioners + district NIC sites,0.60,collected,2026-06-26
1336,1332,840,,,true,appointed,"Collector/DM, Barpeta",https://cm.assam.gov.in/deputy-commissioners + district NIC sites,0.60,collected,2026-06-26
1337,1333,890,,,true,appointed,"Collector/DM, Nalbari",https://cm.assam.gov.in/deputy-commissioners + district NIC sites,0.60,collected,2026-06-26
1338,1334,852,,,true,appointed,"Collector/DM, Darrang",https://cm.assam.gov.in/deputy-commissioners + district NIC sites,0.60,collected,2026-06-26
1339,1335,886,,,true,appointed,"Collector/DM, Morigaon",https://cm.assam.gov.in/deputy-commissioners + district NIC sites,0.60,collected,2026-06-26
1340,1336,900,,,true,appointed,"Collector/DM, Tinsukia",https://cm.assam.gov.in/deputy-commissioners + district NIC sites,0.60,collected,2026-06-26
1341,1337,870,,,true,appointed,"Collector/DM, Jorhat",https://cm.assam.gov.in/deputy-commissioners + district NIC sites,0.60,collected,2026-06-26
1342,1338,856,,,true,appointed,"Collector/DM, Dhubri",https://cm.assam.gov.in/deputy-commissioners + district NIC sites,0.60,collected,2026-06-26
1343,1339,862,,,true,appointed,"Collector/DM, Goalpara",https://cm.assam.gov.in/deputy-commissioners + district NIC sites,0.60,collected,2026-06-26
1344,1340,844,,,true,appointed,"Collector/DM, Bongaigaon",https://cm.assam.gov.in/deputy-commissioners + district NIC sites,0.60,collected,2026-06-26
1345,1341,880,,,true,appointed,"Collector/DM, Kokrajhar",https://cm.assam.gov.in/deputy-commissioners + district NIC sites,0.60,collected,2026-06-26
1346,1342,850,,,true,appointed,"Collector/DM, Chirang",https://cm.assam.gov.in/deputy-commissioners + district NIC sites,0.60,collected,2026-06-26
1347,1343,836,,,true,appointed,"Collector/DM, Baksa",https://cm.assam.gov.in/deputy-commissioners + district NIC sites,0.60,collected,2026-06-26
1348,1344,902,,,true,appointed,"Collector/DM, Udalguri",https://cm.assam.gov.in/deputy-commissioners + district NIC sites,0.60,collected,2026-06-26
1349,1345,882,,,true,appointed,"Collector/DM, Lakhimpur",https://cm.assam.gov.in/deputy-commissioners + district NIC sites,0.60,collected,2026-06-26
1350,1346,854,,,true,appointed,"Collector/DM, Dhemaji",https://cm.assam.gov.in/deputy-commissioners + district NIC sites,0.60,collected,2026-06-26
1351,1347,864,,,true,appointed,"Collector/DM, Golaghat",https://cm.assam.gov.in/deputy-commissioners + district NIC sites,0.60,collected,2026-06-26
1352,1348,892,,,true,appointed,"Collector/DM, Sivasagar",https://cm.assam.gov.in/deputy-commissioners + district NIC sites,0.60,collected,2026-06-26
1353,1349,878,,,true,appointed,"Collector/DM, Sribhumi",https://cm.assam.gov.in/deputy-commissioners + district NIC sites,0.60,collected,2026-06-26
1354,1350,866,,,true,appointed,"Collector/DM, Hailakandi",https://cm.assam.gov.in/deputy-commissioners + district NIC sites,0.60,collected,2026-06-26
1355,1351,876,,,true,appointed,"Collector/DM, Karbi Anglong",https://cm.assam.gov.in/deputy-commissioners + district NIC sites,0.60,collected,2026-06-26
1356,1352,904,,,true,appointed,"Collector/DM, West Karbi Anglong",https://cm.assam.gov.in/deputy-commissioners + district NIC sites,0.60,collected,2026-06-26
1357,1353,860,,,true,appointed,"Collector/DM, Dima Hasao",https://cm.assam.gov.in/deputy-commissioners + district NIC sites,0.60,collected,2026-06-26
1358,1354,868,,,true,appointed,"Collector/DM, Hojai",https://cm.assam.gov.in/deputy-commissioners + district NIC sites,0.60,collected,2026-06-26
1359,1355,842,,,true,appointed,"Collector/DM, Biswanath",https://cm.assam.gov.in/deputy-commissioners + district NIC sites,0.60,collected,2026-06-26
1360,1356,848,,,true,appointed,"Collector/DM, Charaideo",https://cm.assam.gov.in/deputy-commissioners + district NIC sites,0.60,collected,2026-06-26
1361,1357,896,,,true,appointed,"Collector/DM, South Salmara-Mankachar",https://cm.assam.gov.in/deputy-commissioners + district NIC sites,0.60,collected,2026-06-26
1362,1358,884,,,true,appointed,"Collector/DM, Majuli",https://cm.assam.gov.in/deputy-commissioners + district NIC sites,0.60,collected,2026-06-26
1363,1359,838,,,true,appointed,"Collector/DM, Bajali",https://cm.assam.gov.in/deputy-commissioners + district NIC sites,0.60,collected,2026-06-26
1364,1360,898,,,true,appointed,"Collector/DM, Tamulpur",https://cm.assam.gov.in/deputy-commissioners + district NIC sites,0.60,collected,2026-06-26
1365,1361,1166,,,true,appointed,"Collector/DM, Bilaspur",https://himachal.nic.in/en-IN/dc-email.html + district NIC sites,0.60,collected,2026-06-26
1366,1362,1168,,,true,appointed,"Collector/DM, Chamba",https://himachal.nic.in/en-IN/dc-email.html + district NIC sites,0.60,collected,2026-06-26
1367,1363,1170,,,true,appointed,"Collector/DM, Hamirpur",https://himachal.nic.in/en-IN/dc-email.html + district NIC sites,0.60,collected,2026-06-26
1368,1364,1172,,,true,appointed,"Collector/DM, Kangra",https://himachal.nic.in/en-IN/dc-email.html + district NIC sites,0.60,collected,2026-06-26
1369,1365,1174,,,true,appointed,"Collector/DM, Kinnaur",https://himachal.nic.in/en-IN/dc-email.html + district NIC sites,0.60,collected,2026-06-26
1370,1366,1176,,,true,appointed,"Collector/DM, Kullu",https://himachal.nic.in/en-IN/dc-email.html + district NIC sites,0.60,collected,2026-06-26
1371,1367,1178,,,true,appointed,"Collector/DM, Lahaul and Spiti",https://himachal.nic.in/en-IN/dc-email.html + district NIC sites,0.60,collected,2026-06-26
1372,1368,1180,,,true,appointed,"Collector/DM, Mandi",https://himachal.nic.in/en-IN/dc-email.html + district NIC sites,0.60,collected,2026-06-26
1373,1369,1182,,,true,appointed,"Collector/DM, Shimla",https://himachal.nic.in/en-IN/dc-email.html + district NIC sites,0.60,collected,2026-06-26
1374,1370,1184,,,true,appointed,"Collector/DM, Sirmaur",https://himachal.nic.in/en-IN/dc-email.html + district NIC sites,0.60,collected,2026-06-26
1375,1371,1186,,,true,appointed,"Collector/DM, Solan",https://himachal.nic.in/en-IN/dc-email.html + district NIC sites,0.60,collected,2026-06-26
1376,1372,1188,,,true,appointed,"Collector/DM, Una",https://himachal.nic.in/en-IN/dc-email.html + district NIC sites,0.60,collected,2026-06-26
1377,1373,1988,,,true,appointed,"Collector/DM, Dehradun",https://www.sarkaritel.com UK DM directory + district NIC sites,0.60,collected,2026-06-26
1378,1374,1990,,,true,appointed,"Collector/DM, Haridwar",https://www.sarkaritel.com UK DM directory + district NIC sites,0.60,collected,2026-06-26
1379,1375,1994,,,true,appointed,"Collector/DM, Pauri Garhwal",https://www.sarkaritel.com UK DM directory + district NIC sites,0.60,collected,2026-06-26
1380,1376,2000,,,true,appointed,"Collector/DM, Tehri Garhwal",https://www.sarkaritel.com UK DM directory + district NIC sites,0.60,collected,2026-06-26
1381,1377,2004,,,true,appointed,"Collector/DM, Uttarkashi",https://www.sarkaritel.com UK DM directory + district NIC sites,0.60,collected,2026-06-26
1382,1378,1998,,,true,appointed,"Collector/DM, Rudraprayag",https://www.sarkaritel.com UK DM directory + district NIC sites,0.60,collected,2026-06-26
1383,1379,1984,,,true,appointed,"Collector/DM, Chamoli",https://www.sarkaritel.com UK DM directory + district NIC sites,0.60,collected,2026-06-26
1384,1380,1992,,,true,appointed,"Collector/DM, Nainital",https://www.sarkaritel.com UK DM directory + district NIC sites,0.60,collected,2026-06-26
1385,1381,2002,,,true,appointed,"Collector/DM, Udham Singh Nagar",https://www.sarkaritel.com UK DM directory + district NIC sites,0.60,collected,2026-06-26
1386,1382,1980,,,true,appointed,"Collector/DM, Almora",https://www.sarkaritel.com UK DM directory + district NIC sites,0.60,collected,2026-06-26
1387,1383,1982,,,true,appointed,"Collector/DM, Bageshwar",https://www.sarkaritel.com UK DM directory + district NIC sites,0.60,collected,2026-06-26
1388,1384,1986,,,true,appointed,"Collector/DM, Champawat",https://www.sarkaritel.com UK DM directory + district NIC sites,0.60,collected,2026-06-26
1389,1385,1996,,,true,appointed,"Collector/DM, Pithoragarh",https://www.sarkaritel.com UK DM directory + district NIC sites,0.60,collected,2026-06-26
1390,1386,2244,,,true,appointed,"Collector/DM, Srinagar",https://www.sarkaritel.com J&K DC directory + district NIC sites,0.60,collected,2026-06-26
1391,1387,2248,,,true,appointed,"Collector/DM, Anantnag",https://www.sarkaritel.com J&K DC directory + district NIC sites,0.60,collected,2026-06-26
1392,1388,2256,,,true,appointed,"Collector/DM, Baramulla",https://www.sarkaritel.com J&K DC directory + district NIC sites,0.60,collected,2026-06-26
1393,1389,2246,,,true,appointed,"Collector/DM, Budgam",https://www.sarkaritel.com J&K DC directory + district NIC sites,0.60,collected,2026-06-26
1394,1390,2258,,,true,appointed,"Collector/DM, Bandipora",https://www.sarkaritel.com J&K DC directory + district NIC sites,0.60,collected,2026-06-26
1395,1391,2262,,,true,appointed,"Collector/DM, Ganderbal",https://www.sarkaritel.com J&K DC directory + district NIC sites,0.60,collected,2026-06-26
1396,1392,2260,,,true,appointed,"Collector/DM, Kupwara",https://www.sarkaritel.com J&K DC directory + district NIC sites,0.60,collected,2026-06-26
1397,1393,2252,,,true,appointed,"Collector/DM, Pulwama",https://www.sarkaritel.com J&K DC directory + district NIC sites,0.60,collected,2026-06-26
1398,1394,2254,,,true,appointed,"Collector/DM, Shopian",https://www.sarkaritel.com J&K DC directory + district NIC sites,0.60,collected,2026-06-26
1399,1395,2250,,,true,appointed,"Collector/DM, Kulgam",https://www.sarkaritel.com J&K DC directory + district NIC sites,0.60,collected,2026-06-26
1400,1396,2224,,,true,appointed,"Collector/DM, Jammu",https://www.sarkaritel.com J&K DC directory + district NIC sites,0.60,collected,2026-06-26
1401,1397,2228,,,true,appointed,"Collector/DM, Kathua",https://www.sarkaritel.com J&K DC directory + district NIC sites,0.60,collected,2026-06-26
1402,1398,2230,,,true,appointed,"Collector/DM, Udhampur",https://www.sarkaritel.com J&K DC directory + district NIC sites,0.60,collected,2026-06-26
1403,1399,2238,,,true,appointed,"Collector/DM, Doda",https://www.sarkaritel.com J&K DC directory + district NIC sites,0.60,collected,2026-06-26
1404,1400,2240,,,true,appointed,"Collector/DM, Ramban",https://www.sarkaritel.com J&K DC directory + district NIC sites,0.60,collected,2026-06-26
1405,1401,2242,,,true,appointed,"Collector/DM, Kishtwar",https://www.sarkaritel.com J&K DC directory + district NIC sites,0.60,collected,2026-06-26
1406,1402,2232,,,true,appointed,"Collector/DM, Reasi",https://www.sarkaritel.com J&K DC directory + district NIC sites,0.60,collected,2026-06-26
1407,1403,2234,,,true,appointed,"Collector/DM, Rajouri",https://www.sarkaritel.com J&K DC directory + district NIC sites,0.60,collected,2026-06-26
1408,1404,2236,,,true,appointed,"Collector/DM, Poonch",https://www.sarkaritel.com J&K DC directory + district NIC sites,0.60,collected,2026-06-26
1409,1405,2226,,,true,appointed,"Collector/DM, Samba",https://www.sarkaritel.com J&K DC directory + district NIC sites,0.60,collected,2026-06-26
1410,1406,784,,,true,appointed,"DC/DM, Tawang",district NIC sites (.nic.in) + SDMA/IPR Arunachal directory,0.55,collected,2026-06-26
1411,1407,786,,,true,appointed,"DC/DM, West Kameng",district NIC sites (.nic.in) + SDMA/IPR Arunachal directory,0.55,collected,2026-06-26
1412,1408,788,,,true,appointed,"DC/DM, East Kameng",district NIC sites (.nic.in) + SDMA/IPR Arunachal directory,0.55,collected,2026-06-26
1413,1409,790,,,true,appointed,"DC/DM, Pakke-Kessang",district NIC sites (.nic.in) + SDMA/IPR Arunachal directory,0.55,collected,2026-06-26
1414,1410,792,,,true,appointed,"DC/DM, Kurung Kumey",district NIC sites (.nic.in) + SDMA/IPR Arunachal directory,0.55,collected,2026-06-26
1415,1411,794,,,true,appointed,"DC/DM, Papum Pare",district NIC sites (.nic.in) + SDMA/IPR Arunachal directory,0.55,collected,2026-06-26
1416,1412,796,,,true,appointed,"DC/DM, Kra Daadi",district NIC sites (.nic.in) + SDMA/IPR Arunachal directory,0.55,collected,2026-06-26
1417,1413,798,,,true,appointed,"DC/DM, Lower Subansiri",district NIC sites (.nic.in) + SDMA/IPR Arunachal directory,0.55,collected,2026-06-26
1418,1414,800,,,true,appointed,"DC/DM, Kamle",district NIC sites (.nic.in) + SDMA/IPR Arunachal directory,0.55,collected,2026-06-26
1419,1415,802,,,true,appointed,"DC/DM, Keyi Panyor",district NIC sites (.nic.in) + SDMA/IPR Arunachal directory,0.55,collected,2026-06-26
1420,1416,804,,,true,appointed,"DC/DM, Upper Subansiri",district NIC sites (.nic.in) + SDMA/IPR Arunachal directory,0.55,collected,2026-06-26
1421,1417,806,,,true,appointed,"DC/DM, Shi-Yomi",district NIC sites (.nic.in) + SDMA/IPR Arunachal directory,0.55,collected,2026-06-26
1422,1418,808,,,true,appointed,"DC/DM, West Siang",district NIC sites (.nic.in) + SDMA/IPR Arunachal directory,0.55,collected,2026-06-26
1423,1419,810,,,true,appointed,"DC/DM, Siang",district NIC sites (.nic.in) + SDMA/IPR Arunachal directory,0.55,collected,2026-06-26
1424,1420,812,,,true,appointed,"DC/DM, Lower Siang",district NIC sites (.nic.in) + SDMA/IPR Arunachal directory,0.55,collected,2026-06-26
1425,1421,814,,,true,appointed,"DC/DM, Lepa-Rada",district NIC sites (.nic.in) + SDMA/IPR Arunachal directory,0.55,collected,2026-06-26
1426,1422,816,,,true,appointed,"DC/DM, Upper Siang",district NIC sites (.nic.in) + SDMA/IPR Arunachal directory,0.55,collected,2026-06-26
1427,1423,818,,,true,appointed,"DC/DM, East Siang",district NIC sites (.nic.in) + SDMA/IPR Arunachal directory,0.55,collected,2026-06-26
1428,1424,820,,,true,appointed,"DC/DM, Dibang Valley",district NIC sites (.nic.in) + SDMA/IPR Arunachal directory,0.55,collected,2026-06-26
1429,1425,822,,,true,appointed,"DC/DM, Lower Dibang Valley",district NIC sites (.nic.in) + SDMA/IPR Arunachal directory,0.55,collected,2026-06-26
1430,1426,824,,,true,appointed,"DC/DM, Lohit",district NIC sites (.nic.in) + SDMA/IPR Arunachal directory,0.55,collected,2026-06-26
1431,1427,826,,,true,appointed,"DC/DM, Anjaw",district NIC sites (.nic.in) + SDMA/IPR Arunachal directory,0.55,collected,2026-06-26
1432,1428,828,,,true,appointed,"DC/DM, Namsai",district NIC sites (.nic.in) + SDMA/IPR Arunachal directory,0.55,collected,2026-06-26
1433,1429,830,,,true,appointed,"DC/DM, Changlang",district NIC sites (.nic.in) + SDMA/IPR Arunachal directory,0.55,collected,2026-06-26
1434,1430,832,,,true,appointed,"DC/DM, Tirap",district NIC sites (.nic.in) + SDMA/IPR Arunachal directory,0.55,collected,2026-06-26
1435,1431,834,,,true,appointed,"DC/DM, Longding",district NIC sites (.nic.in) + SDMA/IPR Arunachal directory,0.55,collected,2026-06-26
1436,1432,1518,,,true,appointed,"DC/DM, Imphal West",https://www.sarkaritel.com Manipur DC + district NIC sites,0.55,collected,2026-06-26
1437,1433,1516,,,true,appointed,"DC/DM, Imphal East",https://www.sarkaritel.com Manipur DC + district NIC sites,0.55,collected,2026-06-26
1438,1434,1538,,,true,appointed,"DC/DM, Thoubal",https://www.sarkaritel.com Manipur DC + district NIC sites,0.55,collected,2026-06-26
1439,1435,1510,,,true,appointed,"DC/DM, Bishnupur",https://www.sarkaritel.com Manipur DC + district NIC sites,0.55,collected,2026-06-26
1440,1436,1514,,,true,appointed,"DC/DM, Churachandpur",https://www.sarkaritel.com Manipur DC + district NIC sites,0.55,collected,2026-06-26
1441,1437,1532,,,true,appointed,"DC/DM, Senapati",https://www.sarkaritel.com Manipur DC + district NIC sites,0.55,collected,2026-06-26
1442,1438,1540,,,true,appointed,"DC/DM, Ukhrul",https://www.sarkaritel.com Manipur DC + district NIC sites,0.55,collected,2026-06-26
1443,1439,1512,,,true,appointed,"DC/DM, Chandel",https://www.sarkaritel.com Manipur DC + district NIC sites,0.55,collected,2026-06-26
1444,1440,1534,,,true,appointed,"DC/DM, Tamenglong",https://www.sarkaritel.com Manipur DC + district NIC sites,0.55,collected,2026-06-26
1445,1441,1536,,,true,appointed,"DC/DM, Tengnoupal",https://www.sarkaritel.com Manipur DC + district NIC sites,0.55,collected,2026-06-26
1446,1442,1528,,,true,appointed,"DC/DM, Noney",https://www.sarkaritel.com Manipur DC + district NIC sites,0.55,collected,2026-06-26
1447,1443,1530,,,true,appointed,"DC/DM, Pherzawl",https://www.sarkaritel.com Manipur DC + district NIC sites,0.55,collected,2026-06-26
1448,1444,1526,,,true,appointed,"DC/DM, Kangpokpi",https://www.sarkaritel.com Manipur DC + district NIC sites,0.55,collected,2026-06-26
1449,1445,1520,,,true,appointed,"DC/DM, Jiribam",https://www.sarkaritel.com Manipur DC + district NIC sites,0.55,collected,2026-06-26
1450,1446,1588,,,true,appointed,"DC/DM, Chumoukedima",https://ipr.nagaland.gov.in + commissioner.nagaland.gov.in/list-of-dc + district NIC,0.55,collected,2026-06-26
1451,1447,1590,,,true,appointed,"DC/DM, Dimapur",https://ipr.nagaland.gov.in + commissioner.nagaland.gov.in/list-of-dc + district NIC,0.55,collected,2026-06-26
1452,1448,1592,,,true,appointed,"DC/DM, Kiphire",https://ipr.nagaland.gov.in + commissioner.nagaland.gov.in/list-of-dc + district NIC,0.55,collected,2026-06-26
1453,1449,1594,,,true,appointed,"DC/DM, Kohima",https://ipr.nagaland.gov.in + commissioner.nagaland.gov.in/list-of-dc + district NIC,0.55,collected,2026-06-26
1454,1450,1596,,,true,appointed,"DC/DM, Longleng",https://ipr.nagaland.gov.in + commissioner.nagaland.gov.in/list-of-dc + district NIC,0.55,collected,2026-06-26
1455,1451,1598,,,true,appointed,"DC/DM, Meluri",https://ipr.nagaland.gov.in + commissioner.nagaland.gov.in/list-of-dc + district NIC,0.55,collected,2026-06-26
1456,1452,1600,,,true,appointed,"DC/DM, Mokokchung",https://ipr.nagaland.gov.in + commissioner.nagaland.gov.in/list-of-dc + district NIC,0.55,collected,2026-06-26
1457,1453,1602,,,true,appointed,"DC/DM, Mon",https://ipr.nagaland.gov.in + commissioner.nagaland.gov.in/list-of-dc + district NIC,0.55,collected,2026-06-26
1458,1454,1604,,,true,appointed,"DC/DM, Niuland",https://ipr.nagaland.gov.in + commissioner.nagaland.gov.in/list-of-dc + district NIC,0.55,collected,2026-06-26
1459,1455,1606,,,true,appointed,"DC/DM, Noklak",https://ipr.nagaland.gov.in + commissioner.nagaland.gov.in/list-of-dc + district NIC,0.55,collected,2026-06-26
1460,1456,1608,,,true,appointed,"DC/DM, Peren",https://ipr.nagaland.gov.in + commissioner.nagaland.gov.in/list-of-dc + district NIC,0.55,collected,2026-06-26
1461,1457,1610,,,true,appointed,"DC/DM, Phek",https://ipr.nagaland.gov.in + commissioner.nagaland.gov.in/list-of-dc + district NIC,0.55,collected,2026-06-26
1462,1458,1612,,,true,appointed,"DC/DM, Shamator",https://ipr.nagaland.gov.in + commissioner.nagaland.gov.in/list-of-dc + district NIC,0.55,collected,2026-06-26
1463,1459,1616,,,true,appointed,"DC/DM, Tseminyu",https://ipr.nagaland.gov.in + commissioner.nagaland.gov.in/list-of-dc + district NIC,0.55,collected,2026-06-26
1464,1460,1614,,,true,appointed,"DC/DM, Tuensang",https://ipr.nagaland.gov.in + commissioner.nagaland.gov.in/list-of-dc + district NIC,0.55,collected,2026-06-26
1465,1461,1618,,,true,appointed,"DC/DM, Wokha",https://ipr.nagaland.gov.in + commissioner.nagaland.gov.in/list-of-dc + district NIC,0.55,collected,2026-06-26
1466,1462,1620,,,true,appointed,"DC/DM, Zunheboto",https://ipr.nagaland.gov.in + commissioner.nagaland.gov.in/list-of-dc + district NIC,0.55,collected,2026-06-26
1467,1463,1556,,,true,appointed,"DC/DM, East Khasi Hills",https://meghalaya.gov.in/key-contacts/deputy-commissioner + district NIC + MSDMA PDF,0.55,collected,2026-06-26
1468,1464,1560,,,true,appointed,"DC/DM, South West Khasi Hills",https://meghalaya.gov.in/key-contacts/deputy-commissioner + district NIC + MSDMA PDF,0.55,collected,2026-06-26
1469,1465,1562,,,true,appointed,"DC/DM, Eastern West Khasi Hills",https://meghalaya.gov.in/key-contacts/deputy-commissioner + district NIC + MSDMA PDF,0.55,collected,2026-06-26
1470,1466,1554,,,true,appointed,"DC/DM, East Jaintia Hills",https://meghalaya.gov.in/key-contacts/deputy-commissioner + district NIC + MSDMA PDF,0.55,collected,2026-06-26
1471,1467,1552,,,true,appointed,"DC/DM, West Jaintia Hills",https://meghalaya.gov.in/key-contacts/deputy-commissioner + district NIC + MSDMA PDF,0.55,collected,2026-06-26
1472,1468,1544,,,true,appointed,"DC/DM, East Garo Hills",https://meghalaya.gov.in/key-contacts/deputy-commissioner + district NIC + MSDMA PDF,0.55,collected,2026-06-26
1473,1469,1542,,,true,appointed,"DC/DM, North Garo Hills",https://meghalaya.gov.in/key-contacts/deputy-commissioner + district NIC + MSDMA PDF,0.55,collected,2026-06-26
1474,1470,1546,,,true,appointed,"DC/DM, South Garo Hills",https://meghalaya.gov.in/key-contacts/deputy-commissioner + district NIC + MSDMA PDF,0.55,collected,2026-06-26
1475,1471,1550,,,true,appointed,"DC/DM, South West Garo Hills",https://meghalaya.gov.in/key-contacts/deputy-commissioner + district NIC + MSDMA PDF,0.55,collected,2026-06-26
1476,1472,1566,,,true,appointed,"DC/DM, Aizawl",district NIC sites + Mizoram GAD officers list,0.60,collected,2026-06-26
1477,1473,1568,,,true,appointed,"DC/DM, Champhai",district NIC sites + Mizoram GAD officers list,0.60,collected,2026-06-26
1478,1474,1570,,,true,appointed,"DC/DM, Hnahthial",district NIC sites + Mizoram GAD officers list,0.60,collected,2026-06-26
1479,1475,1572,,,true,appointed,"DC/DM, Khawzawl",district NIC sites + Mizoram GAD officers list,0.60,collected,2026-06-26
1480,1476,1574,,,true,appointed,"DC/DM, Kolasib",district NIC sites + Mizoram GAD officers list,0.60,collected,2026-06-26
1481,1477,1576,,,true,appointed,"DC/DM, Lawngtlai",district NIC sites + Mizoram GAD officers list,0.60,collected,2026-06-26
1482,1478,1578,,,true,appointed,"DC/DM, Lunglei",district NIC sites + Mizoram GAD officers list,0.60,collected,2026-06-26
1483,1479,1580,,,true,appointed,"DC/DM, Mamit",district NIC sites + Mizoram GAD officers list,0.60,collected,2026-06-26
1484,1480,1582,,,true,appointed,"DC/DM, Saiha",district NIC sites + Mizoram GAD officers list,0.60,collected,2026-06-26
1485,1481,1584,,,true,appointed,"DC/DM, Saitual",district NIC sites + Mizoram GAD officers list,0.60,collected,2026-06-26
1486,1482,1586,,,true,appointed,"DC/DM, Serchhip",district NIC sites + Mizoram GAD officers list,0.60,collected,2026-06-26
1487,1483,1964,,,true,appointed,"DC/DM, Dhalai",district NIC sites (Who's Who/DM profile),0.60,collected,2026-06-26
1488,1484,1966,,,true,appointed,"DC/DM, Gomati",district NIC sites (Who's Who/DM profile),0.60,collected,2026-06-26
1489,1485,1968,,,true,appointed,"DC/DM, Khowai",district NIC sites (Who's Who/DM profile),0.60,collected,2026-06-26
1490,1486,1970,,,true,appointed,"DC/DM, North Tripura",district NIC sites (Who's Who/DM profile),0.60,collected,2026-06-26
1491,1487,1972,,,true,appointed,"DC/DM, Sipahijala",district NIC sites (Who's Who/DM profile),0.60,collected,2026-06-26
1492,1488,1974,,,true,appointed,"DC/DM, South Tripura",district NIC sites (Who's Who/DM profile),0.60,collected,2026-06-26
1493,1489,1976,,,true,appointed,"DC/DM, Unakoti",district NIC sites (Who's Who/DM profile),0.60,collected,2026-06-26
1494,1490,1978,,,true,appointed,"DC/DM, West Tripura",district NIC sites (Who's Who/DM profile),0.60,collected,2026-06-26
1495,1491,1810,,,true,appointed,"DC/DM, Gangtok",https://www.sikkim.gov.in/mygovernment/whos-who/district-collectors + district NIC,0.60,collected,2026-06-26
1496,1492,1812,,,true,appointed,"DC/DM, Mangan",https://www.sikkim.gov.in/mygovernment/whos-who/district-collectors + district NIC,0.60,collected,2026-06-26
1497,1493,1814,,,true,appointed,"DC/DM, Pakyong",https://www.sikkim.gov.in/mygovernment/whos-who/district-collectors + district NIC,0.60,collected,2026-06-26
1498,1494,1816,,,true,appointed,"DC/DM, Soreng",https://www.sikkim.gov.in/mygovernment/whos-who/district-collectors + district NIC,0.60,collected,2026-06-26
1499,1495,1818,,,true,appointed,"DC/DM, Namchi",https://www.sikkim.gov.in/mygovernment/whos-who/district-collectors + district NIC,0.60,collected,2026-06-26
1500,1496,1820,,,true,appointed,"DC/DM, Gyalshing",https://www.sikkim.gov.in/mygovernment/whos-who/district-collectors + district NIC,0.60,collected,2026-06-26
1501,1497,2202,,,true,appointed,"DC/DM, Central Delhi",https://revenue.delhi.gov.in/revenue/list-dcdm-districts + district sites,0.60,collected,2026-06-26
1502,1498,2204,,,true,appointed,"DC/DM, East Delhi",https://revenue.delhi.gov.in/revenue/list-dcdm-districts + district sites,0.60,collected,2026-06-26
1503,1499,2206,,,true,appointed,"DC/DM, New Delhi",https://revenue.delhi.gov.in/revenue/list-dcdm-districts + district sites,0.60,collected,2026-06-26
1504,1500,2208,,,true,appointed,"DC/DM, North Delhi",https://revenue.delhi.gov.in/revenue/list-dcdm-districts + district sites,0.60,collected,2026-06-26
1505,1501,2210,,,true,appointed,"DC/DM, North East Delhi",https://revenue.delhi.gov.in/revenue/list-dcdm-districts + district sites,0.60,collected,2026-06-26
1506,1502,2212,,,true,appointed,"DC/DM, North West Delhi",https://revenue.delhi.gov.in/revenue/list-dcdm-districts + district sites,0.60,collected,2026-06-26
1507,1503,2214,,,true,appointed,"DC/DM, Shahdara",https://revenue.delhi.gov.in/revenue/list-dcdm-districts + district sites,0.60,collected,2026-06-26
1508,1504,2216,,,true,appointed,"DC/DM, South Delhi",https://revenue.delhi.gov.in/revenue/list-dcdm-districts + district sites,0.60,collected,2026-06-26
1509,1505,2218,,,true,appointed,"DC/DM, South East Delhi",https://revenue.delhi.gov.in/revenue/list-dcdm-districts + district sites,0.60,collected,2026-06-26
1510,1506,2220,,,true,appointed,"DC/DM, South West Delhi",https://revenue.delhi.gov.in/revenue/list-dcdm-districts + district sites,0.60,collected,2026-06-26
1511,1507,2222,,,true,appointed,"DC/DM, West Delhi",https://revenue.delhi.gov.in/revenue/list-dcdm-districts + district sites,0.60,collected,2026-06-26
1512,1508,1048,,,true,appointed,"DC/DM, North Goa",district NIC sites (Goa & Puducherry Who's-Who / Collector profile),0.60,collected,2026-06-26
1513,1509,1050,,,true,appointed,"DC/DM, South Goa",district NIC sites (Goa & Puducherry Who's-Who / Collector profile),0.60,collected,2026-06-26
1514,1510,2264,,,true,appointed,"DC/DM, Puducherry",district NIC sites (Goa & Puducherry Who's-Who / Collector profile),0.60,collected,2026-06-26
1515,1511,2266,,,true,appointed,"DC/DM, Karaikal",district NIC sites (Goa & Puducherry Who's-Who / Collector profile),0.60,collected,2026-06-26
1516,1512,2268,,,true,appointed,"DC/DM, Mahe",district NIC sites (Goa & Puducherry Who's-Who / Collector profile),0.60,collected,2026-06-26
1517,1513,2270,,,true,appointed,"DC/DM, Yanam",district NIC sites (Goa & Puducherry Who's-Who / Collector profile),0.60,collected,2026-06-26
1518,1514,2272,,,true,appointed,"DC/DM, Nicobar",district/UT official sites + ladakh.gov.in + ddd.gov.in + lakshadweep.gov.in,0.60,collected,2026-06-26
1519,1515,2274,,,true,appointed,"DC/DM, North and Middle Andaman",district/UT official sites + ladakh.gov.in + ddd.gov.in + lakshadweep.gov.in,0.60,collected,2026-06-26
1520,1516,2276,,,true,appointed,"DC/DM, South Andaman",district/UT official sites + ladakh.gov.in + ddd.gov.in + lakshadweep.gov.in,0.60,collected,2026-06-26
1521,1517,2278,,,true,appointed,"DC/DM, Chandigarh",district/UT official sites + ladakh.gov.in + ddd.gov.in + lakshadweep.gov.in,0.60,collected,2026-06-26
1522,1518,2280,,,true,appointed,"DC/DM, Daman",district/UT official sites + ladakh.gov.in + ddd.gov.in + lakshadweep.gov.in,0.60,collected,2026-06-26
1523,1519,2282,,,true,appointed,"DC/DM, Diu",district/UT official sites + ladakh.gov.in + ddd.gov.in + lakshadweep.gov.in,0.60,collected,2026-06-26
1524,1520,2284,,,true,appointed,"DC/DM, Dadra and Nagar Haveli",district/UT official sites + ladakh.gov.in + ddd.gov.in + lakshadweep.gov.in,0.60,collected,2026-06-26
1525,1521,2286,,,true,appointed,"DC/DM, Leh",district/UT official sites + ladakh.gov.in + ddd.gov.in + lakshadweep.gov.in,0.60,collected,2026-06-26
1526,1522,2288,,,true,appointed,"DC/DM, Kargil",district/UT official sites + ladakh.gov.in + ddd.gov.in + lakshadweep.gov.in,0.60,collected,2026-06-26
1527,1523,2290,,,true,appointed,"DC/DM, Zanskar",district/UT official sites + ladakh.gov.in + ddd.gov.in + lakshadweep.gov.in,0.60,collected,2026-06-26
1528,1524,2292,,,true,appointed,"DC/DM, Drass",district/UT official sites + ladakh.gov.in + ddd.gov.in + lakshadweep.gov.in,0.60,collected,2026-06-26
1529,1525,2294,,,true,appointed,"DC/DM, Sham",district/UT official sites + ladakh.gov.in + ddd.gov.in + lakshadweep.gov.in,0.60,collected,2026-06-26
1530,1526,2296,,,true,appointed,"DC/DM, Nubra",district/UT official sites + ladakh.gov.in + ddd.gov.in + lakshadweep.gov.in,0.60,collected,2026-06-26
1531,1527,2298,,,true,appointed,"DC/DM, Changthang",district/UT official sites + ladakh.gov.in + ddd.gov.in + lakshadweep.gov.in,0.60,collected,2026-06-26
1532,1528,2300,,,true,appointed,"DC/DM, Lakshadweep",district/UT official sites + ladakh.gov.in + ddd.gov.in + lakshadweep.gov.in,0.60,collected,2026-06-26
1533,1529,1322,,,true,appointed,"Collector, Thiruvananthapuram",https://gad.kerala.gov.in/en/district-collectors,0.70,collected,2026-06-26
1534,1530,1310,,,true,appointed,"Collector, Kollam",https://gad.kerala.gov.in/en/district-collectors,0.70,collected,2026-06-26
1535,1531,1320,,,true,appointed,"Collector, Pathanamthitta",https://gad.kerala.gov.in/en/district-collectors,0.70,collected,2026-06-26
1536,1532,1300,,,true,appointed,"Collector, Alappuzha",https://gad.kerala.gov.in/en/district-collectors,0.70,collected,2026-06-26
1537,1533,1312,,,true,appointed,"Collector, Kottayam",https://gad.kerala.gov.in/en/district-collectors,0.70,collected,2026-06-26
1538,1534,1304,,,true,appointed,"Collector, Idukki",https://gad.kerala.gov.in/en/district-collectors,0.70,collected,2026-06-26
1539,1535,1302,,,true,appointed,"Collector, Ernakulam",https://gad.kerala.gov.in/en/district-collectors,0.70,collected,2026-06-26
1540,1536,1324,,,true,appointed,"Collector, Thrissur",https://gad.kerala.gov.in/en/district-collectors,0.70,collected,2026-06-26
1541,1537,1318,,,true,appointed,"Collector, Palakkad",https://gad.kerala.gov.in/en/district-collectors,0.70,collected,2026-06-26
1542,1538,1316,,,true,appointed,"Collector, Malappuram",https://gad.kerala.gov.in/en/district-collectors,0.70,collected,2026-06-26
1543,1539,1314,,,true,appointed,"Collector, Kozhikode",https://gad.kerala.gov.in/en/district-collectors,0.70,collected,2026-06-26
1544,1540,1326,,,true,appointed,"Collector, Wayanad",https://gad.kerala.gov.in/en/district-collectors,0.70,collected,2026-06-26
1545,1541,1306,,,true,appointed,"Collector, Kannur",https://gad.kerala.gov.in/en/district-collectors,0.70,collected,2026-06-26
1546,1542,1308,,,true,appointed,"Collector, Kasaragod",https://gad.kerala.gov.in/en/district-collectors,0.70,collected,2026-06-26
1547,1543,1503,,,true,appointed,"SP/CP, Thane",https://home.maharashtra.gov.in/cp-and-sp-offices + mahapolice.gov.in,0.60,collected,2026-06-26
1548,1544,1485,,,true,appointed,"SP/CP, Palghar",https://home.maharashtra.gov.in/cp-and-sp-offices + mahapolice.gov.in,0.60,collected,2026-06-26
1549,1545,1491,,,true,appointed,"SP/CP, Raigad",https://home.maharashtra.gov.in/cp-and-sp-offices + mahapolice.gov.in,0.60,collected,2026-06-26
1550,1546,1493,,,true,appointed,"SP/CP, Ratnagiri",https://home.maharashtra.gov.in/cp-and-sp-offices + mahapolice.gov.in,0.60,collected,2026-06-26
1551,1547,1499,,,true,appointed,"SP/CP, Sindhudurg",https://home.maharashtra.gov.in/cp-and-sp-offices + mahapolice.gov.in,0.60,collected,2026-06-26
1552,1548,1489,,,true,appointed,"SP/CP, Pune",https://home.maharashtra.gov.in/cp-and-sp-offices + mahapolice.gov.in,0.60,collected,2026-06-26
1553,1549,1497,,,true,appointed,"SP/CP, Satara",https://home.maharashtra.gov.in/cp-and-sp-offices + mahapolice.gov.in,0.60,collected,2026-06-26
1554,1550,1495,,,true,appointed,"SP/CP, Sangli",https://home.maharashtra.gov.in/cp-and-sp-offices + mahapolice.gov.in,0.60,collected,2026-06-26
1555,1551,1501,,,true,appointed,"SP/CP, Solapur",https://home.maharashtra.gov.in/cp-and-sp-offices + mahapolice.gov.in,0.60,collected,2026-06-26
1556,1552,1467,,,true,appointed,"SP/CP, Kolhapur",https://home.maharashtra.gov.in/cp-and-sp-offices + mahapolice.gov.in,0.60,collected,2026-06-26
1557,1553,1481,,,true,appointed,"SP/CP, Nashik",https://home.maharashtra.gov.in/cp-and-sp-offices + mahapolice.gov.in,0.60,collected,2026-06-26
1558,1554,1455,,,true,appointed,"SP/CP, Dhule",https://home.maharashtra.gov.in/cp-and-sp-offices + mahapolice.gov.in,0.60,collected,2026-06-26
1559,1555,1479,,,true,appointed,"SP/CP, Nandurbar",https://home.maharashtra.gov.in/cp-and-sp-offices + mahapolice.gov.in,0.60,collected,2026-06-26
1560,1556,1463,,,true,appointed,"SP/CP, Jalgaon",https://home.maharashtra.gov.in/cp-and-sp-offices + mahapolice.gov.in,0.60,collected,2026-06-26
1561,1557,1445,,,true,appointed,"SP/CP, Aurangabad",https://home.maharashtra.gov.in/cp-and-sp-offices + mahapolice.gov.in,0.60,collected,2026-06-26
1562,1558,1465,,,true,appointed,"SP/CP, Jalna",https://home.maharashtra.gov.in/cp-and-sp-offices + mahapolice.gov.in,0.60,collected,2026-06-26
1563,1559,1447,,,true,appointed,"SP/CP, Beed",https://home.maharashtra.gov.in/cp-and-sp-offices + mahapolice.gov.in,0.60,collected,2026-06-26
1564,1560,1469,,,true,appointed,"SP/CP, Latur",https://home.maharashtra.gov.in/cp-and-sp-offices + mahapolice.gov.in,0.60,collected,2026-06-26
1565,1561,1483,,,true,appointed,"SP/CP, Osmanabad",https://home.maharashtra.gov.in/cp-and-sp-offices + mahapolice.gov.in,0.60,collected,2026-06-26
1566,1562,1477,,,true,appointed,"SP/CP, Nanded",https://home.maharashtra.gov.in/cp-and-sp-offices + mahapolice.gov.in,0.60,collected,2026-06-26
1567,1563,1487,,,true,appointed,"SP/CP, Parbhani",https://home.maharashtra.gov.in/cp-and-sp-offices + mahapolice.gov.in,0.60,collected,2026-06-26
1568,1564,1461,,,true,appointed,"SP/CP, Hingoli",https://home.maharashtra.gov.in/cp-and-sp-offices + mahapolice.gov.in,0.60,collected,2026-06-26
1569,1565,1443,,,true,appointed,"SP/CP, Amravati",https://home.maharashtra.gov.in/cp-and-sp-offices + mahapolice.gov.in,0.60,collected,2026-06-26
1570,1566,1441,,,true,appointed,"SP/CP, Akola",https://home.maharashtra.gov.in/cp-and-sp-offices + mahapolice.gov.in,0.60,collected,2026-06-26
1571,1567,1507,,,true,appointed,"SP/CP, Washim",https://home.maharashtra.gov.in/cp-and-sp-offices + mahapolice.gov.in,0.60,collected,2026-06-26
1572,1568,1451,,,true,appointed,"SP/CP, Buldhana",https://home.maharashtra.gov.in/cp-and-sp-offices + mahapolice.gov.in,0.60,collected,2026-06-26
1573,1569,1509,,,true,appointed,"SP/CP, Yavatmal",https://home.maharashtra.gov.in/cp-and-sp-offices + mahapolice.gov.in,0.60,collected,2026-06-26
1574,1570,1475,,,true,appointed,"SP/CP, Nagpur",https://home.maharashtra.gov.in/cp-and-sp-offices + mahapolice.gov.in,0.60,collected,2026-06-26
1575,1571,1505,,,true,appointed,"SP/CP, Wardha",https://home.maharashtra.gov.in/cp-and-sp-offices + mahapolice.gov.in,0.60,collected,2026-06-26
1576,1572,1449,,,true,appointed,"SP/CP, Bhandara",https://home.maharashtra.gov.in/cp-and-sp-offices + mahapolice.gov.in,0.60,collected,2026-06-26
1577,1573,1459,,,true,appointed,"SP/CP, Gondia",https://home.maharashtra.gov.in/cp-and-sp-offices + mahapolice.gov.in,0.60,collected,2026-06-26
1578,1574,1453,,,true,appointed,"SP/CP, Chandrapur",https://home.maharashtra.gov.in/cp-and-sp-offices + mahapolice.gov.in,0.60,collected,2026-06-26
1579,1575,1457,,,true,appointed,"SP/CP, Gadchiroli",https://home.maharashtra.gov.in/cp-and-sp-offices + mahapolice.gov.in,0.60,collected,2026-06-26
1580,1576,1473,,,true,appointed,"SP/CP, Mumbai Suburban",https://home.maharashtra.gov.in/cp-and-sp-offices + mahapolice.gov.in,0.60,collected,2026-06-26
1581,1577,2007,,,true,appointed,"SP/CP, Agra",https://uppolice.gov.in + district police sites,0.60,collected,2026-06-26
1582,1578,2009,,,true,appointed,"SP/CP, Aligarh",https://uppolice.gov.in + district police sites,0.60,collected,2026-06-26
1583,1579,2011,,,true,appointed,"SP/CP, Ambedkar Nagar",https://uppolice.gov.in + district police sites,0.60,collected,2026-06-26
1584,1580,2013,,,true,appointed,"SP/CP, Amethi",https://uppolice.gov.in + district police sites,0.60,collected,2026-06-26
1585,1581,2015,,,true,appointed,"SP/CP, Amroha",https://uppolice.gov.in + district police sites,0.60,collected,2026-06-26
1586,1582,2017,,,true,appointed,"SP/CP, Auraiya",https://uppolice.gov.in + district police sites,0.60,collected,2026-06-26
1587,1583,2019,,,true,appointed,"SP/CP, Ayodhya",https://uppolice.gov.in + district police sites,0.60,collected,2026-06-26
1588,1584,2021,,,true,appointed,"SP/CP, Azamgarh",https://uppolice.gov.in + district police sites,0.60,collected,2026-06-26
1589,1585,2027,,,true,appointed,"SP/CP, Bahraich",https://uppolice.gov.in + district police sites,0.60,collected,2026-06-26
1590,1586,2029,,,true,appointed,"SP/CP, Ballia",https://uppolice.gov.in + district police sites,0.60,collected,2026-06-26
1591,1587,2031,,,true,appointed,"SP/CP, Balrampur",https://uppolice.gov.in + district police sites,0.60,collected,2026-06-26
1592,1588,2033,,,true,appointed,"SP/CP, Banda",https://uppolice.gov.in + district police sites,0.60,collected,2026-06-26
1593,1589,2035,,,true,appointed,"SP/CP, Barabanki",https://uppolice.gov.in + district police sites,0.60,collected,2026-06-26
1594,1590,2037,,,true,appointed,"SP/CP, Bareilly",https://uppolice.gov.in + district police sites,0.60,collected,2026-06-26
1595,1591,2039,,,true,appointed,"SP/CP, Basti",https://uppolice.gov.in + district police sites,0.60,collected,2026-06-26
1596,1592,2041,,,true,appointed,"SP/CP, Bhadohi",https://uppolice.gov.in + district police sites,0.60,collected,2026-06-26
1597,1593,2043,,,true,appointed,"SP/CP, Bijnor",https://uppolice.gov.in + district police sites,0.60,collected,2026-06-26
1598,1594,2023,,,true,appointed,"SP/CP, Budaun",https://uppolice.gov.in + district police sites,0.60,collected,2026-06-26
1599,1595,2045,,,true,appointed,"SP/CP, Bulandshahr",https://uppolice.gov.in + district police sites,0.60,collected,2026-06-26
1600,1596,2047,,,true,appointed,"SP/CP, Chandauli",https://uppolice.gov.in + district police sites,0.60,collected,2026-06-26
1601,1597,2049,,,true,appointed,"SP/CP, Chitrakoot",https://uppolice.gov.in + district police sites,0.60,collected,2026-06-26
1602,1598,2051,,,true,appointed,"SP/CP, Deoria",https://uppolice.gov.in + district police sites,0.60,collected,2026-06-26
1603,1599,2053,,,true,appointed,"SP/CP, Etah",https://uppolice.gov.in + district police sites,0.60,collected,2026-06-26
1604,1600,2055,,,true,appointed,"SP/CP, Etawah",https://uppolice.gov.in + district police sites,0.60,collected,2026-06-26
1605,1601,2057,,,true,appointed,"SP/CP, Farrukhabad",https://uppolice.gov.in + district police sites,0.60,collected,2026-06-26
1606,1602,2059,,,true,appointed,"SP/CP, Fatehpur",https://uppolice.gov.in + district police sites,0.60,collected,2026-06-26
1607,1603,2061,,,true,appointed,"SP/CP, Firozabad",https://uppolice.gov.in + district police sites,0.60,collected,2026-06-26
1608,1604,2063,,,true,appointed,"SP/CP, Gautam Buddha Nagar",https://uppolice.gov.in + district police sites,0.60,collected,2026-06-26
1609,1605,2065,,,true,appointed,"SP/CP, Ghaziabad",https://uppolice.gov.in + district police sites,0.60,collected,2026-06-26
1610,1606,2067,,,true,appointed,"SP/CP, Ghazipur",https://uppolice.gov.in + district police sites,0.60,collected,2026-06-26
1611,1607,2069,,,true,appointed,"SP/CP, Gonda",https://uppolice.gov.in + district police sites,0.60,collected,2026-06-26
1612,1608,2071,,,true,appointed,"SP/CP, Gorakhpur",https://uppolice.gov.in + district police sites,0.60,collected,2026-06-26
1613,1609,2073,,,true,appointed,"SP/CP, Hamirpur",https://uppolice.gov.in + district police sites,0.60,collected,2026-06-26
1614,1610,2075,,,true,appointed,"SP/CP, Hapur",https://uppolice.gov.in + district police sites,0.60,collected,2026-06-26
1615,1611,2077,,,true,appointed,"SP/CP, Hardoi",https://uppolice.gov.in + district police sites,0.60,collected,2026-06-26
1616,1612,2079,,,true,appointed,"SP/CP, Hathras",https://uppolice.gov.in + district police sites,0.60,collected,2026-06-26
1617,1613,2081,,,true,appointed,"SP/CP, Jalaun",https://uppolice.gov.in + district police sites,0.60,collected,2026-06-26
1618,1614,2083,,,true,appointed,"SP/CP, Jaunpur",https://uppolice.gov.in + district police sites,0.60,collected,2026-06-26
1619,1615,2085,,,true,appointed,"SP/CP, Jhansi",https://uppolice.gov.in + district police sites,0.60,collected,2026-06-26
1620,1616,2087,,,true,appointed,"SP/CP, Kannauj",https://uppolice.gov.in + district police sites,0.60,collected,2026-06-26
1621,1617,2089,,,true,appointed,"SP/CP, Kanpur Dehat",https://uppolice.gov.in + district police sites,0.60,collected,2026-06-26
1622,1618,2091,,,true,appointed,"SP/CP, Kanpur Nagar",https://uppolice.gov.in + district police sites,0.60,collected,2026-06-26
1623,1619,2093,,,true,appointed,"SP/CP, Kasganj",https://uppolice.gov.in + district police sites,0.60,collected,2026-06-26
1624,1620,2095,,,true,appointed,"SP/CP, Kaushambi",https://uppolice.gov.in + district police sites,0.60,collected,2026-06-26
1625,1621,2099,,,true,appointed,"SP/CP, Lakhimpur Kheri",https://uppolice.gov.in + district police sites,0.60,collected,2026-06-26
1626,1622,2097,,,true,appointed,"SP/CP, Kushinagar",https://uppolice.gov.in + district police sites,0.60,collected,2026-06-26
1627,1623,2101,,,true,appointed,"SP/CP, Lalitpur",https://uppolice.gov.in + district police sites,0.60,collected,2026-06-26
1628,1624,2103,,,true,appointed,"SP/CP, Lucknow",https://uppolice.gov.in + district police sites,0.60,collected,2026-06-26
1629,1625,2105,,,true,appointed,"SP/CP, Maharajganj",https://uppolice.gov.in + district police sites,0.60,collected,2026-06-26
1630,1626,2107,,,true,appointed,"SP/CP, Mahoba",https://uppolice.gov.in + district police sites,0.60,collected,2026-06-26
1631,1627,2109,,,true,appointed,"SP/CP, Mainpuri",https://uppolice.gov.in + district police sites,0.60,collected,2026-06-26
1632,1628,2111,,,true,appointed,"SP/CP, Mathura",https://uppolice.gov.in + district police sites,0.60,collected,2026-06-26
1633,1629,2113,,,true,appointed,"SP/CP, Mau",https://uppolice.gov.in + district police sites,0.60,collected,2026-06-26
1634,1630,2115,,,true,appointed,"SP/CP, Meerut",https://uppolice.gov.in + district police sites,0.60,collected,2026-06-26
1635,1631,2117,,,true,appointed,"SP/CP, Mirzapur",https://uppolice.gov.in + district police sites,0.60,collected,2026-06-26
1636,1632,2119,,,true,appointed,"SP/CP, Moradabad",https://uppolice.gov.in + district police sites,0.60,collected,2026-06-26
1637,1633,2121,,,true,appointed,"SP/CP, Muzaffarnagar",https://uppolice.gov.in + district police sites,0.60,collected,2026-06-26
1638,1634,2123,,,true,appointed,"SP/CP, Pilibhit",https://uppolice.gov.in + district police sites,0.60,collected,2026-06-26
1639,1635,2125,,,true,appointed,"SP/CP, Pratapgarh",https://uppolice.gov.in + district police sites,0.60,collected,2026-06-26
1640,1636,2127,,,true,appointed,"SP/CP, Prayagraj",https://uppolice.gov.in + district police sites,0.60,collected,2026-06-26
1641,1637,2131,,,true,appointed,"SP/CP, Rampur",https://uppolice.gov.in + district police sites,0.60,collected,2026-06-26
1642,1638,2133,,,true,appointed,"SP/CP, Saharanpur",https://uppolice.gov.in + district police sites,0.60,collected,2026-06-26
1643,1639,2137,,,true,appointed,"SP/CP, Sambhal",https://uppolice.gov.in + district police sites,0.60,collected,2026-06-26
1644,1640,2135,,,true,appointed,"SP/CP, Sant Kabir Nagar",https://uppolice.gov.in + district police sites,0.60,collected,2026-06-26
1645,1641,2139,,,true,appointed,"SP/CP, Shahjahanpur",https://uppolice.gov.in + district police sites,0.60,collected,2026-06-26
1646,1642,2141,,,true,appointed,"SP/CP, Shamli",https://uppolice.gov.in + district police sites,0.60,collected,2026-06-26
1647,1643,2143,,,true,appointed,"SP/CP, Shravasti",https://uppolice.gov.in + district police sites,0.60,collected,2026-06-26
1648,1644,2145,,,true,appointed,"SP/CP, Siddharthnagar",https://uppolice.gov.in + district police sites,0.60,collected,2026-06-26
1649,1645,2147,,,true,appointed,"SP/CP, Sitapur",https://uppolice.gov.in + district police sites,0.60,collected,2026-06-26
1650,1646,2149,,,true,appointed,"SP/CP, Sonbhadra",https://uppolice.gov.in + district police sites,0.60,collected,2026-06-26
1651,1647,2151,,,true,appointed,"SP/CP, Sultanpur",https://uppolice.gov.in + district police sites,0.60,collected,2026-06-26
1652,1648,2153,,,true,appointed,"SP/CP, Unnao",https://uppolice.gov.in + district police sites,0.60,collected,2026-06-26
1653,1649,2155,,,true,appointed,"SP/CP, Varanasi",https://uppolice.gov.in + district police sites,0.60,collected,2026-06-26
1654,1650,1055,,,true,appointed,"SP/CP, Amreli",police.gujarat.gov.in + district police sites + IPS posting lists,0.55,collected,2026-06-26
1655,1651,1057,,,true,appointed,"SP/CP, Anand",police.gujarat.gov.in + district police sites + IPS posting lists,0.55,collected,2026-06-26
1656,1652,1059,,,true,appointed,"SP/CP, Aravalli",police.gujarat.gov.in + district police sites + IPS posting lists,0.55,collected,2026-06-26
1657,1653,1061,,,true,appointed,"SP/CP, Banaskantha",police.gujarat.gov.in + district police sites + IPS posting lists,0.55,collected,2026-06-26
1658,1654,1063,,,true,appointed,"SP/CP, Bharuch",police.gujarat.gov.in + district police sites + IPS posting lists,0.55,collected,2026-06-26
1659,1655,1065,,,true,appointed,"SP/CP, Bhavnagar",police.gujarat.gov.in + district police sites + IPS posting lists,0.55,collected,2026-06-26
1660,1656,1067,,,true,appointed,"SP/CP, Botad",police.gujarat.gov.in + district police sites + IPS posting lists,0.55,collected,2026-06-26
1661,1657,1069,,,true,appointed,"SP/CP, Chhota Udaipur",police.gujarat.gov.in + district police sites + IPS posting lists,0.55,collected,2026-06-26
1662,1658,1071,,,true,appointed,"SP/CP, Dahod",police.gujarat.gov.in + district police sites + IPS posting lists,0.55,collected,2026-06-26
1663,1659,1073,,,true,appointed,"SP/CP, Dang",police.gujarat.gov.in + district police sites + IPS posting lists,0.55,collected,2026-06-26
1664,1660,1075,,,true,appointed,"SP/CP, Devbhoomi Dwarka",police.gujarat.gov.in + district police sites + IPS posting lists,0.55,collected,2026-06-26
1665,1661,1077,,,true,appointed,"SP/CP, Gandhinagar",police.gujarat.gov.in + district police sites + IPS posting lists,0.55,collected,2026-06-26
1666,1662,1079,,,true,appointed,"SP/CP, Gir Somnath",police.gujarat.gov.in + district police sites + IPS posting lists,0.55,collected,2026-06-26
1667,1663,1081,,,true,appointed,"SP/CP, Jamnagar",police.gujarat.gov.in + district police sites + IPS posting lists,0.55,collected,2026-06-26
1668,1664,1083,,,true,appointed,"SP/CP, Junagadh",police.gujarat.gov.in + district police sites + IPS posting lists,0.55,collected,2026-06-26
1669,1665,1085,,,true,appointed,"SP/CP, Kheda",police.gujarat.gov.in + district police sites + IPS posting lists,0.55,collected,2026-06-26
1670,1666,1087,,,true,appointed,"SP/CP, Kutch",police.gujarat.gov.in + district police sites + IPS posting lists,0.55,collected,2026-06-26
1671,1667,1089,,,true,appointed,"SP/CP, Mahisagar",police.gujarat.gov.in + district police sites + IPS posting lists,0.55,collected,2026-06-26
1672,1668,1091,,,true,appointed,"SP/CP, Mehsana",police.gujarat.gov.in + district police sites + IPS posting lists,0.55,collected,2026-06-26
1673,1669,1093,,,true,appointed,"SP/CP, Morbi",police.gujarat.gov.in + district police sites + IPS posting lists,0.55,collected,2026-06-26
1674,1670,1095,,,true,appointed,"SP/CP, Narmada",police.gujarat.gov.in + district police sites + IPS posting lists,0.55,collected,2026-06-26
1675,1671,1097,,,true,appointed,"SP/CP, Navsari",police.gujarat.gov.in + district police sites + IPS posting lists,0.55,collected,2026-06-26
1676,1672,1099,,,true,appointed,"SP/CP, Panchmahal",police.gujarat.gov.in + district police sites + IPS posting lists,0.55,collected,2026-06-26
1677,1673,1101,,,true,appointed,"SP/CP, Patan",police.gujarat.gov.in + district police sites + IPS posting lists,0.55,collected,2026-06-26
1678,1674,1103,,,true,appointed,"SP/CP, Porbandar",police.gujarat.gov.in + district police sites + IPS posting lists,0.55,collected,2026-06-26
1679,1675,1105,,,true,appointed,"SP/CP, Rajkot",police.gujarat.gov.in + district police sites + IPS posting lists,0.55,collected,2026-06-26
1680,1676,1107,,,true,appointed,"SP/CP, Sabarkantha",police.gujarat.gov.in + district police sites + IPS posting lists,0.55,collected,2026-06-26
1681,1677,1109,,,true,appointed,"SP/CP, Surat",police.gujarat.gov.in + district police sites + IPS posting lists,0.55,collected,2026-06-26
1682,1678,1111,,,true,appointed,"SP/CP, Surendranagar",police.gujarat.gov.in + district police sites + IPS posting lists,0.55,collected,2026-06-26
1683,1679,1113,,,true,appointed,"SP/CP, Tapi",police.gujarat.gov.in + district police sites + IPS posting lists,0.55,collected,2026-06-26
1684,1680,1115,,,true,appointed,"SP/CP, Vadodara",police.gujarat.gov.in + district police sites + IPS posting lists,0.55,collected,2026-06-26
1685,1681,1117,,,true,appointed,"SP/CP, Valsad",police.gujarat.gov.in + district police sites + IPS posting lists,0.55,collected,2026-06-26
1686,1682,1767,,,true,appointed,"SP/CP, Jaipur",police.rajasthan.gov.in + district police pages + 2026 IPS posting lists,0.60,collected,2026-06-26
1687,1683,1777,,,true,appointed,"SP/CP, Jodhpur",police.rajasthan.gov.in + district police pages + 2026 IPS posting lists,0.60,collected,2026-06-26
1688,1684,1729,,,true,appointed,"SP/CP, Ajmer",police.rajasthan.gov.in + district police pages + 2026 IPS posting lists,0.60,collected,2026-06-26
1689,1685,1731,,,true,appointed,"SP/CP, Alwar",police.rajasthan.gov.in + district police pages + 2026 IPS posting lists,0.60,collected,2026-06-26
1690,1686,1733,,,true,appointed,"SP/CP, Balotra",police.rajasthan.gov.in + district police pages + 2026 IPS posting lists,0.60,collected,2026-06-26
1691,1687,1741,,,true,appointed,"SP/CP, Beawar",police.rajasthan.gov.in + district police pages + 2026 IPS posting lists,0.60,collected,2026-06-26
1692,1688,1743,,,true,appointed,"SP/CP, Bharatpur",police.rajasthan.gov.in + district police pages + 2026 IPS posting lists,0.60,collected,2026-06-26
1693,1689,1745,,,true,appointed,"SP/CP, Bhilwara",police.rajasthan.gov.in + district police pages + 2026 IPS posting lists,0.60,collected,2026-06-26
1694,1690,1747,,,true,appointed,"SP/CP, Bikaner",police.rajasthan.gov.in + district police pages + 2026 IPS posting lists,0.60,collected,2026-06-26
1695,1691,1749,,,true,appointed,"SP/CP, Bundi",police.rajasthan.gov.in + district police pages + 2026 IPS posting lists,0.60,collected,2026-06-26
1696,1692,1751,,,true,appointed,"SP/CP, Chittorgarh",police.rajasthan.gov.in + district police pages + 2026 IPS posting lists,0.60,collected,2026-06-26
1697,1693,1753,,,true,appointed,"SP/CP, Churu",police.rajasthan.gov.in + district police pages + 2026 IPS posting lists,0.60,collected,2026-06-26
1698,1694,1755,,,true,appointed,"SP/CP, Dausa",police.rajasthan.gov.in + district police pages + 2026 IPS posting lists,0.60,collected,2026-06-26
1699,1695,1757,,,true,appointed,"SP/CP, Deeg",police.rajasthan.gov.in + district police pages + 2026 IPS posting lists,0.60,collected,2026-06-26
1700,1696,1761,,,true,appointed,"SP/CP, Dholpur",police.rajasthan.gov.in + district police pages + 2026 IPS posting lists,0.60,collected,2026-06-26
1701,1697,1759,,,true,appointed,"SP/CP, Didwana-Kuchaman",police.rajasthan.gov.in + district police pages + 2026 IPS posting lists,0.60,collected,2026-06-26
1702,1698,1763,,,true,appointed,"SP/CP, Dungarpur",police.rajasthan.gov.in + district police pages + 2026 IPS posting lists,0.60,collected,2026-06-26
1703,1699,1765,,,true,appointed,"SP/CP, Hanumangarh",police.rajasthan.gov.in + district police pages + 2026 IPS posting lists,0.60,collected,2026-06-26
1704,1700,1773,,,true,appointed,"SP/CP, Jhalawar",police.rajasthan.gov.in + district police pages + 2026 IPS posting lists,0.60,collected,2026-06-26
1705,1701,1775,,,true,appointed,"SP/CP, Jhunjhunu",police.rajasthan.gov.in + district police pages + 2026 IPS posting lists,0.60,collected,2026-06-26
1706,1702,1779,,,true,appointed,"SP/CP, Karauli",police.rajasthan.gov.in + district police pages + 2026 IPS posting lists,0.60,collected,2026-06-26
1707,1703,1781,,,true,appointed,"SP/CP, Khairthal-Tijara",police.rajasthan.gov.in + district police pages + 2026 IPS posting lists,0.60,collected,2026-06-26
1708,1704,1783,,,true,appointed,"SP/CP, Kota",police.rajasthan.gov.in + district police pages + 2026 IPS posting lists,0.60,collected,2026-06-26
1709,1705,1785,,,true,appointed,"SP/CP, Kotputli-Behror",police.rajasthan.gov.in + district police pages + 2026 IPS posting lists,0.60,collected,2026-06-26
1710,1706,1787,,,true,appointed,"SP/CP, Nagaur",police.rajasthan.gov.in + district police pages + 2026 IPS posting lists,0.60,collected,2026-06-26
1711,1707,1789,,,true,appointed,"SP/CP, Pali",police.rajasthan.gov.in + district police pages + 2026 IPS posting lists,0.60,collected,2026-06-26
1712,1708,1791,,,true,appointed,"SP/CP, Phalodi",police.rajasthan.gov.in + district police pages + 2026 IPS posting lists,0.60,collected,2026-06-26
1713,1709,1793,,,true,appointed,"SP/CP, Pratapgarh",police.rajasthan.gov.in + district police pages + 2026 IPS posting lists,0.60,collected,2026-06-26
1714,1710,1795,,,true,appointed,"SP/CP, Rajsamand",police.rajasthan.gov.in + district police pages + 2026 IPS posting lists,0.60,collected,2026-06-26
1715,1711,1797,,,true,appointed,"SP/CP, Salumbar",police.rajasthan.gov.in + district police pages + 2026 IPS posting lists,0.60,collected,2026-06-26
1716,1712,1799,,,true,appointed,"SP/CP, Sawai Madhopur",police.rajasthan.gov.in + district police pages + 2026 IPS posting lists,0.60,collected,2026-06-26
1717,1713,1801,,,true,appointed,"SP/CP, Sikar",police.rajasthan.gov.in + district police pages + 2026 IPS posting lists,0.60,collected,2026-06-26
1718,1714,1803,,,true,appointed,"SP/CP, Sirohi",police.rajasthan.gov.in + district police pages + 2026 IPS posting lists,0.60,collected,2026-06-26
1719,1715,1805,,,true,appointed,"SP/CP, Sri Ganganagar",police.rajasthan.gov.in + district police pages + 2026 IPS posting lists,0.60,collected,2026-06-26
1720,1716,1807,,,true,appointed,"SP/CP, Tonk",police.rajasthan.gov.in + district police pages + 2026 IPS posting lists,0.60,collected,2026-06-26
1721,1717,1809,,,true,appointed,"SP/CP, Udaipur",police.rajasthan.gov.in + district police pages + 2026 IPS posting lists,0.60,collected,2026-06-26
1722,1718,1329,,,true,appointed,"SP/CP, Bhopal",https://www.mppolice.gov.in + district police sites,0.55,collected,2026-06-26
1723,1719,1355,,,true,appointed,"SP/CP, Indore",https://www.mppolice.gov.in + district police sites,0.55,collected,2026-06-26
1724,1720,1345,,,true,appointed,"SP/CP, Gwalior",https://www.mppolice.gov.in + district police sites,0.55,collected,2026-06-26
1725,1721,1371,,,true,appointed,"SP/CP, Jabalpur",https://www.mppolice.gov.in + district police sites,0.55,collected,2026-06-26
1726,1722,1425,,,true,appointed,"SP/CP, Ujjain",https://www.mppolice.gov.in + district police sites,0.55,collected,2026-06-26
1727,1723,1407,,,true,appointed,"SP/CP, Sagar",https://www.mppolice.gov.in + district police sites,0.55,collected,2026-06-26
1728,1724,1395,,,true,appointed,"SP/CP, Rewa",https://www.mppolice.gov.in + district police sites,0.55,collected,2026-06-26
1729,1725,1401,,,true,appointed,"SP/CP, Satna",https://www.mppolice.gov.in + district police sites,0.55,collected,2026-06-26
1730,1726,1337,,,true,appointed,"SP/CP, Vidisha",https://www.mppolice.gov.in + district police sites,0.55,collected,2026-06-26
1731,1727,1335,,,true,appointed,"SP/CP, Sehore",https://www.mppolice.gov.in + district police sites,0.55,collected,2026-06-26
1732,1728,1331,,,true,appointed,"SP/CP, Raisen",https://www.mppolice.gov.in + district police sites,0.55,collected,2026-06-26
1733,1729,1333,,,true,appointed,"SP/CP, Rajgarh",https://www.mppolice.gov.in + district police sites,0.55,collected,2026-06-26
1734,1730,1437,,,true,appointed,"SP/CP, Shajapur",https://www.mppolice.gov.in + district police sites,0.55,collected,2026-06-26
1735,1731,1429,,,true,appointed,"SP/CP, Dewas",https://www.mppolice.gov.in + district police sites,0.55,collected,2026-06-26
1736,1732,1363,,,true,appointed,"SP/CP, Dhar",https://www.mppolice.gov.in + district police sites,0.55,collected,2026-06-26
1737,1733,1435,,,true,appointed,"SP/CP, Ratlam",https://www.mppolice.gov.in + district police sites,0.55,collected,2026-06-26
1738,1734,1431,,,true,appointed,"SP/CP, Mandsaur",https://www.mppolice.gov.in + district police sites,0.55,collected,2026-06-26
1739,1735,1433,,,true,appointed,"SP/CP, Neemuch",https://www.mppolice.gov.in + district police sites,0.55,collected,2026-06-26
1740,1736,1365,,,true,appointed,"SP/CP, Jhabua",https://www.mppolice.gov.in + district police sites,0.55,collected,2026-06-26
1741,1737,1357,,,true,appointed,"SP/CP, Alirajpur",https://www.mppolice.gov.in + district police sites,0.55,collected,2026-06-26
1742,1738,1369,,,true,appointed,"SP/CP, Khargone",https://www.mppolice.gov.in + district police sites,0.55,collected,2026-06-26
1743,1739,1359,,,true,appointed,"SP/CP, Barwani",https://www.mppolice.gov.in + district police sites,0.55,collected,2026-06-26
1744,1740,1367,,,true,appointed,"SP/CP, Khandwa",https://www.mppolice.gov.in + district police sites,0.55,collected,2026-06-26
1745,1741,1361,,,true,appointed,"SP/CP, Burhanpur",https://www.mppolice.gov.in + district police sites,0.55,collected,2026-06-26
1746,1742,1389,,,true,appointed,"SP/CP, Narmadapuram",https://www.mppolice.gov.in + district police sites,0.55,collected,2026-06-26
1747,1743,1391,,,true,appointed,"SP/CP, Betul",https://www.mppolice.gov.in + district police sites,0.55,collected,2026-06-26
1748,1744,1375,,,true,appointed,"SP/CP, Chhindwara",https://www.mppolice.gov.in + district police sites,0.55,collected,2026-06-26
1749,1745,1387,,,true,appointed,"SP/CP, Seoni",https://www.mppolice.gov.in + district police sites,0.55,collected,2026-06-26
1750,1746,1373,,,true,appointed,"SP/CP, Balaghat",https://www.mppolice.gov.in + district police sites,0.55,collected,2026-06-26
1751,1747,1383,,,true,appointed,"SP/CP, Narsinghpur",https://www.mppolice.gov.in + district police sites,0.55,collected,2026-06-26
1752,1748,1411,,,true,appointed,"SP/CP, Damoh",https://www.mppolice.gov.in + district police sites,0.55,collected,2026-06-26
1753,1749,1409,,,true,appointed,"SP/CP, Chhatarpur",https://www.mppolice.gov.in + district police sites,0.55,collected,2026-06-26
1754,1750,1403,,,true,appointed,"SP/CP, Sidhi",https://www.mppolice.gov.in + district police sites,0.55,collected,2026-06-26
1755,1751,1405,,,true,appointed,"SP/CP, Singrauli",https://www.mppolice.gov.in + district police sites,0.55,collected,2026-06-26
1756,1752,1419,,,true,appointed,"SP/CP, Shahdol",https://www.mppolice.gov.in + district police sites,0.55,collected,2026-06-26
1757,1753,1421,,,true,appointed,"SP/CP, Anuppur",https://www.mppolice.gov.in + district police sites,0.55,collected,2026-06-26
1758,1754,1423,,,true,appointed,"SP/CP, Umaria",https://www.mppolice.gov.in + district police sites,0.55,collected,2026-06-26
1759,1755,1377,,,true,appointed,"SP/CP, Dindori",https://www.mppolice.gov.in + district police sites,0.55,collected,2026-06-26
1760,1756,1381,,,true,appointed,"SP/CP, Mandla",https://www.mppolice.gov.in + district police sites,0.55,collected,2026-06-26
1761,1757,1379,,,true,appointed,"SP/CP, Katni",https://www.mppolice.gov.in + district police sites,0.55,collected,2026-06-26
1762,1758,1339,,,true,appointed,"SP/CP, Morena",https://www.mppolice.gov.in + district police sites,0.55,collected,2026-06-26
1763,1759,1341,,,true,appointed,"SP/CP, Bhind",https://www.mppolice.gov.in + district police sites,0.55,collected,2026-06-26
1764,1760,1343,,,true,appointed,"SP/CP, Sheopur",https://www.mppolice.gov.in + district police sites,0.55,collected,2026-06-26
1765,1761,1353,,,true,appointed,"SP/CP, Shivpuri",https://www.mppolice.gov.in + district police sites,0.55,collected,2026-06-26
1766,1762,1351,,,true,appointed,"SP/CP, Guna",https://www.mppolice.gov.in + district police sites,0.55,collected,2026-06-26
1767,1763,1347,,,true,appointed,"SP/CP, Ashoknagar",https://www.mppolice.gov.in + district police sites,0.55,collected,2026-06-26
1768,1764,1349,,,true,appointed,"SP/CP, Datia",https://www.mppolice.gov.in + district police sites,0.55,collected,2026-06-26
1769,1765,1427,,,true,appointed,"SP/CP, Agar Malwa",https://www.mppolice.gov.in + district police sites,0.55,collected,2026-06-26
1770,1766,1397,,,true,appointed,"SP/CP, Maihar",https://www.mppolice.gov.in + district police sites,0.55,collected,2026-06-26
1771,1767,1385,,,true,appointed,"SP/CP, Pandhurna",https://www.mppolice.gov.in + district police sites,0.55,collected,2026-06-26
1772,1768,1399,,,true,appointed,"SP/CP, Mauganj",https://www.mppolice.gov.in + district police sites,0.55,collected,2026-06-26
1773,1769,1241,,,true,appointed,"SP/CP, Bengaluru Urban",https://ksp.karnataka.gov.in + district police/NIC sites,0.55,collected,2026-06-26
1774,1770,1257,,,true,appointed,"SP/CP, Chikkaballapura",https://ksp.karnataka.gov.in + district police/NIC sites,0.55,collected,2026-06-26
1775,1771,1291,,,true,appointed,"SP/CP, Tumakuru",https://ksp.karnataka.gov.in + district police/NIC sites,0.55,collected,2026-06-26
1776,1772,1255,,,true,appointed,"SP/CP, Chamarajanagara",https://ksp.karnataka.gov.in + district police/NIC sites,0.55,collected,2026-06-26
1777,1773,1273,,,true,appointed,"SP/CP, Hassan",https://ksp.karnataka.gov.in + district police/NIC sites,0.55,collected,2026-06-26
1778,1774,1277,,,true,appointed,"SP/CP, Kodagu",https://ksp.karnataka.gov.in + district police/NIC sites,0.55,collected,2026-06-26
1779,1775,1283,,,true,appointed,"SP/CP, Mandya",https://ksp.karnataka.gov.in + district police/NIC sites,0.55,collected,2026-06-26
1780,1776,1285,,,true,appointed,"SP/CP, Mysuru",https://ksp.karnataka.gov.in + district police/NIC sites,0.55,collected,2026-06-26
1781,1777,1259,,,true,appointed,"SP/CP, Chikkamagaluru",https://ksp.karnataka.gov.in + district police/NIC sites,0.55,collected,2026-06-26
1782,1778,1263,,,true,appointed,"SP/CP, Dakshina Kannada",https://ksp.karnataka.gov.in + district police/NIC sites,0.55,collected,2026-06-26
1783,1779,1293,,,true,appointed,"SP/CP, Udupi",https://ksp.karnataka.gov.in + district police/NIC sites,0.55,collected,2026-06-26
1784,1780,1295,,,true,appointed,"SP/CP, Uttara Kannada",https://ksp.karnataka.gov.in + district police/NIC sites,0.55,collected,2026-06-26
1785,1781,1261,,,true,appointed,"SP/CP, Chitradurga",https://ksp.karnataka.gov.in + district police/NIC sites,0.55,collected,2026-06-26
1786,1782,1265,,,true,appointed,"SP/CP, Davanagere",https://ksp.karnataka.gov.in + district police/NIC sites,0.55,collected,2026-06-26
1787,1783,1275,,,true,appointed,"SP/CP, Haveri",https://ksp.karnataka.gov.in + district police/NIC sites,0.55,collected,2026-06-26
1788,1784,1289,,,true,appointed,"SP/CP, Shivamogga",https://ksp.karnataka.gov.in + district police/NIC sites,0.55,collected,2026-06-26
1789,1785,1239,,,true,appointed,"SP/CP, Bagalkote",https://ksp.karnataka.gov.in + district police/NIC sites,0.55,collected,2026-06-26
1790,1786,1247,,,true,appointed,"SP/CP, Belagavi",https://ksp.karnataka.gov.in + district police/NIC sites,0.55,collected,2026-06-26
1791,1787,1267,,,true,appointed,"SP/CP, Dharwad",https://ksp.karnataka.gov.in + district police/NIC sites,0.55,collected,2026-06-26
1792,1788,1269,,,true,appointed,"SP/CP, Gadag",https://ksp.karnataka.gov.in + district police/NIC sites,0.55,collected,2026-06-26
1793,1789,1253,,,true,appointed,"SP/CP, Vijayapura",https://ksp.karnataka.gov.in + district police/NIC sites,0.55,collected,2026-06-26
1794,1790,1251,,,true,appointed,"SP/CP, Bidar",https://ksp.karnataka.gov.in + district police/NIC sites,0.55,collected,2026-06-26
1795,1791,1271,,,true,appointed,"SP/CP, Kalaburagi",https://ksp.karnataka.gov.in + district police/NIC sites,0.55,collected,2026-06-26
1796,1792,1299,,,true,appointed,"SP/CP, Yadgiri",https://ksp.karnataka.gov.in + district police/NIC sites,0.55,collected,2026-06-26
1797,1793,1249,,,true,appointed,"SP/CP, Ballari",https://ksp.karnataka.gov.in + district police/NIC sites,0.55,collected,2026-06-26
1798,1794,1281,,,true,appointed,"SP/CP, Koppal",https://ksp.karnataka.gov.in + district police/NIC sites,0.55,collected,2026-06-26
1799,1795,1287,,,true,appointed,"SP/CP, Raichur",https://ksp.karnataka.gov.in + district police/NIC sites,0.55,collected,2026-06-26
1800,1796,1297,,,true,appointed,"SP/CP, Vijayanagara",https://ksp.karnataka.gov.in + district police/NIC sites,0.55,collected,2026-06-26
1801,1797,739,,,true,appointed,"SP/CP, Visakhapatnam",https://www.appolice.gov.in + district police sites,0.55,collected,2026-06-26
1802,1798,743,,,true,appointed,"SP/CP, Anakapalli",https://www.appolice.gov.in + district police sites,0.55,collected,2026-06-26
1803,1799,741,,,true,appointed,"SP/CP, Alluri Sitharama Raju",https://www.appolice.gov.in + district police sites,0.55,collected,2026-06-26
1804,1800,737,,,true,appointed,"SP/CP, Vizianagaram",https://www.appolice.gov.in + district police sites,0.55,collected,2026-06-26
1805,1801,735,,,true,appointed,"SP/CP, Parvathipuram Manyam",https://www.appolice.gov.in + district police sites,0.55,collected,2026-06-26
1806,1802,733,,,true,appointed,"SP/CP, Srikakulam",https://www.appolice.gov.in + district police sites,0.55,collected,2026-06-26
1807,1803,745,,,true,appointed,"SP/CP, Kakinada",https://www.appolice.gov.in + district police sites,0.55,collected,2026-06-26
1808,1804,747,,,true,appointed,"SP/CP, East Godavari",https://www.appolice.gov.in + district police sites,0.55,collected,2026-06-26
1809,1805,749,,,true,appointed,"SP/CP, Dr. B. R. Ambedkar Konaseema",https://www.appolice.gov.in + district police sites,0.55,collected,2026-06-26
1810,1806,751,,,true,appointed,"SP/CP, Eluru",https://www.appolice.gov.in + district police sites,0.55,collected,2026-06-26
1811,1807,753,,,true,appointed,"SP/CP, West Godavari",https://www.appolice.gov.in + district police sites,0.55,collected,2026-06-26
1812,1808,757,,,true,appointed,"SP/CP, Krishna",https://www.appolice.gov.in + district police sites,0.55,collected,2026-06-26
1813,1809,755,,,true,appointed,"SP/CP, NTR",https://www.appolice.gov.in + district police sites,0.55,collected,2026-06-26
1814,1810,761,,,true,appointed,"SP/CP, Guntur",https://www.appolice.gov.in + district police sites,0.55,collected,2026-06-26
1815,1811,759,,,true,appointed,"SP/CP, Palnadu",https://www.appolice.gov.in + district police sites,0.55,collected,2026-06-26
1816,1812,763,,,true,appointed,"SP/CP, Bapatla",https://www.appolice.gov.in + district police sites,0.55,collected,2026-06-26
1817,1813,765,,,true,appointed,"SP/CP, Prakasam",https://www.appolice.gov.in + district police sites,0.55,collected,2026-06-26
1818,1814,767,,,true,appointed,"SP/CP, Sri Potti Sriramulu Nellore",https://www.appolice.gov.in + district police sites,0.55,collected,2026-06-26
1819,1815,781,,,true,appointed,"SP/CP, Tirupati",https://www.appolice.gov.in + district police sites,0.55,collected,2026-06-26
1820,1816,783,,,true,appointed,"SP/CP, Chittoor",https://www.appolice.gov.in + district police sites,0.55,collected,2026-06-26
1821,1817,779,,,true,appointed,"SP/CP, Annamayya",https://www.appolice.gov.in + district police sites,0.55,collected,2026-06-26
1822,1818,777,,,true,appointed,"SP/CP, YSR Kadapa",https://www.appolice.gov.in + district police sites,0.55,collected,2026-06-26
1823,1819,769,,,true,appointed,"SP/CP, Kurnool",https://www.appolice.gov.in + district police sites,0.55,collected,2026-06-26
1824,1820,771,,,true,appointed,"SP/CP, Nandyal",https://www.appolice.gov.in + district police sites,0.55,collected,2026-06-26
1825,1821,773,,,true,appointed,"SP/CP, Ananthapuramu",https://www.appolice.gov.in + district police sites,0.55,collected,2026-06-26
1826,1822,775,,,true,appointed,"SP/CP, Sri Sathya Sai",https://www.appolice.gov.in + district police sites,0.55,collected,2026-06-26
1827,1823,1827,,,true,appointed,"SP/CP, Chennai",https://erolls.tn.gov.in/blo/SPs.aspx + TN police/EC 2026 transfers,0.60,collected,2026-06-26
1828,1824,1841,,,true,appointed,"SP/CP, Kancheepuram",https://erolls.tn.gov.in/blo/SPs.aspx + TN police/EC 2026 transfers,0.60,collected,2026-06-26
1829,1825,1893,,,true,appointed,"SP/CP, Vellore",https://erolls.tn.gov.in/blo/SPs.aspx + TN police/EC 2026 transfers,0.60,collected,2026-06-26
1830,1826,1847,,,true,appointed,"SP/CP, Krishnagiri",https://erolls.tn.gov.in/blo/SPs.aspx + TN police/EC 2026 transfers,0.60,collected,2026-06-26
1831,1827,1833,,,true,appointed,"SP/CP, Dharmapuri",https://erolls.tn.gov.in/blo/SPs.aspx + TN police/EC 2026 transfers,0.60,collected,2026-06-26
1832,1828,1889,,,true,appointed,"SP/CP, Tiruvannamalai",https://erolls.tn.gov.in/blo/SPs.aspx + TN police/EC 2026 transfers,0.60,collected,2026-06-26
1833,1829,1895,,,true,appointed,"SP/CP, Viluppuram",https://erolls.tn.gov.in/blo/SPs.aspx + TN police/EC 2026 transfers,0.60,collected,2026-06-26
1834,1830,1867,,,true,appointed,"SP/CP, Salem",https://erolls.tn.gov.in/blo/SPs.aspx + TN police/EC 2026 transfers,0.60,collected,2026-06-26
1835,1831,1855,,,true,appointed,"SP/CP, Namakkal",https://erolls.tn.gov.in/blo/SPs.aspx + TN police/EC 2026 transfers,0.60,collected,2026-06-26
1836,1832,1837,,,true,appointed,"SP/CP, Erode",https://erolls.tn.gov.in/blo/SPs.aspx + TN police/EC 2026 transfers,0.60,collected,2026-06-26
1837,1833,1857,,,true,appointed,"SP/CP, Nilgiris",https://erolls.tn.gov.in/blo/SPs.aspx + TN police/EC 2026 transfers,0.60,collected,2026-06-26
1838,1834,1829,,,true,appointed,"SP/CP, Coimbatore",https://erolls.tn.gov.in/blo/SPs.aspx + TN police/EC 2026 transfers,0.60,collected,2026-06-26
1839,1835,1835,,,true,appointed,"SP/CP, Dindigul",https://erolls.tn.gov.in/blo/SPs.aspx + TN police/EC 2026 transfers,0.60,collected,2026-06-26
1840,1836,1845,,,true,appointed,"SP/CP, Karur",https://erolls.tn.gov.in/blo/SPs.aspx + TN police/EC 2026 transfers,0.60,collected,2026-06-26
1841,1837,1879,,,true,appointed,"SP/CP, Tiruchirappalli",https://erolls.tn.gov.in/blo/SPs.aspx + TN police/EC 2026 transfers,0.60,collected,2026-06-26
1842,1838,1859,,,true,appointed,"SP/CP, Perambalur",https://erolls.tn.gov.in/blo/SPs.aspx + TN police/EC 2026 transfers,0.60,collected,2026-06-26
1843,1839,1831,,,true,appointed,"SP/CP, Cuddalore",https://erolls.tn.gov.in/blo/SPs.aspx + TN police/EC 2026 transfers,0.60,collected,2026-06-26
1844,1840,1853,,,true,appointed,"SP/CP, Nagapattinam",https://erolls.tn.gov.in/blo/SPs.aspx + TN police/EC 2026 transfers,0.60,collected,2026-06-26
1845,1841,1873,,,true,appointed,"SP/CP, Thanjavur",https://erolls.tn.gov.in/blo/SPs.aspx + TN police/EC 2026 transfers,0.60,collected,2026-06-26
1846,1842,1861,,,true,appointed,"SP/CP, Pudukkottai",https://erolls.tn.gov.in/blo/SPs.aspx + TN police/EC 2026 transfers,0.60,collected,2026-06-26
1847,1843,1869,,,true,appointed,"SP/CP, Sivaganga",https://erolls.tn.gov.in/blo/SPs.aspx + TN police/EC 2026 transfers,0.60,collected,2026-06-26
1848,1844,1849,,,true,appointed,"SP/CP, Madurai",https://erolls.tn.gov.in/blo/SPs.aspx + TN police/EC 2026 transfers,0.60,collected,2026-06-26
1849,1845,1875,,,true,appointed,"SP/CP, Theni",https://erolls.tn.gov.in/blo/SPs.aspx + TN police/EC 2026 transfers,0.60,collected,2026-06-26
1850,1846,1897,,,true,appointed,"SP/CP, Virudhunagar",https://erolls.tn.gov.in/blo/SPs.aspx + TN police/EC 2026 transfers,0.60,collected,2026-06-26
1851,1847,1863,,,true,appointed,"SP/CP, Ramanathapuram",https://erolls.tn.gov.in/blo/SPs.aspx + TN police/EC 2026 transfers,0.60,collected,2026-06-26
1852,1848,1877,,,true,appointed,"SP/CP, Thoothukudi",https://erolls.tn.gov.in/blo/SPs.aspx + TN police/EC 2026 transfers,0.60,collected,2026-06-26
1853,1849,1881,,,true,appointed,"SP/CP, Tirunelveli",https://erolls.tn.gov.in/blo/SPs.aspx + TN police/EC 2026 transfers,0.60,collected,2026-06-26
1854,1850,1843,,,true,appointed,"SP/CP, Kanyakumari",https://erolls.tn.gov.in/blo/SPs.aspx + TN police/EC 2026 transfers,0.60,collected,2026-06-26
1855,1851,1823,,,true,appointed,"SP/CP, Ariyalur",https://erolls.tn.gov.in/blo/SPs.aspx + TN police/EC 2026 transfers,0.60,collected,2026-06-26
1856,1852,1885,,,true,appointed,"SP/CP, Tiruppur",https://erolls.tn.gov.in/blo/SPs.aspx + TN police/EC 2026 transfers,0.60,collected,2026-06-26
1857,1853,1839,,,true,appointed,"SP/CP, Kallakurichi",https://erolls.tn.gov.in/blo/SPs.aspx + TN police/EC 2026 transfers,0.60,collected,2026-06-26
1858,1854,1871,,,true,appointed,"SP/CP, Tenkasi",https://erolls.tn.gov.in/blo/SPs.aspx + TN police/EC 2026 transfers,0.60,collected,2026-06-26
1859,1855,1825,,,true,appointed,"SP/CP, Chengalpattu",https://erolls.tn.gov.in/blo/SPs.aspx + TN police/EC 2026 transfers,0.60,collected,2026-06-26
1860,1856,1883,,,true,appointed,"SP/CP, Tirupathur",https://erolls.tn.gov.in/blo/SPs.aspx + TN police/EC 2026 transfers,0.60,collected,2026-06-26
1861,1857,1865,,,true,appointed,"SP/CP, Ranipet",https://erolls.tn.gov.in/blo/SPs.aspx + TN police/EC 2026 transfers,0.60,collected,2026-06-26
1862,1858,1851,,,true,appointed,"SP/CP, Mayiladuthurai",https://erolls.tn.gov.in/blo/SPs.aspx + TN police/EC 2026 transfers,0.60,collected,2026-06-26
1863,1859,1899,,,true,appointed,"SP/CP, Adilabad",https://www.telangana.gov.in/contacts/district-officials/ + 29 Jun 2026 IPS reshuffle,0.60,collected,2026-06-26
1864,1860,1935,,,true,appointed,"SP/CP, Bhadradri Kothagudem",https://www.telangana.gov.in/contacts/district-officials/ + 29 Jun 2026 IPS reshuffle,0.60,collected,2026-06-26
1865,1861,1949,,,true,appointed,"SP/CP, Hyderabad",https://www.telangana.gov.in/contacts/district-officials/ + 29 Jun 2026 IPS reshuffle,0.60,collected,2026-06-26
1866,1862,1909,,,true,appointed,"SP/CP, Jagtial",https://www.telangana.gov.in/contacts/district-officials/ + 29 Jun 2026 IPS reshuffle,0.60,collected,2026-06-26
1867,1863,1919,,,true,appointed,"SP/CP, Jayashankar Bhupalpally",https://www.telangana.gov.in/contacts/district-officials/ + 29 Jun 2026 IPS reshuffle,0.60,collected,2026-06-26
1868,1864,1963,,,true,appointed,"SP/CP, Jogulamba Gadwal",https://www.telangana.gov.in/contacts/district-officials/ + 29 Jun 2026 IPS reshuffle,0.60,collected,2026-06-26
1869,1865,1913,,,true,appointed,"SP/CP, Kamareddy",https://www.telangana.gov.in/contacts/district-officials/ + 29 Jun 2026 IPS reshuffle,0.60,collected,2026-06-26
1870,1866,1917,,,true,appointed,"SP/CP, Karimnagar",https://www.telangana.gov.in/contacts/district-officials/ + 29 Jun 2026 IPS reshuffle,0.60,collected,2026-06-26
1871,1867,1937,,,true,appointed,"SP/CP, Khammam",https://www.telangana.gov.in/contacts/district-officials/ + 29 Jun 2026 IPS reshuffle,0.60,collected,2026-06-26
1872,1868,1901,,,true,appointed,"SP/CP, Kumuram Bheem Asifabad",https://www.telangana.gov.in/contacts/district-officials/ + 29 Jun 2026 IPS reshuffle,0.60,collected,2026-06-26
1873,1869,1939,,,true,appointed,"SP/CP, Mahabubabad",https://www.telangana.gov.in/contacts/district-officials/ + 29 Jun 2026 IPS reshuffle,0.60,collected,2026-06-26
1874,1870,1957,,,true,appointed,"SP/CP, Mahabubnagar",https://www.telangana.gov.in/contacts/district-officials/ + 29 Jun 2026 IPS reshuffle,0.60,collected,2026-06-26
1875,1871,1903,,,true,appointed,"SP/CP, Mancherial",https://www.telangana.gov.in/contacts/district-officials/ + 29 Jun 2026 IPS reshuffle,0.60,collected,2026-06-26
1876,1872,1923,,,true,appointed,"SP/CP, Medak",https://www.telangana.gov.in/contacts/district-officials/ + 29 Jun 2026 IPS reshuffle,0.60,collected,2026-06-26
1877,1873,1933,,,true,appointed,"SP/CP, Mulugu",https://www.telangana.gov.in/contacts/district-officials/ + 29 Jun 2026 IPS reshuffle,0.60,collected,2026-06-26
1878,1874,1959,,,true,appointed,"SP/CP, Nagarkurnool",https://www.telangana.gov.in/contacts/district-officials/ + 29 Jun 2026 IPS reshuffle,0.60,collected,2026-06-26
1879,1875,1943,,,true,appointed,"SP/CP, Nalgonda",https://www.telangana.gov.in/contacts/district-officials/ + 29 Jun 2026 IPS reshuffle,0.60,collected,2026-06-26
1880,1876,1955,,,true,appointed,"SP/CP, Narayanpet",https://www.telangana.gov.in/contacts/district-officials/ + 29 Jun 2026 IPS reshuffle,0.60,collected,2026-06-26
1881,1877,1905,,,true,appointed,"SP/CP, Nirmal",https://www.telangana.gov.in/contacts/district-officials/ + 29 Jun 2026 IPS reshuffle,0.60,collected,2026-06-26
1882,1878,1907,,,true,appointed,"SP/CP, Nizamabad",https://www.telangana.gov.in/contacts/district-officials/ + 29 Jun 2026 IPS reshuffle,0.60,collected,2026-06-26
1883,1879,1911,,,true,appointed,"SP/CP, Peddapalli",https://www.telangana.gov.in/contacts/district-officials/ + 29 Jun 2026 IPS reshuffle,0.60,collected,2026-06-26
1884,1880,1915,,,true,appointed,"SP/CP, Rajanna Sircilla",https://www.telangana.gov.in/contacts/district-officials/ + 29 Jun 2026 IPS reshuffle,0.60,collected,2026-06-26
1885,1881,1921,,,true,appointed,"SP/CP, Sangareddy",https://www.telangana.gov.in/contacts/district-officials/ + 29 Jun 2026 IPS reshuffle,0.60,collected,2026-06-26
1886,1882,1925,,,true,appointed,"SP/CP, Siddipet",https://www.telangana.gov.in/contacts/district-officials/ + 29 Jun 2026 IPS reshuffle,0.60,collected,2026-06-26
1887,1883,1953,,,true,appointed,"SP/CP, Vikarabad",https://www.telangana.gov.in/contacts/district-officials/ + 29 Jun 2026 IPS reshuffle,0.60,collected,2026-06-26
1888,1884,1931,,,true,appointed,"SP/CP, Warangal",https://www.telangana.gov.in/contacts/district-officials/ + 29 Jun 2026 IPS reshuffle,0.60,collected,2026-06-26
1889,1885,1945,,,true,appointed,"SP/CP, Yadadri Bhuvanagiri",https://www.telangana.gov.in/contacts/district-officials/ + 29 Jun 2026 IPS reshuffle,0.60,collected,2026-06-26
1890,1886,957,,,true,appointed,"SP/CP, Patna",Bihar Home Dept SP list (Feb 2026) + 20 Jun 2026 reshuffle + district NIC,0.60,collected,2026-06-26
1891,1887,953,,,true,appointed,"SP/CP, Nalanda",Bihar Home Dept SP list (Feb 2026) + 20 Jun 2026 reshuffle + district NIC,0.60,collected,2026-06-26
1892,1888,919,,,true,appointed,"SP/CP, Bhojpur",Bihar Home Dept SP list (Feb 2026) + 20 Jun 2026 reshuffle + district NIC,0.60,collected,2026-06-26
1893,1889,921,,,true,appointed,"SP/CP, Buxar",Bihar Home Dept SP list (Feb 2026) + 20 Jun 2026 reshuffle + district NIC,0.60,collected,2026-06-26
1894,1890,961,,,true,appointed,"SP/CP, Rohtas",Bihar Home Dept SP list (Feb 2026) + 20 Jun 2026 reshuffle + district NIC,0.60,collected,2026-06-26
1895,1891,939,,,true,appointed,"SP/CP, Kaimur",Bihar Home Dept SP list (Feb 2026) + 20 Jun 2026 reshuffle + district NIC,0.60,collected,2026-06-26
1896,1892,927,,,true,appointed,"SP/CP, Gaya",Bihar Home Dept SP list (Feb 2026) + 20 Jun 2026 reshuffle + district NIC,0.60,collected,2026-06-26
1897,1893,933,,,true,appointed,"SP/CP, Jehanabad",Bihar Home Dept SP list (Feb 2026) + 20 Jun 2026 reshuffle + district NIC,0.60,collected,2026-06-26
1898,1894,909,,,true,appointed,"SP/CP, Arwal",Bihar Home Dept SP list (Feb 2026) + 20 Jun 2026 reshuffle + district NIC,0.60,collected,2026-06-26
1899,1895,911,,,true,appointed,"SP/CP, Aurangabad",Bihar Home Dept SP list (Feb 2026) + 20 Jun 2026 reshuffle + district NIC,0.60,collected,2026-06-26
1900,1896,955,,,true,appointed,"SP/CP, Nawada",Bihar Home Dept SP list (Feb 2026) + 20 Jun 2026 reshuffle + district NIC,0.60,collected,2026-06-26
1901,1897,971,,,true,appointed,"SP/CP, Saran",Bihar Home Dept SP list (Feb 2026) + 20 Jun 2026 reshuffle + district NIC,0.60,collected,2026-06-26
1902,1898,977,,,true,appointed,"SP/CP, Siwan",Bihar Home Dept SP list (Feb 2026) + 20 Jun 2026 reshuffle + district NIC,0.60,collected,2026-06-26
1903,1899,929,,,true,appointed,"SP/CP, Gopalganj",Bihar Home Dept SP list (Feb 2026) + 20 Jun 2026 reshuffle + district NIC,0.60,collected,2026-06-26
1904,1900,951,,,true,appointed,"SP/CP, Muzaffarpur",Bihar Home Dept SP list (Feb 2026) + 20 Jun 2026 reshuffle + district NIC,0.60,collected,2026-06-26
1905,1901,925,,,true,appointed,"SP/CP, East Champaran",Bihar Home Dept SP list (Feb 2026) + 20 Jun 2026 reshuffle + district NIC,0.60,collected,2026-06-26
1906,1902,981,,,true,appointed,"SP/CP, West Champaran",Bihar Home Dept SP list (Feb 2026) + 20 Jun 2026 reshuffle + district NIC,0.60,collected,2026-06-26
1907,1903,973,,,true,appointed,"SP/CP, Sitamarhi",Bihar Home Dept SP list (Feb 2026) + 20 Jun 2026 reshuffle + district NIC,0.60,collected,2026-06-26
1908,1904,967,,,true,appointed,"SP/CP, Sheohar",Bihar Home Dept SP list (Feb 2026) + 20 Jun 2026 reshuffle + district NIC,0.60,collected,2026-06-26
1909,1905,979,,,true,appointed,"SP/CP, Vaishali",Bihar Home Dept SP list (Feb 2026) + 20 Jun 2026 reshuffle + district NIC,0.60,collected,2026-06-26
1910,1906,923,,,true,appointed,"SP/CP, Darbhanga",Bihar Home Dept SP list (Feb 2026) + 20 Jun 2026 reshuffle + district NIC,0.60,collected,2026-06-26
1911,1907,945,,,true,appointed,"SP/CP, Madhubani",Bihar Home Dept SP list (Feb 2026) + 20 Jun 2026 reshuffle + district NIC,0.60,collected,2026-06-26
1912,1908,965,,,true,appointed,"SP/CP, Samastipur",Bihar Home Dept SP list (Feb 2026) + 20 Jun 2026 reshuffle + district NIC,0.60,collected,2026-06-26
1913,1909,915,,,true,appointed,"SP/CP, Begusarai",Bihar Home Dept SP list (Feb 2026) + 20 Jun 2026 reshuffle + district NIC,0.60,collected,2026-06-26
1914,1910,935,,,true,appointed,"SP/CP, Khagaria",Bihar Home Dept SP list (Feb 2026) + 20 Jun 2026 reshuffle + district NIC,0.60,collected,2026-06-26
1915,1911,947,,,true,appointed,"SP/CP, Munger",Bihar Home Dept SP list (Feb 2026) + 20 Jun 2026 reshuffle + district NIC,0.60,collected,2026-06-26
1916,1912,943,,,true,appointed,"SP/CP, Lakhisarai",Bihar Home Dept SP list (Feb 2026) + 20 Jun 2026 reshuffle + district NIC,0.60,collected,2026-06-26
1917,1913,969,,,true,appointed,"SP/CP, Sheikhpura",Bihar Home Dept SP list (Feb 2026) + 20 Jun 2026 reshuffle + district NIC,0.60,collected,2026-06-26
1918,1914,931,,,true,appointed,"SP/CP, Jamui",Bihar Home Dept SP list (Feb 2026) + 20 Jun 2026 reshuffle + district NIC,0.60,collected,2026-06-26
1919,1915,917,,,true,appointed,"SP/CP, Bhagalpur",Bihar Home Dept SP list (Feb 2026) + 20 Jun 2026 reshuffle + district NIC,0.60,collected,2026-06-26
1920,1916,913,,,true,appointed,"SP/CP, Banka",Bihar Home Dept SP list (Feb 2026) + 20 Jun 2026 reshuffle + district NIC,0.60,collected,2026-06-26
1921,1917,963,,,true,appointed,"SP/CP, Saharsa",Bihar Home Dept SP list (Feb 2026) + 20 Jun 2026 reshuffle + district NIC,0.60,collected,2026-06-26
1922,1918,949,,,true,appointed,"SP/CP, Madhepura",Bihar Home Dept SP list (Feb 2026) + 20 Jun 2026 reshuffle + district NIC,0.60,collected,2026-06-26
1923,1919,975,,,true,appointed,"SP/CP, Supaul",Bihar Home Dept SP list (Feb 2026) + 20 Jun 2026 reshuffle + district NIC,0.60,collected,2026-06-26
1924,1920,959,,,true,appointed,"SP/CP, Purnia",Bihar Home Dept SP list (Feb 2026) + 20 Jun 2026 reshuffle + district NIC,0.60,collected,2026-06-26
1925,1921,941,,,true,appointed,"SP/CP, Katihar",Bihar Home Dept SP list (Feb 2026) + 20 Jun 2026 reshuffle + district NIC,0.60,collected,2026-06-26
1926,1922,907,,,true,appointed,"SP/CP, Araria",Bihar Home Dept SP list (Feb 2026) + 20 Jun 2026 reshuffle + district NIC,0.60,collected,2026-06-26
1927,1923,937,,,true,appointed,"SP/CP, Kishanganj",Bihar Home Dept SP list (Feb 2026) + 20 Jun 2026 reshuffle + district NIC,0.60,collected,2026-06-26
1928,1924,2157,,,true,appointed,"SP/CP, Alipurduar",https://wb.gov.in/pdf/List_of_Superintendents_of_Police_english.pdf (23 Mar 2026),0.60,collected,2026-06-26
1929,1925,2159,,,true,appointed,"SP/CP, Bankura",https://wb.gov.in/pdf/List_of_Superintendents_of_Police_english.pdf (23 Mar 2026),0.60,collected,2026-06-26
1930,1926,2165,,,true,appointed,"SP/CP, Birbhum",https://wb.gov.in/pdf/List_of_Superintendents_of_Police_english.pdf (23 Mar 2026),0.60,collected,2026-06-26
1931,1927,2167,,,true,appointed,"SP/CP, Cooch Behar",https://wb.gov.in/pdf/List_of_Superintendents_of_Police_english.pdf (23 Mar 2026),0.60,collected,2026-06-26
1932,1928,2169,,,true,appointed,"SP/CP, Dakshin Dinajpur",https://wb.gov.in/pdf/List_of_Superintendents_of_Police_english.pdf (23 Mar 2026),0.60,collected,2026-06-26
1933,1929,2171,,,true,appointed,"SP/CP, Darjeeling",https://wb.gov.in/pdf/List_of_Superintendents_of_Police_english.pdf (23 Mar 2026),0.60,collected,2026-06-26
1934,1930,2173,,,true,appointed,"SP/CP, Hooghly",https://wb.gov.in/pdf/List_of_Superintendents_of_Police_english.pdf (23 Mar 2026),0.60,collected,2026-06-26
1935,1931,2175,,,true,appointed,"SP/CP, Howrah",https://wb.gov.in/pdf/List_of_Superintendents_of_Police_english.pdf (23 Mar 2026),0.60,collected,2026-06-26
1936,1932,2177,,,true,appointed,"SP/CP, Jalpaiguri",https://wb.gov.in/pdf/List_of_Superintendents_of_Police_english.pdf (23 Mar 2026),0.60,collected,2026-06-26
1937,1933,2179,,,true,appointed,"SP/CP, Jhargram",https://wb.gov.in/pdf/List_of_Superintendents_of_Police_english.pdf (23 Mar 2026),0.60,collected,2026-06-26
1938,1934,2181,,,true,appointed,"SP/CP, Kalimpong",https://wb.gov.in/pdf/List_of_Superintendents_of_Police_english.pdf (23 Mar 2026),0.60,collected,2026-06-26
1939,1935,2183,,,true,appointed,"SP/CP, Kolkata",https://wb.gov.in/pdf/List_of_Superintendents_of_Police_english.pdf (23 Mar 2026),0.60,collected,2026-06-26
1940,1936,2185,,,true,appointed,"SP/CP, Malda",https://wb.gov.in/pdf/List_of_Superintendents_of_Police_english.pdf (23 Mar 2026),0.60,collected,2026-06-26
1941,1937,2187,,,true,appointed,"SP/CP, Murshidabad",https://wb.gov.in/pdf/List_of_Superintendents_of_Police_english.pdf (23 Mar 2026),0.60,collected,2026-06-26
1942,1938,2189,,,true,appointed,"SP/CP, Nadia",https://wb.gov.in/pdf/List_of_Superintendents_of_Police_english.pdf (23 Mar 2026),0.60,collected,2026-06-26
1943,1939,2191,,,true,appointed,"SP/CP, North 24 Parganas",https://wb.gov.in/pdf/List_of_Superintendents_of_Police_english.pdf (23 Mar 2026),0.60,collected,2026-06-26
1944,1940,2193,,,true,appointed,"SP/CP, Paschim Medinipur",https://wb.gov.in/pdf/List_of_Superintendents_of_Police_english.pdf (23 Mar 2026),0.60,collected,2026-06-26
1945,1941,2163,,,true,appointed,"SP/CP, Purba Bardhaman",https://wb.gov.in/pdf/List_of_Superintendents_of_Police_english.pdf (23 Mar 2026),0.60,collected,2026-06-26
1946,1942,2195,,,true,appointed,"SP/CP, Purba Medinipur",https://wb.gov.in/pdf/List_of_Superintendents_of_Police_english.pdf (23 Mar 2026),0.60,collected,2026-06-26
1947,1943,2197,,,true,appointed,"SP/CP, Purulia",https://wb.gov.in/pdf/List_of_Superintendents_of_Police_english.pdf (23 Mar 2026),0.60,collected,2026-06-26
1948,1944,2199,,,true,appointed,"SP/CP, South 24 Parganas",https://wb.gov.in/pdf/List_of_Superintendents_of_Police_english.pdf (23 Mar 2026),0.60,collected,2026-06-26
1949,1945,2201,,,true,appointed,"SP/CP, Uttar Dinajpur",https://wb.gov.in/pdf/List_of_Superintendents_of_Police_english.pdf (23 Mar 2026),0.60,collected,2026-06-26
1950,1946,1623,,,true,appointed,"SP/CP, Angul",https://police.odisha.gov.in district police (upd 29 Jun 2026),0.65,collected,2026-06-26
1951,1947,1625,,,true,appointed,"SP/CP, Balangir",https://police.odisha.gov.in district police (upd 29 Jun 2026),0.65,collected,2026-06-26
1952,1948,1627,,,true,appointed,"SP/CP, Balasore",https://police.odisha.gov.in district police (upd 29 Jun 2026),0.65,collected,2026-06-26
1953,1949,1629,,,true,appointed,"SP/CP, Bargarh",https://police.odisha.gov.in district police (upd 29 Jun 2026),0.65,collected,2026-06-26
1954,1950,1631,,,true,appointed,"SP/CP, Bhadrak",https://police.odisha.gov.in district police (upd 29 Jun 2026),0.65,collected,2026-06-26
1955,1951,1633,,,true,appointed,"SP/CP, Boudh",https://police.odisha.gov.in district police (upd 29 Jun 2026),0.65,collected,2026-06-26
1956,1952,1635,,,true,appointed,"SP/CP, Cuttack",https://police.odisha.gov.in district police (upd 29 Jun 2026),0.65,collected,2026-06-26
1957,1953,1637,,,true,appointed,"SP/CP, Deogarh",https://police.odisha.gov.in district police (upd 29 Jun 2026),0.65,collected,2026-06-26
1958,1954,1639,,,true,appointed,"SP/CP, Dhenkanal",https://police.odisha.gov.in district police (upd 29 Jun 2026),0.65,collected,2026-06-26
1959,1955,1641,,,true,appointed,"SP/CP, Gajapati",https://police.odisha.gov.in district police (upd 29 Jun 2026),0.65,collected,2026-06-26
1960,1956,1643,,,true,appointed,"SP/CP, Ganjam",https://police.odisha.gov.in district police (upd 29 Jun 2026),0.65,collected,2026-06-26
1961,1957,1645,,,true,appointed,"SP/CP, Jagatsinghpur",https://police.odisha.gov.in district police (upd 29 Jun 2026),0.65,collected,2026-06-26
1962,1958,1647,,,true,appointed,"SP/CP, Jajpur",https://police.odisha.gov.in district police (upd 29 Jun 2026),0.65,collected,2026-06-26
1963,1959,1649,,,true,appointed,"SP/CP, Jharsuguda",https://police.odisha.gov.in district police (upd 29 Jun 2026),0.65,collected,2026-06-26
1964,1960,1651,,,true,appointed,"SP/CP, Kalahandi",https://police.odisha.gov.in district police (upd 29 Jun 2026),0.65,collected,2026-06-26
1965,1961,1653,,,true,appointed,"SP/CP, Kandhamal",https://police.odisha.gov.in district police (upd 29 Jun 2026),0.65,collected,2026-06-26
1966,1962,1655,,,true,appointed,"SP/CP, Kendrapara",https://police.odisha.gov.in district police (upd 29 Jun 2026),0.65,collected,2026-06-26
1967,1963,1657,,,true,appointed,"SP/CP, Kendujhar",https://police.odisha.gov.in district police (upd 29 Jun 2026),0.65,collected,2026-06-26
1968,1964,1659,,,true,appointed,"SP/CP, Khordha",https://police.odisha.gov.in district police (upd 29 Jun 2026),0.65,collected,2026-06-26
1969,1965,1661,,,true,appointed,"SP/CP, Koraput",https://police.odisha.gov.in district police (upd 29 Jun 2026),0.65,collected,2026-06-26
1970,1966,1663,,,true,appointed,"SP/CP, Malkangiri",https://police.odisha.gov.in district police (upd 29 Jun 2026),0.65,collected,2026-06-26
1971,1967,1665,,,true,appointed,"SP/CP, Mayurbhanj",https://police.odisha.gov.in district police (upd 29 Jun 2026),0.65,collected,2026-06-26
1972,1968,1667,,,true,appointed,"SP/CP, Nabarangpur",https://police.odisha.gov.in district police (upd 29 Jun 2026),0.65,collected,2026-06-26
1973,1969,1669,,,true,appointed,"SP/CP, Nayagarh",https://police.odisha.gov.in district police (upd 29 Jun 2026),0.65,collected,2026-06-26
1974,1970,1671,,,true,appointed,"SP/CP, Nuapada",https://police.odisha.gov.in district police (upd 29 Jun 2026),0.65,collected,2026-06-26
1975,1971,1673,,,true,appointed,"SP/CP, Puri",https://police.odisha.gov.in district police (upd 29 Jun 2026),0.65,collected,2026-06-26
1976,1972,1675,,,true,appointed,"SP/CP, Rayagada",https://police.odisha.gov.in district police (upd 29 Jun 2026),0.65,collected,2026-06-26
1977,1973,1677,,,true,appointed,"SP/CP, Sambalpur",https://police.odisha.gov.in district police (upd 29 Jun 2026),0.65,collected,2026-06-26
1978,1974,1679,,,true,appointed,"SP/CP, Subarnapur",https://police.odisha.gov.in district police (upd 29 Jun 2026),0.65,collected,2026-06-26
1979,1975,1681,,,true,appointed,"SP/CP, Sundargarh",https://police.odisha.gov.in district police (upd 29 Jun 2026),0.65,collected,2026-06-26
1980,1976,1683,,,true,appointed,"SP/CP, Amritsar",https://www.punjabpolice.gov.in/Postings.aspx + district sites,0.60,collected,2026-06-26
1981,1977,1727,,,true,appointed,"SP/CP, Tarn Taran",https://www.punjabpolice.gov.in/Postings.aspx + district sites,0.60,collected,2026-06-26
1982,1978,1697,,,true,appointed,"SP/CP, Gurdaspur",https://www.punjabpolice.gov.in/Postings.aspx + district sites,0.60,collected,2026-06-26
1983,1979,1715,,,true,appointed,"SP/CP, Pathankot",https://www.punjabpolice.gov.in/Postings.aspx + district sites,0.60,collected,2026-06-26
1984,1980,1701,,,true,appointed,"SP/CP, Jalandhar",https://www.punjabpolice.gov.in/Postings.aspx + district sites,0.60,collected,2026-06-26
1985,1981,1703,,,true,appointed,"SP/CP, Kapurthala",https://www.punjabpolice.gov.in/Postings.aspx + district sites,0.60,collected,2026-06-26
1986,1982,1699,,,true,appointed,"SP/CP, Hoshiarpur",https://www.punjabpolice.gov.in/Postings.aspx + district sites,0.60,collected,2026-06-26
1987,1983,1725,,,true,appointed,"SP/CP, Shaheed Bhagat Singh Nagar",https://www.punjabpolice.gov.in/Postings.aspx + district sites,0.60,collected,2026-06-26
1988,1984,1705,,,true,appointed,"SP/CP, Ludhiana",https://www.punjabpolice.gov.in/Postings.aspx + district sites,0.60,collected,2026-06-26
1989,1985,1711,,,true,appointed,"SP/CP, Moga",https://www.punjabpolice.gov.in/Postings.aspx + district sites,0.60,collected,2026-06-26
1990,1986,1693,,,true,appointed,"SP/CP, Firozpur",https://www.punjabpolice.gov.in/Postings.aspx + district sites,0.60,collected,2026-06-26
1991,1987,1695,,,true,appointed,"SP/CP, Fazilka",https://www.punjabpolice.gov.in/Postings.aspx + district sites,0.60,collected,2026-06-26
1992,1988,1689,,,true,appointed,"SP/CP, Faridkot",https://www.punjabpolice.gov.in/Postings.aspx + district sites,0.60,collected,2026-06-26
1993,1989,1713,,,true,appointed,"SP/CP, Sri Muktsar Sahib",https://www.punjabpolice.gov.in/Postings.aspx + district sites,0.60,collected,2026-06-26
1994,1990,1687,,,true,appointed,"SP/CP, Bathinda",https://www.punjabpolice.gov.in/Postings.aspx + district sites,0.60,collected,2026-06-26
1995,1991,1685,,,true,appointed,"SP/CP, Barnala",https://www.punjabpolice.gov.in/Postings.aspx + district sites,0.60,collected,2026-06-26
1996,1992,1723,,,true,appointed,"SP/CP, Sangrur",https://www.punjabpolice.gov.in/Postings.aspx + district sites,0.60,collected,2026-06-26
1997,1993,1707,,,true,appointed,"SP/CP, Malerkotla",https://www.punjabpolice.gov.in/Postings.aspx + district sites,0.60,collected,2026-06-26
1998,1994,1717,,,true,appointed,"SP/CP, Patiala",https://www.punjabpolice.gov.in/Postings.aspx + district sites,0.60,collected,2026-06-26
1999,1995,1691,,,true,appointed,"SP/CP, Fatehgarh Sahib",https://www.punjabpolice.gov.in/Postings.aspx + district sites,0.60,collected,2026-06-26
2000,1996,1721,,,true,appointed,"SP/CP, Sahibzada Ajit Singh Nagar",https://www.punjabpolice.gov.in/Postings.aspx + district sites,0.60,collected,2026-06-26
2001,1997,1719,,,true,appointed,"SP/CP, Rupnagar",https://www.punjabpolice.gov.in/Postings.aspx + district sites,0.60,collected,2026-06-26
2002,1998,1121,,,true,appointed,"SP/CP, Ambala",https://haryanapolice.gov.in range telephone directories (May/Jun 2026),0.65,collected,2026-06-26
2003,1999,1157,,,true,appointed,"SP/CP, Bhiwani",https://haryanapolice.gov.in range telephone directories (May/Jun 2026),0.65,collected,2026-06-26
2004,2000,1159,,,true,appointed,"SP/CP, Charkhi Dadri",https://haryanapolice.gov.in range telephone directories (May/Jun 2026),0.65,collected,2026-06-26
2005,2001,1129,,,true,appointed,"SP/CP, Faridabad",https://haryanapolice.gov.in range telephone directories (May/Jun 2026),0.65,collected,2026-06-26
2006,2002,1143,,,true,appointed,"SP/CP, Fatehabad",https://haryanapolice.gov.in range telephone directories (May/Jun 2026),0.65,collected,2026-06-26
2007,2003,1135,,,true,appointed,"SP/CP, Gurugram",https://haryanapolice.gov.in range telephone directories (May/Jun 2026),0.65,collected,2026-06-26
2008,2004,1141,,,true,appointed,"SP/CP, Hisar",https://haryanapolice.gov.in range telephone directories (May/Jun 2026),0.65,collected,2026-06-26
2009,2005,1161,,,true,appointed,"SP/CP, Jhajjar",https://haryanapolice.gov.in range telephone directories (May/Jun 2026),0.65,collected,2026-06-26
2010,2006,1145,,,true,appointed,"SP/CP, Jind",https://haryanapolice.gov.in range telephone directories (May/Jun 2026),0.65,collected,2026-06-26
2011,2007,1151,,,true,appointed,"SP/CP, Kaithal",https://haryanapolice.gov.in range telephone directories (May/Jun 2026),0.65,collected,2026-06-26
2012,2008,1149,,,true,appointed,"SP/CP, Karnal",https://haryanapolice.gov.in range telephone directories (May/Jun 2026),0.65,collected,2026-06-26
2013,2009,1123,,,true,appointed,"SP/CP, Kurukshetra",https://haryanapolice.gov.in range telephone directories (May/Jun 2026),0.65,collected,2026-06-26
2014,2010,1137,,,true,appointed,"SP/CP, Mahendragarh",https://haryanapolice.gov.in range telephone directories (May/Jun 2026),0.65,collected,2026-06-26
2015,2011,1131,,,true,appointed,"SP/CP, Nuh",https://haryanapolice.gov.in range telephone directories (May/Jun 2026),0.65,collected,2026-06-26
2016,2012,1133,,,true,appointed,"SP/CP, Palwal",https://haryanapolice.gov.in range telephone directories (May/Jun 2026),0.65,collected,2026-06-26
2017,2013,1153,,,true,appointed,"SP/CP, Panipat",https://haryanapolice.gov.in range telephone directories (May/Jun 2026),0.65,collected,2026-06-26
2018,2014,1139,,,true,appointed,"SP/CP, Rewari",https://haryanapolice.gov.in range telephone directories (May/Jun 2026),0.65,collected,2026-06-26
2019,2015,1155,,,true,appointed,"SP/CP, Rohtak",https://haryanapolice.gov.in range telephone directories (May/Jun 2026),0.65,collected,2026-06-26
2020,2016,1147,,,true,appointed,"SP/CP, Sirsa",https://haryanapolice.gov.in range telephone directories (May/Jun 2026),0.65,collected,2026-06-26
2021,2017,1163,,,true,appointed,"SP/CP, Sonipat",https://haryanapolice.gov.in range telephone directories (May/Jun 2026),0.65,collected,2026-06-26
2022,2018,1127,,,true,appointed,"SP/CP, Yamunanagar",https://haryanapolice.gov.in range telephone directories (May/Jun 2026),0.65,collected,2026-06-26
2023,2019,837,,,true,appointed,"SP/CP, Baksa",https://police.assam.gov.in district SPs (upd 20 Jun 2026),0.65,collected,2026-06-26
2024,2020,839,,,true,appointed,"SP/CP, Bajali",https://police.assam.gov.in district SPs (upd 20 Jun 2026),0.65,collected,2026-06-26
2025,2021,841,,,true,appointed,"SP/CP, Barpeta",https://police.assam.gov.in district SPs (upd 20 Jun 2026),0.65,collected,2026-06-26
2026,2022,843,,,true,appointed,"SP/CP, Biswanath",https://police.assam.gov.in district SPs (upd 20 Jun 2026),0.65,collected,2026-06-26
2027,2023,845,,,true,appointed,"SP/CP, Bongaigaon",https://police.assam.gov.in district SPs (upd 20 Jun 2026),0.65,collected,2026-06-26
2028,2024,847,,,true,appointed,"SP/CP, Cachar",https://police.assam.gov.in district SPs (upd 20 Jun 2026),0.65,collected,2026-06-26
2029,2025,849,,,true,appointed,"SP/CP, Charaideo",https://police.assam.gov.in district SPs (upd 20 Jun 2026),0.65,collected,2026-06-26
2030,2026,851,,,true,appointed,"SP/CP, Chirang",https://police.assam.gov.in district SPs (upd 20 Jun 2026),0.65,collected,2026-06-26
2031,2027,853,,,true,appointed,"SP/CP, Darrang",https://police.assam.gov.in district SPs (upd 20 Jun 2026),0.65,collected,2026-06-26
2032,2028,855,,,true,appointed,"SP/CP, Dhemaji",https://police.assam.gov.in district SPs (upd 20 Jun 2026),0.65,collected,2026-06-26
2033,2029,857,,,true,appointed,"SP/CP, Dhubri",https://police.assam.gov.in district SPs (upd 20 Jun 2026),0.65,collected,2026-06-26
2034,2030,859,,,true,appointed,"SP/CP, Dibrugarh",https://police.assam.gov.in district SPs (upd 20 Jun 2026),0.65,collected,2026-06-26
2035,2031,861,,,true,appointed,"SP/CP, Dima Hasao",https://police.assam.gov.in district SPs (upd 20 Jun 2026),0.65,collected,2026-06-26
2036,2032,863,,,true,appointed,"SP/CP, Goalpara",https://police.assam.gov.in district SPs (upd 20 Jun 2026),0.65,collected,2026-06-26
2037,2033,865,,,true,appointed,"SP/CP, Golaghat",https://police.assam.gov.in district SPs (upd 20 Jun 2026),0.65,collected,2026-06-26
2038,2034,867,,,true,appointed,"SP/CP, Hailakandi",https://police.assam.gov.in district SPs (upd 20 Jun 2026),0.65,collected,2026-06-26
2039,2035,869,,,true,appointed,"SP/CP, Hojai",https://police.assam.gov.in district SPs (upd 20 Jun 2026),0.65,collected,2026-06-26
2040,2036,871,,,true,appointed,"SP/CP, Jorhat",https://police.assam.gov.in district SPs (upd 20 Jun 2026),0.65,collected,2026-06-26
2041,2037,875,,,true,appointed,"SP/CP, Kamrup",https://police.assam.gov.in district SPs (upd 20 Jun 2026),0.65,collected,2026-06-26
2042,2038,873,,,true,appointed,"SP/CP, Kamrup Metropolitan",https://police.assam.gov.in district SPs (upd 20 Jun 2026),0.65,collected,2026-06-26
2043,2039,877,,,true,appointed,"SP/CP, Karbi Anglong",https://police.assam.gov.in district SPs (upd 20 Jun 2026),0.65,collected,2026-06-26
2044,2040,879,,,true,appointed,"SP/CP, Sribhumi",https://police.assam.gov.in district SPs (upd 20 Jun 2026),0.65,collected,2026-06-26
2045,2041,881,,,true,appointed,"SP/CP, Kokrajhar",https://police.assam.gov.in district SPs (upd 20 Jun 2026),0.65,collected,2026-06-26
2046,2042,883,,,true,appointed,"SP/CP, Lakhimpur",https://police.assam.gov.in district SPs (upd 20 Jun 2026),0.65,collected,2026-06-26
2047,2043,885,,,true,appointed,"SP/CP, Majuli",https://police.assam.gov.in district SPs (upd 20 Jun 2026),0.65,collected,2026-06-26
2048,2044,887,,,true,appointed,"SP/CP, Morigaon",https://police.assam.gov.in district SPs (upd 20 Jun 2026),0.65,collected,2026-06-26
2049,2045,889,,,true,appointed,"SP/CP, Nagaon",https://police.assam.gov.in district SPs (upd 20 Jun 2026),0.65,collected,2026-06-26
2050,2046,891,,,true,appointed,"SP/CP, Nalbari",https://police.assam.gov.in district SPs (upd 20 Jun 2026),0.65,collected,2026-06-26
2051,2047,893,,,true,appointed,"SP/CP, Sivasagar",https://police.assam.gov.in district SPs (upd 20 Jun 2026),0.65,collected,2026-06-26
2052,2048,895,,,true,appointed,"SP/CP, Sonitpur",https://police.assam.gov.in district SPs (upd 20 Jun 2026),0.65,collected,2026-06-26
2053,2049,897,,,true,appointed,"SP/CP, South Salmara-Mankachar",https://police.assam.gov.in district SPs (upd 20 Jun 2026),0.65,collected,2026-06-26
2054,2050,899,,,true,appointed,"SP/CP, Tamulpur",https://police.assam.gov.in district SPs (upd 20 Jun 2026),0.65,collected,2026-06-26
2055,2051,901,,,true,appointed,"SP/CP, Tinsukia",https://police.assam.gov.in district SPs (upd 20 Jun 2026),0.65,collected,2026-06-26
2056,2052,903,,,true,appointed,"SP/CP, Udalguri",https://police.assam.gov.in district SPs (upd 20 Jun 2026),0.65,collected,2026-06-26
2057,2053,905,,,true,appointed,"SP/CP, West Karbi Anglong",https://police.assam.gov.in district SPs (upd 20 Jun 2026),0.65,collected,2026-06-26
2058,2054,1229,,,true,appointed,"SP/CP, Ranchi",https://jhpolice.gov.in/imp-contacts + district NIC who's-who + Apr 2026 IPS reshuffle,0.55,collected,2026-06-26
2059,2055,1201,,,true,appointed,"SP/CP, East Singhbhum",https://jhpolice.gov.in/imp-contacts + district NIC who's-who + Apr 2026 IPS reshuffle,0.55,collected,2026-06-26
2060,2056,1237,,,true,appointed,"SP/CP, West Singhbhum",https://jhpolice.gov.in/imp-contacts + district NIC who's-who + Apr 2026 IPS reshuffle,0.55,collected,2026-06-26
2061,2057,1233,,,true,appointed,"SP/CP, Saraikela-Kharsawan",https://jhpolice.gov.in/imp-contacts + district NIC who's-who + Apr 2026 IPS reshuffle,0.55,collected,2026-06-26
2062,2058,1197,,,true,appointed,"SP/CP, Dhanbad",https://jhpolice.gov.in/imp-contacts + district NIC who's-who + Apr 2026 IPS reshuffle,0.55,collected,2026-06-26
2063,2059,1191,,,true,appointed,"SP/CP, Bokaro",https://jhpolice.gov.in/imp-contacts + district NIC who's-who + Apr 2026 IPS reshuffle,0.55,collected,2026-06-26
2064,2060,1205,,,true,appointed,"SP/CP, Giridih",https://jhpolice.gov.in/imp-contacts + district NIC who's-who + Apr 2026 IPS reshuffle,0.55,collected,2026-06-26
2065,2061,1211,,,true,appointed,"SP/CP, Hazaribagh",https://jhpolice.gov.in/imp-contacts + district NIC who's-who + Apr 2026 IPS reshuffle,0.55,collected,2026-06-26
2066,2062,1227,,,true,appointed,"SP/CP, Ramgarh",https://jhpolice.gov.in/imp-contacts + district NIC who's-who + Apr 2026 IPS reshuffle,0.55,collected,2026-06-26
2067,2063,1217,,,true,appointed,"SP/CP, Koderma",https://jhpolice.gov.in/imp-contacts + district NIC who's-who + Apr 2026 IPS reshuffle,0.55,collected,2026-06-26
2068,2064,1193,,,true,appointed,"SP/CP, Chatra",https://jhpolice.gov.in/imp-contacts + district NIC who's-who + Apr 2026 IPS reshuffle,0.55,collected,2026-06-26
2069,2065,1199,,,true,appointed,"SP/CP, Dumka",https://jhpolice.gov.in/imp-contacts + district NIC who's-who + Apr 2026 IPS reshuffle,0.55,collected,2026-06-26
2070,2066,1195,,,true,appointed,"SP/CP, Deoghar",https://jhpolice.gov.in/imp-contacts + district NIC who's-who + Apr 2026 IPS reshuffle,0.55,collected,2026-06-26
2071,2067,1207,,,true,appointed,"SP/CP, Godda",https://jhpolice.gov.in/imp-contacts + district NIC who's-who + Apr 2026 IPS reshuffle,0.55,collected,2026-06-26
2072,2068,1231,,,true,appointed,"SP/CP, Sahibganj",https://jhpolice.gov.in/imp-contacts + district NIC who's-who + Apr 2026 IPS reshuffle,0.55,collected,2026-06-26
2073,2069,1223,,,true,appointed,"SP/CP, Pakur",https://jhpolice.gov.in/imp-contacts + district NIC who's-who + Apr 2026 IPS reshuffle,0.55,collected,2026-06-26
2074,2070,1213,,,true,appointed,"SP/CP, Jamtara",https://jhpolice.gov.in/imp-contacts + district NIC who's-who + Apr 2026 IPS reshuffle,0.55,collected,2026-06-26
2075,2071,1225,,,true,appointed,"SP/CP, Palamu",https://jhpolice.gov.in/imp-contacts + district NIC who's-who + Apr 2026 IPS reshuffle,0.55,collected,2026-06-26
2076,2072,1203,,,true,appointed,"SP/CP, Garhwa",https://jhpolice.gov.in/imp-contacts + district NIC who's-who + Apr 2026 IPS reshuffle,0.55,collected,2026-06-26
2077,2073,1219,,,true,appointed,"SP/CP, Latehar",https://jhpolice.gov.in/imp-contacts + district NIC who's-who + Apr 2026 IPS reshuffle,0.55,collected,2026-06-26
2078,2074,1221,,,true,appointed,"SP/CP, Lohardaga",https://jhpolice.gov.in/imp-contacts + district NIC who's-who + Apr 2026 IPS reshuffle,0.55,collected,2026-06-26
2079,2075,1209,,,true,appointed,"SP/CP, Gumla",https://jhpolice.gov.in/imp-contacts + district NIC who's-who + Apr 2026 IPS reshuffle,0.55,collected,2026-06-26
2080,2076,1235,,,true,appointed,"SP/CP, Simdega",https://jhpolice.gov.in/imp-contacts + district NIC who's-who + Apr 2026 IPS reshuffle,0.55,collected,2026-06-26
2081,2077,1215,,,true,appointed,"SP/CP, Khunti",https://jhpolice.gov.in/imp-contacts + district NIC who's-who + Apr 2026 IPS reshuffle,0.55,collected,2026-06-26
2082,2078,1035,,,true,appointed,"SP/CP, Raipur",https://cgpolice.gov.in + district .cg.gov.in who's-who + 2026 IPS transfers,0.55,collected,2026-06-26
2083,2079,1001,,,true,appointed,"SP/CP, Durg",https://cgpolice.gov.in + district .cg.gov.in who's-who + 2026 IPS transfers,0.55,collected,2026-06-26
2084,2080,995,,,true,appointed,"SP/CP, Bilaspur",https://cgpolice.gov.in + district .cg.gov.in who's-who + 2026 IPS transfers,0.55,collected,2026-06-26
2085,2081,991,,,true,appointed,"SP/CP, Bemetara",https://cgpolice.gov.in + district .cg.gov.in who's-who + 2026 IPS transfers,0.55,collected,2026-06-26
2086,2082,983,,,true,appointed,"SP/CP, Balod",https://cgpolice.gov.in + district .cg.gov.in who's-who + 2026 IPS transfers,0.55,collected,2026-06-26
2087,2083,985,,,true,appointed,"SP/CP, Baloda Bazar-Bhatapara",https://cgpolice.gov.in + district .cg.gov.in who's-who + 2026 IPS transfers,0.55,collected,2026-06-26
2088,2084,999,,,true,appointed,"SP/CP, Dhamtari",https://cgpolice.gov.in + district .cg.gov.in who's-who + 2026 IPS transfers,0.55,collected,2026-06-26
2089,2085,1023,,,true,appointed,"SP/CP, Mahasamund",https://cgpolice.gov.in + district .cg.gov.in who's-who + 2026 IPS transfers,0.55,collected,2026-06-26
2090,2086,1003,,,true,appointed,"SP/CP, Gariaband",https://cgpolice.gov.in + district .cg.gov.in who's-who + 2026 IPS transfers,0.55,collected,2026-06-26
2091,2087,1029,,,true,appointed,"SP/CP, Mungeli",https://cgpolice.gov.in + district .cg.gov.in who's-who + 2026 IPS transfers,0.55,collected,2026-06-26
2092,2088,1033,,,true,appointed,"SP/CP, Raigarh",https://cgpolice.gov.in + district .cg.gov.in who's-who + 2026 IPS transfers,0.55,collected,2026-06-26
2093,2089,1007,,,true,appointed,"SP/CP, Janjgir-Champa",https://cgpolice.gov.in + district .cg.gov.in who's-who + 2026 IPS transfers,0.55,collected,2026-06-26
2094,2090,1041,,,true,appointed,"SP/CP, Sakti",https://cgpolice.gov.in + district .cg.gov.in who's-who + 2026 IPS transfers,0.55,collected,2026-06-26
2095,2091,1019,,,true,appointed,"SP/CP, Korba",https://cgpolice.gov.in + district .cg.gov.in who's-who + 2026 IPS transfers,0.55,collected,2026-06-26
2096,2092,1005,,,true,appointed,"SP/CP, Gaurella-Pendra-Marwahi",https://cgpolice.gov.in + district .cg.gov.in who's-who + 2026 IPS transfers,0.55,collected,2026-06-26
2097,2093,1037,,,true,appointed,"SP/CP, Rajnandgaon",https://cgpolice.gov.in + district .cg.gov.in who's-who + 2026 IPS transfers,0.55,collected,2026-06-26
2098,2094,1017,,,true,appointed,"SP/CP, Khairagarh-Chhuikhadan-Gandai",https://cgpolice.gov.in + district .cg.gov.in who's-who + 2026 IPS transfers,0.55,collected,2026-06-26
2099,2095,1047,,,true,appointed,"SP/CP, Surguja",https://cgpolice.gov.in + district .cg.gov.in who's-who + 2026 IPS transfers,0.55,collected,2026-06-26
2100,2096,1045,,,true,appointed,"SP/CP, Surajpur",https://cgpolice.gov.in + district .cg.gov.in who's-who + 2026 IPS transfers,0.55,collected,2026-06-26
2101,2097,987,,,true,appointed,"SP/CP, Balrampur",https://cgpolice.gov.in + district .cg.gov.in who's-who + 2026 IPS transfers,0.55,collected,2026-06-26
2102,2098,1009,,,true,appointed,"SP/CP, Jashpur",https://cgpolice.gov.in + district .cg.gov.in who's-who + 2026 IPS transfers,0.55,collected,2026-06-26
2103,2099,1021,,,true,appointed,"SP/CP, Koriya",https://cgpolice.gov.in + district .cg.gov.in who's-who + 2026 IPS transfers,0.55,collected,2026-06-26
2104,2100,1025,,,true,appointed,"SP/CP, Manendragarh-Chirmiri-Bharatpur",https://cgpolice.gov.in + district .cg.gov.in who's-who + 2026 IPS transfers,0.55,collected,2026-06-26
2105,2101,989,,,true,appointed,"SP/CP, Bastar",https://cgpolice.gov.in + district .cg.gov.in who's-who + 2026 IPS transfers,0.55,collected,2026-06-26
2106,2102,1015,,,true,appointed,"SP/CP, Kondagaon",https://cgpolice.gov.in + district .cg.gov.in who's-who + 2026 IPS transfers,0.55,collected,2026-06-26
2107,2103,1013,,,true,appointed,"SP/CP, Kanker",https://cgpolice.gov.in + district .cg.gov.in who's-who + 2026 IPS transfers,0.55,collected,2026-06-26
2108,2104,1031,,,true,appointed,"SP/CP, Narayanpur",https://cgpolice.gov.in + district .cg.gov.in who's-who + 2026 IPS transfers,0.55,collected,2026-06-26
2109,2105,997,,,true,appointed,"SP/CP, Dantewada",https://cgpolice.gov.in + district .cg.gov.in who's-who + 2026 IPS transfers,0.55,collected,2026-06-26
2110,2106,993,,,true,appointed,"SP/CP, Bijapur",https://cgpolice.gov.in + district .cg.gov.in who's-who + 2026 IPS transfers,0.55,collected,2026-06-26
2111,2107,1043,,,true,appointed,"SP/CP, Sukma",https://cgpolice.gov.in + district .cg.gov.in who's-who + 2026 IPS transfers,0.55,collected,2026-06-26
2112,2108,1323,,,true,appointed,"SP/CP, Thiruvananthapuram",https://keralapolice.gov.in + district sites + Jun 2026 IPS reshuffle,0.65,collected,2026-06-26
2113,2109,1311,,,true,appointed,"SP/CP, Kollam",https://keralapolice.gov.in + district sites + Jun 2026 IPS reshuffle,0.65,collected,2026-06-26
2114,2110,1321,,,true,appointed,"SP/CP, Pathanamthitta",https://keralapolice.gov.in + district sites + Jun 2026 IPS reshuffle,0.65,collected,2026-06-26
2115,2111,1301,,,true,appointed,"SP/CP, Alappuzha",https://keralapolice.gov.in + district sites + Jun 2026 IPS reshuffle,0.65,collected,2026-06-26
2116,2112,1313,,,true,appointed,"SP/CP, Kottayam",https://keralapolice.gov.in + district sites + Jun 2026 IPS reshuffle,0.65,collected,2026-06-26
2117,2113,1305,,,true,appointed,"SP/CP, Idukki",https://keralapolice.gov.in + district sites + Jun 2026 IPS reshuffle,0.65,collected,2026-06-26
2118,2114,1303,,,true,appointed,"SP/CP, Ernakulam",https://keralapolice.gov.in + district sites + Jun 2026 IPS reshuffle,0.65,collected,2026-06-26
2119,2115,1325,,,true,appointed,"SP/CP, Thrissur",https://keralapolice.gov.in + district sites + Jun 2026 IPS reshuffle,0.65,collected,2026-06-26
2120,2116,1319,,,true,appointed,"SP/CP, Palakkad",https://keralapolice.gov.in + district sites + Jun 2026 IPS reshuffle,0.65,collected,2026-06-26
2121,2117,1317,,,true,appointed,"SP/CP, Malappuram",https://keralapolice.gov.in + district sites + Jun 2026 IPS reshuffle,0.65,collected,2026-06-26
2122,2118,1315,,,true,appointed,"SP/CP, Kozhikode",https://keralapolice.gov.in + district sites + Jun 2026 IPS reshuffle,0.65,collected,2026-06-26
2123,2119,1327,,,true,appointed,"SP/CP, Wayanad",https://keralapolice.gov.in + district sites + Jun 2026 IPS reshuffle,0.65,collected,2026-06-26
2124,2120,1307,,,true,appointed,"SP/CP, Kannur",https://keralapolice.gov.in + district sites + Jun 2026 IPS reshuffle,0.65,collected,2026-06-26
2125,2121,1309,,,true,appointed,"SP/CP, Kasaragod",https://keralapolice.gov.in + district sites + Jun 2026 IPS reshuffle,0.65,collected,2026-06-26
2126,2122,1167,,,true,appointed,"SP/CP, Bilaspur",https://citizenportal.hppolice.gov.in + district NIC + 2026 reshuffles,0.60,collected,2026-06-26
2127,2123,1169,,,true,appointed,"SP/CP, Chamba",https://citizenportal.hppolice.gov.in + district NIC + 2026 reshuffles,0.60,collected,2026-06-26
2128,2124,1171,,,true,appointed,"SP/CP, Hamirpur",https://citizenportal.hppolice.gov.in + district NIC + 2026 reshuffles,0.60,collected,2026-06-26
2129,2125,1173,,,true,appointed,"SP/CP, Kangra",https://citizenportal.hppolice.gov.in + district NIC + 2026 reshuffles,0.60,collected,2026-06-26
2130,2126,1175,,,true,appointed,"SP/CP, Kinnaur",https://citizenportal.hppolice.gov.in + district NIC + 2026 reshuffles,0.60,collected,2026-06-26
2131,2127,1177,,,true,appointed,"SP/CP, Kullu",https://citizenportal.hppolice.gov.in + district NIC + 2026 reshuffles,0.60,collected,2026-06-26
2132,2128,1179,,,true,appointed,"SP/CP, Lahaul and Spiti",https://citizenportal.hppolice.gov.in + district NIC + 2026 reshuffles,0.60,collected,2026-06-26
2133,2129,1181,,,true,appointed,"SP/CP, Mandi",https://citizenportal.hppolice.gov.in + district NIC + 2026 reshuffles,0.60,collected,2026-06-26
2134,2130,1183,,,true,appointed,"SP/CP, Shimla",https://citizenportal.hppolice.gov.in + district NIC + 2026 reshuffles,0.60,collected,2026-06-26
2135,2131,1185,,,true,appointed,"SP/CP, Sirmaur",https://citizenportal.hppolice.gov.in + district NIC + 2026 reshuffles,0.60,collected,2026-06-26
2136,2132,1187,,,true,appointed,"SP/CP, Solan",https://citizenportal.hppolice.gov.in + district NIC + 2026 reshuffles,0.60,collected,2026-06-26
2137,2133,1189,,,true,appointed,"SP/CP, Una",https://citizenportal.hppolice.gov.in + district NIC + 2026 reshuffles,0.60,collected,2026-06-26
2138,2134,1989,,,true,appointed,"SP/SSP, Dehradun",https://uttarakhandpolice.uk.gov.in/whos_who_list + district NIC + Feb 2026 reshuffle,0.50,collected,2026-06-26
2139,2135,1991,,,true,appointed,"SP/SSP, Haridwar",https://uttarakhandpolice.uk.gov.in/whos_who_list + district NIC + Feb 2026 reshuffle,0.50,collected,2026-06-26
2140,2136,2003,,,true,appointed,"SP/SSP, Udham Singh Nagar",https://uttarakhandpolice.uk.gov.in/whos_who_list + district NIC + Feb 2026 reshuffle,0.50,collected,2026-06-26
2141,2137,1993,,,true,appointed,"SP/SSP, Nainital",https://uttarakhandpolice.uk.gov.in/whos_who_list + district NIC + Feb 2026 reshuffle,0.50,collected,2026-06-26
2142,2138,1995,,,true,appointed,"SP/SSP, Pauri Garhwal",https://uttarakhandpolice.uk.gov.in/whos_who_list + district NIC + Feb 2026 reshuffle,0.50,collected,2026-06-26
2143,2139,1999,,,true,appointed,"SP/SSP, Rudraprayag",https://uttarakhandpolice.uk.gov.in/whos_who_list + district NIC + Feb 2026 reshuffle,0.50,collected,2026-06-26
2144,2140,1997,,,true,appointed,"SP/SSP, Pithoragarh",https://uttarakhandpolice.uk.gov.in/whos_who_list + district NIC + Feb 2026 reshuffle,0.50,collected,2026-06-26
2145,2141,1981,,,true,appointed,"SP/SSP, Almora",https://uttarakhandpolice.uk.gov.in/whos_who_list + district NIC + Feb 2026 reshuffle,0.50,collected,2026-06-26
2146,2142,1983,,,true,appointed,"SP/SSP, Bageshwar",https://uttarakhandpolice.uk.gov.in/whos_who_list + district NIC + Feb 2026 reshuffle,0.50,collected,2026-06-26
2147,2143,1987,,,true,appointed,"SP/SSP, Champawat",https://uttarakhandpolice.uk.gov.in/whos_who_list + district NIC + Feb 2026 reshuffle,0.50,collected,2026-06-26
2148,2144,2245,,,true,appointed,"SSP/SP, Srinagar",https://www.jkpolice.gov.in/District-Headquarters + Apr 2026 reshuffle + district NIC,0.55,collected,2026-06-26
2149,2145,2247,,,true,appointed,"SSP/SP, Budgam",https://www.jkpolice.gov.in/District-Headquarters + Apr 2026 reshuffle + district NIC,0.55,collected,2026-06-26
2150,2146,2249,,,true,appointed,"SSP/SP, Anantnag",https://www.jkpolice.gov.in/District-Headquarters + Apr 2026 reshuffle + district NIC,0.55,collected,2026-06-26
2151,2147,2253,,,true,appointed,"SSP/SP, Pulwama",https://www.jkpolice.gov.in/District-Headquarters + Apr 2026 reshuffle + district NIC,0.55,collected,2026-06-26
2152,2148,2255,,,true,appointed,"SSP/SP, Shopian",https://www.jkpolice.gov.in/District-Headquarters + Apr 2026 reshuffle + district NIC,0.55,collected,2026-06-26
2153,2149,2251,,,true,appointed,"SSP/SP, Kulgam",https://www.jkpolice.gov.in/District-Headquarters + Apr 2026 reshuffle + district NIC,0.55,collected,2026-06-26
2154,2150,2257,,,true,appointed,"SSP/SP, Baramulla",https://www.jkpolice.gov.in/District-Headquarters + Apr 2026 reshuffle + district NIC,0.55,collected,2026-06-26
2155,2151,2261,,,true,appointed,"SSP/SP, Kupwara",https://www.jkpolice.gov.in/District-Headquarters + Apr 2026 reshuffle + district NIC,0.55,collected,2026-06-26
2156,2152,2263,,,true,appointed,"SSP/SP, Ganderbal",https://www.jkpolice.gov.in/District-Headquarters + Apr 2026 reshuffle + district NIC,0.55,collected,2026-06-26
2157,2153,2225,,,true,appointed,"SSP/SP, Jammu",https://www.jkpolice.gov.in/District-Headquarters + Apr 2026 reshuffle + district NIC,0.55,collected,2026-06-26
2158,2154,2227,,,true,appointed,"SSP/SP, Samba",https://www.jkpolice.gov.in/District-Headquarters + Apr 2026 reshuffle + district NIC,0.55,collected,2026-06-26
2159,2155,2229,,,true,appointed,"SSP/SP, Kathua",https://www.jkpolice.gov.in/District-Headquarters + Apr 2026 reshuffle + district NIC,0.55,collected,2026-06-26
2160,2156,2231,,,true,appointed,"SSP/SP, Udhampur",https://www.jkpolice.gov.in/District-Headquarters + Apr 2026 reshuffle + district NIC,0.55,collected,2026-06-26
2161,2157,2233,,,true,appointed,"SSP/SP, Reasi",https://www.jkpolice.gov.in/District-Headquarters + Apr 2026 reshuffle + district NIC,0.55,collected,2026-06-26
2162,2158,2235,,,true,appointed,"SSP/SP, Rajouri",https://www.jkpolice.gov.in/District-Headquarters + Apr 2026 reshuffle + district NIC,0.55,collected,2026-06-26
2163,2159,2237,,,true,appointed,"SSP/SP, Poonch",https://www.jkpolice.gov.in/District-Headquarters + Apr 2026 reshuffle + district NIC,0.55,collected,2026-06-26
2164,2160,2239,,,true,appointed,"SSP/SP, Doda",https://www.jkpolice.gov.in/District-Headquarters + Apr 2026 reshuffle + district NIC,0.55,collected,2026-06-26
2165,2161,2241,,,true,appointed,"SSP/SP, Ramban",https://www.jkpolice.gov.in/District-Headquarters + Apr 2026 reshuffle + district NIC,0.55,collected,2026-06-26
2166,2162,2243,,,true,appointed,"SSP/SP, Kishtwar",https://www.jkpolice.gov.in/District-Headquarters + Apr 2026 reshuffle + district NIC,0.55,collected,2026-06-26
2167,2163,2207,,,true,appointed,"DCP, New Delhi",https://delhipolice.gov.in Manual-9 directory (09.03.2026) + Mar 2026 reshuffle,0.60,collected,2026-06-26
2168,2164,2203,,,true,appointed,"DCP, Central Delhi",https://delhipolice.gov.in Manual-9 directory (09.03.2026) + Mar 2026 reshuffle,0.60,collected,2026-06-26
2169,2165,2217,,,true,appointed,"DCP, South Delhi",https://delhipolice.gov.in Manual-9 directory (09.03.2026) + Mar 2026 reshuffle,0.60,collected,2026-06-26
2170,2166,2205,,,true,appointed,"DCP, East Delhi",https://delhipolice.gov.in Manual-9 directory (09.03.2026) + Mar 2026 reshuffle,0.60,collected,2026-06-26
2171,2167,2223,,,true,appointed,"DCP, West Delhi",https://delhipolice.gov.in Manual-9 directory (09.03.2026) + Mar 2026 reshuffle,0.60,collected,2026-06-26
2172,2168,2211,,,true,appointed,"DCP, North East Delhi",https://delhipolice.gov.in Manual-9 directory (09.03.2026) + Mar 2026 reshuffle,0.60,collected,2026-06-26
2173,2169,2213,,,true,appointed,"DCP, North West Delhi",https://delhipolice.gov.in Manual-9 directory (09.03.2026) + Mar 2026 reshuffle,0.60,collected,2026-06-26
2174,2170,2219,,,true,appointed,"DCP, South East Delhi",https://delhipolice.gov.in Manual-9 directory (09.03.2026) + Mar 2026 reshuffle,0.60,collected,2026-06-26
2175,2171,2221,,,true,appointed,"DCP, South West Delhi",https://delhipolice.gov.in Manual-9 directory (09.03.2026) + Mar 2026 reshuffle,0.60,collected,2026-06-26
2176,2172,2215,,,true,appointed,"DCP, Shahdara",https://delhipolice.gov.in Manual-9 directory (09.03.2026) + Mar 2026 reshuffle,0.60,collected,2026-06-26
2177,2173,1049,,,true,appointed,"SP, North Goa",https://citizen.goapolice.gov.in/web/guest/sp + Goa Police directory,0.55,collected,2026-06-26
2178,2174,1051,,,true,appointed,"SP, South Goa",https://citizen.goapolice.gov.in/web/guest/sp + Goa Police directory,0.55,collected,2026-06-26
2179,2175,1811,,,true,appointed,"SP/SSP, Gangtok",https://police.sikkim.gov.in + district NIC who's-who,0.55,collected,2026-06-26
2180,2176,1813,,,true,appointed,"SP/SSP, Mangan",https://police.sikkim.gov.in + district NIC who's-who,0.55,collected,2026-06-26
2181,2177,1821,,,true,appointed,"SP/SSP, Gyalshing",https://police.sikkim.gov.in + district NIC who's-who,0.55,collected,2026-06-26
2182,2178,1817,,,true,appointed,"SP/SSP, Soreng",https://police.sikkim.gov.in + district NIC who's-who,0.55,collected,2026-06-26
2183,2179,1815,,,true,appointed,"SP/SSP, Pakyong",https://police.sikkim.gov.in + district NIC who's-who,0.55,collected,2026-06-26
2184,2180,2267,,,true,appointed,"SP/SSP, Karaikal",https://police.py.gov.in + dpar.py.gov.in + Jun 2025 reshuffle,0.55,collected,2026-06-26
2185,2181,2269,,,true,appointed,"SP/SSP, Mahe",https://police.py.gov.in + dpar.py.gov.in + Jun 2025 reshuffle,0.55,collected,2026-06-26
2186,2182,1979,,,true,appointed,"SP, West Tripura",state police sites (tripurapolice/manipurpolice/megpolice) + district NIC + 2026 IPS transfers,0.60,collected,2026-06-26
2187,2183,1973,,,true,appointed,"SP, Sipahijala",state police sites (tripurapolice/manipurpolice/megpolice) + district NIC + 2026 IPS transfers,0.60,collected,2026-06-26
2188,2184,1969,,,true,appointed,"SP, Khowai",state police sites (tripurapolice/manipurpolice/megpolice) + district NIC + 2026 IPS transfers,0.60,collected,2026-06-26
2189,2185,1967,,,true,appointed,"SP, Gomati",state police sites (tripurapolice/manipurpolice/megpolice) + district NIC + 2026 IPS transfers,0.60,collected,2026-06-26
2190,2186,1975,,,true,appointed,"SP, South Tripura",state police sites (tripurapolice/manipurpolice/megpolice) + district NIC + 2026 IPS transfers,0.60,collected,2026-06-26
2191,2187,1965,,,true,appointed,"SP, Dhalai",state police sites (tripurapolice/manipurpolice/megpolice) + district NIC + 2026 IPS transfers,0.60,collected,2026-06-26
2192,2188,1977,,,true,appointed,"SP, Unakoti",state police sites (tripurapolice/manipurpolice/megpolice) + district NIC + 2026 IPS transfers,0.60,collected,2026-06-26
2193,2189,1971,,,true,appointed,"SP, North Tripura",state police sites (tripurapolice/manipurpolice/megpolice) + district NIC + 2026 IPS transfers,0.60,collected,2026-06-26
2194,2190,1519,,,true,appointed,"SP, Imphal West",state police sites (tripurapolice/manipurpolice/megpolice) + district NIC + 2026 IPS transfers,0.55,collected,2026-06-26
2195,2191,1517,,,true,appointed,"SP, Imphal East",state police sites (tripurapolice/manipurpolice/megpolice) + district NIC + 2026 IPS transfers,0.55,collected,2026-06-26
2196,2192,1511,,,true,appointed,"SP, Bishnupur",state police sites (tripurapolice/manipurpolice/megpolice) + district NIC + 2026 IPS transfers,0.55,collected,2026-06-26
2197,2193,1539,,,true,appointed,"SP, Thoubal",state police sites (tripurapolice/manipurpolice/megpolice) + district NIC + 2026 IPS transfers,0.55,collected,2026-06-26
2198,2194,1523,,,true,appointed,"SP, Kakching",state police sites (tripurapolice/manipurpolice/megpolice) + district NIC + 2026 IPS transfers,0.55,collected,2026-06-26
2199,2195,1515,,,true,appointed,"SP, Churachandpur",state police sites (tripurapolice/manipurpolice/megpolice) + district NIC + 2026 IPS transfers,0.55,collected,2026-06-26
2200,2196,1531,,,true,appointed,"SP, Pherzawl",state police sites (tripurapolice/manipurpolice/megpolice) + district NIC + 2026 IPS transfers,0.55,collected,2026-06-26
2201,2197,1533,,,true,appointed,"SP, Senapati",state police sites (tripurapolice/manipurpolice/megpolice) + district NIC + 2026 IPS transfers,0.55,collected,2026-06-26
2202,2198,1535,,,true,appointed,"SP, Tamenglong",state police sites (tripurapolice/manipurpolice/megpolice) + district NIC + 2026 IPS transfers,0.55,collected,2026-06-26
2203,2199,1529,,,true,appointed,"SP, Noney",state police sites (tripurapolice/manipurpolice/megpolice) + district NIC + 2026 IPS transfers,0.55,collected,2026-06-26
2204,2200,1527,,,true,appointed,"SP, Kangpokpi",state police sites (tripurapolice/manipurpolice/megpolice) + district NIC + 2026 IPS transfers,0.55,collected,2026-06-26
2205,2201,1541,,,true,appointed,"SP, Ukhrul",state police sites (tripurapolice/manipurpolice/megpolice) + district NIC + 2026 IPS transfers,0.55,collected,2026-06-26
2206,2202,1525,,,true,appointed,"SP, Kamjong",state police sites (tripurapolice/manipurpolice/megpolice) + district NIC + 2026 IPS transfers,0.55,collected,2026-06-26
2207,2203,1513,,,true,appointed,"SP, Chandel",state police sites (tripurapolice/manipurpolice/megpolice) + district NIC + 2026 IPS transfers,0.55,collected,2026-06-26
2208,2204,1537,,,true,appointed,"SP, Tengnoupal",state police sites (tripurapolice/manipurpolice/megpolice) + district NIC + 2026 IPS transfers,0.55,collected,2026-06-26
2209,2205,1521,,,true,appointed,"SP, Jiribam",state police sites (tripurapolice/manipurpolice/megpolice) + district NIC + 2026 IPS transfers,0.55,collected,2026-06-26
2210,2206,1557,,,true,appointed,"SP, East Khasi Hills",state police sites (tripurapolice/manipurpolice/megpolice) + district NIC + 2026 IPS transfers,0.60,collected,2026-06-26
2211,2207,1559,,,true,appointed,"SP, West Khasi Hills",state police sites (tripurapolice/manipurpolice/megpolice) + district NIC + 2026 IPS transfers,0.60,collected,2026-06-26
2212,2208,1561,,,true,appointed,"SP, South West Khasi Hills",state police sites (tripurapolice/manipurpolice/megpolice) + district NIC + 2026 IPS transfers,0.60,collected,2026-06-26
2213,2209,1565,,,true,appointed,"SP, Ri-Bhoi",state police sites (tripurapolice/manipurpolice/megpolice) + district NIC + 2026 IPS transfers,0.60,collected,2026-06-26
2214,2210,1563,,,true,appointed,"SP, Eastern West Khasi Hills",state police sites (tripurapolice/manipurpolice/megpolice) + district NIC + 2026 IPS transfers,0.60,collected,2026-06-26
2215,2211,1555,,,true,appointed,"SP, East Jaintia Hills",state police sites (tripurapolice/manipurpolice/megpolice) + district NIC + 2026 IPS transfers,0.60,collected,2026-06-26
2216,2212,1553,,,true,appointed,"SP, West Jaintia Hills",state police sites (tripurapolice/manipurpolice/megpolice) + district NIC + 2026 IPS transfers,0.60,collected,2026-06-26
2217,2213,1545,,,true,appointed,"SP, East Garo Hills",state police sites (tripurapolice/manipurpolice/megpolice) + district NIC + 2026 IPS transfers,0.60,collected,2026-06-26
2218,2214,1549,,,true,appointed,"SP, West Garo Hills",state police sites (tripurapolice/manipurpolice/megpolice) + district NIC + 2026 IPS transfers,0.60,collected,2026-06-26
2219,2215,1543,,,true,appointed,"SP, North Garo Hills",state police sites (tripurapolice/manipurpolice/megpolice) + district NIC + 2026 IPS transfers,0.60,collected,2026-06-26
2220,2216,1547,,,true,appointed,"SP, South Garo Hills",state police sites (tripurapolice/manipurpolice/megpolice) + district NIC + 2026 IPS transfers,0.60,collected,2026-06-26
2221,2217,1551,,,true,appointed,"SP, South West Garo Hills",state police sites (tripurapolice/manipurpolice/megpolice) + district NIC + 2026 IPS transfers,0.60,collected,2026-06-26
2222,2218,1595,,,true,appointed,"SP/CP, Kohima","nagapol/ipr.nagaland.gov.in, police.mizoram.gov.in, arunpol.nic.in + 2026 reshuffles",0.65,collected,2026-06-26
2223,2219,1591,,,true,appointed,"SP/CP, Dimapur","nagapol/ipr.nagaland.gov.in, police.mizoram.gov.in, arunpol.nic.in + 2026 reshuffles",0.65,collected,2026-06-26
2224,2220,1601,,,true,appointed,"SP/CP, Mokokchung","nagapol/ipr.nagaland.gov.in, police.mizoram.gov.in, arunpol.nic.in + 2026 reshuffles",0.65,collected,2026-06-26
2225,2221,1615,,,true,appointed,"SP/CP, Tuensang","nagapol/ipr.nagaland.gov.in, police.mizoram.gov.in, arunpol.nic.in + 2026 reshuffles",0.65,collected,2026-06-26
2226,2222,1603,,,true,appointed,"SP/CP, Mon","nagapol/ipr.nagaland.gov.in, police.mizoram.gov.in, arunpol.nic.in + 2026 reshuffles",0.65,collected,2026-06-26
2227,2223,1619,,,true,appointed,"SP/CP, Wokha","nagapol/ipr.nagaland.gov.in, police.mizoram.gov.in, arunpol.nic.in + 2026 reshuffles",0.65,collected,2026-06-26
2228,2224,1621,,,true,appointed,"SP/CP, Zunheboto","nagapol/ipr.nagaland.gov.in, police.mizoram.gov.in, arunpol.nic.in + 2026 reshuffles",0.65,collected,2026-06-26
2229,2225,1611,,,true,appointed,"SP/CP, Phek","nagapol/ipr.nagaland.gov.in, police.mizoram.gov.in, arunpol.nic.in + 2026 reshuffles",0.65,collected,2026-06-26
2230,2226,1593,,,true,appointed,"SP/CP, Kiphire","nagapol/ipr.nagaland.gov.in, police.mizoram.gov.in, arunpol.nic.in + 2026 reshuffles",0.65,collected,2026-06-26
2231,2227,1597,,,true,appointed,"SP/CP, Longleng","nagapol/ipr.nagaland.gov.in, police.mizoram.gov.in, arunpol.nic.in + 2026 reshuffles",0.65,collected,2026-06-26
2232,2228,1609,,,true,appointed,"SP/CP, Peren","nagapol/ipr.nagaland.gov.in, police.mizoram.gov.in, arunpol.nic.in + 2026 reshuffles",0.65,collected,2026-06-26
2233,2229,1589,,,true,appointed,"SP/CP, Chumoukedima","nagapol/ipr.nagaland.gov.in, police.mizoram.gov.in, arunpol.nic.in + 2026 reshuffles",0.65,collected,2026-06-26
2234,2230,1605,,,true,appointed,"SP/CP, Niuland","nagapol/ipr.nagaland.gov.in, police.mizoram.gov.in, arunpol.nic.in + 2026 reshuffles",0.65,collected,2026-06-26
2235,2231,1617,,,true,appointed,"SP/CP, Tseminyu","nagapol/ipr.nagaland.gov.in, police.mizoram.gov.in, arunpol.nic.in + 2026 reshuffles",0.65,collected,2026-06-26
2236,2232,1613,,,true,appointed,"SP/CP, Shamator","nagapol/ipr.nagaland.gov.in, police.mizoram.gov.in, arunpol.nic.in + 2026 reshuffles",0.65,collected,2026-06-26
2237,2233,1607,,,true,appointed,"SP/CP, Noklak","nagapol/ipr.nagaland.gov.in, police.mizoram.gov.in, arunpol.nic.in + 2026 reshuffles",0.65,collected,2026-06-26
2238,2234,1567,,,true,appointed,"SP, Aizawl","nagapol/ipr.nagaland.gov.in, police.mizoram.gov.in, arunpol.nic.in + 2026 reshuffles",0.60,collected,2026-06-26
2239,2235,1579,,,true,appointed,"SP, Lunglei","nagapol/ipr.nagaland.gov.in, police.mizoram.gov.in, arunpol.nic.in + 2026 reshuffles",0.60,collected,2026-06-26
2240,2236,1569,,,true,appointed,"SP, Champhai","nagapol/ipr.nagaland.gov.in, police.mizoram.gov.in, arunpol.nic.in + 2026 reshuffles",0.60,collected,2026-06-26
2241,2237,1575,,,true,appointed,"SP, Kolasib","nagapol/ipr.nagaland.gov.in, police.mizoram.gov.in, arunpol.nic.in + 2026 reshuffles",0.60,collected,2026-06-26
2242,2238,1587,,,true,appointed,"SP, Serchhip","nagapol/ipr.nagaland.gov.in, police.mizoram.gov.in, arunpol.nic.in + 2026 reshuffles",0.60,collected,2026-06-26
2243,2239,1581,,,true,appointed,"SP, Mamit","nagapol/ipr.nagaland.gov.in, police.mizoram.gov.in, arunpol.nic.in + 2026 reshuffles",0.60,collected,2026-06-26
2244,2240,1573,,,true,appointed,"SP, Khawzawl","nagapol/ipr.nagaland.gov.in, police.mizoram.gov.in, arunpol.nic.in + 2026 reshuffles",0.60,collected,2026-06-26
2245,2241,785,,,true,appointed,"SP, Tawang","nagapol/ipr.nagaland.gov.in, police.mizoram.gov.in, arunpol.nic.in + 2026 reshuffles",0.60,collected,2026-06-26
2246,2242,787,,,true,appointed,"SP, West Kameng","nagapol/ipr.nagaland.gov.in, police.mizoram.gov.in, arunpol.nic.in + 2026 reshuffles",0.60,collected,2026-06-26
2247,2243,789,,,true,appointed,"SP, East Kameng","nagapol/ipr.nagaland.gov.in, police.mizoram.gov.in, arunpol.nic.in + 2026 reshuffles",0.60,collected,2026-06-26
2248,2244,791,,,true,appointed,"SP, Pakke-Kessang","nagapol/ipr.nagaland.gov.in, police.mizoram.gov.in, arunpol.nic.in + 2026 reshuffles",0.60,collected,2026-06-26
2249,2245,795,,,true,appointed,"SP, Papum Pare","nagapol/ipr.nagaland.gov.in, police.mizoram.gov.in, arunpol.nic.in + 2026 reshuffles",0.60,collected,2026-06-26
2250,2246,793,,,true,appointed,"SP, Kurung Kumey","nagapol/ipr.nagaland.gov.in, police.mizoram.gov.in, arunpol.nic.in + 2026 reshuffles",0.60,collected,2026-06-26
2251,2247,797,,,true,appointed,"SP, Kra Daadi","nagapol/ipr.nagaland.gov.in, police.mizoram.gov.in, arunpol.nic.in + 2026 reshuffles",0.60,collected,2026-06-26
2252,2248,799,,,true,appointed,"SP, Lower Subansiri","nagapol/ipr.nagaland.gov.in, police.mizoram.gov.in, arunpol.nic.in + 2026 reshuffles",0.60,collected,2026-06-26
2253,2249,801,,,true,appointed,"SP, Kamle","nagapol/ipr.nagaland.gov.in, police.mizoram.gov.in, arunpol.nic.in + 2026 reshuffles",0.60,collected,2026-06-26
2254,2250,805,,,true,appointed,"SP, Upper Subansiri","nagapol/ipr.nagaland.gov.in, police.mizoram.gov.in, arunpol.nic.in + 2026 reshuffles",0.60,collected,2026-06-26
2255,2251,809,,,true,appointed,"SP, West Siang","nagapol/ipr.nagaland.gov.in, police.mizoram.gov.in, arunpol.nic.in + 2026 reshuffles",0.60,collected,2026-06-26
2256,2252,815,,,true,appointed,"SP, Lepa-Rada","nagapol/ipr.nagaland.gov.in, police.mizoram.gov.in, arunpol.nic.in + 2026 reshuffles",0.60,collected,2026-06-26
2257,2253,807,,,true,appointed,"SP, Shi-Yomi","nagapol/ipr.nagaland.gov.in, police.mizoram.gov.in, arunpol.nic.in + 2026 reshuffles",0.60,collected,2026-06-26
2258,2254,819,,,true,appointed,"SP, East Siang","nagapol/ipr.nagaland.gov.in, police.mizoram.gov.in, arunpol.nic.in + 2026 reshuffles",0.60,collected,2026-06-26
2259,2255,811,,,true,appointed,"SP, Siang","nagapol/ipr.nagaland.gov.in, police.mizoram.gov.in, arunpol.nic.in + 2026 reshuffles",0.60,collected,2026-06-26
2260,2256,817,,,true,appointed,"SP, Upper Siang","nagapol/ipr.nagaland.gov.in, police.mizoram.gov.in, arunpol.nic.in + 2026 reshuffles",0.60,collected,2026-06-26
2261,2257,813,,,true,appointed,"SP, Lower Siang","nagapol/ipr.nagaland.gov.in, police.mizoram.gov.in, arunpol.nic.in + 2026 reshuffles",0.60,collected,2026-06-26
2262,2258,823,,,true,appointed,"SP, Lower Dibang Valley","nagapol/ipr.nagaland.gov.in, police.mizoram.gov.in, arunpol.nic.in + 2026 reshuffles",0.60,collected,2026-06-26
2263,2259,821,,,true,appointed,"SP, Dibang Valley","nagapol/ipr.nagaland.gov.in, police.mizoram.gov.in, arunpol.nic.in + 2026 reshuffles",0.60,collected,2026-06-26
2264,2260,827,,,true,appointed,"SP, Anjaw","nagapol/ipr.nagaland.gov.in, police.mizoram.gov.in, arunpol.nic.in + 2026 reshuffles",0.60,collected,2026-06-26
2265,2261,825,,,true,appointed,"SP, Lohit","nagapol/ipr.nagaland.gov.in, police.mizoram.gov.in, arunpol.nic.in + 2026 reshuffles",0.60,collected,2026-06-26
2266,2262,829,,,true,appointed,"SP, Namsai","nagapol/ipr.nagaland.gov.in, police.mizoram.gov.in, arunpol.nic.in + 2026 reshuffles",0.60,collected,2026-06-26
2267,2263,831,,,true,appointed,"SP, Changlang","nagapol/ipr.nagaland.gov.in, police.mizoram.gov.in, arunpol.nic.in + 2026 reshuffles",0.60,collected,2026-06-26
2268,2264,833,,,true,appointed,"SP, Tirap","nagapol/ipr.nagaland.gov.in, police.mizoram.gov.in, arunpol.nic.in + 2026 reshuffles",0.60,collected,2026-06-26
2269,2265,835,,,true,appointed,"SP, Longding","nagapol/ipr.nagaland.gov.in, police.mizoram.gov.in, arunpol.nic.in + 2026 reshuffles",0.60,collected,2026-06-26
2270,2266,2279,,,true,appointed,"SSP, Chandigarh","UT police/admin sites + district NIC (chandigarhpolice, and.nic.in, police.ddd.gov.in, police.ladakh.gov.in, lakshadweeppolice)",0.65,collected,2026-06-26
2271,2267,2277,,,true,appointed,"SP, South Andaman","UT police/admin sites + district NIC (chandigarhpolice, and.nic.in, police.ddd.gov.in, police.ladakh.gov.in, lakshadweeppolice)",0.65,collected,2026-06-26
2272,2268,2275,,,true,appointed,"SP, North and Middle Andaman","UT police/admin sites + district NIC (chandigarhpolice, and.nic.in, police.ddd.gov.in, police.ladakh.gov.in, lakshadweeppolice)",0.65,collected,2026-06-26
2273,2269,2273,,,true,appointed,"SP, Nicobar","UT police/admin sites + district NIC (chandigarhpolice, and.nic.in, police.ddd.gov.in, police.ladakh.gov.in, lakshadweeppolice)",0.65,collected,2026-06-26
2274,2270,2285,,,true,appointed,"SP, Dadra and Nagar Haveli","UT police/admin sites + district NIC (chandigarhpolice, and.nic.in, police.ddd.gov.in, police.ladakh.gov.in, lakshadweeppolice)",0.65,collected,2026-06-26
2275,2271,2281,,,true,appointed,"SP, Daman","UT police/admin sites + district NIC (chandigarhpolice, and.nic.in, police.ddd.gov.in, police.ladakh.gov.in, lakshadweeppolice)",0.65,collected,2026-06-26
2276,2272,2283,,,true,appointed,"SP, Diu","UT police/admin sites + district NIC (chandigarhpolice, and.nic.in, police.ddd.gov.in, police.ladakh.gov.in, lakshadweeppolice)",0.65,collected,2026-06-26
2277,2273,2287,,,true,appointed,"SSP, Leh","UT police/admin sites + district NIC (chandigarhpolice, and.nic.in, police.ddd.gov.in, police.ladakh.gov.in, lakshadweeppolice)",0.60,collected,2026-06-26
2278,2274,2289,,,true,appointed,"SSP, Kargil","UT police/admin sites + district NIC (chandigarhpolice, and.nic.in, police.ddd.gov.in, police.ladakh.gov.in, lakshadweeppolice)",0.60,collected,2026-06-26
2279,2275,2301,,,true,appointed,"SP, Lakshadweep","UT police/admin sites + district NIC (chandigarhpolice, and.nic.in, police.ddd.gov.in, police.ladakh.gov.in, lakshadweeppolice)",0.60,collected,2026-06-26
2280,2276,2550,,,true,elected,"Mayor, Brihanmumbai Municipal Corporation",official corporation websites + 2026 Maharashtra municipal poll results (Jan 2026),0.45,collected,2026-06-26
2281,2277,2551,,,true,appointed,"Commissioner, Brihanmumbai Municipal Corporation",official corporation websites + 2026 Maharashtra municipal poll results (Jan 2026),0.60,collected,2026-06-26
2282,2278,2552,,,true,elected,"Mayor, Pune Municipal Corporation",official corporation websites + 2026 Maharashtra municipal poll results (Jan 2026),0.45,collected,2026-06-26
2283,2279,2553,,,true,appointed,"Commissioner, Pune Municipal Corporation",official corporation websites + 2026 Maharashtra municipal poll results (Jan 2026),0.60,collected,2026-06-26
2284,2280,2560,,,true,elected,"Mayor, Pimpri Chinchwad Municipal Corporation",official corporation websites + 2026 Maharashtra municipal poll results (Jan 2026),0.45,collected,2026-06-26
2285,2281,2561,,,true,appointed,"Commissioner, Pimpri Chinchwad Municipal Corporation",official corporation websites + 2026 Maharashtra municipal poll results (Jan 2026),0.60,collected,2026-06-26
2286,2282,2554,,,true,elected,"Mayor, Nagpur Municipal Corporation",official corporation websites + 2026 Maharashtra municipal poll results (Jan 2026),0.45,collected,2026-06-26
2287,2283,2555,,,true,appointed,"Commissioner, Nagpur Municipal Corporation",official corporation websites + 2026 Maharashtra municipal poll results (Jan 2026),0.60,collected,2026-06-26
2288,2284,2558,,,true,elected,"Mayor, Thane Municipal Corporation",official corporation websites + 2026 Maharashtra municipal poll results (Jan 2026),0.45,collected,2026-06-26
2289,2285,2559,,,true,appointed,"Commissioner, Thane Municipal Corporation",official corporation websites + 2026 Maharashtra municipal poll results (Jan 2026),0.60,collected,2026-06-26
2290,2286,2556,,,true,elected,"Mayor, Nashik Municipal Corporation",official corporation websites + 2026 Maharashtra municipal poll results (Jan 2026),0.45,collected,2026-06-26
2291,2287,2557,,,true,appointed,"Commissioner, Nashik Municipal Corporation",official corporation websites + 2026 Maharashtra municipal poll results (Jan 2026),0.60,collected,2026-06-26
2292,2288,2568,,,true,elected,"Mayor, Navi Mumbai Municipal Corporation",official corporation websites + 2026 Maharashtra municipal poll results (Jan 2026),0.45,collected,2026-06-26
2293,2289,2569,,,true,appointed,"Commissioner, Navi Mumbai Municipal Corporation",official corporation websites + 2026 Maharashtra municipal poll results (Jan 2026),0.60,collected,2026-06-26
2294,2290,2562,,,true,elected,"Mayor, Kalyan-Dombivli Municipal Corporation",official corporation websites + 2026 Maharashtra municipal poll results (Jan 2026),0.45,collected,2026-06-26
2295,2291,2563,,,true,appointed,"Commissioner, Kalyan-Dombivli Municipal Corporation",official corporation websites + 2026 Maharashtra municipal poll results (Jan 2026),0.60,collected,2026-06-26
2296,2292,2564,,,true,elected,"Mayor, Vasai-Virar City Municipal Corporation",official corporation websites + 2026 Maharashtra municipal poll results (Jan 2026),0.45,collected,2026-06-26
2297,2293,2565,,,true,appointed,"Commissioner, Vasai-Virar City Municipal Corporation",official corporation websites + 2026 Maharashtra municipal poll results (Jan 2026),0.60,collected,2026-06-26
2298,2294,2566,,,true,elected,"Mayor, Aurangabad Municipal Corporation",official corporation websites + 2026 Maharashtra municipal poll results (Jan 2026),0.45,collected,2026-06-26
2299,2295,2567,,,true,appointed,"Commissioner, Aurangabad Municipal Corporation",official corporation websites + 2026 Maharashtra municipal poll results (Jan 2026),0.60,collected,2026-06-26
2300,2296,2570,,,true,elected,"Mayor, Solapur Municipal Corporation",official corporation websites + 2026 Maharashtra municipal poll results (Jan 2026),0.45,collected,2026-06-26
2301,2297,2571,,,true,appointed,"Commissioner, Solapur Municipal Corporation",official corporation websites + 2026 Maharashtra municipal poll results (Jan 2026),0.60,collected,2026-06-26
2302,2298,2572,,,true,elected,"Mayor, Mira-Bhayandar Municipal Corporation",official corporation websites + 2026 Maharashtra municipal poll results (Jan 2026),0.45,collected,2026-06-26
2303,2299,2573,,,true,appointed,"Commissioner, Mira-Bhayandar Municipal Corporation",official corporation websites + 2026 Maharashtra municipal poll results (Jan 2026),0.60,collected,2026-06-26
2304,2300,2574,,,true,elected,"Mayor, Bhiwandi-Nizampur Municipal Corporation",official corporation websites + 2026 Maharashtra municipal poll results (Jan 2026),0.45,collected,2026-06-26
2305,2301,2575,,,true,appointed,"Commissioner, Bhiwandi-Nizampur Municipal Corporation",official corporation websites + 2026 Maharashtra municipal poll results (Jan 2026),0.60,collected,2026-06-26
2306,2302,2576,,,true,elected,"Mayor, Amravati Municipal Corporation",official corporation websites + 2026 Maharashtra municipal poll results (Jan 2026),0.45,collected,2026-06-26
2307,2303,2577,,,true,appointed,"Commissioner, Amravati Municipal Corporation",official corporation websites + 2026 Maharashtra municipal poll results (Jan 2026),0.60,collected,2026-06-26
2308,2304,2578,,,true,elected,"Mayor, Nanded-Waghala Municipal Corporation",official corporation websites + 2026 Maharashtra municipal poll results (Jan 2026),0.45,collected,2026-06-26
2309,2305,2579,,,true,appointed,"Commissioner, Nanded-Waghala Municipal Corporation",official corporation websites + 2026 Maharashtra municipal poll results (Jan 2026),0.60,collected,2026-06-26
2310,2306,2580,,,true,elected,"Mayor, Kolhapur Municipal Corporation",official corporation websites + 2026 Maharashtra municipal poll results (Jan 2026),0.45,collected,2026-06-26
2311,2307,2581,,,true,appointed,"Commissioner, Kolhapur Municipal Corporation",official corporation websites + 2026 Maharashtra municipal poll results (Jan 2026),0.60,collected,2026-06-26
2312,2308,2582,,,true,elected,"Mayor, Akola Municipal Corporation",official corporation websites + 2026 Maharashtra municipal poll results (Jan 2026),0.45,collected,2026-06-26
2313,2309,2583,,,true,appointed,"Commissioner, Akola Municipal Corporation",official corporation websites + 2026 Maharashtra municipal poll results (Jan 2026),0.60,collected,2026-06-26
2314,2310,2586,,,true,elected,"Mayor, Ulhasnagar Municipal Corporation",official corporation websites + 2026 Maharashtra municipal poll results (Jan 2026),0.45,collected,2026-06-26
2315,2311,2587,,,true,appointed,"Commissioner, Ulhasnagar Municipal Corporation",official corporation websites + 2026 Maharashtra municipal poll results (Jan 2026),0.60,collected,2026-06-26
2316,2312,2588,,,true,elected,"Mayor, Sangali-Miraj-Kupwad Municipal Corporation",official corporation websites + 2026 Maharashtra municipal poll results (Jan 2026),0.45,collected,2026-06-26
2317,2313,2589,,,true,appointed,"Commissioner, Sangali-Miraj-Kupwad Municipal Corporation",official corporation websites + 2026 Maharashtra municipal poll results (Jan 2026),0.60,collected,2026-06-26
2318,2314,2590,,,true,elected,"Mayor, Malegaon Municipal Corporation",official corporation websites + 2026 Maharashtra municipal poll results (Jan 2026),0.45,collected,2026-06-26
2319,2315,2592,,,true,elected,"Mayor, Jalgaon Municipal Corporation",official corporation websites + 2026 Maharashtra municipal poll results (Jan 2026),0.45,collected,2026-06-26
2320,2316,2593,,,true,appointed,"Commissioner, Jalgaon Municipal Corporation",official corporation websites + 2026 Maharashtra municipal poll results (Jan 2026),0.60,collected,2026-06-26
2321,2317,2595,,,true,appointed,"Commissioner, Latur Municipal Corporation",official corporation websites + 2026 Maharashtra municipal poll results (Jan 2026),0.60,collected,2026-06-26
2322,2318,2597,,,true,appointed,"Commissioner, Dhule Municipal Corporation",official corporation websites + 2026 Maharashtra municipal poll results (Jan 2026),0.60,collected,2026-06-26
2323,2319,2599,,,true,appointed,"Commissioner, Chandrapur Municipal Corporation",official corporation websites + 2026 Maharashtra municipal poll results (Jan 2026),0.60,collected,2026-06-26
2324,2320,2601,,,true,appointed,"Commissioner, Parbhani Municipal Corporation",official corporation websites + 2026 Maharashtra municipal poll results (Jan 2026),0.60,collected,2026-06-26
2325,2321,2585,,,true,appointed,"Commissioner, Panvel Municipal Corporation",official corporation websites + 2026 Maharashtra municipal poll results (Jan 2026),0.60,collected,2026-06-26
2326,2322,2603,,,true,appointed,"Commissioner, Jalna Municipal Corporation",official corporation websites + 2026 Maharashtra municipal poll results (Jan 2026),0.60,collected,2026-06-26
2327,2323,2670,,,true,elected,"Mayor, Coimbatore Municipal Corporation",official corporation sites + tnurbantree.tn.gov.in + cdma.telangana + kmc.wb.gov.in + mcdonline + 2026 news,0.55,collected,2026-06-26
2328,2324,2671,,,true,appointed,"Commissioner, Coimbatore Municipal Corporation",official corporation sites + tnurbantree.tn.gov.in + cdma.telangana + kmc.wb.gov.in + mcdonline + 2026 news,0.60,collected,2026-06-26
2329,2325,2672,,,true,elected,"Mayor, Madurai Municipal Corporation",official corporation sites + tnurbantree.tn.gov.in + cdma.telangana + kmc.wb.gov.in + mcdonline + 2026 news,0.55,collected,2026-06-26
2330,2326,2673,,,true,appointed,"Commissioner, Madurai Municipal Corporation",official corporation sites + tnurbantree.tn.gov.in + cdma.telangana + kmc.wb.gov.in + mcdonline + 2026 news,0.60,collected,2026-06-26
2331,2327,2674,,,true,elected,"Mayor, Tiruchirappalli City Municipal Corporation",official corporation sites + tnurbantree.tn.gov.in + cdma.telangana + kmc.wb.gov.in + mcdonline + 2026 news,0.55,collected,2026-06-26
2332,2328,2675,,,true,appointed,"Commissioner, Tiruchirappalli City Municipal Corporation",official corporation sites + tnurbantree.tn.gov.in + cdma.telangana + kmc.wb.gov.in + mcdonline + 2026 news,0.60,collected,2026-06-26
2333,2329,2680,,,true,elected,"Mayor, Salem City Municipal Corporation",official corporation sites + tnurbantree.tn.gov.in + cdma.telangana + kmc.wb.gov.in + mcdonline + 2026 news,0.55,collected,2026-06-26
2334,2330,2681,,,true,appointed,"Commissioner, Salem City Municipal Corporation",official corporation sites + tnurbantree.tn.gov.in + cdma.telangana + kmc.wb.gov.in + mcdonline + 2026 news,0.60,collected,2026-06-26
2335,2331,2682,,,true,elected,"Mayor, Tirunelveli Municipal Corporation",official corporation sites + tnurbantree.tn.gov.in + cdma.telangana + kmc.wb.gov.in + mcdonline + 2026 news,0.55,collected,2026-06-26
2336,2332,2678,,,true,elected,"Mayor, Tiruppur City Municipal Corporation",official corporation sites + tnurbantree.tn.gov.in + cdma.telangana + kmc.wb.gov.in + mcdonline + 2026 news,0.55,collected,2026-06-26
2337,2333,2679,,,true,appointed,"Commissioner, Tiruppur City Municipal Corporation",official corporation sites + tnurbantree.tn.gov.in + cdma.telangana + kmc.wb.gov.in + mcdonline + 2026 news,0.60,collected,2026-06-26
2338,2334,2684,,,true,elected,"Mayor, Vellore Municipal Corporation",official corporation sites + tnurbantree.tn.gov.in + cdma.telangana + kmc.wb.gov.in + mcdonline + 2026 news,0.55,collected,2026-06-26
2339,2335,2685,,,true,appointed,"Commissioner, Vellore Municipal Corporation",official corporation sites + tnurbantree.tn.gov.in + cdma.telangana + kmc.wb.gov.in + mcdonline + 2026 news,0.60,collected,2026-06-26
2340,2336,2688,,,true,elected,"Mayor, Erode City Municipal Corporation",official corporation sites + tnurbantree.tn.gov.in + cdma.telangana + kmc.wb.gov.in + mcdonline + 2026 news,0.55,collected,2026-06-26
2341,2337,2689,,,true,appointed,"Commissioner, Erode City Municipal Corporation",official corporation sites + tnurbantree.tn.gov.in + cdma.telangana + kmc.wb.gov.in + mcdonline + 2026 news,0.60,collected,2026-06-26
2342,2338,2690,,,true,elected,"Mayor, Thoothukkudi City Municipal Corporation",official corporation sites + tnurbantree.tn.gov.in + cdma.telangana + kmc.wb.gov.in + mcdonline + 2026 news,0.55,collected,2026-06-26
2343,2339,2691,,,true,appointed,"Commissioner, Thoothukkudi City Municipal Corporation",official corporation sites + tnurbantree.tn.gov.in + cdma.telangana + kmc.wb.gov.in + mcdonline + 2026 news,0.60,collected,2026-06-26
2344,2340,2692,,,true,elected,"Mayor, Thanjavur Municipal Corporation",official corporation sites + tnurbantree.tn.gov.in + cdma.telangana + kmc.wb.gov.in + mcdonline + 2026 news,0.55,collected,2026-06-26
2345,2341,2693,,,true,appointed,"Commissioner, Thanjavur Municipal Corporation",official corporation sites + tnurbantree.tn.gov.in + cdma.telangana + kmc.wb.gov.in + mcdonline + 2026 news,0.60,collected,2026-06-26
2346,2342,2694,,,true,elected,"Mayor, Dindigul Municipal Corporation",official corporation sites + tnurbantree.tn.gov.in + cdma.telangana + kmc.wb.gov.in + mcdonline + 2026 news,0.55,collected,2026-06-26
2347,2343,2695,,,true,appointed,"Commissioner, Dindigul Municipal Corporation",official corporation sites + tnurbantree.tn.gov.in + cdma.telangana + kmc.wb.gov.in + mcdonline + 2026 news,0.60,collected,2026-06-26
2348,2344,2696,,,true,elected,"Mayor, Nagercoil Municipal Corporation",official corporation sites + tnurbantree.tn.gov.in + cdma.telangana + kmc.wb.gov.in + mcdonline + 2026 news,0.55,collected,2026-06-26
2349,2345,2697,,,true,appointed,"Commissioner, Nagercoil Municipal Corporation",official corporation sites + tnurbantree.tn.gov.in + cdma.telangana + kmc.wb.gov.in + mcdonline + 2026 news,0.60,collected,2026-06-26
2350,2346,2686,,,true,elected,"Mayor, Avadi Municipal Corporation",official corporation sites + tnurbantree.tn.gov.in + cdma.telangana + kmc.wb.gov.in + mcdonline + 2026 news,0.55,collected,2026-06-26
2351,2347,2687,,,true,appointed,"Commissioner, Avadi Municipal Corporation",official corporation sites + tnurbantree.tn.gov.in + cdma.telangana + kmc.wb.gov.in + mcdonline + 2026 news,0.60,collected,2026-06-26
2352,2348,2676,,,true,elected,"Mayor, Tambaram City Municipal Corporation",official corporation sites + tnurbantree.tn.gov.in + cdma.telangana + kmc.wb.gov.in + mcdonline + 2026 news,0.55,collected,2026-06-26
2353,2349,2677,,,true,appointed,"Commissioner, Tambaram City Municipal Corporation",official corporation sites + tnurbantree.tn.gov.in + cdma.telangana + kmc.wb.gov.in + mcdonline + 2026 news,0.60,collected,2026-06-26
2354,2350,2698,,,true,elected,"Mayor, Cuddalore Municipal Corporation",official corporation sites + tnurbantree.tn.gov.in + cdma.telangana + kmc.wb.gov.in + mcdonline + 2026 news,0.55,collected,2026-06-26
2355,2351,2699,,,true,appointed,"Commissioner, Cuddalore Municipal Corporation",official corporation sites + tnurbantree.tn.gov.in + cdma.telangana + kmc.wb.gov.in + mcdonline + 2026 news,0.60,collected,2026-06-26
2356,2352,2701,,,true,appointed,"Commissioner, Greater Hyderabad Municipal Corporation",official corporation sites + tnurbantree.tn.gov.in + cdma.telangana + kmc.wb.gov.in + mcdonline + 2026 news,0.60,collected,2026-06-26
2357,2353,2703,,,true,appointed,"Commissioner, Greater Warangal Municipal Corporation",official corporation sites + tnurbantree.tn.gov.in + cdma.telangana + kmc.wb.gov.in + mcdonline + 2026 news,0.60,collected,2026-06-26
2358,2354,2706,,,true,elected,"Mayor, Karimnagar Municipal Corporation",official corporation sites + tnurbantree.tn.gov.in + cdma.telangana + kmc.wb.gov.in + mcdonline + 2026 news,0.45,collected,2026-06-26
2359,2355,2707,,,true,appointed,"Commissioner, Karimnagar Municipal Corporation",official corporation sites + tnurbantree.tn.gov.in + cdma.telangana + kmc.wb.gov.in + mcdonline + 2026 news,0.60,collected,2026-06-26
2360,2356,2705,,,true,appointed,"Commissioner, Khammam Municipal Corporation",official corporation sites + tnurbantree.tn.gov.in + cdma.telangana + kmc.wb.gov.in + mcdonline + 2026 news,0.60,collected,2026-06-26
2361,2357,2708,,,true,elected,"Mayor, Nizamabad Municipal Corporation",official corporation sites + tnurbantree.tn.gov.in + cdma.telangana + kmc.wb.gov.in + mcdonline + 2026 news,0.45,collected,2026-06-26
2362,2358,2709,,,true,appointed,"Commissioner, Nizamabad Municipal Corporation",official corporation sites + tnurbantree.tn.gov.in + cdma.telangana + kmc.wb.gov.in + mcdonline + 2026 news,0.60,collected,2026-06-26
2363,2359,2710,,,true,elected,"Mayor, Ramagundam Municipal Corporation",official corporation sites + tnurbantree.tn.gov.in + cdma.telangana + kmc.wb.gov.in + mcdonline + 2026 news,0.45,collected,2026-06-26
2364,2360,2711,,,true,appointed,"Commissioner, Ramagundam Municipal Corporation",official corporation sites + tnurbantree.tn.gov.in + cdma.telangana + kmc.wb.gov.in + mcdonline + 2026 news,0.60,collected,2026-06-26
2365,2361,2712,,,true,elected,"Mayor, Mahabubnagar Municipal Corporation",official corporation sites + tnurbantree.tn.gov.in + cdma.telangana + kmc.wb.gov.in + mcdonline + 2026 news,0.45,collected,2026-06-26
2366,2362,2713,,,true,appointed,"Commissioner, Mahabubnagar Municipal Corporation",official corporation sites + tnurbantree.tn.gov.in + cdma.telangana + kmc.wb.gov.in + mcdonline + 2026 news,0.60,collected,2026-06-26
2367,2363,2714,,,true,elected,"Mayor, Nalgonda Municipal Corporation",official corporation sites + tnurbantree.tn.gov.in + cdma.telangana + kmc.wb.gov.in + mcdonline + 2026 news,0.45,collected,2026-06-26
2368,2364,2715,,,true,appointed,"Commissioner, Nalgonda Municipal Corporation",official corporation sites + tnurbantree.tn.gov.in + cdma.telangana + kmc.wb.gov.in + mcdonline + 2026 news,0.60,collected,2026-06-26
2369,2365,2765,,,true,appointed,"Commissioner, Kolkata Municipal Corporation",official corporation sites + tnurbantree.tn.gov.in + cdma.telangana + kmc.wb.gov.in + mcdonline + 2026 news,0.60,collected,2026-06-26
2370,2366,2767,,,true,appointed,"Commissioner, Howrah Municipal Corporation",official corporation sites + tnurbantree.tn.gov.in + cdma.telangana + kmc.wb.gov.in + mcdonline + 2026 news,0.60,collected,2026-06-26
2371,2367,2773,,,true,appointed,"Commissioner, Bidhannagar Municipal Corporation",official corporation sites + tnurbantree.tn.gov.in + cdma.telangana + kmc.wb.gov.in + mcdonline + 2026 news,0.60,collected,2026-06-26
2372,2368,2770,,,true,elected,"Mayor, Asansol Municipal Corporation",official corporation sites + tnurbantree.tn.gov.in + cdma.telangana + kmc.wb.gov.in + mcdonline + 2026 news,0.45,collected,2026-06-26
2373,2369,2771,,,true,appointed,"Commissioner, Asansol Municipal Corporation",official corporation sites + tnurbantree.tn.gov.in + cdma.telangana + kmc.wb.gov.in + mcdonline + 2026 news,0.60,collected,2026-06-26
2374,2370,2404,,,true,elected,"Mayor, Municipal Corporation of Delhi",official corporation sites + tnurbantree.tn.gov.in + cdma.telangana + kmc.wb.gov.in + mcdonline + 2026 news,0.65,collected,2026-06-26
2375,2371,2405,,,true,appointed,"Commissioner, Municipal Corporation of Delhi",official corporation sites + tnurbantree.tn.gov.in + cdma.telangana + kmc.wb.gov.in + mcdonline + 2026 news,0.60,collected,2026-06-26
2376,2372,2718,,,true,elected,"Mayor, Lucknow Municipal Corporation",official Nagar Nigam sites + UP 2023 mayoral results + 2025-26 IAS transfers,0.65,collected,2026-06-26
2377,2373,2719,,,true,appointed,"Commissioner, Lucknow Municipal Corporation",official Nagar Nigam sites + UP 2023 mayoral results + 2025-26 IAS transfers,0.60,collected,2026-06-26
2378,2374,2720,,,true,elected,"Mayor, Kanpur Municipal Corporation",official Nagar Nigam sites + UP 2023 mayoral results + 2025-26 IAS transfers,0.65,collected,2026-06-26
2379,2375,2721,,,true,appointed,"Commissioner, Kanpur Municipal Corporation",official Nagar Nigam sites + UP 2023 mayoral results + 2025-26 IAS transfers,0.60,collected,2026-06-26
2380,2376,2722,,,true,elected,"Mayor, Agra Municipal Corporation",official Nagar Nigam sites + UP 2023 mayoral results + 2025-26 IAS transfers,0.65,collected,2026-06-26
2381,2377,2723,,,true,appointed,"Commissioner, Agra Municipal Corporation",official Nagar Nigam sites + UP 2023 mayoral results + 2025-26 IAS transfers,0.60,collected,2026-06-26
2382,2378,2726,,,true,elected,"Mayor, Varanasi Municipal Corporation",official Nagar Nigam sites + UP 2023 mayoral results + 2025-26 IAS transfers,0.65,collected,2026-06-26
2383,2379,2727,,,true,appointed,"Commissioner, Varanasi Municipal Corporation",official Nagar Nigam sites + UP 2023 mayoral results + 2025-26 IAS transfers,0.60,collected,2026-06-26
2384,2380,2730,,,true,elected,"Mayor, Prayagraj Municipal Corporation",official Nagar Nigam sites + UP 2023 mayoral results + 2025-26 IAS transfers,0.65,collected,2026-06-26
2385,2381,2731,,,true,appointed,"Commissioner, Prayagraj Municipal Corporation",official Nagar Nigam sites + UP 2023 mayoral results + 2025-26 IAS transfers,0.60,collected,2026-06-26
2386,2382,2724,,,true,elected,"Mayor, Ghaziabad Municipal Corporation",official Nagar Nigam sites + UP 2023 mayoral results + 2025-26 IAS transfers,0.65,collected,2026-06-26
2387,2383,2725,,,true,appointed,"Commissioner, Ghaziabad Municipal Corporation",official Nagar Nigam sites + UP 2023 mayoral results + 2025-26 IAS transfers,0.60,collected,2026-06-26
2388,2384,2728,,,true,elected,"Mayor, Meerut Municipal Corporation",official Nagar Nigam sites + UP 2023 mayoral results + 2025-26 IAS transfers,0.65,collected,2026-06-26
2389,2385,2729,,,true,appointed,"Commissioner, Meerut Municipal Corporation",official Nagar Nigam sites + UP 2023 mayoral results + 2025-26 IAS transfers,0.60,collected,2026-06-26
2390,2386,2734,,,true,elected,"Mayor, Bareilly Municipal Corporation",official Nagar Nigam sites + UP 2023 mayoral results + 2025-26 IAS transfers,0.65,collected,2026-06-26
2391,2387,2735,,,true,appointed,"Commissioner, Bareilly Municipal Corporation",official Nagar Nigam sites + UP 2023 mayoral results + 2025-26 IAS transfers,0.60,collected,2026-06-26
2392,2388,2732,,,true,elected,"Mayor, Aligarh Municipal Corporation",official Nagar Nigam sites + UP 2023 mayoral results + 2025-26 IAS transfers,0.65,collected,2026-06-26
2393,2389,2733,,,true,appointed,"Commissioner, Aligarh Municipal Corporation",official Nagar Nigam sites + UP 2023 mayoral results + 2025-26 IAS transfers,0.60,collected,2026-06-26
2394,2390,2738,,,true,elected,"Mayor, Moradabad Municipal Corporation",official Nagar Nigam sites + UP 2023 mayoral results + 2025-26 IAS transfers,0.65,collected,2026-06-26
2395,2391,2739,,,true,appointed,"Commissioner, Moradabad Municipal Corporation",official Nagar Nigam sites + UP 2023 mayoral results + 2025-26 IAS transfers,0.60,collected,2026-06-26
2396,2392,2740,,,true,elected,"Mayor, Saharanpur Municipal Corporation",official Nagar Nigam sites + UP 2023 mayoral results + 2025-26 IAS transfers,0.65,collected,2026-06-26
2397,2393,2741,,,true,appointed,"Commissioner, Saharanpur Municipal Corporation",official Nagar Nigam sites + UP 2023 mayoral results + 2025-26 IAS transfers,0.60,collected,2026-06-26
2398,2394,2742,,,true,elected,"Mayor, Gorakhpur Municipal Corporation",official Nagar Nigam sites + UP 2023 mayoral results + 2025-26 IAS transfers,0.65,collected,2026-06-26
2399,2395,2743,,,true,appointed,"Commissioner, Gorakhpur Municipal Corporation",official Nagar Nigam sites + UP 2023 mayoral results + 2025-26 IAS transfers,0.60,collected,2026-06-26
2400,2396,2744,,,true,elected,"Mayor, Firozabad Municipal Corporation",official Nagar Nigam sites + UP 2023 mayoral results + 2025-26 IAS transfers,0.65,collected,2026-06-26
2401,2397,2745,,,true,appointed,"Commissioner, Firozabad Municipal Corporation",official Nagar Nigam sites + UP 2023 mayoral results + 2025-26 IAS transfers,0.60,collected,2026-06-26
2402,2398,2746,,,true,elected,"Mayor, Jhansi Municipal Corporation",official Nagar Nigam sites + UP 2023 mayoral results + 2025-26 IAS transfers,0.65,collected,2026-06-26
2403,2399,2747,,,true,appointed,"Commissioner, Jhansi Municipal Corporation",official Nagar Nigam sites + UP 2023 mayoral results + 2025-26 IAS transfers,0.60,collected,2026-06-26
2404,2400,2736,,,true,elected,"Mayor, Ayodhya Municipal Corporation",official Nagar Nigam sites + UP 2023 mayoral results + 2025-26 IAS transfers,0.65,collected,2026-06-26
2405,2401,2737,,,true,appointed,"Commissioner, Ayodhya Municipal Corporation",official Nagar Nigam sites + UP 2023 mayoral results + 2025-26 IAS transfers,0.60,collected,2026-06-26
2406,2402,2522,,,true,elected,"Mayor, Bhopal Municipal Corporation",official Nagar Nigam sites + MP 2022 mayoral results + 2025-26 IAS transfers,0.65,collected,2026-06-26
2407,2403,2523,,,true,appointed,"Commissioner, Bhopal Municipal Corporation",official Nagar Nigam sites + MP 2022 mayoral results + 2025-26 IAS transfers,0.60,collected,2026-06-26
2408,2404,2520,,,true,elected,"Mayor, Indore Municipal Corporation",official Nagar Nigam sites + MP 2022 mayoral results + 2025-26 IAS transfers,0.65,collected,2026-06-26
2409,2405,2521,,,true,appointed,"Commissioner, Indore Municipal Corporation",official Nagar Nigam sites + MP 2022 mayoral results + 2025-26 IAS transfers,0.60,collected,2026-06-26
2410,2406,2524,,,true,elected,"Mayor, Jabalpur Municipal Corporation",official Nagar Nigam sites + MP 2022 mayoral results + 2025-26 IAS transfers,0.65,collected,2026-06-26
2411,2407,2525,,,true,appointed,"Commissioner, Jabalpur Municipal Corporation",official Nagar Nigam sites + MP 2022 mayoral results + 2025-26 IAS transfers,0.60,collected,2026-06-26
2412,2408,2526,,,true,elected,"Mayor, Gwalior Municipal Corporation",official Nagar Nigam sites + MP 2022 mayoral results + 2025-26 IAS transfers,0.65,collected,2026-06-26
2413,2409,2527,,,true,appointed,"Commissioner, Gwalior Municipal Corporation",official Nagar Nigam sites + MP 2022 mayoral results + 2025-26 IAS transfers,0.60,collected,2026-06-26
2414,2410,2528,,,true,elected,"Mayor, Ujjain Municipal Corporation",official Nagar Nigam sites + MP 2022 mayoral results + 2025-26 IAS transfers,0.65,collected,2026-06-26
2415,2411,2529,,,true,appointed,"Commissioner, Ujjain Municipal Corporation",official Nagar Nigam sites + MP 2022 mayoral results + 2025-26 IAS transfers,0.60,collected,2026-06-26
2416,2412,2530,,,true,elected,"Mayor, Sagar Municipal Corporation",official Nagar Nigam sites + MP 2022 mayoral results + 2025-26 IAS transfers,0.65,collected,2026-06-26
2417,2413,2531,,,true,appointed,"Commissioner, Sagar Municipal Corporation",official Nagar Nigam sites + MP 2022 mayoral results + 2025-26 IAS transfers,0.60,collected,2026-06-26
2418,2414,2534,,,true,elected,"Mayor, Dewas Municipal Corporation",official Nagar Nigam sites + MP 2022 mayoral results + 2025-26 IAS transfers,0.65,collected,2026-06-26
2419,2415,2535,,,true,appointed,"Commissioner, Dewas Municipal Corporation",official Nagar Nigam sites + MP 2022 mayoral results + 2025-26 IAS transfers,0.60,collected,2026-06-26
2420,2416,2536,,,true,elected,"Mayor, Satna Municipal Corporation",official Nagar Nigam sites + MP 2022 mayoral results + 2025-26 IAS transfers,0.65,collected,2026-06-26
2421,2417,2537,,,true,appointed,"Commissioner, Satna Municipal Corporation",official Nagar Nigam sites + MP 2022 mayoral results + 2025-26 IAS transfers,0.60,collected,2026-06-26
2422,2418,2538,,,true,elected,"Mayor, Ratlam Municipal Corporation",official Nagar Nigam sites + MP 2022 mayoral results + 2025-26 IAS transfers,0.65,collected,2026-06-26
2423,2419,2539,,,true,appointed,"Commissioner, Ratlam Municipal Corporation",official Nagar Nigam sites + MP 2022 mayoral results + 2025-26 IAS transfers,0.60,collected,2026-06-26
2424,2420,2544,,,true,elected,"Mayor, Rewa Municipal Corporation",official Nagar Nigam sites + MP 2022 mayoral results + 2025-26 IAS transfers,0.65,collected,2026-06-26
2425,2421,2545,,,true,appointed,"Commissioner, Rewa Municipal Corporation",official Nagar Nigam sites + MP 2022 mayoral results + 2025-26 IAS transfers,0.60,collected,2026-06-26
2426,2422,2548,,,true,elected,"Mayor, Singrauli Municipal Corporation",official Nagar Nigam sites + MP 2022 mayoral results + 2025-26 IAS transfers,0.65,collected,2026-06-26
2427,2423,2549,,,true,appointed,"Commissioner, Singrauli Municipal Corporation",official Nagar Nigam sites + MP 2022 mayoral results + 2025-26 IAS transfers,0.60,collected,2026-06-26
2428,2424,2532,,,true,elected,"Mayor, Burhanpur Municipal Corporation",official Nagar Nigam sites + MP 2022 mayoral results + 2025-26 IAS transfers,0.65,collected,2026-06-26
2429,2425,2533,,,true,appointed,"Commissioner, Burhanpur Municipal Corporation",official Nagar Nigam sites + MP 2022 mayoral results + 2025-26 IAS transfers,0.60,collected,2026-06-26
2430,2426,2540,,,true,elected,"Mayor, Khandwa Municipal Corporation",official Nagar Nigam sites + MP 2022 mayoral results + 2025-26 IAS transfers,0.65,collected,2026-06-26
2431,2427,2541,,,true,appointed,"Commissioner, Khandwa Municipal Corporation",official Nagar Nigam sites + MP 2022 mayoral results + 2025-26 IAS transfers,0.60,collected,2026-06-26
2432,2428,2546,,,true,elected,"Mayor, Morena Municipal Corporation",official Nagar Nigam sites + MP 2022 mayoral results + 2025-26 IAS transfers,0.65,collected,2026-06-26
2433,2429,2547,,,true,appointed,"Commissioner, Morena Municipal Corporation",official Nagar Nigam sites + MP 2022 mayoral results + 2025-26 IAS transfers,0.60,collected,2026-06-26
2434,2430,2370,,,true,elected,"Mayor, Patna Municipal Corporation",official Nagar Nigam sites + urban.bihar.gov.in + Jan 2026 IAS reshuffle,0.60,collected,2026-06-26
2435,2431,2371,,,true,appointed,"Commissioner, Patna Municipal Corporation",official Nagar Nigam sites + urban.bihar.gov.in + Jan 2026 IAS reshuffle,0.60,collected,2026-06-26
2436,2432,2358,,,true,elected,"Mayor, Gaya Municipal Corporation",official Nagar Nigam sites + urban.bihar.gov.in + Jan 2026 IAS reshuffle,0.60,collected,2026-06-26
2437,2433,2359,,,true,appointed,"Commissioner, Gaya Municipal Corporation",official Nagar Nigam sites + urban.bihar.gov.in + Jan 2026 IAS reshuffle,0.60,collected,2026-06-26
2438,2434,2350,,,true,elected,"Mayor, Bhagalpur Municipal Corporation",official Nagar Nigam sites + urban.bihar.gov.in + Jan 2026 IAS reshuffle,0.60,collected,2026-06-26
2439,2435,2351,,,true,appointed,"Commissioner, Bhagalpur Municipal Corporation",official Nagar Nigam sites + urban.bihar.gov.in + Jan 2026 IAS reshuffle,0.60,collected,2026-06-26
2440,2436,2368,,,true,elected,"Mayor, Muzaffarpur Municipal Corporation",official Nagar Nigam sites + urban.bihar.gov.in + Jan 2026 IAS reshuffle,0.60,collected,2026-06-26
2441,2437,2369,,,true,appointed,"Commissioner, Muzaffarpur Municipal Corporation",official Nagar Nigam sites + urban.bihar.gov.in + Jan 2026 IAS reshuffle,0.60,collected,2026-06-26
2442,2438,2356,,,true,elected,"Mayor, Darbhanga Municipal Corporation",official Nagar Nigam sites + urban.bihar.gov.in + Jan 2026 IAS reshuffle,0.60,collected,2026-06-26
2443,2439,2357,,,true,appointed,"Commissioner, Darbhanga Municipal Corporation",official Nagar Nigam sites + urban.bihar.gov.in + Jan 2026 IAS reshuffle,0.60,collected,2026-06-26
2444,2440,2352,,,true,elected,"Mayor, Bihar Sharif Municipal Corporation",official Nagar Nigam sites + urban.bihar.gov.in + Jan 2026 IAS reshuffle,0.60,collected,2026-06-26
2445,2441,2353,,,true,appointed,"Commissioner, Bihar Sharif Municipal Corporation",official Nagar Nigam sites + urban.bihar.gov.in + Jan 2026 IAS reshuffle,0.60,collected,2026-06-26
2446,2442,2344,,,true,elected,"Mayor, Arrah Municipal Corporation",official Nagar Nigam sites + urban.bihar.gov.in + Jan 2026 IAS reshuffle,0.60,collected,2026-06-26
2447,2443,2346,,,true,elected,"Mayor, Begusarai Municipal Corporation",official Nagar Nigam sites + urban.bihar.gov.in + Jan 2026 IAS reshuffle,0.60,collected,2026-06-26
2448,2444,2347,,,true,appointed,"Commissioner, Begusarai Municipal Corporation",official Nagar Nigam sites + urban.bihar.gov.in + Jan 2026 IAS reshuffle,0.60,collected,2026-06-26
2449,2445,2360,,,true,elected,"Mayor, Katihar Municipal Corporation",official Nagar Nigam sites + urban.bihar.gov.in + Jan 2026 IAS reshuffle,0.60,collected,2026-06-26
2450,2446,2366,,,true,elected,"Mayor, Munger Municipal Corporation",official Nagar Nigam sites + urban.bihar.gov.in + Jan 2026 IAS reshuffle,0.60,collected,2026-06-26
2451,2447,2367,,,true,appointed,"Commissioner, Munger Municipal Corporation",official Nagar Nigam sites + urban.bihar.gov.in + Jan 2026 IAS reshuffle,0.60,collected,2026-06-26
2452,2448,2354,,,true,elected,"Mayor, Chhapra Municipal Corporation",official Nagar Nigam sites + urban.bihar.gov.in + Jan 2026 IAS reshuffle,0.60,collected,2026-06-26
2453,2449,2355,,,true,appointed,"Commissioner, Chhapra Municipal Corporation",official Nagar Nigam sites + urban.bihar.gov.in + Jan 2026 IAS reshuffle,0.60,collected,2026-06-26
2454,2450,2372,,,true,elected,"Mayor, Purnia Municipal Corporation",official Nagar Nigam sites + urban.bihar.gov.in + Jan 2026 IAS reshuffle,0.60,collected,2026-06-26
2455,2451,2373,,,true,appointed,"Commissioner, Purnia Municipal Corporation",official Nagar Nigam sites + urban.bihar.gov.in + Jan 2026 IAS reshuffle,0.60,collected,2026-06-26
2456,2452,2374,,,true,elected,"Mayor, Saharsa Municipal Corporation",official Nagar Nigam sites + urban.bihar.gov.in + Jan 2026 IAS reshuffle,0.60,collected,2026-06-26
2457,2453,2375,,,true,appointed,"Commissioner, Saharsa Municipal Corporation",official Nagar Nigam sites + urban.bihar.gov.in + Jan 2026 IAS reshuffle,0.60,collected,2026-06-26
2458,2454,2378,,,true,elected,"Mayor, Sasaram Municipal Corporation",official Nagar Nigam sites + urban.bihar.gov.in + Jan 2026 IAS reshuffle,0.60,collected,2026-06-26
2459,2455,2379,,,true,appointed,"Commissioner, Sasaram Municipal Corporation",official Nagar Nigam sites + urban.bihar.gov.in + Jan 2026 IAS reshuffle,0.60,collected,2026-06-26
2460,2456,2348,,,true,elected,"Mayor, Bettiah Municipal Corporation",official Nagar Nigam sites + urban.bihar.gov.in + Jan 2026 IAS reshuffle,0.60,collected,2026-06-26
2461,2457,2349,,,true,appointed,"Commissioner, Bettiah Municipal Corporation",official Nagar Nigam sites + urban.bihar.gov.in + Jan 2026 IAS reshuffle,0.60,collected,2026-06-26
2462,2458,2364,,,true,elected,"Mayor, Motihari Municipal Corporation",official Nagar Nigam sites + urban.bihar.gov.in + Jan 2026 IAS reshuffle,0.60,collected,2026-06-26
2463,2459,2365,,,true,appointed,"Commissioner, Motihari Municipal Corporation",official Nagar Nigam sites + urban.bihar.gov.in + Jan 2026 IAS reshuffle,0.60,collected,2026-06-26
2464,2460,2380,,,true,elected,"Mayor, Sitamarhi Municipal Corporation",official Nagar Nigam sites + urban.bihar.gov.in + Jan 2026 IAS reshuffle,0.60,collected,2026-06-26
2465,2461,2381,,,true,appointed,"Commissioner, Sitamarhi Municipal Corporation",official Nagar Nigam sites + urban.bihar.gov.in + Jan 2026 IAS reshuffle,0.60,collected,2026-06-26
2466,2462,2376,,,true,elected,"Mayor, Samastipur Municipal Corporation",official Nagar Nigam sites + urban.bihar.gov.in + Jan 2026 IAS reshuffle,0.60,collected,2026-06-26
2467,2463,2377,,,true,appointed,"Commissioner, Samastipur Municipal Corporation",official Nagar Nigam sites + urban.bihar.gov.in + Jan 2026 IAS reshuffle,0.60,collected,2026-06-26
2468,2464,2303,,,true,appointed,"Commissioner, Greater Visakhapatnam Municipal Corporation","official corporation sites + cdma.ap.gov.in (AP corps under Special Officers per GO Rt 284, Mar 2026 - no elected mayors)",0.60,collected,2026-06-26
2469,2465,2305,,,true,appointed,"Commissioner, Vijayawada Municipal Corporation","official corporation sites + cdma.ap.gov.in (AP corps under Special Officers per GO Rt 284, Mar 2026 - no elected mayors)",0.60,collected,2026-06-26
2470,2466,2307,,,true,appointed,"Commissioner, Guntur Municipal Corporation","official corporation sites + cdma.ap.gov.in (AP corps under Special Officers per GO Rt 284, Mar 2026 - no elected mayors)",0.60,collected,2026-06-26
2471,2467,2309,,,true,appointed,"Commissioner, Nellore Municipal Corporation","official corporation sites + cdma.ap.gov.in (AP corps under Special Officers per GO Rt 284, Mar 2026 - no elected mayors)",0.60,collected,2026-06-26
2472,2468,2311,,,true,appointed,"Commissioner, Kurnool Municipal Corporation","official corporation sites + cdma.ap.gov.in (AP corps under Special Officers per GO Rt 284, Mar 2026 - no elected mayors)",0.60,collected,2026-06-26
2473,2469,2313,,,true,appointed,"Commissioner, Rajamahendravaram Municipal Corporation","official corporation sites + cdma.ap.gov.in (AP corps under Special Officers per GO Rt 284, Mar 2026 - no elected mayors)",0.60,collected,2026-06-26
2474,2470,2319,,,true,appointed,"Commissioner, Kakinada Municipal Corporation","official corporation sites + cdma.ap.gov.in (AP corps under Special Officers per GO Rt 284, Mar 2026 - no elected mayors)",0.60,collected,2026-06-26
2475,2471,2321,,,true,appointed,"Commissioner, Tirupati Municipal Corporation","official corporation sites + cdma.ap.gov.in (AP corps under Special Officers per GO Rt 284, Mar 2026 - no elected mayors)",0.60,collected,2026-06-26
2476,2472,2325,,,true,appointed,"Commissioner, Anantapur Municipal Corporation","official corporation sites + cdma.ap.gov.in (AP corps under Special Officers per GO Rt 284, Mar 2026 - no elected mayors)",0.60,collected,2026-06-26
2477,2473,2315,,,true,appointed,"Commissioner, Kadapa Municipal Corporation","official corporation sites + cdma.ap.gov.in (AP corps under Special Officers per GO Rt 284, Mar 2026 - no elected mayors)",0.60,collected,2026-06-26
2478,2474,2329,,,true,appointed,"Commissioner, Vizianagaram Municipal Corporation","official corporation sites + cdma.ap.gov.in (AP corps under Special Officers per GO Rt 284, Mar 2026 - no elected mayors)",0.60,collected,2026-06-26
2479,2475,2323,,,true,appointed,"Commissioner, Eluru Municipal Corporation","official corporation sites + cdma.ap.gov.in (AP corps under Special Officers per GO Rt 284, Mar 2026 - no elected mayors)",0.60,collected,2026-06-26
2480,2476,2327,,,true,appointed,"Commissioner, Ongole Municipal Corporation","official corporation sites + cdma.ap.gov.in (AP corps under Special Officers per GO Rt 284, Mar 2026 - no elected mayors)",0.60,collected,2026-06-26
2481,2477,2333,,,true,appointed,"Commissioner, Chittoor Municipal Corporation","official corporation sites + cdma.ap.gov.in (AP corps under Special Officers per GO Rt 284, Mar 2026 - no elected mayors)",0.60,collected,2026-06-26
2482,2478,2335,,,true,appointed,"Commissioner, Srikakulam Municipal Corporation","official corporation sites + cdma.ap.gov.in (AP corps under Special Officers per GO Rt 284, Mar 2026 - no elected mayors)",0.60,collected,2026-06-26
2483,2479,2331,,,true,appointed,"Commissioner, Machilipatnam Municipal Corporation","official corporation sites + cdma.ap.gov.in (AP corps under Special Officers per GO Rt 284, Mar 2026 - no elected mayors)",0.60,collected,2026-06-26
2484,2480,2833,,,true,appointed,"Commissioner, Bruhat Bengaluru Mahanagara Palike",bbmp.gov.in + dma.karnataka.gov.in + corporation mrc.gov.in sites + 2025-26 news,0.55,collected,2026-06-26
2485,2481,2834,,,true,elected,"Mayor, Hubballi-Dharwad Municipal Corporation",bbmp.gov.in + dma.karnataka.gov.in + corporation mrc.gov.in sites + 2025-26 news,0.45,collected,2026-06-26
2486,2482,2835,,,true,appointed,"Commissioner, Hubballi-Dharwad Municipal Corporation",bbmp.gov.in + dma.karnataka.gov.in + corporation mrc.gov.in sites + 2025-26 news,0.55,collected,2026-06-26
2487,2483,2487,,,true,appointed,"Commissioner, Greater Mysuru City Corporation",bbmp.gov.in + dma.karnataka.gov.in + corporation mrc.gov.in sites + 2025-26 news,0.55,collected,2026-06-26
2488,2484,2488,,,true,elected,"Mayor, Mangaluru City Corporation",bbmp.gov.in + dma.karnataka.gov.in + corporation mrc.gov.in sites + 2025-26 news,0.45,collected,2026-06-26
2489,2485,2489,,,true,appointed,"Commissioner, Mangaluru City Corporation",bbmp.gov.in + dma.karnataka.gov.in + corporation mrc.gov.in sites + 2025-26 news,0.55,collected,2026-06-26
2490,2486,2493,,,true,appointed,"Commissioner, Kalaburagi City Corporation",bbmp.gov.in + dma.karnataka.gov.in + corporation mrc.gov.in sites + 2025-26 news,0.55,collected,2026-06-26
2491,2487,2498,,,true,elected,"Mayor, Ballari City Corporation",bbmp.gov.in + dma.karnataka.gov.in + corporation mrc.gov.in sites + 2025-26 news,0.45,collected,2026-06-26
2492,2488,2855,,,true,appointed,"Commissioner, Raichur City Municipal Corporation",bbmp.gov.in + dma.karnataka.gov.in + corporation mrc.gov.in sites + 2025-26 news,0.55,collected,2026-06-26
2493,2489,736,,,true,appointed,District Collector / Magistrate,https://en.wikipedia.org/wiki/,0.80,collected,2026-06-30
2494,2490,944,,,true,appointed,District Collector / Magistrate,https://en.wikipedia.org/wiki/,0.80,collected,2026-06-30
2495,2491,1008,,,true,appointed,District Collector / Magistrate,https://en.wikipedia.org/wiki/,0.80,collected,2026-06-30
2496,2492,1116,,,true,appointed,District Collector / Magistrate,https://en.wikipedia.org/wiki/,0.80,collected,2026-06-30
2497,2493,1204,,,true,appointed,District Collector / Magistrate,https://en.wikipedia.org/wiki/,0.80,collected,2026-06-30
2498,2494,1344,,,true,appointed,District Collector / Magistrate,https://en.wikipedia.org/wiki/,0.80,collected,2026-06-30
2499,2495,1356,,,true,appointed,District Collector / Magistrate,https://en.wikipedia.org/wiki/,0.80,collected,2026-06-30
2500,2496,1380,,,true,appointed,District Collector / Magistrate,https://en.wikipedia.org/wiki/,0.80,collected,2026-06-30
2501,2497,1824,,,true,appointed,District Collector / Magistrate,https://en.wikipedia.org/wiki/,0.80,collected,2026-06-30
2502,2498,1838,,,true,appointed,District Collector / Magistrate,https://en.wikipedia.org/wiki/,0.80,collected,2026-06-30
2503,2499,1870,,,true,appointed,District Collector / Magistrate,https://en.wikipedia.org/wiki/,0.80,collected,2026-06-30
2504,2500,2856,,,true,appointed,Finance Secretary (since 1 April 2025),https://en.wikipedia.org/wiki/List_of_office-holders_in_the_Government_of_India,0.85,collected,2026-06-30
2505,2501,2857,,,true,appointed,Defence Secretary (since 1 November 2024),https://en.wikipedia.org/wiki/List_of_office-holders_in_the_Government_of_India,0.85,collected,2026-06-30
2506,2502,2858,,,true,appointed,Foreign Secretary (since 15 July 2024),https://en.wikipedia.org/wiki/List_of_office-holders_in_the_Government_of_India,0.85,collected,2026-06-30
2507,2503,2859,,,true,appointed,"Secretary, MoRTH",https://en.wikipedia.org/wiki/Ministry_of_Road_Transport_and_Highways,0.85,collected,2026-06-30
2508,2504,2860,,,true,appointed,"Secretary, MoHFW",https://en.wikipedia.org/wiki/Ministry_of_Health_and_Family_Welfare,0.85,collected,2026-06-30
2509,2505,2861,,,true,appointed,"Chairman & CEO, Railway Board (since 1 Sep 2024)",https://en.wikipedia.org/wiki/List_of_office-holders_in_the_Government_of_India,0.85,collected,2026-06-30
2510,2506,2862,,,true,appointed,Secretary to the Government of India,https://en.wikipedia.org/wiki/,0.85,collected,2026-06-30
2511,2507,2864,,,true,appointed,Secretary to the Government of India,https://en.wikipedia.org/wiki/,0.85,collected,2026-06-30
2512,2508,2866,,,true,appointed,Secretary to the Government of India,https://en.wikipedia.org/wiki/,0.85,collected,2026-06-30
2513,2509,2867,,,true,appointed,Secretary to the Government of India,https://en.wikipedia.org/wiki/,0.85,collected,2026-06-30
2514,2510,2868,,,true,appointed,Secretary to the Government of India,https://en.wikipedia.org/wiki/,0.85,collected,2026-06-30
2515,2511,2869,,,true,appointed,Secretary to the Government of India,https://en.wikipedia.org/wiki/,0.85,collected,2026-06-30
2516,2512,2870,,,true,appointed,Secretary to the Government of India,https://en.wikipedia.org/wiki/,0.85,collected,2026-06-30
2517,2513,2871,,,true,appointed,Secretary to the Government of India,https://en.wikipedia.org/wiki/,0.85,collected,2026-06-30
2518,2514,2872,,,true,appointed,Secretary to the Government of India,https://en.wikipedia.org/wiki/,0.85,collected,2026-06-30
2519,2515,2863,,,true,appointed,Secretary to the Government of India,https://en.wikipedia.org/wiki/Secretary_to_the_Government_of_India,0.85,collected,2026-06-30
2520,2516,2865,,,true,appointed,Secretary to the Government of India,https://en.wikipedia.org/wiki/Secretary_to_the_Government_of_India,0.85,collected,2026-06-30
2521,2517,2890,,,true,appointed,Secretary to the Government of India,https://en.wikipedia.org/wiki/Secretary_to_the_Government_of_India,0.85,collected,2026-06-30
2522,2518,2891,,,true,appointed,Secretary to the Government of India,https://en.wikipedia.org/wiki/Secretary_to_the_Government_of_India,0.85,collected,2026-06-30
2523,2519,2892,,,true,appointed,Secretary to the Government of India,https://en.wikipedia.org/wiki/Secretary_to_the_Government_of_India,0.85,collected,2026-06-30
2524,2520,2893,,,true,appointed,Secretary to the Government of India,https://en.wikipedia.org/wiki/Secretary_to_the_Government_of_India,0.85,collected,2026-06-30
2525,2521,2894,,,true,appointed,Secretary to the Government of India,https://en.wikipedia.org/wiki/Secretary_to_the_Government_of_India,0.85,collected,2026-06-30
2526,2522,2895,,,true,appointed,Secretary to the Government of India,https://en.wikipedia.org/wiki/Secretary_to_the_Government_of_India,0.85,collected,2026-06-30
2527,2523,2896,,,true,appointed,Secretary to the Government of India,https://en.wikipedia.org/wiki/Secretary_to_the_Government_of_India,0.85,collected,2026-06-30
2528,2524,2897,,,true,appointed,Secretary to the Government of India,https://en.wikipedia.org/wiki/Secretary_to_the_Government_of_India,0.85,collected,2026-06-30
2529,2525,2898,,,true,appointed,Secretary to the Government of India,https://en.wikipedia.org/wiki/Secretary_to_the_Government_of_India,0.85,collected,2026-06-30
2530,2526,2899,,,true,appointed,Secretary to the Government of India,https://en.wikipedia.org/wiki/Secretary_to_the_Government_of_India,0.85,collected,2026-06-30
2531,2527,2900,,,true,appointed,Secretary to the Government of India,https://en.wikipedia.org/wiki/Secretary_to_the_Government_of_India,0.85,collected,2026-06-30
2532,2528,2901,,,true,appointed,Secretary to the Government of India,https://en.wikipedia.org/wiki/Secretary_to_the_Government_of_India,0.85,collected,2026-06-30
2533,2529,2902,,,true,appointed,Secretary to the Government of India,https://en.wikipedia.org/wiki/Secretary_to_the_Government_of_India,0.85,collected,2026-06-30
2534,2530,2903,,,true,appointed,Secretary to the Government of India,https://en.wikipedia.org/wiki/Secretary_to_the_Government_of_India,0.85,collected,2026-06-30
2535,2531,2904,,,true,appointed,Secretary to the Government of India,https://en.wikipedia.org/wiki/Secretary_to_the_Government_of_India,0.85,collected,2026-06-30
2536,2532,2905,,,true,appointed,Secretary to the Government of India,https://en.wikipedia.org/wiki/Secretary_to_the_Government_of_India,0.85,collected,2026-06-30
2537,2533,1896,,,true,appointed,"District Collector, Virudhunagar",https://en.wikipedia.org/wiki/Virudhunagar_district,0.80,collected,2026-06-30
2538,2534,1082,,,true,appointed,District Collector,https://junagadh.nic.in/,0.85,collected,2026-06-30
2539,2535,1088,,,true,appointed,District Collector,https://mahisagar.nic.in/,0.85,collected,2026-06-30
2540,2536,1424,,,true,appointed,District Collector / Deputy Commissioner,https://ujjain.nic.in/,0.85,collected,2026-06-30
2541,2537,1428,,,true,appointed,District Collector / Deputy Commissioner,https://dewas.nic.in/,0.85,collected,2026-06-30
2542,2538,1522,,,true,appointed,District Collector / Deputy Commissioner,https://kakching.nic.in/,0.85,collected,2026-06-30
2543,2539,1524,,,true,appointed,District Collector / Deputy Commissioner,https://kamjong.nic.in/,0.85,collected,2026-06-30
2544,2540,1548,,,true,appointed,District Collector / Deputy Commissioner,https://westgarohills.gov.in/,0.85,collected,2026-06-30
2545,2541,1558,,,true,appointed,District Collector / Deputy Commissioner,https://westkhasihills.gov.in/,0.85,collected,2026-06-30
2546,2542,1564,,,true,appointed,District Collector / Deputy Commissioner,https://ribhoi.gov.in/,0.85,collected,2026-06-30
2547,2543,1164,,,true,appointed,District Collector / Deputy Commissioner,https://hisar.gov.in/,0.85,collected,2026-06-30
2548,2544,1020,,,true,appointed,District Collector / Deputy Commissioner,https://korea.gov.in/whos-who/,0.85,collected,2026-06-30
2549,2545,1108,,,true,appointed,District Collector / Deputy Commissioner,https://surat.nic.in/whos-who/,0.85,collected,2026-06-30
2550,2546,1212,,,true,appointed,District Collector / Deputy Commissioner,https://jamtara.nic.in/whos-who/,0.85,collected,2026-06-30
2551,2547,1053,,,true,appointed,Superintendent of Police / Police Commissioner,https://indianexpress.com/article/cities/ahmedabad/anupam-singh-gahlaut-is-new-ahmedabad-police-commissioner-10767057/,0.85,collected,2026-06-30
2552,2548,1471,,,true,appointed,Superintendent of Police / Police Commissioner,https://www.thehindu.com/news/cities/mumbai/senior-ips-officer-deven-bharti-appointed-mumbai-police-commissioner/article69508908.ece,0.85,collected,2026-06-30
2553,2549,1439,,,true,appointed,Superintendent of Police / Police Commissioner,https://pudhari.news/maharashtra/north-maharashtra/ahilyanagar/mummaka-sudarshan-appointed-new-sp-of-ahilyanagar-somnath-gharage-transferred-sb97,0.85,collected,2026-06-30
2554,2550,1125,,,true,appointed,Superintendent of Police / Police Commissioner,https://haryanapolice.gov.in/Organization,0.85,collected,2026-06-30
2555,2551,1279,,,true,appointed,Superintendent of Police / Police Commissioner,https://kolar.nic.in/en/whoswho/dr-rohini-sepat-i-p-s/,0.85,collected,2026-06-30
2556,2552,1985,,,true,appointed,Superintendent of Police / Police Commissioner,https://chamoli.gov.in/divisions/police/,0.85,collected,2026-06-30
2557,2553,1737,,,true,appointed,Superintendent of Police,https://home.rajasthan.gov.in/content/homeportal/en/baranpolice/home.html,0.85,collected,2026-06-30
2558,2554,1771,,,true,appointed,Superintendent of Police,https://linkedin.com/in/harsh-vardhan-agarwalla,0.85,collected,2026-06-30
2559,2555,1735,,,true,appointed,Superintendent of Police,https://www.newkerala.com/news/a/ips-transfers-sps-22-districts-transferred-rajasthan-424.htm,0.85,collected,2026-06-30
2560,2556,1739,,,true,appointed,Superintendent of Police,https://www.newkerala.com/news/a/ips-transfers-sps-22-districts-transferred-rajasthan-424.htm,0.85,collected,2026-06-30
2561,2557,1941,,,true,appointed,Superintendent of Police,https://www.tspolice.gov.in/,0.85,collected,2026-06-30
2562,2558,1887,,,true,appointed,Superintendent of Police,https://www.newindianexpress.com/states/tamil-nadu/2026/Jun/16/tamil-nadu-govt-shifts-56-senior-police-officers,0.85,collected,2026-06-30
2563,2559,2001,,,true,appointed,Superintendent of Police,https://tehri.nic.in/divisions/police-department/,0.85,collected,2026-06-30
2564,2560,2005,,,true,appointed,Superintendent of Police,https://uttarkashi.nic.in/whos-who/,0.85,collected,2026-06-30
2565,2561,2025,,,true,appointed,Superintendent of Police,https://uppolice.gov.in/en/officerprofile?slugName=bagpat,0.85,collected,2026-06-30
2566,2562,2129,,,true,appointed,Superintendent of Police,https://uppolice.gov.in/hi/officerprofile?slugName=commagr,0.85,collected,2026-06-30
2567,2563,1769,,,true,appointed,Superintendent of Police / Police Commissioner,https://www.patrika.com/jaisalmer-news/in-77-years-the-border-district-has-got-70-superintendents-of-police-19808547,0.85,collected,2026-06-30
2568,2564,1709,,,true,appointed,Superintendent of Police / Police Commissioner,https://www.magzter.com/stories/newspaper/Punjab-Times-English-Edition/MANSA-POLICE-RECOVER-19-GRAMS-HEROIN-300-LITRES-LAHAN,0.85,collected,2026-06-30
2569,2565,2161,,,true,appointed,Superintendent of Police / Police Commissioner,https://asansoldurgapurpolice.wb.gov.in/,0.85,collected,2026-06-30
2570,2566,1011,,,true,appointed,Superintendent of Police,https://kawardha.gov.in/en/about-district/whos-who/,0.85,collected,2026-06-30
2571,2567,1027,,,true,appointed,Superintendent of Police,https://www.the-journalist.com/transfer-of-3-ips-and-25-dsp-in-chhattisgarh/,0.85,collected,2026-06-30
2572,2568,1039,,,true,appointed,Superintendent of Police,https://sarangarh-bilaigarh.cg.gov.in/en/divisions/sarangarh-bilaigarh-police/,0.85,collected,2026-06-30
2573,2569,1119,,,true,appointed,Superintendent of Police,https://indianexpress.com/article/cities/ahmedabad/newly-formed-vav-tharad-gets-first-collector/,0.85,collected,2026-06-30
2574,2570,1393,,,true,appointed,Superintendent of Police,https://harda.nic.in/en/about-district/whos-who/,0.85,collected,2026-06-30
2575,2571,1891,,,true,appointed,Superintendent of Police,https://tiruvarur.nic.in/whoswho/thiru-v-vikraman-ips/,0.85,collected,2026-06-30
2576,2572,2209,,,true,appointed,Superintendent of Police,https://www.northblocksouthblock.com/jk-security-veteran-is-now-heading-one-of-delhis-most-challenging-police-districts/,0.85,collected,2026-06-30
2577,2573,2259,,,true,appointed,Superintendent of Police,https://kashmirconvener.com/ssp-bandipora-calls-for-stronger-area-domination-measures-heightened-vigil/,0.85,collected,2026-06-30
2578,2574,2265,,,true,appointed,Superintendent of Police,https://police.py.gov.in/senior%20officers%20address.htm,0.85,collected,2026-06-30
2579,2575,2271,,,true,appointed,Superintendent of Police,https://yanam.gov.in/directory/,0.85,collected,2026-06-30
2580,2576,1819,,,true,appointed,Superintendent of Police,https://namchi.nic.in/district-administration/,0.85,collected,2026-06-30
2581,2577,1417,,,true,appointed,Superintendent of Police,https://tikamgarh.nic.in/en/whoswho/sp/,0.85,collected,2026-06-30
2582,2578,1961,,,true,appointed,Superintendent of Police,https://wanaparthy.telangana.gov.in/divisions/police-department/,0.85,collected,2026-06-30
2583,2579,1165,,,true,appointed,Superintendent of Police,https://haryanapolice.gov.in/Organization,0.85,collected,2026-06-30
2584,2580,2308,,,true,elected,Elected Feb 2026,https://www.thehindu.com/news/national/andhra-pradesh/devarakonda-sujatha-unanimously-elected-as-nellore-mayor/article70680533.ece,0.85,collected,2026-07-18
2585,2581,2336,,,true,elected,Official IMC; sworn Jan 2026,https://www.imc.arunachal.gov.in/?lang=hi,0.90,collected,2026-07-18
2586,2582,2338,,,true,elected,Re-elected 2022; active 2025-26,https://www.sentinelassam.com/cities/guwahati-city/our-goal-is-guwahatis-development-mayor-mrigen-sarania,0.85,collected,2026-07-18
2587,2583,2340,,,true,elected,First mayor after 2024 upgrade,https://en.wikipedia.org/wiki/Dibrugarh_Municipal_Corporation,0.80,collected,2026-07-18
2588,2584,2362,,,true,elected,Active 2026 local reporting,https://www.bhaskar.com/local/bihar/madhubani/news/madhubani-mayor-arun-rai-promises-drain-construction-138206876.html,0.80,collected,2026-07-18
2589,2585,2382,,,true,elected,Elected Jan 2026 cycle,https://timesofindia.indiatimes.com/city/chandigarh/clean-sweep-for-bjp-in-chandigarh-mayoral-poll/articleshow/127785668.cms,0.85,collected,2026-07-18
2590,2586,2384,,,true,elected,Official Raipur MC mayor list from 07.03.2025,https://www.nagarnigamraipur.nic.in/en/mayor-list,0.95,collected,2026-07-18
2591,2587,2386,,,true,elected,Elected Feb 2025,https://www.ibc24.in/chhattisgarh/pooja-vidhani-took-oath-as-the-12th-mayor-of-bilaspur-municipal-corporation-2966677.html,0.90,collected,2026-07-18
2592,2588,2388,,,true,elected,Elected Feb 2025,https://www.latestly.com/india/news/chhattisgarh-municipal-election-2025-result-bjp-sweeps-all-10-mayoral-polls-congress-lands-a-zero-cm-vishnu-deo-sai-calls-it-historic-mandate-in-favour-of-modi-ki-guarantee-6645753.html,0.90,collected,2026-07-18
2593,2589,2390,,,true,elected,Elected Feb 2025,https://www.latestly.com/india/news/chhattisgarh-municipal-election-2025-result-bjp-sweeps-all-10-mayoral-polls-congress-lands-a-zero-cm-vishnu-deo-sai-calls-it-historic-mandate-in-favour-of-modi-ki-guarantee-6645753.html,0.90,collected,2026-07-18
2594,2590,2392,,,true,elected,Elected Feb 2025; still in office Jul 2026,https://gramyatrachhattisgarh.com/2026/07/korba-model-chhattisgarhs-first-woman-mayor-to-write-a-new-story-of-development-in-16-months-transforming-peoples-dreams-into-plans-and-implementing-them-on-the-ground/,0.90,collected,2026-07-18
2595,2591,2394,,,true,elected,Elected Feb 2025,https://www.latestly.com/india/news/chhattisgarh-municipal-election-2025-result-bjp-sweeps-all-10-mayoral-polls-congress-lands-a-zero-cm-vishnu-deo-sai-calls-it-historic-mandate-in-favour-of-modi-ki-guarantee-6645753.html,0.90,collected,2026-07-18
2596,2592,2396,,,true,elected,Elected Feb 2025,https://www.latestly.com/india/news/chhattisgarh-municipal-election-2025-result-bjp-sweeps-all-10-mayoral-polls-congress-lands-a-zero-cm-vishnu-deo-sai-calls-it-historic-mandate-in-favour-of-modi-ki-guarantee-6645753.html,0.85,collected,2026-07-18
2597,2593,2398,,,true,elected,Elected Feb 2025,https://www.latestly.com/india/news/chhattisgarh-municipal-election-2025-result-bjp-sweeps-all-10-mayoral-polls-congress-lands-a-zero-cm-vishnu-deo-sai-calls-it-historic-mandate-in-favour-of-modi-ki-guarantee-6645753.html,0.90,collected,2026-07-18
2598,2594,2400,,,true,elected,Elected Feb 2025; name variants across sources,https://www.thedailyjagran.com/india/chhattisgarh-municipal-election-result-2025-nagar-nikay-chunav-mayor-posts-bjp-congress-winner-list-raipur-bilaspur-durg-rajnandgaon-ambikapur-korba-raigad-mayor-election-result-10218834,0.80,collected,2026-07-18
2599,2595,2402,,,true,elected,Active as mayor presenting 2026-27 budget,https://english.dainikjagranmpcg.com/states/chhattisgarh/bhilai-municipal-corporation-budget-censure-motion-against-commissioner/article-15967,0.85,collected,2026-07-18
2600,2596,2406,,,true,elected,Sixth term; elected March 2026,https://www.heraldgoa.in/goa/unprecedented-sixth-term-for-rohit-as-panjim-mayor/469835/,0.90,collected,2026-07-18
2601,2597,2408,,,true,elected,Elected May 2026 after April 2026 MC polls,https://timesofindia.indiatimes.com/city/ahmedabad/hitesh-barot-elected-ahmedabad-mayor/articleshow/131335354.cms,0.90,collected,2026-07-18
2602,2598,2410,,,true,elected,Appointed May 2026; also reported as Maya Mavani,https://deshgujarat.com/2026/05/28/surat-gets-new-mayor/,0.90,collected,2026-07-18
2603,2599,2412,,,true,elected,Continuing mayor; Gandhinagar not in April 2026 15-MC poll set,https://indianexpress.com/article/cities/ahmedabad/ahead-of-budget-meet-congress-workers-clash-with-police-outside-gandhinagar-civic-body-office-10541547/,0.85,collected,2026-07-18
2604,2600,2414,,,true,elected,Appointed May 2026,https://indianexpress.com/article/cities/ahmedabad/a-first-time-corporator-a-last-minute-poll-entrant-and-patidar-woman-leader-vadodara-rajkot-surat-get-new-mayors-10713073/,0.90,collected,2026-07-18
2605,2601,2416,,,true,elected,Appointed May 2026,https://timesofindia.indiatimes.com/city/rajkot/rajkot-bjp-power-play-ends-with-surprise-pick-nehal-shukla-as-mayor/articleshow/131377124.cms,0.90,collected,2026-07-18
2606,2602,2418,,,true,elected,Appointed 28 May 2026; also Ushaben Talreja,https://deshgujarat.com/2026/05/28/bhavnagar-municipal-corporation-gets-new-mayor/,0.90,collected,2026-07-18
2607,2603,2420,,,true,elected,Appointed May 2026,https://english.gujaratsamachar.com/news/gujarat/gujarat-cities-get-new-mayors-check-out-prominent-names-67115968699.html,0.90,collected,2026-07-18
2608,2604,2422,,,true,elected,Official JMC site; continuing from Feb 2025 term,https://junagadhmunicipal.org/mayors/,0.85,collected,2026-07-18
2609,2605,2424,,,true,elected,First mayor after MC upgrade; May 2026,https://deshgujarat.com/2026/05/26/nadiad-gandhidham-mahesana-get-first-mayors/,0.90,collected,2026-07-18
2610,2606,2426,,,true,elected,First mayor; official Mahesana MC site,https://mahesanacity.in/,0.90,collected,2026-07-18
2611,2607,2428,,,true,elected,Appointed May 2026,https://english.gujaratsamachar.com/news/gujarat/gujarat-cities-get-new-mayors-check-out-prominent-names-67115968699.html,0.90,collected,2026-07-18
2612,2608,2430,,,true,elected,Appointed May 2026,https://english.gujaratsamachar.com/news/gujarat/gujarat-cities-get-new-mayors-check-out-prominent-names-67115968699.html,0.90,collected,2026-07-18
2613,2609,2432,,,true,elected,First mayor; May 2026,https://english.gujaratsamachar.com/news/gujarat/gujarat-cities-get-new-mayors-check-out-prominent-names-67115968699.html,0.90,collected,2026-07-18
2614,2610,2434,,,true,elected,First mayor of Vapi MC; May 2026,https://timesofindia.indiatimes.com/city/surat/bjps-daksha-patel-is-first-mayor-of-vapi/articleshow/131377008.cms,0.90,collected,2026-07-18
2615,2611,2436,,,true,elected,Won March 2025 mayoral poll,https://en.wikipedia.org/wiki/2025_Haryana_local_elections,0.85,collected,2026-07-18
2616,2612,2438,,,true,elected,Won March 2025,https://indianexpress.com/article/india/haryana-municipal-nagar-nigam-election-results-2025-winners-list-panipat-gurgaon-manesar-sonipat-rohtak-faridabad-hisar-9882631/,0.85,collected,2026-07-18
2617,2613,2440,,,true,elected,Re-elected May 2026,https://www.thehindu.com/news/national/haryana/haryana-municipal-council-elections-vote-counting-may-13-2026-updates/article70972731.ece,0.90,collected,2026-07-18
2618,2614,2442,,,true,elected,Elected May 2026,https://timesofindia.indiatimes.com/city/chandigarh/bjp-sweeps-panchkula-civic-polls-bansal-new-mayor/articleshow/131077297.cms,0.90,collected,2026-07-18
2619,2615,2444,,,true,elected,Won March 2025; spelling variants exist,https://indianexpress.com/article/india/haryana-municipal-nagar-nigam-election-results-2025-winners-list-panipat-gurgaon-manesar-sonipat-rohtak-faridabad-hisar-9882631/,0.80,collected,2026-07-18
2620,2616,2446,,,true,elected,Won March 2025,https://indianexpress.com/article/india/haryana-municipal-nagar-nigam-election-results-2025-winners-list-panipat-gurgaon-manesar-sonipat-rohtak-faridabad-hisar-9882631/,0.85,collected,2026-07-18
2621,2617,2448,,,true,elected,Won March 2025,https://indianexpress.com/article/india/haryana-municipal-nagar-nigam-election-results-2025-winners-list-panipat-gurgaon-manesar-sonipat-rohtak-faridabad-hisar-9882631/,0.85,collected,2026-07-18
2622,2618,2450,,,true,elected,Won March 2025,https://indianexpress.com/article/india/haryana-municipal-nagar-nigam-election-results-2025-winners-list-panipat-gurgaon-manesar-sonipat-rohtak-faridabad-hisar-9882631/,0.85,collected,2026-07-18
2623,2619,2452,,,true,elected,Won March 2025,https://indianexpress.com/article/india/haryana-municipal-nagar-nigam-election-results-2025-winners-list-panipat-gurgaon-manesar-sonipat-rohtak-faridabad-hisar-9882631/,0.85,collected,2026-07-18
2624,2620,2454,,,true,elected,Elected May 2026,https://timesofindia.indiatimes.com/city/chandigarh/bjps-akshita-saini-elected-ambala-mayor/articleshow/131066317.cms,0.90,collected,2026-07-18
2625,2621,2456,,,true,elected,First Manesar mayor; joined BJP April 2026,https://timesofindia.indiatimes.com/city/gurgaon/manesar-mayor-8-councillors-join-bjp-saffron-sweep-of-corporations-now-complete/articleshow/130617498.cms,0.85,collected,2026-07-18
2626,2622,2458,,,true,elected,Official MC directory,https://shimlamc.hp.gov.in/Contact/Index/12,0.85,collected,2026-07-18
2627,2623,2460,,,true,elected,Elected after May 2026 polls,https://www.tribuneindia.com/news/himachal/bjps-shamsher-nehria-unanimously-elected-dharamsala-mayor-prerna-guleria-deputy-mayor/,0.90,collected,2026-07-18
2628,2624,2462,,,true,elected,Elected unopposed May 2026,https://himachalscape.com/congress-strategy-prevents-bjp-from-electing-mayors-in-yhree-hp-municipal-corporations-retains-palampur/,0.90,collected,2026-07-18
2629,2625,2464,,,true,elected,Elected July 2026,https://thedailyguardian.com/india/bjp-captures-solan-municipal-corporation-congress-suffers-major-political-setback-despite-ministers-vote20260702192216-727019/,0.90,collected,2026-07-18
2630,2626,2466,,,true,elected,Elected after May 2026 polls,https://newswav.com/article/bjp-s-suman-thakur-becomes-mandi-mc-mayor-jitender-sharma-elected-deputy-ma-A2606_HjcVnb,0.90,collected,2026-07-18
2631,2627,2472,,,true,elected,Feb 2026 non-party civic polls,https://www.thehindu.com/news/national/jharkhand/jharkhand-civic-polls-bjp-backed-nominees-win-in-ranchi-medininagar-jmm-wins-giridih-deoghar/article70687348.ece,0.85,collected,2026-07-18
2632,2628,2474,,,true,elected,BJP-backed; Feb 2026,https://www.thehindu.com/news/national/jharkhand/jharkhand-civic-polls-bjp-backed-nominees-win-in-ranchi-medininagar-jmm-wins-giridih-deoghar/article70687348.ece,0.90,collected,2026-07-18
2633,2629,2476,,,true,elected,JMM-supported; Feb 2026,https://www.thehindu.com/news/national/jharkhand/jharkhand-civic-polls-bjp-backed-nominees-win-in-ranchi-medininagar-jmm-wins-giridih-deoghar/article70687348.ece,0.80,collected,2026-07-18
2634,2630,2478,,,true,elected,Feb 2026,https://www.thehindu.com/news/national/jharkhand/jharkhand-civic-polls-bjp-backed-nominees-win-in-ranchi-medininagar-jmm-wins-giridih-deoghar/article70687348.ece,0.85,collected,2026-07-18
2635,2631,2480,,,true,elected,Feb 2026,https://www.thehindu.com/news/national/jharkhand/jharkhand-civic-polls-bjp-backed-nominees-win-in-ranchi-medininagar-jmm-wins-giridih-deoghar/article70687348.ece,0.85,collected,2026-07-18
2636,2632,2482,,,true,elected,Feb 2026,https://www.thehindu.com/news/national/jharkhand/jharkhand-civic-polls-bjp-backed-nominees-win-in-ranchi-medininagar-jmm-wins-giridih-deoghar/article70687348.ece,0.85,collected,2026-07-18
2637,2633,2484,,,true,elected,Feb 2026,https://www.thehindu.com/news/national/jharkhand/jharkhand-civic-polls-bjp-backed-nominees-win-in-ranchi-medininagar-jmm-wins-giridih-deoghar/article70687348.ece,0.85,collected,2026-07-18
2638,2634,2490,,,true,elected,Elected March 2026; also Kamkar,https://www.thehindu.com/news/national/karnataka/preeti-kamakar-elected-mayor-and-hanumant-kongali-deputy-mayor-for-belagavi/article70757122.ece,0.90,collected,2026-07-18
2639,2635,2492,,,true,elected,Elected Aug 2025,https://www.varthabharati.in/kalaburagi/kalaburagi-municipal-corporation-under-congress-varsha-jane-elected-as-mayor-trupti-lakhe-as-deputy-mayor-2081762,0.85,collected,2026-07-18
2640,2636,2494,,,true,elected,Hubballi-Dharwad; elected July 2026,https://www.thehindu.com/news/national/karnataka/durgamma-bijawad-hubballi-dharwad-mayor-ratnabai-nazare-deputy-mayor/article71182812.ece,0.90,collected,2026-07-18
2641,2637,2508,,,true,elected,Sworn Dec 2025,https://www.thehindu.com/news/national/kerala/new-mayors-municipal-chairpersons-take-charge-in-kerala/article70440792.ece,0.90,collected,2026-07-18
2642,2638,2510,,,true,elected,Sworn Dec 2025,https://www.thehindu.com/news/national/kerala/new-mayors-municipal-chairpersons-take-charge-in-kerala/article70440792.ece,0.90,collected,2026-07-18
2643,2639,2512,,,true,elected,Elected Dec 2025,https://www.thehindu.com/news/cities/Kochi/four-time-councillor-vk-minimol-elected-as-kochi-mayor/article70439071.ece,0.90,collected,2026-07-18
2644,2640,2514,,,true,elected,Sworn Dec 2025; also Hafeez,https://www.thehindu.com/news/national/kerala/new-mayors-municipal-chairpersons-take-charge-in-kerala/article70440792.ece,0.85,collected,2026-07-18
2645,2641,2516,,,true,elected,Sworn Dec 2025,https://www.thehindu.com/news/national/kerala/new-mayors-municipal-chairpersons-take-charge-in-kerala/article70440792.ece,0.90,collected,2026-07-18
2646,2642,2518,,,true,elected,Elected Dec 2025,https://www.thehindu.com/news/national/kerala/new-mayors-municipal-chairpersons-take-charge-in-kerala/article70440792.ece,0.90,collected,2026-07-18
2647,2643,2542,,,true,elected,Official KMC site,https://kmckatni.org/,0.90,collected,2026-07-18
2648,2644,2584,,,true,elected,Elected Feb 2026,https://navbharatlive.com/maharashtra/thane/panvel-municipal-corporation-mayor-election-bjp-nitin-patil-wins-1560894.html,0.90,collected,2026-07-18
2649,2645,2594,,,true,elected,2026 mayor election,https://navbharatlive.com/maharashtra/nagpur/maharashtra-municipal-corporation-mayor-list-election-results-bjp-mahayuti-1562990.html,0.85,collected,2026-07-18
2650,2646,2596,,,true,elected,Elected Feb 2026,https://english.lokshahi.com/latest-news/bjps-flag-again-on-dhule-municipal-corporation-mayadevi-pardeshi-mayor,0.90,collected,2026-07-18
2651,2647,2598,,,true,elected,2026,https://www.lokmat.com/chandrapur/bjps-sangeeta-khandekar-finally-becomes-chandrapur-mayor-defeating-congress-by-just-one-vote-a-a301/,0.90,collected,2026-07-18
2652,2648,2600,,,true,elected,Elected Feb 2026,https://www.thehindu.com/news/national/maharashtra/shiv-sena-ubt-mayor-elected-in-parbhani-municipal-corporation-bjp-slams-uddhav-thackeray-on-his-candidature/article70625102.ece,0.90,collected,2026-07-18
2653,2649,2602,,,true,elected,2026,https://navbharatlive.com/maharashtra/nagpur/maharashtra-municipal-corporation-mayor-list-election-results-bjp-mahayuti-1562990.html,0.85,collected,2026-07-18
2654,2650,2606,,,true,elected,Official AMC; sworn May 2026,https://amcmizoram.com/page/who-s-who,0.90,collected,2026-07-18
2655,2651,2608,,,true,elected,Elected 2022; also Dalai,https://en.wikipedia.org/wiki/List_of_urban_local_bodies_in_Odisha,0.75,collected,2026-07-18
2656,2652,2610,,,true,elected,Official BMC site,https://www.bmc.gov.in/,0.90,collected,2026-07-18
2657,2653,2612,,,true,elected,Elected 2022,https://en.wikipedia.org/wiki/Cuttack_Municipal_Corporation,0.80,collected,2026-07-18
2658,2654,2620,,,true,elected,Official MC Ludhiana site,https://mcludhiana.punjab.gov.in/Home/Index?lng=en&mcid=1010,0.90,collected,2026-07-18
2659,2655,2622,,,true,elected,Elected Jan 2025 after Dec 2024 polls,https://timesofindia.indiatimes.com/city/chandigarh/aaps-jatinder-singh-moti-bhatia-elected-amritsar-mayor-amid-controversy-murder-of-democracy-cong/articleshow/117611000.cms,0.85,collected,2026-07-18
2660,2656,2624,,,true,elected,Elected Jan 2025,https://indianexpress.com/article/cities/chandigarh/ex-rss-worker-vaneet-dhir-jalandhar-first-aap-mayor-9774190/,0.85,collected,2026-07-18
2661,2657,2626,,,true,elected,Elected Jan 2025,https://indianexpress.com/article/cities/chandigarh/aaps-kundan-gogia-unanimously-elected-as-patiala-mayor-9772714/,0.85,collected,2026-07-18
2662,2658,2628,,,true,elected,Elected Feb 2025,https://www.hindustantimes.com/cities/chandigarh-news/aaps-rampal-is-phagwara-mayor-101738432260322.html,0.85,collected,2026-07-18
2663,2659,2630,,,true,elected,Re-elected June 2026,https://indianexpress.com/article/cities/chandigarh/bathinda-barnala-municipal-corporation-elections-new-mayors-10735345/,0.90,collected,2026-07-18
2664,2660,2632,,,true,elected,Elected June 2026,https://theprint.in/india/punjab-aap-councillors-elected-mayors-of-barnala-batala-bathinda-moga-municipal-corporations/2957535/,0.90,collected,2026-07-18
2665,2661,2634,,,true,elected,Elected June 2026,https://timesofindia.indiatimes.com/city/chandigarh/samana-becomes-youngest-mayor-of-mohali/articleshow/131619724.cms,0.90,collected,2026-07-18
2666,2662,2638,,,true,elected,Elected June 2026,https://www.tribuneindia.com/news/punjab/aaps-vinaypal-kaur-takes-charge-as-moga-municipal-corporation-mayor/,0.90,collected,2026-07-18
2667,2663,2642,,,true,elected,Elected July 2026; disputed by BJP,https://timesofindia.indiatimes.com/city/chandigarh/aap-bags-abohar-morinda-top-civic-posts-channi-cries-foul/articleshow/132319346.cms,0.80,collected,2026-07-18
2668,2664,2644,,,true,elected,Elected July 2026 amid defection controversy,https://timesofindia.indiatimes.com/city/chandigarh/aap-wins-kapurthala-mayoral-poll-despite-congress-majority/articleshow/132271019.cms,0.80,collected,2026-07-18
2669,2665,2646,,,true,elected,First mayor after MC upgrade; June 2026,https://theprint.in/india/punjab-aap-councillors-elected-mayors-of-barnala-batala-bathinda-moga-municipal-corporations/2957535/,0.90,collected,2026-07-18
2670,2666,2666,,,true,elected,Official GMC; elected May 2026,https://gmc.sikkim.gov.in/,0.90,collected,2026-07-18
2671,2667,2668,,,true,elected,Official GCC Who's Who,https://chennaicorporation.gov.in/gcc/who-is-who/index_data.jsp,0.90,collected,2026-07-18
2672,2668,2716,,,true,elected,Active June 2026,https://tripurachronicle.in/local-news/amc-mayor-dipak-majumder-inspects-bypass-road-area-near-india-bangladesh-border/,0.85,collected,2026-07-18
2673,2669,2748,,,true,elected,Official Nagar Nigam Shahjahanpur,https://nagarnigamshahjahanpur.in/,0.90,collected,2026-07-18
2674,2670,2750,,,true,elected,Elected Jan 2025,https://en.wikipedia.org/wiki/Dehradun_Municipal_Corporation,0.90,collected,2026-07-18
2675,2671,2752,,,true,elected,Official Haldwani Nagar Nigam,https://haldwaninagarnigam.com/Mayor,0.90,collected,2026-07-18
2676,2672,2754,,,true,elected,Jan 2025; also Jaiswal,https://reporterstoday.com/bjp-scores-big-victory-in-ulbs-elections-in-uttarakhand/,0.80,collected,2026-07-18
2677,2673,2756,,,true,elected,Jan 2025,https://reporterstoday.com/bjp-scores-big-victory-in-ulbs-elections-in-uttarakhand/,0.85,collected,2026-07-18
2678,2674,2758,,,true,elected,Jan 2025,https://reporterstoday.com/bjp-scores-big-victory-in-ulbs-elections-in-uttarakhand/,0.85,collected,2026-07-18
2679,2675,2760,,,true,elected,Jan 2025,https://www.etnownews.com/news/uttarakhand-nikay-chunav-results-2025-live-municipal-election-winners-list-bjp-congress-mayor-nagar-panchayat-article-117570820,0.80,collected,2026-07-18
2680,2676,2762,,,true,elected,Jan 2025,https://reporterstoday.com/bjp-scores-big-victory-in-ulbs-elections-in-uttarakhand/,0.85,collected,2026-07-18
2681,2589,2768,,,true,elected,Elected Feb 2025,https://www.latestly.com/india/news/chhattisgarh-municipal-election-2025-result-bjp-sweeps-all-10-mayoral-polls-congress-lands-a-zero-cm-vishnu-deo-sai-calls-it-historic-mandate-in-favour-of-modi-ki-guarantee-6645753.html,0.90,collected,2026-07-18
2682,2634,2840,,,true,elected,Elected March 2026; also Kamkar,https://www.thehindu.com/news/national/karnataka/preeti-kamakar-elected-mayor-and-hanumant-kongali-deputy-mayor-for-belagavi/article70757122.ece,0.90,collected,2026-07-18
2683,2635,2842,,,true,elected,Elected Aug 2025,https://www.varthabharati.in/kalaburagi/kalaburagi-municipal-corporation-under-congress-varsha-jane-elected-as-mayor-trupti-lakhe-as-deputy-mayor-2081762,0.85,collected,2026-07-18
2684,2677,2846,,,true,elected,Elected Nov 2025; also Gadeppa Pujar,https://timesofindia.indiatimes.com/city/hubballi/gadeppa-pujar-elected-as-ballari-mayor-and-mubeena-his-deputy/articleshow/125351443.cms,0.70,collected,2026-07-18
2685,2678,1242,,,true,appointed,DC/DM Bengaluru North (ex Bengaluru Rural); assumed charge Feb 2026,https://eedina.com/karnataka/dr-k-n-anuradha-assumes-charge-as-bangalore-rural-district-commissioner/2026-02-28/,0.85,collected,2026-07-18
2686,2679,1244,,,true,appointed,"DC & District Magistrate, Bengaluru South (ex Ramanagara); official district Who's Who",https://bengalurusouth.nic.in/en/about-district/who-is-who/,0.90,collected,2026-07-18
2687,2680,803,,,true,appointed,SP Keyi Panyor; confirmed active as of 8 Jul 2026 flood assessment (Arunachal Times),https://arunachaltimes.in/index.php/2026/07/09/central-team-assesses-flood-damage-in-keyi-panyor/,0.80,collected,2026-07-18
2688,2681,1243,,,true,appointed,SP Bengaluru North / Bengaluru Rural; Jan 2026 IPS reshuffle,https://timesofindia.indiatimes.com/city/bengaluru/major-ips-reshuffle-bengaluru-gets-five-new-dcps/articleshow/126277467.cms,0.85,collected,2026-07-18
2689,2682,1245,,,true,appointed,SP Bengaluru South; official district Who's Who,https://bengalurusouth.nic.in/en/about-district/who-is-who/,0.90,collected,2026-07-18
2690,2683,1413,,,true,appointed,SP Niwari; official Niwari Police site (also Narwaria),https://niwari.mppolice.gov.in/,0.85,collected,2026-07-18
2691,2684,1415,,,true,appointed,SP Panna; district NIC + May 2026 news corroboration,https://panna.nic.in/en/divisions/division-2/,0.90,collected,2026-07-18
2692,2685,1571,,,true,appointed,SP Hnahthial; Mizoram Police senior officers list,https://police.mizoram.gov.in/senior-police-officers/,0.80,collected,2026-07-18
2693,2686,1577,,,true,appointed,SP Lawngtlai; Mizoram Police / lawngtlai.nic.in. Note: AGMUT transfer reports mid-Jul 2026 — verify successor,https://police.mizoram.gov.in/senior-police-officers/,0.70,collected,2026-07-18
2694,2687,1583,,,true,appointed,SP Siaha/Saiha; Mizoram Police senior officers list,https://police.mizoram.gov.in/senior-police-officers/,0.75,collected,2026-07-18
2695,2688,1585,,,true,appointed,SP Saitual; Mizoram Police list. Note: AGMUT transfer reports mid-Jul 2026 — verify successor,https://police.mizoram.gov.in/senior-police-officers/,0.70,collected,2026-07-18
2696,2689,1599,,,true,appointed,SP Meluri; DIPR Nagaland DC/SP directory,https://ipr.nagaland.gov.in/node/13737,0.85,collected,2026-07-18
2697,2690,2291,,,true,appointed,SP Zanskar; UT Ladakh LG appointment list Apr 2026,https://ladakh.gov.in/l-g-approved-the-appointment-of-dcs-and-sps-in-newly-created-districts-in-ladakh/,0.90,collected,2026-07-18
2698,2691,2293,,,true,appointed,SP Drass; UT Ladakh LG appointment list Apr 2026,https://ladakh.gov.in/l-g-approved-the-appointment-of-dcs-and-sps-in-newly-created-districts-in-ladakh/,0.90,collected,2026-07-18
2699,2692,2295,,,true,appointed,SP Sham; UT Ladakh LG appointment list Apr 2026,https://ladakh.gov.in/l-g-approved-the-appointment-of-dcs-and-sps-in-newly-created-districts-in-ladakh/,0.90,collected,2026-07-18
2700,2693,2297,,,true,appointed,SP Nubra; UT Ladakh LG appointment list Apr 2026,https://ladakh.gov.in/l-g-approved-the-appointment-of-dcs-and-sps-in-newly-created-districts-in-ladakh/,0.90,collected,2026-07-18
2701,2694,2299,,,true,appointed,SP Changthang (Nyoma HQ); UT Ladakh LG appointment list Apr 2026; also Syed Zaheer Abbas Jafari,https://ladakh.gov.in/l-g-approved-the-appointment-of-dcs-and-sps-in-newly-created-districts-in-ladakh/,0.90,collected,2026-07-18
2702,21,8,2026-07-25,,true,appointed,Additional charge of Ministry of Education alongside Consumer Affairs / Food & PD and New & Renewable Energy,https://www.thehindu.com/news/national/pralhad-joshi-appointed-union-education-minister/article71266932.ece,0.90,verified,2026-07-25
