id,position_id,person_id,body_id,jurisdiction_id,contact_type,value,label,is_public,is_verified,source_url,confidence,last_verified_at
1,3,,1,,grievance_portal,https://www.pmindia.gov.in/en/interact-with-honble-pm/,Write to the PM,true,true,https://www.pmindia.gov.in/en/,0.85,2026-06-26
2,,,1,,website,https://www.pmindia.gov.in,Official PMO website,true,true,https://www.pmindia.gov.in/en/,0.90,2026-06-26
3,,,2,,website,https://www.mha.gov.in,Official MHA website,true,true,https://www.mha.gov.in,0.85,2026-06-26
4,,,,1,grievance_portal,https://pgportal.gov.in,CPGRAMS - Centralized Public Grievance Redress (all ministries),true,true,https://pgportal.gov.in,0.85,2026-06-26
5,78,,,,office_email,cs@ap.gov.in,"Chief Secretary office, Andhra Pradesh",true,false,https://www.sarkaritel.com/chief-secretaries-of-states-union-territores/,0.75,2026-06-26
6,78,,,,office_phone,+91-863-2441024,"Chief Secretary office, Andhra Pradesh",true,false,https://www.sarkaritel.com/chief-secretaries-of-states-union-territores/,0.75,2026-06-26
7,81,,,,office_email,cs-arunachal@nic.in,"Chief Secretary office, Arunachal Pradesh",true,false,https://www.sarkaritel.com/chief-secretaries-of-states-union-territores/,0.75,2026-06-26
8,81,,,,office_phone,+91-360-2212444,"Chief Secretary office, Arunachal Pradesh",true,false,https://www.sarkaritel.com/chief-secretaries-of-states-union-territores/,0.75,2026-06-26
9,84,,,,office_email,cs-assam@nic.in,"Chief Secretary office, Assam",true,false,https://www.sarkaritel.com/chief-secretaries-of-states-union-territores/,0.75,2026-06-26
10,84,,,,office_phone,+91-361-2261120,"Chief Secretary office, Assam",true,false,https://www.sarkaritel.com/chief-secretaries-of-states-union-territores/,0.75,2026-06-26
11,87,,,,office_email,cs-bihar@nic.in,"Chief Secretary office, Bihar",true,false,https://www.sarkaritel.com/chief-secretaries-of-states-union-territores/,0.75,2026-06-26
12,87,,,,office_phone,+91-612-2215804,"Chief Secretary office, Bihar",true,false,https://www.sarkaritel.com/chief-secretaries-of-states-union-territores/,0.75,2026-06-26
13,90,,,,office_email,csoffice.cg@gov.in,"Chief Secretary office, Chhattisgarh",true,false,https://www.sarkaritel.com/chief-secretaries-of-states-union-territores/,0.75,2026-06-26
14,90,,,,office_phone,+91-771-2221207,"Chief Secretary office, Chhattisgarh",true,false,https://www.sarkaritel.com/chief-secretaries-of-states-union-territores/,0.75,2026-06-26
15,93,,,,office_email,cs-goa@nic.in,"Chief Secretary office, Goa",true,false,https://www.sarkaritel.com/chief-secretaries-of-states-union-territores/,0.75,2026-06-26
16,93,,,,office_phone,+91-832-2419401,"Chief Secretary office, Goa",true,false,https://www.sarkaritel.com/chief-secretaries-of-states-union-territores/,0.75,2026-06-26
17,96,,,,office_email,chiefsecretary@gujarat.gov.in,"Chief Secretary office, Gujarat",true,false,https://www.sarkaritel.com/chief-secretaries-of-states-union-territores/,0.75,2026-06-26
18,96,,,,office_phone,+91-79-23250301,"Chief Secretary office, Gujarat",true,false,https://www.sarkaritel.com/chief-secretaries-of-states-union-territores/,0.75,2026-06-26
19,99,,,,office_email,cs-haryana@nic.in,"Chief Secretary office, Haryana",true,false,https://www.sarkaritel.com/chief-secretaries-of-states-union-territores/,0.75,2026-06-26
20,99,,,,office_phone,+91-172-2740118,"Chief Secretary office, Haryana",true,false,https://www.sarkaritel.com/chief-secretaries-of-states-union-territores/,0.75,2026-06-26
21,102,,,,office_email,cs-hp@nic.in,"Chief Secretary office, Himachal Pradesh",true,false,https://www.sarkaritel.com/chief-secretaries-of-states-union-territores/,0.75,2026-06-26
22,102,,,,office_phone,+91-177-2621022,"Chief Secretary office, Himachal Pradesh",true,false,https://www.sarkaritel.com/chief-secretaries-of-states-union-territores/,0.75,2026-06-26
23,105,,,,office_email,cs-jharkhand@nic.in,"Chief Secretary office, Jharkhand",true,false,https://www.sarkaritel.com/chief-secretaries-of-states-union-territores/,0.75,2026-06-26
24,105,,,,office_phone,+91-651-2400240,"Chief Secretary office, Jharkhand",true,false,https://www.sarkaritel.com/chief-secretaries-of-states-union-territores/,0.75,2026-06-26
25,108,,,,office_email,cs@karnataka.gov.in,"Chief Secretary office, Karnataka",true,false,https://www.sarkaritel.com/chief-secretaries-of-states-union-territores/,0.75,2026-06-26
26,108,,,,office_phone,+91-80-22252442,"Chief Secretary office, Karnataka",true,false,https://www.sarkaritel.com/chief-secretaries-of-states-union-territores/,0.75,2026-06-26
27,111,,,,office_email,chiefsecy@kerala.gov.in,"Chief Secretary office, Kerala",true,false,https://www.sarkaritel.com/chief-secretaries-of-states-union-territores/,0.75,2026-06-26
28,111,,,,office_phone,+91-471-2333147,"Chief Secretary office, Kerala",true,false,https://www.sarkaritel.com/chief-secretaries-of-states-union-territores/,0.75,2026-06-26
29,114,,,,office_email,cs@mp.nic.in,"Chief Secretary office, Madhya Pradesh",true,false,https://www.sarkaritel.com/chief-secretaries-of-states-union-territores/,0.75,2026-06-26
30,114,,,,office_phone,+91-755-2441848,"Chief Secretary office, Madhya Pradesh",true,false,https://www.sarkaritel.com/chief-secretaries-of-states-union-territores/,0.75,2026-06-26
31,117,,,,office_email,cs@maharashtra.gov.in,"Chief Secretary office, Maharashtra",true,false,https://www.sarkaritel.com/chief-secretaries-of-states-union-territores/,0.75,2026-06-26
32,117,,,,office_phone,+91-22-22025042,"Chief Secretary office, Maharashtra",true,false,https://www.sarkaritel.com/chief-secretaries-of-states-union-territores/,0.75,2026-06-26
33,120,,,,office_email,cs-manipur@nic.in,"Chief Secretary office, Manipur",true,false,https://www.sarkaritel.com/chief-secretaries-of-states-union-territores/,0.75,2026-06-26
34,120,,,,office_phone,+91-385-2451144,"Chief Secretary office, Manipur",true,false,https://www.sarkaritel.com/chief-secretaries-of-states-union-territores/,0.75,2026-06-26
35,123,,,,office_email,cso-meg@nic.in,"Chief Secretary office, Meghalaya",true,false,https://www.sarkaritel.com/chief-secretaries-of-states-union-territores/,0.75,2026-06-26
36,123,,,,office_phone,+91-364-2224801,"Chief Secretary office, Meghalaya",true,false,https://www.sarkaritel.com/chief-secretaries-of-states-union-territores/,0.75,2026-06-26
37,126,,,,office_email,cs-mizoram@nic.in,"Chief Secretary office, Mizoram",true,false,https://www.sarkaritel.com/chief-secretaries-of-states-union-territores/,0.75,2026-06-26
38,126,,,,office_phone,+91-389-2322411,"Chief Secretary office, Mizoram",true,false,https://www.sarkaritel.com/chief-secretaries-of-states-union-territores/,0.75,2026-06-26
39,129,,,,office_email,csngl@nic.in,"Chief Secretary office, Nagaland",true,false,https://www.sarkaritel.com/chief-secretaries-of-states-union-territores/,0.75,2026-06-26
40,129,,,,office_phone,+91-370-2270082,"Chief Secretary office, Nagaland",true,false,https://www.sarkaritel.com/chief-secretaries-of-states-union-territores/,0.75,2026-06-26
41,132,,,,office_email,csori@nic.in,"Chief Secretary office, Odisha",true,false,https://www.sarkaritel.com/chief-secretaries-of-states-union-territores/,0.75,2026-06-26
42,132,,,,office_phone,+91-674-2534300,"Chief Secretary office, Odisha",true,false,https://www.sarkaritel.com/chief-secretaries-of-states-union-territores/,0.75,2026-06-26
43,135,,,,office_email,cs@punjab.gov.in,"Chief Secretary office, Punjab",true,false,https://www.sarkaritel.com/chief-secretaries-of-states-union-territores/,0.75,2026-06-26
44,135,,,,office_phone,+91-172-2740860,"Chief Secretary office, Punjab",true,false,https://www.sarkaritel.com/chief-secretaries-of-states-union-territores/,0.75,2026-06-26
45,138,,,,office_email,csraj@rajasthan.gov.in,"Chief Secretary office, Rajasthan",true,false,https://www.sarkaritel.com/chief-secretaries-of-states-union-territores/,0.75,2026-06-26
46,138,,,,office_phone,+91-141-2227254,"Chief Secretary office, Rajasthan",true,false,https://www.sarkaritel.com/chief-secretaries-of-states-union-territores/,0.75,2026-06-26
47,141,,,,office_email,cs-skm@hub.nic.in,"Chief Secretary office, Sikkim",true,false,https://www.sarkaritel.com/chief-secretaries-of-states-union-territores/,0.75,2026-06-26
48,141,,,,office_phone,+91-3592-202315,"Chief Secretary office, Sikkim",true,false,https://www.sarkaritel.com/chief-secretaries-of-states-union-territores/,0.75,2026-06-26
49,144,,,,office_email,cs@tn.gov.in,"Chief Secretary office, Tamil Nadu",true,false,https://www.sarkaritel.com/chief-secretaries-of-states-union-territores/,0.75,2026-06-26
50,144,,,,office_phone,+91-44-25671555,"Chief Secretary office, Tamil Nadu",true,false,https://www.sarkaritel.com/chief-secretaries-of-states-union-territores/,0.75,2026-06-26
51,147,,,,office_email,cs@telangana.gov.in,"Chief Secretary office, Telangana",true,false,https://www.sarkaritel.com/chief-secretaries-of-states-union-territores/,0.75,2026-06-26
52,147,,,,office_phone,+91-40-23452620,"Chief Secretary office, Telangana",true,false,https://www.sarkaritel.com/chief-secretaries-of-states-union-territores/,0.75,2026-06-26
53,150,,,,office_email,cs-tripura@nic.in,"Chief Secretary office, Tripura",true,false,https://www.sarkaritel.com/chief-secretaries-of-states-union-territores/,0.75,2026-06-26
54,150,,,,office_phone,+91-381-2413200,"Chief Secretary office, Tripura",true,false,https://www.sarkaritel.com/chief-secretaries-of-states-union-territores/,0.75,2026-06-26
55,153,,,,office_email,csuttaranchal@nic.in,"Chief Secretary office, Uttarakhand",true,false,https://www.sarkaritel.com/chief-secretaries-of-states-union-territores/,0.75,2026-06-26
56,153,,,,office_phone,+91-135-2712100,"Chief Secretary office, Uttarakhand",true,false,https://www.sarkaritel.com/chief-secretaries-of-states-union-territores/,0.75,2026-06-26
57,156,,,,office_email,csup@nic.in,"Chief Secretary office, Uttar Pradesh",true,false,https://www.sarkaritel.com/chief-secretaries-of-states-union-territores/,0.75,2026-06-26
58,156,,,,office_phone,+91-522-2289212,"Chief Secretary office, Uttar Pradesh",true,false,https://www.sarkaritel.com/chief-secretaries-of-states-union-territores/,0.75,2026-06-26
59,159,,,,office_email,cs-westbengal@nic.in,"Chief Secretary office, West Bengal",true,false,https://www.sarkaritel.com/chief-secretaries-of-states-union-territores/,0.75,2026-06-26
60,159,,,,office_phone,+91-44-22145858,"Chief Secretary office, West Bengal",true,false,https://www.sarkaritel.com/chief-secretaries-of-states-union-territores/,0.75,2026-06-26
61,162,,,,office_email,csdelhi@nic.in,"Chief Secretary office, Delhi (NCT)",true,false,https://www.sarkaritel.com/chief-secretaries-of-states-union-territores/,0.75,2026-06-26
62,162,,,,office_phone,+91-11-23392100,"Chief Secretary office, Delhi (NCT)",true,false,https://www.sarkaritel.com/chief-secretaries-of-states-union-territores/,0.75,2026-06-26
63,165,,,,office_email,cs-jandk@nic.in,"Chief Secretary office, Jammu and Kashmir",true,false,https://www.sarkaritel.com/chief-secretaries-of-states-union-territores/,0.75,2026-06-26
64,165,,,,office_phone,+91-191-2546773,"Chief Secretary office, Jammu and Kashmir",true,false,https://www.sarkaritel.com/chief-secretaries-of-states-union-territores/,0.75,2026-06-26
65,168,,,,office_email,cs@py.gov.in,"Chief Secretary office, Puducherry",true,false,https://www.sarkaritel.com/chief-secretaries-of-states-union-territores/,0.75,2026-06-26
66,168,,,,office_phone,+91-413-2334145,"Chief Secretary office, Puducherry",true,false,https://www.sarkaritel.com/chief-secretaries-of-states-union-territores/,0.75,2026-06-26
67,261,,,,office_email,cs-andamannicobar@gov.in,"Chief Secretary office, Andaman and Nicobar Islands",true,false,https://www.sarkaritel.com/chief-secretaries-of-states-union-territores/,0.75,2026-06-26
68,261,,,,office_phone,+91-3192-233110,"Chief Secretary office, Andaman and Nicobar Islands",true,false,https://www.sarkaritel.com/chief-secretaries-of-states-union-territores/,0.75,2026-06-26
69,262,,,,office_email,cs-chd@chd.gov.in,"Chief Secretary office, Chandigarh",true,false,https://www.sarkaritel.com/chief-secretaries-of-states-union-territores/,0.75,2026-06-26
70,262,,,,office_phone,+91-172-2740154,"Chief Secretary office, Chandigarh",true,false,https://www.sarkaritel.com/chief-secretaries-of-states-union-territores/,0.75,2026-06-26
71,263,,,,office_email,devcom-dd@nic.in,"Chief Secretary office, Dadra and Nagar Haveli and Daman and Diu",true,false,https://www.sarkaritel.com/chief-secretaries-of-states-union-territores/,0.75,2026-06-26
72,263,,,,office_phone,+91-260-2230473,"Chief Secretary office, Dadra and Nagar Haveli and Daman and Diu",true,false,https://www.sarkaritel.com/chief-secretaries-of-states-union-territores/,0.75,2026-06-26
73,264,,,,office_email,chiefsecretary@ladakh.gov.in,"Chief Secretary office, Ladakh",true,false,https://www.sarkaritel.com/chief-secretaries-of-states-union-territores/,0.75,2026-06-26
74,264,,,,office_phone,+91-1982-257560,"Chief Secretary office, Ladakh",true,false,https://www.sarkaritel.com/chief-secretaries-of-states-union-territores/,0.75,2026-06-26
75,265,,,,office_email,lk-advisor@gov.in,"Chief Secretary office, Lakshadweep",true,false,https://www.sarkaritel.com/chief-secretaries-of-states-union-territores/,0.75,2026-06-26
76,265,,,,office_phone,+91-4896-262256,"Chief Secretary office, Lakshadweep",true,false,https://www.sarkaritel.com/chief-secretaries-of-states-union-territores/,0.75,2026-06-26
77,5,,,,office_phone,+91 11 24014501,Office of Rajnath Singh (ministry),true,false,https://www.sarkaritel.com/council-of-ministers/,0.70,2026-06-26
78,5,,,,office_email,rmo@mod.nic.in,Office of Rajnath Singh (ministry),true,false,https://www.sarkaritel.com/council-of-ministers/,0.70,2026-06-26
79,4,,,,office_phone,+91-11-23092462,Office of Amit Shah (ministry),true,false,https://www.sarkaritel.com/council-of-ministers/,0.70,2026-06-26
80,4,,,,office_email,amitshah.mp@sansad.nic.in,Office of Amit Shah (ministry),true,false,https://www.sarkaritel.com/council-of-ministers/,0.70,2026-06-26
81,10,,,,office_phone,+91 11 23711252,Office of Nitin Gadkari (ministry),true,false,https://www.sarkaritel.com/council-of-ministers/,0.70,2026-06-26
82,10,,,,office_email,nitin.gadkari@nic.in,Office of Nitin Gadkari (ministry),true,false,https://www.sarkaritel.com/council-of-ministers/,0.70,2026-06-26
83,11,,,,office_phone,+91 11 23383559,Office of Jagat Prakash Nadda (ministry),true,false,https://www.sarkaritel.com/council-of-ministers/,0.70,2026-06-26
84,11,,,,office_email,min-hfm@gov.in,Office of Jagat Prakash Nadda (ministry),true,false,https://www.sarkaritel.com/council-of-ministers/,0.70,2026-06-26
85,12,,,,office_phone,+91 11 23383370,Office of Shivraj Singh Chouhan (ministry),true,false,https://www.sarkaritel.com/council-of-ministers/,0.70,2026-06-26
86,12,,,,office_email,minister.rd@gov.in,Office of Shivraj Singh Chouhan (ministry),true,false,https://www.sarkaritel.com/council-of-ministers/,0.70,2026-06-26
87,6,,,,office_phone,+91 24012101,Office of Nirmala Sitharaman (ministry),true,false,https://www.sarkaritel.com/council-of-ministers/,0.70,2026-06-26
88,6,,,,office_email,fmo@nic.in,Office of Nirmala Sitharaman (ministry),true,false,https://www.sarkaritel.com/council-of-ministers/,0.70,2026-06-26
89,13,,,,office_phone,+91 11 23011127,Office of Subrahmanyam Jaishankar (ministry),true,false,https://www.sarkaritel.com/council-of-ministers/,0.70,2026-06-26
90,13,,,,office_email,eam@mea.gov.in,Office of Subrahmanyam Jaishankar (ministry),true,false,https://www.sarkaritel.com/council-of-ministers/,0.70,2026-06-26
91,14,,,,office_phone,+91 11-23717474,Office of Manohar Lal Khattar (ministry),true,false,https://www.sarkaritel.com/council-of-ministers/,0.70,2026-06-26
92,14,,,,office_email,minister.mohua@nic.in,Office of Manohar Lal Khattar (ministry),true,false,https://www.sarkaritel.com/council-of-ministers/,0.70,2026-06-26
93,15,,,,office_phone,+91 11-26111395,Office of H. D. Kumaraswamy (ministry),true,false,https://www.sarkaritel.com/council-of-ministers/,0.70,2026-06-26
94,15,,,,office_email,minoff-mhi@gov.in,Office of H. D. Kumaraswamy (ministry),true,false,https://www.sarkaritel.com/council-of-ministers/,0.70,2026-06-26
95,16,,,,office_phone,+91-11-23039110,Office of Piyush Goyal (ministry),true,false,https://www.sarkaritel.com/council-of-ministers/,0.70,2026-06-26
96,16,,,,office_email,piyush.goyal@gov.in,Office of Piyush Goyal (ministry),true,false,https://www.sarkaritel.com/council-of-ministers/,0.70,2026-06-26
97,8,,,,office_phone,+91-11-23782698,Office of the Minister of Education,true,false,https://www.thehindu.com/news/national/pralhad-joshi-appointed-union-education-minister/article71266932.ece,0.70,2026-07-25
98,8,,,,office_email,minister.sm@gov.in,Office of the Minister of Education,true,false,https://www.thehindu.com/news/national/pralhad-joshi-appointed-union-education-minister/article71266932.ece,0.70,2026-07-25
99,17,,,,office_phone,+91 24011271,Office of Jitan Ram Manjhi (ministry),true,false,https://www.sarkaritel.com/council-of-ministers/,0.70,2026-06-26
100,17,,,,office_email,min-msme@nic.in,Office of Jitan Ram Manjhi (ministry),true,false,https://www.sarkaritel.com/council-of-ministers/,0.70,2026-06-26
101,18,,,,office_phone,+91 11 23380780,Office of Lalan Singh (ministry),true,false,https://www.sarkaritel.com/council-of-ministers/,0.70,2026-06-26
102,18,,,,office_email,minister-ahdpr@nic.in,Office of Lalan Singh (ministry),true,false,https://www.sarkaritel.com/council-of-ministers/,0.70,2026-06-26
103,19,,,,office_phone,+91 23717422,Office of Sarbananda Sonowal (ministry),true,false,https://www.sarkaritel.com/council-of-ministers/,0.70,2026-06-26
104,19,,,,office_email,minister-shipping@gov.in,Office of Sarbananda Sonowal (ministry),true,false,https://www.sarkaritel.com/council-of-ministers/,0.70,2026-06-26
105,20,,,,office_phone,+91 011-23381001,Office of Virendra Kumar (ministry),true,false,https://www.sarkaritel.com/council-of-ministers/,0.70,2026-06-26
106,20,,,,office_email,min-sje@nic.in,Office of Virendra Kumar (ministry),true,false,https://www.sarkaritel.com/council-of-ministers/,0.70,2026-06-26
107,21,,,,office_phone,+91-11-24610350,Office of Kinjarapu Ram Mohan Naidu (ministry),true,false,https://www.sarkaritel.com/council-of-ministers/,0.70,2026-06-26
108,22,,,,office_phone,+91 23070637,Office of Prahlad Joshi (ministry),true,false,https://www.sarkaritel.com/council-of-ministers/,0.70,2026-06-26
109,22,,,,office_email,min-mnre@gov.in,Office of Prahlad Joshi (ministry),true,false,https://www.sarkaritel.com/council-of-ministers/,0.70,2026-06-26
110,23,,,,office_phone,+91-11-23388482,Office of Jual Oram (ministry),true,false,https://www.sarkaritel.com/council-of-ministers/,0.70,2026-06-26
111,23,,,,office_email,oram.jual@gmail.com,Office of Jual Oram (ministry),true,false,https://www.sarkaritel.com/council-of-ministers/,0.70,2026-06-26
112,24,,,,office_phone,+91-11-23060582,Office of Giriraj Singh (ministry),true,false,https://www.sarkaritel.com/council-of-ministers/,0.70,2026-06-26
113,24,,,,office_email,minister.textiles@gov.in,Office of Giriraj Singh (ministry),true,false,https://www.sarkaritel.com/council-of-ministers/,0.70,2026-06-26
114,7,,,,office_phone,+91 11 23386645,Office of Ashwini Vaishnaw (ministry),true,false,https://www.sarkaritel.com/council-of-ministers/,0.70,2026-06-26
115,7,,,,office_email,officeofmr@gov.in,Office of Ashwini Vaishnaw (ministry),true,false,https://www.sarkaritel.com/council-of-ministers/,0.70,2026-06-26
116,25,,,,office_phone,+91 11 23739191,Office of Jyotiraditya Scindia (ministry),true,false,https://www.sarkaritel.com/council-of-ministers/,0.70,2026-06-26
117,25,,,,office_email,moc-office@gov.in,Office of Jyotiraditya Scindia (ministry),true,false,https://www.sarkaritel.com/council-of-ministers/,0.70,2026-06-26
118,26,,,,office_phone,+91-11-20819190,Office of Bhupender Yadav (ministry),true,false,https://www.sarkaritel.com/council-of-ministers/,0.70,2026-06-26
119,26,,,,office_email,mefcc@gov.in,Office of Bhupender Yadav (ministry),true,false,https://www.sarkaritel.com/council-of-ministers/,0.70,2026-06-26
120,27,,,,office_phone,+91-11-23718310,Office of Gajendra Singh Shekhawat (ministry),true,false,https://www.sarkaritel.com/council-of-ministers/,0.70,2026-06-26
121,27,,,,office_email,g.shekhawat@sansad.nic.in,Office of Gajendra Singh Shekhawat (ministry),true,false,https://www.sarkaritel.com/council-of-ministers/,0.70,2026-06-26
122,28,,,,office_phone,+91-11-24101331,Office of Annpurna Devi (ministry),true,false,https://www.sarkaritel.com/council-of-ministers/,0.70,2026-06-26
123,29,,,,office_phone,+91 11 23083920,Office of Kiren Rijiju (ministry),true,false,https://www.sarkaritel.com/council-of-ministers/,0.70,2026-06-26
124,29,,,,office_email,minister-mopa@gov.in,Office of Kiren Rijiju (ministry),true,false,https://www.sarkaritel.com/council-of-ministers/,0.70,2026-06-26
125,30,,,,office_phone,+91-11-24011101,Office of Hardeep Singh Puri (ministry),true,false,https://www.sarkaritel.com/council-of-ministers/,0.70,2026-06-26
126,30,,,,office_email,min.png@nic.in,Office of Hardeep Singh Puri (ministry),true,false,https://www.sarkaritel.com/council-of-ministers/,0.70,2026-06-26
127,31,,,,office_phone,+91 11 23717515,Office of Mansukh Mandaviya (ministry),true,false,https://www.sarkaritel.com/council-of-ministers/,0.70,2026-06-26
128,31,,,,office_email,minoffice-mole@nic.in,Office of Mansukh Mandaviya (ministry),true,false,https://www.sarkaritel.com/council-of-ministers/,0.70,2026-06-26
129,32,,,,office_phone,+91 11 26773670,Office of G. Kishan Reddy (ministry),true,false,https://www.sarkaritel.com/council-of-ministers/,0.70,2026-06-26
130,32,,,,office_email,minister.mines@gov.in,Office of G. Kishan Reddy (ministry),true,false,https://www.sarkaritel.com/council-of-ministers/,0.70,2026-06-26
131,33,,,,office_phone,+91 26493889,Office of Chirag Paswan (ministry),true,false,https://www.sarkaritel.com/council-of-ministers/,0.70,2026-06-26
132,33,,,,office_email,minister.fpi@nic.in,Office of Chirag Paswan (ministry),true,false,https://www.sarkaritel.com/council-of-ministers/,0.70,2026-06-26
133,34,,,,office_phone,+91 11 23714200,Office of C. R. Patil (ministry),true,false,https://www.sarkaritel.com/council-of-ministers/,0.70,2026-06-26
134,34,,,,office_email,minister-jalshakti@gov.in,Office of C. R. Patil (ministry),true,false,https://www.sarkaritel.com/council-of-ministers/,0.70,2026-06-26
135,77,,,,office_phone,+91 863 2446637,"Chief Minister's Office, Andhra Pradesh",true,false,https://www.sarkaritel.com/chief-ministers-of-states-and-union-teritories/,0.70,2026-06-26
136,77,,,,office_email,cm@ap.gov.in,"Chief Minister's Office, Andhra Pradesh",true,false,https://www.sarkaritel.com/chief-ministers-of-states-and-union-teritories/,0.70,2026-06-26
137,80,,,,office_phone,+91 360-2212345,"Chief Minister's Office, Arunachal Pradesh",true,false,https://www.sarkaritel.com/chief-ministers-of-states-and-union-teritories/,0.70,2026-06-26
138,80,,,,office_email,cm-arunachal@nic.in,"Chief Minister's Office, Arunachal Pradesh",true,false,https://www.sarkaritel.com/chief-ministers-of-states-and-union-teritories/,0.70,2026-06-26
139,83,,,,office_phone,+91 361 2262222,"Chief Minister's Office, Assam",true,false,https://www.sarkaritel.com/chief-ministers-of-states-and-union-teritories/,0.70,2026-06-26
140,83,,,,office_email,cm@assam.gov.in,"Chief Minister's Office, Assam",true,false,https://www.sarkaritel.com/chief-ministers-of-states-and-union-teritories/,0.70,2026-06-26
141,86,,,,office_phone,+91 612 2215601,"Chief Minister's Office, Bihar",true,false,https://www.sarkaritel.com/chief-ministers-of-states-and-union-teritories/,0.70,2026-06-26
142,86,,,,office_email,cmbihar@nic.in,"Chief Minister's Office, Bihar",true,false,https://www.sarkaritel.com/chief-ministers-of-states-and-union-teritories/,0.70,2026-06-26
143,89,,,,office_phone,+91 771-2331001,"Chief Minister's Office, Chhattisgarh",true,false,https://www.sarkaritel.com/chief-ministers-of-states-and-union-teritories/,0.70,2026-06-26
144,89,,,,office_email,cmcg@gov.in,"Chief Minister's Office, Chhattisgarh",true,false,https://www.sarkaritel.com/chief-ministers-of-states-and-union-teritories/,0.70,2026-06-26
145,161,,,,office_phone,+91 11-23392020,"Chief Minister's Office, Delhi (NCT)",true,false,https://www.sarkaritel.com/chief-ministers-of-states-and-union-teritories/,0.70,2026-06-26
146,161,,,,office_email,cmdelhi@nic.in,"Chief Minister's Office, Delhi (NCT)",true,false,https://www.sarkaritel.com/chief-ministers-of-states-and-union-teritories/,0.70,2026-06-26
147,92,,,,office_phone,+91 832 2419841,"Chief Minister's Office, Goa",true,false,https://www.sarkaritel.com/chief-ministers-of-states-and-union-teritories/,0.70,2026-06-26
148,92,,,,office_email,cm.goa@nic.in,"Chief Minister's Office, Goa",true,false,https://www.sarkaritel.com/chief-ministers-of-states-and-union-teritories/,0.70,2026-06-26
149,95,,,,office_phone,+91 79 23232611,"Chief Minister's Office, Gujarat",true,false,https://www.sarkaritel.com/chief-ministers-of-states-and-union-teritories/,0.70,2026-06-26
150,98,,,,office_phone,+91 172 2749396,"Chief Minister's Office, Haryana",true,false,https://www.sarkaritel.com/chief-ministers-of-states-and-union-teritories/,0.70,2026-06-26
151,98,,,,office_email,cmharyana@nic.in,"Chief Minister's Office, Haryana",true,false,https://www.sarkaritel.com/chief-ministers-of-states-and-union-teritories/,0.70,2026-06-26
152,101,,,,office_phone,+91 177 2625400,"Chief Minister's Office, Himachal Pradesh",true,false,https://www.sarkaritel.com/chief-ministers-of-states-and-union-teritories/,0.70,2026-06-26
153,101,,,,office_email,cm-hp@nic.in,"Chief Minister's Office, Himachal Pradesh",true,false,https://www.sarkaritel.com/chief-ministers-of-states-and-union-teritories/,0.70,2026-06-26
154,164,,,,office_phone,+91 191 2546766,"Chief Minister's Office, Jammu and Kashmir",true,false,https://www.sarkaritel.com/chief-ministers-of-states-and-union-teritories/,0.70,2026-06-26
155,164,,,,office_email,cm-jk@nic.in,"Chief Minister's Office, Jammu and Kashmir",true,false,https://www.sarkaritel.com/chief-ministers-of-states-and-union-teritories/,0.70,2026-06-26
156,104,,,,office_phone,+91 651 2281400,"Chief Minister's Office, Jharkhand",true,false,https://www.sarkaritel.com/chief-ministers-of-states-and-union-teritories/,0.70,2026-06-26
157,107,,,,office_phone,+91 80 22253414,"Chief Minister's Office, Karnataka",true,false,https://www.sarkaritel.com/chief-ministers-of-states-and-union-teritories/,0.70,2026-06-26
158,107,,,,office_email,cm@karnataka.gov.in,"Chief Minister's Office, Karnataka",true,false,https://www.sarkaritel.com/chief-ministers-of-states-and-union-teritories/,0.70,2026-06-26
159,110,,,,office_phone,+91 0471 2332184,"Chief Minister's Office, Kerala",true,false,https://www.sarkaritel.com/chief-ministers-of-states-and-union-teritories/,0.70,2026-06-26
160,110,,,,office_email,chiefminister@kerala.gov.in,"Chief Minister's Office, Kerala",true,false,https://www.sarkaritel.com/chief-ministers-of-states-and-union-teritories/,0.70,2026-06-26
161,113,,,,office_phone,+91 755 2441033,"Chief Minister's Office, Madhya Pradesh",true,false,https://www.sarkaritel.com/chief-ministers-of-states-and-union-teritories/,0.70,2026-06-26
162,113,,,,office_email,cm@mp.gov.in,"Chief Minister's Office, Madhya Pradesh",true,false,https://www.sarkaritel.com/chief-ministers-of-states-and-union-teritories/,0.70,2026-06-26
163,116,,,,office_phone,+91 22 22025151,"Chief Minister's Office, Maharashtra",true,false,https://www.sarkaritel.com/chief-ministers-of-states-and-union-teritories/,0.70,2026-06-26
164,116,,,,office_email,cm@maharashtra.gov.in,"Chief Minister's Office, Maharashtra",true,false,https://www.sarkaritel.com/chief-ministers-of-states-and-union-teritories/,0.70,2026-06-26
165,119,,,,office_phone,+91 385-2450137,"Chief Minister's Office, Manipur",true,false,https://www.sarkaritel.com/chief-ministers-of-states-and-union-teritories/,0.70,2026-06-26
166,119,,,,office_email,cmmani@nic.in,"Chief Minister's Office, Manipur",true,false,https://www.sarkaritel.com/chief-ministers-of-states-and-union-teritories/,0.70,2026-06-26
167,122,,,,office_phone,+91 364 2224282,"Chief Minister's Office, Meghalaya",true,false,https://www.sarkaritel.com/chief-ministers-of-states-and-union-teritories/,0.70,2026-06-26
168,128,,,,office_phone,+91 370 2270119,"Chief Minister's Office, Nagaland",true,false,https://www.sarkaritel.com/chief-ministers-of-states-and-union-teritories/,0.70,2026-06-26
169,128,,,,office_email,cmngl@nic.in,"Chief Minister's Office, Nagaland",true,false,https://www.sarkaritel.com/chief-ministers-of-states-and-union-teritories/,0.70,2026-06-26
170,131,,,,office_phone,+91 0674 2390902,"Chief Minister's Office, Odisha",true,false,https://www.sarkaritel.com/chief-ministers-of-states-and-union-teritories/,0.70,2026-06-26
171,131,,,,office_email,cmo@nic.in,"Chief Minister's Office, Odisha",true,false,https://www.sarkaritel.com/chief-ministers-of-states-and-union-teritories/,0.70,2026-06-26
172,167,,,,office_phone,+91 413 2446637,"Chief Minister's Office, Puducherry",true,false,https://www.sarkaritel.com/chief-ministers-of-states-and-union-teritories/,0.70,2026-06-26
173,167,,,,office_email,cm@py.gov.in,"Chief Minister's Office, Puducherry",true,false,https://www.sarkaritel.com/chief-ministers-of-states-and-union-teritories/,0.70,2026-06-26
174,134,,,,office_phone,+91 172-2740769,"Chief Minister's Office, Punjab",true,false,https://www.sarkaritel.com/chief-ministers-of-states-and-union-teritories/,0.70,2026-06-26
175,134,,,,office_email,cmo@punjab.gov.in,"Chief Minister's Office, Punjab",true,false,https://www.sarkaritel.com/chief-ministers-of-states-and-union-teritories/,0.70,2026-06-26
176,137,,,,office_phone,+91 141 2227656,"Chief Minister's Office, Rajasthan",true,false,https://www.sarkaritel.com/chief-ministers-of-states-and-union-teritories/,0.70,2026-06-26
177,137,,,,office_email,cmrajasthan@nic.in,"Chief Minister's Office, Rajasthan",true,false,https://www.sarkaritel.com/chief-ministers-of-states-and-union-teritories/,0.70,2026-06-26
178,140,,,,office_phone,+91 3592 201091,"Chief Minister's Office, Sikkim",true,false,https://www.sarkaritel.com/chief-ministers-of-states-and-union-teritories/,0.70,2026-06-26
179,140,,,,office_email,cm-skm@nic.in,"Chief Minister's Office, Sikkim",true,false,https://www.sarkaritel.com/chief-ministers-of-states-and-union-teritories/,0.70,2026-06-26
180,143,,,,office_phone,+91 44 25672345,"Chief Minister's Office, Tamil Nadu",true,false,https://www.sarkaritel.com/chief-ministers-of-states-and-union-teritories/,0.70,2026-06-26
181,143,,,,office_email,cmo@tn.gov.in,"Chief Minister's Office, Tamil Nadu",true,false,https://www.sarkaritel.com/chief-ministers-of-states-and-union-teritories/,0.70,2026-06-26
182,146,,,,office_phone,+91 40-23452933,"Chief Minister's Office, Telangana",true,false,https://www.sarkaritel.com/chief-ministers-of-states-and-union-teritories/,0.70,2026-06-26
183,149,,,,office_phone,+91 381 2414000,"Chief Minister's Office, Tripura",true,false,https://www.sarkaritel.com/chief-ministers-of-states-and-union-teritories/,0.70,2026-06-26
184,149,,,,office_email,cmoffice-tr@gov.in,"Chief Minister's Office, Tripura",true,false,https://www.sarkaritel.com/chief-ministers-of-states-and-union-teritories/,0.70,2026-06-26
185,155,,,,office_phone,+91 522 2289017,"Chief Minister's Office, Uttar Pradesh",true,false,https://www.sarkaritel.com/chief-ministers-of-states-and-union-teritories/,0.70,2026-06-26
186,155,,,,office_email,cmup@nic.in,"Chief Minister's Office, Uttar Pradesh",true,false,https://www.sarkaritel.com/chief-ministers-of-states-and-union-teritories/,0.70,2026-06-26
187,152,,,,office_phone,+91 135 2650433,"Chief Minister's Office, Uttarakhand",true,false,https://www.sarkaritel.com/chief-ministers-of-states-and-union-teritories/,0.70,2026-06-26
188,152,,,,office_email,cm-ua@nic.in,"Chief Minister's Office, Uttarakhand",true,false,https://www.sarkaritel.com/chief-ministers-of-states-and-union-teritories/,0.70,2026-06-26
189,158,,,,office_phone,+91 33 22145555,"Chief Minister's Office, West Bengal",true,false,https://www.sarkaritel.com/chief-ministers-of-states-and-union-teritories/,0.70,2026-06-26
190,158,,,,office_email,cm-wb@nic.in,"Chief Minister's Office, West Bengal",true,false,https://www.sarkaritel.com/chief-ministers-of-states-and-union-teritories/,0.70,2026-06-26
191,169,,,,office_phone,+91 319 2233333,"Raj Bhavan / Head's office, Andaman and Nicobar Islands",true,false,https://www.sarkaritel.com/governors-and-lt-governors-of-state-governments-and-union-territories-of-india/,0.70,2026-06-26
192,169,,,,office_email,lg.and@nic.in,"Raj Bhavan / Head's office, Andaman and Nicobar Islands",true,false,https://www.sarkaritel.com/governors-and-lt-governors-of-state-governments-and-union-territories-of-india/,0.70,2026-06-26
193,76,,,,office_phone,+91 866 2428950,"Raj Bhavan / Head's office, Andhra Pradesh",true,false,https://www.sarkaritel.com/governors-and-lt-governors-of-state-governments-and-union-territories-of-india/,0.70,2026-06-26
194,76,,,,office_email,governor.ap@nic.in,"Raj Bhavan / Head's office, Andhra Pradesh",true,false,https://www.sarkaritel.com/governors-and-lt-governors-of-state-governments-and-union-territories-of-india/,0.70,2026-06-26
195,79,,,,office_phone,+91 360-2212394,"Raj Bhavan / Head's office, Arunachal Pradesh",true,false,https://www.sarkaritel.com/governors-and-lt-governors-of-state-governments-and-union-territories-of-india/,0.70,2026-06-26
196,79,,,,office_email,ps-gov-arn@nic.in,"Raj Bhavan / Head's office, Arunachal Pradesh",true,false,https://www.sarkaritel.com/governors-and-lt-governors-of-state-governments-and-union-territories-of-india/,0.70,2026-06-26
197,82,,,,office_phone,+91 361 2540500,"Raj Bhavan / Head's office, Assam",true,false,https://www.sarkaritel.com/governors-and-lt-governors-of-state-governments-and-union-territories-of-india/,0.70,2026-06-26
198,82,,,,office_email,raj_bhavan_assam@yahoo.com,"Raj Bhavan / Head's office, Assam",true,false,https://www.sarkaritel.com/governors-and-lt-governors-of-state-governments-and-union-territories-of-india/,0.70,2026-06-26
199,85,,,,office_phone,+91 612-2786100,"Raj Bhavan / Head's office, Bihar",true,false,https://www.sarkaritel.com/governors-and-lt-governors-of-state-governments-and-union-territories-of-india/,0.70,2026-06-26
200,85,,,,office_email,governorbihar@nic.in,"Raj Bhavan / Head's office, Bihar",true,false,https://www.sarkaritel.com/governors-and-lt-governors-of-state-governments-and-union-territories-of-india/,0.70,2026-06-26
201,171,,,,office_phone,+91 172 2740740,"Raj Bhavan / Head's office, Chandigarh",true,false,https://www.sarkaritel.com/governors-and-lt-governors-of-state-governments-and-union-territories-of-india/,0.70,2026-06-26
202,171,,,,office_email,admr-chd@nic.in,"Raj Bhavan / Head's office, Chandigarh",true,false,https://www.sarkaritel.com/governors-and-lt-governors-of-state-governments-and-union-territories-of-india/,0.70,2026-06-26
203,88,,,,office_phone,+91 771-2331101,"Raj Bhavan / Head's office, Chhattisgarh",true,false,https://www.sarkaritel.com/governors-and-lt-governors-of-state-governments-and-union-territories-of-india/,0.70,2026-06-26
204,88,,,,office_email,rajbhavan.cg@nic.in,"Raj Bhavan / Head's office, Chhattisgarh",true,false,https://www.sarkaritel.com/governors-and-lt-governors-of-state-governments-and-union-territories-of-india/,0.70,2026-06-26
205,172,,,,office_phone,+91 260-2230700,"Raj Bhavan / Head's office, Dadra and Nagar Haveli and Daman and Diu",true,false,https://www.sarkaritel.com/governors-and-lt-governors-of-state-governments-and-union-territories-of-india/,0.70,2026-06-26
206,172,,,,office_email,administrator-dd-dnh@nic.in,"Raj Bhavan / Head's office, Dadra and Nagar Haveli and Daman and Diu",true,false,https://www.sarkaritel.com/governors-and-lt-governors-of-state-governments-and-union-territories-of-india/,0.70,2026-06-26
207,160,,,,office_phone,+91 11 23975022,"Raj Bhavan / Head's office, Delhi (NCT)",true,false,https://www.sarkaritel.com/governors-and-lt-governors-of-state-governments-and-union-territories-of-india/,0.70,2026-06-26
208,160,,,,office_email,pstolg.delhi@nic.in,"Raj Bhavan / Head's office, Delhi (NCT)",true,false,https://www.sarkaritel.com/governors-and-lt-governors-of-state-governments-and-union-territories-of-india/,0.70,2026-06-26
209,91,,,,office_phone,+91 832 2453506,"Raj Bhavan / Head's office, Goa",true,false,https://www.sarkaritel.com/governors-and-lt-governors-of-state-governments-and-union-territories-of-india/,0.70,2026-06-26
210,91,,,,office_email,governor.goa@gov.in,"Raj Bhavan / Head's office, Goa",true,false,https://www.sarkaritel.com/governors-and-lt-governors-of-state-governments-and-union-territories-of-india/,0.70,2026-06-26
211,94,,,,office_phone,+91 79 23243171,"Raj Bhavan / Head's office, Gujarat",true,false,https://www.sarkaritel.com/governors-and-lt-governors-of-state-governments-and-union-territories-of-india/,0.70,2026-06-26
212,94,,,,office_email,rajbhavangujarat@gujarat.gov.in,"Raj Bhavan / Head's office, Gujarat",true,false,https://www.sarkaritel.com/governors-and-lt-governors-of-state-governments-and-union-territories-of-india/,0.70,2026-06-26
213,97,,,,office_phone,+91 172 2740652,"Raj Bhavan / Head's office, Haryana",true,false,https://www.sarkaritel.com/governors-and-lt-governors-of-state-governments-and-union-territories-of-india/,0.70,2026-06-26
214,97,,,,office_email,governor@hry.nic.in,"Raj Bhavan / Head's office, Haryana",true,false,https://www.sarkaritel.com/governors-and-lt-governors-of-state-governments-and-union-territories-of-india/,0.70,2026-06-26
215,100,,,,office_phone,+91 177 2624152,"Raj Bhavan / Head's office, Himachal Pradesh",true,false,https://www.sarkaritel.com/governors-and-lt-governors-of-state-governments-and-union-territories-of-india/,0.70,2026-06-26
216,100,,,,office_email,governorsecy-hp@nic.in,"Raj Bhavan / Head's office, Himachal Pradesh",true,false,https://www.sarkaritel.com/governors-and-lt-governors-of-state-governments-and-union-territories-of-india/,0.70,2026-06-26
217,163,,,,office_phone,+91 191 2560225,"Raj Bhavan / Head's office, Jammu and Kashmir",true,false,https://www.sarkaritel.com/governors-and-lt-governors-of-state-governments-and-union-territories-of-india/,0.70,2026-06-26
218,163,,,,office_email,rajbhawan@jk.gov.in,"Raj Bhavan / Head's office, Jammu and Kashmir",true,false,https://www.sarkaritel.com/governors-and-lt-governors-of-state-governments-and-union-territories-of-india/,0.70,2026-06-26
219,103,,,,office_phone,+91 651 2283465,"Raj Bhavan / Head's office, Jharkhand",true,false,https://www.sarkaritel.com/governors-and-lt-governors-of-state-governments-and-union-territories-of-india/,0.70,2026-06-26
220,103,,,,office_email,jhrgov@jhr.nic.in,"Raj Bhavan / Head's office, Jharkhand",true,false,https://www.sarkaritel.com/governors-and-lt-governors-of-state-governments-and-union-territories-of-india/,0.70,2026-06-26
221,106,,,,office_phone,+91 80-22254102,"Raj Bhavan / Head's office, Karnataka",true,false,https://www.sarkaritel.com/governors-and-lt-governors-of-state-governments-and-union-territories-of-india/,0.70,2026-06-26
222,106,,,,office_email,governor.rbblr-ka@gov.in,"Raj Bhavan / Head's office, Karnataka",true,false,https://www.sarkaritel.com/governors-and-lt-governors-of-state-governments-and-union-territories-of-india/,0.70,2026-06-26
223,109,,,,office_phone,+91 471-2721100,"Raj Bhavan / Head's office, Kerala",true,false,https://www.sarkaritel.com/governors-and-lt-governors-of-state-governments-and-union-territories-of-india/,0.70,2026-06-26
224,109,,,,office_email,keralarajbhavan@gmail.com,"Raj Bhavan / Head's office, Kerala",true,false,https://www.sarkaritel.com/governors-and-lt-governors-of-state-governments-and-union-territories-of-india/,0.70,2026-06-26
225,170,,,,office_phone,+91 1982 257440,"Raj Bhavan / Head's office, Ladakh",true,false,https://www.sarkaritel.com/governors-and-lt-governors-of-state-governments-and-union-territories-of-india/,0.70,2026-06-26
226,170,,,,office_email,rajniwas.ladakh@gov.in,"Raj Bhavan / Head's office, Ladakh",true,false,https://www.sarkaritel.com/governors-and-lt-governors-of-state-governments-and-union-territories-of-india/,0.70,2026-06-26
227,112,,,,office_phone,+91 755 2858828,"Raj Bhavan / Head's office, Madhya Pradesh",true,false,https://www.sarkaritel.com/governors-and-lt-governors-of-state-governments-and-union-territories-of-india/,0.70,2026-06-26
228,112,,,,office_email,adcrajbhavan@mp.gov.in,"Raj Bhavan / Head's office, Madhya Pradesh",true,false,https://www.sarkaritel.com/governors-and-lt-governors-of-state-governments-and-union-territories-of-india/,0.70,2026-06-26
229,115,,,,office_phone,+91 22 23632343,"Raj Bhavan / Head's office, Maharashtra",true,false,https://www.sarkaritel.com/governors-and-lt-governors-of-state-governments-and-union-territories-of-india/,0.70,2026-06-26
230,115,,,,office_email,governor-mh@nic.in,"Raj Bhavan / Head's office, Maharashtra",true,false,https://www.sarkaritel.com/governors-and-lt-governors-of-state-governments-and-union-territories-of-india/,0.70,2026-06-26
231,118,,,,office_phone,+91 385 2451222,"Raj Bhavan / Head's office, Manipur",true,false,https://www.sarkaritel.com/governors-and-lt-governors-of-state-governments-and-union-territories-of-india/,0.70,2026-06-26
232,118,,,,office_email,adc.governorofmanipur@gmail.com,"Raj Bhavan / Head's office, Manipur",true,false,https://www.sarkaritel.com/governors-and-lt-governors-of-state-governments-and-union-territories-of-india/,0.70,2026-06-26
233,121,,,,office_phone,+91 364 2223001,"Raj Bhavan / Head's office, Meghalaya",true,false,https://www.sarkaritel.com/governors-and-lt-governors-of-state-governments-and-union-territories-of-india/,0.70,2026-06-26
234,121,,,,office_email,rajbhavan-meg@gov.in,"Raj Bhavan / Head's office, Meghalaya",true,false,https://www.sarkaritel.com/governors-and-lt-governors-of-state-governments-and-union-territories-of-india/,0.70,2026-06-26
235,124,,,,office_phone,+91 389 2322262,"Raj Bhavan / Head's office, Mizoram",true,false,https://www.sarkaritel.com/governors-and-lt-governors-of-state-governments-and-union-territories-of-india/,0.70,2026-06-26
236,124,,,,office_email,governor-mz@gov.in,"Raj Bhavan / Head's office, Mizoram",true,false,https://www.sarkaritel.com/governors-and-lt-governors-of-state-governments-and-union-territories-of-india/,0.70,2026-06-26
237,127,,,,office_phone,+91 370 2242917,"Raj Bhavan / Head's office, Nagaland",true,false,https://www.sarkaritel.com/governors-and-lt-governors-of-state-governments-and-union-territories-of-india/,0.70,2026-06-26
238,127,,,,office_email,rajbhavankohima@nic.in,"Raj Bhavan / Head's office, Nagaland",true,false,https://www.sarkaritel.com/governors-and-lt-governors-of-state-governments-and-union-territories-of-india/,0.70,2026-06-26
239,130,,,,office_phone,+91 674 2397581,"Raj Bhavan / Head's office, Odisha",true,false,https://www.sarkaritel.com/governors-and-lt-governors-of-state-governments-and-union-territories-of-india/,0.70,2026-06-26
240,130,,,,office_email,govodisha@nic.in,"Raj Bhavan / Head's office, Odisha",true,false,https://www.sarkaritel.com/governors-and-lt-governors-of-state-governments-and-union-territories-of-india/,0.70,2026-06-26
241,166,,,,office_phone,+91-413-2334051,"Raj Bhavan / Head's office, Puducherry",true,false,https://www.sarkaritel.com/governors-and-lt-governors-of-state-governments-and-union-territories-of-india/,0.70,2026-06-26
242,166,,,,office_email,lg@py.gov.in,"Raj Bhavan / Head's office, Puducherry",true,false,https://www.sarkaritel.com/governors-and-lt-governors-of-state-governments-and-union-territories-of-india/,0.70,2026-06-26
243,133,,,,office_phone,+91 172 2740711,"Raj Bhavan / Head's office, Punjab",true,false,https://www.sarkaritel.com/governors-and-lt-governors-of-state-governments-and-union-territories-of-india/,0.70,2026-06-26
244,133,,,,office_email,sectogovernor@punjab.gov.in,"Raj Bhavan / Head's office, Punjab",true,false,https://www.sarkaritel.com/governors-and-lt-governors-of-state-governments-and-union-territories-of-india/,0.70,2026-06-26
245,136,,,,office_phone,+91 141 2228716,"Raj Bhavan / Head's office, Rajasthan",true,false,https://www.sarkaritel.com/governors-and-lt-governors-of-state-governments-and-union-territories-of-india/,0.70,2026-06-26
246,139,,,,office_phone,+91 3592 202410,"Raj Bhavan / Head's office, Sikkim",true,false,https://www.sarkaritel.com/governors-and-lt-governors-of-state-governments-and-union-territories-of-india/,0.70,2026-06-26
247,139,,,,office_email,adcsikkim@gmail.com,"Raj Bhavan / Head's office, Sikkim",true,false,https://www.sarkaritel.com/governors-and-lt-governors-of-state-governments-and-union-territories-of-india/,0.70,2026-06-26
248,142,,,,office_phone,+91 44 22351313,"Raj Bhavan / Head's office, Tamil Nadu",true,false,https://www.sarkaritel.com/governors-and-lt-governors-of-state-governments-and-union-territories-of-india/,0.70,2026-06-26
249,142,,,,office_email,govtam@nic.in,"Raj Bhavan / Head's office, Tamil Nadu",true,false,https://www.sarkaritel.com/governors-and-lt-governors-of-state-governments-and-union-territories-of-india/,0.70,2026-06-26
250,145,,,,office_phone,+91 40 23310521,"Raj Bhavan / Head's office, Telangana",true,false,https://www.sarkaritel.com/governors-and-lt-governors-of-state-governments-and-union-territories-of-india/,0.70,2026-06-26
251,145,,,,office_email,rajbhavan-hyd@gov.in,"Raj Bhavan / Head's office, Telangana",true,false,https://www.sarkaritel.com/governors-and-lt-governors-of-state-governments-and-union-territories-of-india/,0.70,2026-06-26
252,148,,,,office_phone,+91 381 2414091,"Raj Bhavan / Head's office, Tripura",true,false,https://www.sarkaritel.com/governors-and-lt-governors-of-state-governments-and-union-territories-of-india/,0.70,2026-06-26
253,148,,,,office_email,rajbhavanagt@gmail.com,"Raj Bhavan / Head's office, Tripura",true,false,https://www.sarkaritel.com/governors-and-lt-governors-of-state-governments-and-union-territories-of-india/,0.70,2026-06-26
254,154,,,,office_phone,+91 522-2236497,"Raj Bhavan / Head's office, Uttar Pradesh",true,false,https://www.sarkaritel.com/governors-and-lt-governors-of-state-governments-and-union-territories-of-india/,0.70,2026-06-26
255,154,,,,office_email,hgovup@gov.in,"Raj Bhavan / Head's office, Uttar Pradesh",true,false,https://www.sarkaritel.com/governors-and-lt-governors-of-state-governments-and-union-territories-of-india/,0.70,2026-06-26
256,151,,,,office_phone,+91-135-2757400,"Raj Bhavan / Head's office, Uttarakhand",true,false,https://www.sarkaritel.com/governors-and-lt-governors-of-state-governments-and-union-territories-of-india/,0.70,2026-06-26
257,157,,,,office_email,cgovernor-wb@nic.in,"Raj Bhavan / Head's office, West Bengal",true,false,https://www.sarkaritel.com/governors-and-lt-governors-of-state-governments-and-union-territories-of-india/,0.70,2026-06-26
258,1470,,,,office_email,collector.mumbai-city@maharashtra.gov.in,"Collector office, Mumbai City",true,false,https://www.sarkaritel.com/divisional-commissioner-collectors-government-of-maharashtra/,0.70,2026-06-26
259,1470,,,,office_phone,+91-22-22662440,"Collector office, Mumbai City",true,false,https://www.sarkaritel.com/divisional-commissioner-collectors-government-of-maharashtra/,0.70,2026-06-26
260,1472,,,,office_email,collector.mumbai-sub@maharashtra.gov.in,"Collector office, Mumbai Suburban",true,false,https://www.sarkaritel.com/divisional-commissioner-collectors-government-of-maharashtra/,0.70,2026-06-26
261,1472,,,,office_phone,+91-22-26514742,"Collector office, Mumbai Suburban",true,false,https://www.sarkaritel.com/divisional-commissioner-collectors-government-of-maharashtra/,0.70,2026-06-26
262,1502,,,,office_email,collector.thane@maharashtra.gov.in,"Collector office, Thane",true,false,https://www.sarkaritel.com/divisional-commissioner-collectors-government-of-maharashtra/,0.70,2026-06-26
263,1502,,,,office_phone,+91-22-25344041,"Collector office, Thane",true,false,https://www.sarkaritel.com/divisional-commissioner-collectors-government-of-maharashtra/,0.70,2026-06-26
264,1484,,,,office_email,collector.palghar@maharashtra.gov.in,"Collector office, Palghar",true,false,https://www.sarkaritel.com/divisional-commissioner-collectors-government-of-maharashtra/,0.70,2026-06-26
265,1484,,,,office_phone,+91-2525-253111,"Collector office, Palghar",true,false,https://www.sarkaritel.com/divisional-commissioner-collectors-government-of-maharashtra/,0.70,2026-06-26
266,1490,,,,office_email,collector.raigad@maharashtra.gov.in,"Collector office, Raigad",true,false,https://www.sarkaritel.com/divisional-commissioner-collectors-government-of-maharashtra/,0.70,2026-06-26
267,1490,,,,office_phone,+91-2141-222001,"Collector office, Raigad",true,false,https://www.sarkaritel.com/divisional-commissioner-collectors-government-of-maharashtra/,0.70,2026-06-26
268,1492,,,,office_email,collector.ratnagiri@maharashtra.gov.in,"Collector office, Ratnagiri",true,false,https://www.sarkaritel.com/divisional-commissioner-collectors-government-of-maharashtra/,0.70,2026-06-26
269,1492,,,,office_phone,+91-2352-222301,"Collector office, Ratnagiri",true,false,https://www.sarkaritel.com/divisional-commissioner-collectors-government-of-maharashtra/,0.70,2026-06-26
270,1498,,,,office_email,collector.sindhudurg@maharashtra.gov.in,"Collector office, Sindhudurg",true,false,https://www.sarkaritel.com/divisional-commissioner-collectors-government-of-maharashtra/,0.70,2026-06-26
271,1498,,,,office_phone,+91-2362-228844,"Collector office, Sindhudurg",true,false,https://www.sarkaritel.com/divisional-commissioner-collectors-government-of-maharashtra/,0.70,2026-06-26
272,1488,,,,office_email,collector.pune@maharashtra.gov.in,"Collector office, Pune",true,false,https://www.sarkaritel.com/divisional-commissioner-collectors-government-of-maharashtra/,0.70,2026-06-26
273,1488,,,,office_phone,+91-20-26114949,"Collector office, Pune",true,false,https://www.sarkaritel.com/divisional-commissioner-collectors-government-of-maharashtra/,0.70,2026-06-26
274,1496,,,,office_email,collector.satara@maharashtra.gov.in,"Collector office, Satara",true,false,https://www.sarkaritel.com/divisional-commissioner-collectors-government-of-maharashtra/,0.70,2026-06-26
275,1496,,,,office_phone,+91-2162-232750,"Collector office, Satara",true,false,https://www.sarkaritel.com/divisional-commissioner-collectors-government-of-maharashtra/,0.70,2026-06-26
276,1494,,,,office_email,collector.sangli@maharashtra.gov.in,"Collector office, Sangli",true,false,https://www.sarkaritel.com/divisional-commissioner-collectors-government-of-maharashtra/,0.70,2026-06-26
277,1494,,,,office_phone,+91-233-2602001,"Collector office, Sangli",true,false,https://www.sarkaritel.com/divisional-commissioner-collectors-government-of-maharashtra/,0.70,2026-06-26
278,1500,,,,office_email,collector.solapur@maharashtra.gov.in,"Collector office, Solapur",true,false,https://www.sarkaritel.com/divisional-commissioner-collectors-government-of-maharashtra/,0.70,2026-06-26
279,1500,,,,office_phone,+91-217-2731000,"Collector office, Solapur",true,false,https://www.sarkaritel.com/divisional-commissioner-collectors-government-of-maharashtra/,0.70,2026-06-26
280,1466,,,,office_email,Collector.Kolhapur@maharashtra.gov.in,"Collector office, Kolhapur",true,false,https://www.sarkaritel.com/divisional-commissioner-collectors-government-of-maharashtra/,0.70,2026-06-26
281,1466,,,,office_phone,+91-231-2654811,"Collector office, Kolhapur",true,false,https://www.sarkaritel.com/divisional-commissioner-collectors-government-of-maharashtra/,0.70,2026-06-26
282,1480,,,,office_email,collector.nashik@maharashtra.gov.in,"Collector office, Nashik",true,false,https://www.sarkaritel.com/divisional-commissioner-collectors-government-of-maharashtra/,0.70,2026-06-26
283,1480,,,,office_phone,+91-253-2578500,"Collector office, Nashik",true,false,https://www.sarkaritel.com/divisional-commissioner-collectors-government-of-maharashtra/,0.70,2026-06-26
284,1454,,,,office_email,collector.dhule@maharashtra.gov.in,"Collector office, Dhule",true,false,https://www.sarkaritel.com/divisional-commissioner-collectors-government-of-maharashtra/,0.70,2026-06-26
285,1454,,,,office_phone,+91-2562-288701,"Collector office, Dhule",true,false,https://www.sarkaritel.com/divisional-commissioner-collectors-government-of-maharashtra/,0.70,2026-06-26
286,1478,,,,office_email,collector.nandurbar@maharashtra.gov.in,"Collector office, Nandurbar",true,false,https://www.sarkaritel.com/divisional-commissioner-collectors-government-of-maharashtra/,0.70,2026-06-26
287,1478,,,,office_phone,+91-2564-221001,"Collector office, Nandurbar",true,false,https://www.sarkaritel.com/divisional-commissioner-collectors-government-of-maharashtra/,0.70,2026-06-26
288,1462,,,,office_email,collector.jalgaon@maharashtra.gov.in,"Collector office, Jalgaon",true,false,https://www.sarkaritel.com/divisional-commissioner-collectors-government-of-maharashtra/,0.70,2026-06-26
289,1462,,,,office_phone,+91-257-2220400,"Collector office, Jalgaon",true,false,https://www.sarkaritel.com/divisional-commissioner-collectors-government-of-maharashtra/,0.70,2026-06-26
290,1438,,,,office_email,collector.ahmednagar@maharashtra.gov.in,"Collector office, Ahmednagar",true,false,https://www.sarkaritel.com/divisional-commissioner-collectors-government-of-maharashtra/,0.70,2026-06-26
291,1438,,,,office_phone,+91-241-2345001,"Collector office, Ahmednagar",true,false,https://www.sarkaritel.com/divisional-commissioner-collectors-government-of-maharashtra/,0.70,2026-06-26
292,1444,,,,office_email,Collector.ChSambhajinagar@maharashtra.gov.in,"Collector office, Aurangabad",true,false,https://www.sarkaritel.com/divisional-commissioner-collectors-government-of-maharashtra/,0.70,2026-06-26
293,1444,,,,office_phone,+91-2442-222201,"Collector office, Aurangabad",true,false,https://www.sarkaritel.com/divisional-commissioner-collectors-government-of-maharashtra/,0.70,2026-06-26
294,1464,,,,office_email,collector.jalna@maharashtra.gov.in,"Collector office, Jalna",true,false,https://www.sarkaritel.com/divisional-commissioner-collectors-government-of-maharashtra/,0.70,2026-06-26
295,1464,,,,office_phone,+91-2482-224700,"Collector office, Jalna",true,false,https://www.sarkaritel.com/divisional-commissioner-collectors-government-of-maharashtra/,0.70,2026-06-26
296,1446,,,,office_email,collector.beed@maharashtra.gov.in,"Collector office, Beed",true,false,https://www.sarkaritel.com/divisional-commissioner-collectors-government-of-maharashtra/,0.70,2026-06-26
297,1446,,,,office_phone,+91-2442-222201,"Collector office, Beed",true,false,https://www.sarkaritel.com/divisional-commissioner-collectors-government-of-maharashtra/,0.70,2026-06-26
298,1468,,,,office_email,collector.latur@maharashtra.gov.in,"Collector office, Latur",true,false,https://www.sarkaritel.com/divisional-commissioner-collectors-government-of-maharashtra/,0.70,2026-06-26
299,1468,,,,office_phone,+91-2382-224001,"Collector office, Latur",true,false,https://www.sarkaritel.com/divisional-commissioner-collectors-government-of-maharashtra/,0.70,2026-06-26
300,1482,,,,office_email,collector.dharashiv@maharashtra.gov.in,"Collector office, Osmanabad",true,false,https://www.sarkaritel.com/divisional-commissioner-collectors-government-of-maharashtra/,0.70,2026-06-26
301,1482,,,,office_phone,+91-2472-224501,"Collector office, Osmanabad",true,false,https://www.sarkaritel.com/divisional-commissioner-collectors-government-of-maharashtra/,0.70,2026-06-26
302,1476,,,,office_email,collector.nanded@maharashtra.gov.in,"Collector office, Nanded",true,false,https://www.sarkaritel.com/divisional-commissioner-collectors-government-of-maharashtra/,0.70,2026-06-26
303,1476,,,,office_phone,+91-2462-237101,"Collector office, Nanded",true,false,https://www.sarkaritel.com/divisional-commissioner-collectors-government-of-maharashtra/,0.70,2026-06-26
304,1486,,,,office_email,collector.parbhani@maharashtra.gov.in,"Collector office, Parbhani",true,false,https://www.sarkaritel.com/divisional-commissioner-collectors-government-of-maharashtra/,0.70,2026-06-26
305,1486,,,,office_phone,+91-2452-223555,"Collector office, Parbhani",true,false,https://www.sarkaritel.com/divisional-commissioner-collectors-government-of-maharashtra/,0.70,2026-06-26
306,1460,,,,office_email,collector.hingoli@maharashtra.gov.in,"Collector office, Hingoli",true,false,https://www.sarkaritel.com/divisional-commissioner-collectors-government-of-maharashtra/,0.70,2026-06-26
307,1460,,,,office_phone,+91-2456-221701,"Collector office, Hingoli",true,false,https://www.sarkaritel.com/divisional-commissioner-collectors-government-of-maharashtra/,0.70,2026-06-26
308,1474,,,,office_email,collector.nagpur@maharashtra.gov.in,"Collector office, Nagpur",true,false,https://www.sarkaritel.com/divisional-commissioner-collectors-government-of-maharashtra/,0.70,2026-06-26
309,1474,,,,office_phone,+91-712-2564973,"Collector office, Nagpur",true,false,https://www.sarkaritel.com/divisional-commissioner-collectors-government-of-maharashtra/,0.70,2026-06-26
310,1504,,,,office_email,collector.wardha@maharashtra.gov.in,"Collector office, Wardha",true,false,https://www.sarkaritel.com/divisional-commissioner-collectors-government-of-maharashtra/,0.70,2026-06-26
311,1504,,,,office_phone,+91-7152-240102,"Collector office, Wardha",true,false,https://www.sarkaritel.com/divisional-commissioner-collectors-government-of-maharashtra/,0.70,2026-06-26
312,1448,,,,office_email,collector.bhandara@maharashtra.gov.in,"Collector office, Bhandara",true,false,https://www.sarkaritel.com/divisional-commissioner-collectors-government-of-maharashtra/,0.70,2026-06-26
313,1448,,,,office_phone,+91-7184-254555,"Collector office, Bhandara",true,false,https://www.sarkaritel.com/divisional-commissioner-collectors-government-of-maharashtra/,0.70,2026-06-26
314,1458,,,,office_email,collector.gondia@maharashtra.gov.in,"Collector office, Gondia",true,false,https://www.sarkaritel.com/divisional-commissioner-collectors-government-of-maharashtra/,0.70,2026-06-26
315,1458,,,,office_phone,+91-7182-236149,"Collector office, Gondia",true,false,https://www.sarkaritel.com/divisional-commissioner-collectors-government-of-maharashtra/,0.70,2026-06-26
316,1452,,,,office_email,collector.chandrapur@maharashtra.gov.in,"Collector office, Chandrapur",true,false,https://www.sarkaritel.com/divisional-commissioner-collectors-government-of-maharashtra/,0.70,2026-06-26
317,1452,,,,office_phone,+91-7172-255300,"Collector office, Chandrapur",true,false,https://www.sarkaritel.com/divisional-commissioner-collectors-government-of-maharashtra/,0.70,2026-06-26
318,1456,,,,office_email,collector.gadchiroli@maharashtra.gov.in,"Collector office, Gadchiroli",true,false,https://www.sarkaritel.com/divisional-commissioner-collectors-government-of-maharashtra/,0.70,2026-06-26
319,1456,,,,office_phone,+91-7132-222001,"Collector office, Gadchiroli",true,false,https://www.sarkaritel.com/divisional-commissioner-collectors-government-of-maharashtra/,0.70,2026-06-26
320,1442,,,,office_email,collector.amravati@maharashtra.gov.in,"Collector office, Amravati",true,false,https://www.sarkaritel.com/divisional-commissioner-collectors-government-of-maharashtra/,0.70,2026-06-26
321,1440,,,,office_email,collector.akola@maharashtra.gov.in,"Collector office, Akola",true,false,https://www.sarkaritel.com/divisional-commissioner-collectors-government-of-maharashtra/,0.70,2026-06-26
322,1506,,,,office_email,collector.washim@maharashtra.gov.in,"Collector office, Washim",true,false,https://www.sarkaritel.com/divisional-commissioner-collectors-government-of-maharashtra/,0.70,2026-06-26
323,1450,,,,office_email,collector.buldhana@maharashtra.gov.in,"Collector office, Buldhana",true,false,https://www.sarkaritel.com/divisional-commissioner-collectors-government-of-maharashtra/,0.70,2026-06-26
324,1508,,,,office_email,collector.yavatmal@maharashtra.gov.in,"Collector office, Yavatmal",true,false,https://www.sarkaritel.com/divisional-commissioner-collectors-government-of-maharashtra/,0.70,2026-06-26
325,1052,,,,office_email,collector-ahd@gujarat.gov.in,"Collector office, Ahmedabad",true,false,https://www.sarkaritel.com/collector-gujarat-government/,0.70,2026-06-26
326,1052,,,,office_phone,+91-79-27551681,"Collector office, Ahmedabad",true,false,https://www.sarkaritel.com/collector-gujarat-government/,0.70,2026-06-26
327,1054,,,,office_email,collector-amr@gujarat.gov.in,"Collector office, Amreli",true,false,https://www.sarkaritel.com/collector-gujarat-government/,0.70,2026-06-26
328,1054,,,,office_phone,+91-2792-222307,"Collector office, Amreli",true,false,https://www.sarkaritel.com/collector-gujarat-government/,0.70,2026-06-26
329,1056,,,,office_email,collector-and@gujarat.gov.in,"Collector office, Anand",true,false,https://www.sarkaritel.com/collector-gujarat-government/,0.70,2026-06-26
330,1056,,,,office_phone,+91-2692-262271,"Collector office, Anand",true,false,https://www.sarkaritel.com/collector-gujarat-government/,0.70,2026-06-26
331,1058,,,,office_email,collector-arv@gujarat.gov.in,"Collector office, Aravalli",true,false,https://www.sarkaritel.com/collector-gujarat-government/,0.70,2026-06-26
332,1058,,,,office_phone,+91-2774-250201,"Collector office, Aravalli",true,false,https://www.sarkaritel.com/collector-gujarat-government/,0.70,2026-06-26
333,1060,,,,office_email,collector-ban@gujarat.gov.in,"Collector office, Banaskantha",true,false,https://www.sarkaritel.com/collector-gujarat-government/,0.70,2026-06-26
334,1060,,,,office_phone,+91-2742-257171,"Collector office, Banaskantha",true,false,https://www.sarkaritel.com/collector-gujarat-government/,0.70,2026-06-26
335,1062,,,,office_email,collector-bha@gujarat.gov.in,"Collector office, Bharuch",true,false,https://www.sarkaritel.com/collector-gujarat-government/,0.70,2026-06-26
336,1062,,,,office_phone,+91-2642-240600,"Collector office, Bharuch",true,false,https://www.sarkaritel.com/collector-gujarat-government/,0.70,2026-06-26
337,1064,,,,office_email,collector-bav@gujarat.gov.in,"Collector office, Bhavnagar",true,false,https://www.sarkaritel.com/collector-gujarat-government/,0.70,2026-06-26
338,1064,,,,office_phone,+91-2782-428822,"Collector office, Bhavnagar",true,false,https://www.sarkaritel.com/collector-gujarat-government/,0.70,2026-06-26
339,1066,,,,office_email,collector-botad@gujarat.gov.in,"Collector office, Botad",true,false,https://www.sarkaritel.com/collector-gujarat-government/,0.70,2026-06-26
340,1066,,,,office_phone,+91-2849-271301,"Collector office, Botad",true,false,https://www.sarkaritel.com/collector-gujarat-government/,0.70,2026-06-26
341,1068,,,,office_email,collector-cho@gujarat.gov.in,"Collector office, Chhota Udaipur",true,false,https://www.sarkaritel.com/collector-gujarat-government/,0.70,2026-06-26
342,1068,,,,office_phone,+91-2669-233003,"Collector office, Chhota Udaipur",true,false,https://www.sarkaritel.com/collector-gujarat-government/,0.70,2026-06-26
343,1070,,,,office_email,collector-dah@gujarat.gov.in,"Collector office, Dahod",true,false,https://www.sarkaritel.com/collector-gujarat-government/,0.70,2026-06-26
344,1070,,,,office_phone,+91-2673-239001,"Collector office, Dahod",true,false,https://www.sarkaritel.com/collector-gujarat-government/,0.70,2026-06-26
345,1072,,,,office_email,collector-dan@gujarat.gov.in,"Collector office, Dang",true,false,https://www.sarkaritel.com/collector-gujarat-government/,0.70,2026-06-26
346,1072,,,,office_phone,+91-2631-220201,"Collector office, Dang",true,false,https://www.sarkaritel.com/collector-gujarat-government/,0.70,2026-06-26
347,1074,,,,office_email,collector-devbdwarka@gujarat.gov.in,"Collector office, Devbhoomi Dwarka",true,false,https://www.sarkaritel.com/collector-gujarat-government/,0.70,2026-06-26
348,1074,,,,office_phone,+91-2833-232804,"Collector office, Devbhoomi Dwarka",true,false,https://www.sarkaritel.com/collector-gujarat-government/,0.70,2026-06-26
349,1076,,,,office_email,collector-gnr@gujarat.gov.in,"Collector office, Gandhinagar",true,false,https://www.sarkaritel.com/collector-gujarat-government/,0.70,2026-06-26
350,1076,,,,office_phone,+91-79-23220630,"Collector office, Gandhinagar",true,false,https://www.sarkaritel.com/collector-gujarat-government/,0.70,2026-06-26
351,1078,,,,office_email,collector-girsomnath@gujarat.gov.in,"Collector office, Gir Somnath",true,false,https://www.sarkaritel.com/collector-gujarat-government/,0.70,2026-06-26
352,1078,,,,office_phone,+91-2876-240001,"Collector office, Gir Somnath",true,false,https://www.sarkaritel.com/collector-gujarat-government/,0.70,2026-06-26
353,1080,,,,office_email,collector-jam@gujarat.gov.in,"Collector office, Jamnagar",true,false,https://www.sarkaritel.com/collector-gujarat-government/,0.70,2026-06-26
354,1080,,,,office_phone,+91-2882-555869,"Collector office, Jamnagar",true,false,https://www.sarkaritel.com/collector-gujarat-government/,0.70,2026-06-26
355,1082,,,,office_email,collector-jun@gujarat.gov.in,"Collector office, Junagadh",true,false,https://www.sarkaritel.com/collector-gujarat-government/,0.70,2026-06-26
356,1082,,,,office_phone,+91-285-2630100,"Collector office, Junagadh",true,false,https://www.sarkaritel.com/collector-gujarat-government/,0.70,2026-06-26
357,1086,,,,office_email,collector-kut@gujarat.gov.in,"Collector office, Kutch",true,false,https://www.sarkaritel.com/collector-gujarat-government/,0.70,2026-06-26
358,1086,,,,office_phone,+91-2832-250020,"Collector office, Kutch",true,false,https://www.sarkaritel.com/collector-gujarat-government/,0.70,2026-06-26
359,1084,,,,office_email,collector-khe@gujarat.gov.in,"Collector office, Kheda",true,false,https://www.sarkaritel.com/collector-gujarat-government/,0.70,2026-06-26
360,1084,,,,office_phone,+91-268-2553334,"Collector office, Kheda",true,false,https://www.sarkaritel.com/collector-gujarat-government/,0.70,2026-06-26
361,1088,,,,office_email,collector-mah@gujarat.gov.in,"Collector office, Mahisagar",true,false,https://www.sarkaritel.com/collector-gujarat-government/,0.70,2026-06-26
362,1088,,,,office_phone,+91-2674-250664,"Collector office, Mahisagar",true,false,https://www.sarkaritel.com/collector-gujarat-government/,0.70,2026-06-26
363,1090,,,,office_email,collector-meh@gujarat.gov.in,"Collector office, Mehsana",true,false,https://www.sarkaritel.com/collector-gujarat-government/,0.70,2026-06-26
364,1090,,,,office_phone,+91-2762-222211,"Collector office, Mehsana",true,false,https://www.sarkaritel.com/collector-gujarat-government/,0.70,2026-06-26
365,1092,,,,office_email,collector-mor@gujarat.gov.in,"Collector office, Morbi",true,false,https://www.sarkaritel.com/collector-gujarat-government/,0.70,2026-06-26
366,1092,,,,office_phone,+91-2822-240701,"Collector office, Morbi",true,false,https://www.sarkaritel.com/collector-gujarat-government/,0.70,2026-06-26
367,1094,,,,office_email,collector-nar@gujarat.gov.in,"Collector office, Narmada",true,false,https://www.sarkaritel.com/collector-gujarat-government/,0.70,2026-06-26
368,1094,,,,office_phone,+91-2640-222161,"Collector office, Narmada",true,false,https://www.sarkaritel.com/collector-gujarat-government/,0.70,2026-06-26
369,1096,,,,office_email,collector-nav@gujarat.gov.in,"Collector office, Navsari",true,false,https://www.sarkaritel.com/collector-gujarat-government/,0.70,2026-06-26
370,1096,,,,office_phone,+91-2637-244999,"Collector office, Navsari",true,false,https://www.sarkaritel.com/collector-gujarat-government/,0.70,2026-06-26
371,1098,,,,office_email,collector-pan@gujarat.gov.in,"Collector office, Panchmahal",true,false,https://www.sarkaritel.com/collector-gujarat-government/,0.70,2026-06-26
372,1098,,,,office_phone,+91-2672-242800,"Collector office, Panchmahal",true,false,https://www.sarkaritel.com/collector-gujarat-government/,0.70,2026-06-26
373,1100,,,,office_email,collector-pat@gujarat.gov.in,"Collector office, Patan",true,false,https://www.sarkaritel.com/collector-gujarat-government/,0.70,2026-06-26
374,1100,,,,office_phone,+91-2766-233301,"Collector office, Patan",true,false,https://www.sarkaritel.com/collector-gujarat-government/,0.70,2026-06-26
375,1102,,,,office_email,collector-por@gujarat.gov.in,"Collector office, Porbandar",true,false,https://www.sarkaritel.com/collector-gujarat-government/,0.70,2026-06-26
376,1102,,,,office_phone,+91-286-2221800,"Collector office, Porbandar",true,false,https://www.sarkaritel.com/collector-gujarat-government/,0.70,2026-06-26
377,1104,,,,office_email,collector-raj@gujarat.gov.in,"Collector office, Rajkot",true,false,https://www.sarkaritel.com/collector-gujarat-government/,0.70,2026-06-26
378,1104,,,,office_phone,+91-281-2473900,"Collector office, Rajkot",true,false,https://www.sarkaritel.com/collector-gujarat-government/,0.70,2026-06-26
379,1106,,,,office_email,collector-sab@gujarat.gov.in,"Collector office, Sabarkantha",true,false,https://www.sarkaritel.com/collector-gujarat-government/,0.70,2026-06-26
380,1106,,,,office_phone,+91-2772-241001,"Collector office, Sabarkantha",true,false,https://www.sarkaritel.com/collector-gujarat-government/,0.70,2026-06-26
381,1108,,,,office_email,collector-sur@gujarat.gov.in,"Collector office, Surat",true,false,https://www.sarkaritel.com/collector-gujarat-government/,0.70,2026-06-26
382,1108,,,,office_phone,+91-261-2652525,"Collector office, Surat",true,false,https://www.sarkaritel.com/collector-gujarat-government/,0.70,2026-06-26
383,1110,,,,office_email,collector-srn@gujarat.gov.in,"Collector office, Surendranagar",true,false,https://www.sarkaritel.com/collector-gujarat-government/,0.70,2026-06-26
384,1110,,,,office_phone,+91-2752-282200,"Collector office, Surendranagar",true,false,https://www.sarkaritel.com/collector-gujarat-government/,0.70,2026-06-26
385,1112,,,,office_email,collector-tapi@gujarat.gov.in,"Collector office, Tapi",true,false,https://www.sarkaritel.com/collector-gujarat-government/,0.70,2026-06-26
386,1112,,,,office_phone,+91-2626-224460,"Collector office, Tapi",true,false,https://www.sarkaritel.com/collector-gujarat-government/,0.70,2026-06-26
387,1114,,,,office_email,collector-vad@gujarat.gov.in,"Collector office, Vadodara",true,false,https://www.sarkaritel.com/collector-gujarat-government/,0.70,2026-06-26
388,1114,,,,office_phone,+91-265-2433000,"Collector office, Vadodara",true,false,https://www.sarkaritel.com/collector-gujarat-government/,0.70,2026-06-26
389,1116,,,,office_email,collector-val@gujarat.gov.in,"Collector office, Valsad",true,false,https://www.sarkaritel.com/collector-gujarat-government/,0.70,2026-06-26
390,1116,,,,office_phone,+91-2632-253613,"Collector office, Valsad",true,false,https://www.sarkaritel.com/collector-gujarat-government/,0.70,2026-06-26
391,1118,,,,office_email,col-vt@gujarat.gov.in,"Collector office, Vav-Tharad",true,false,https://www.sarkaritel.com/collector-gujarat-government/,0.70,2026-06-26
392,1118,,,,office_phone,+91-2737-223378,"Collector office, Vav-Tharad",true,false,https://www.sarkaritel.com/collector-gujarat-government/,0.70,2026-06-26
393,1728,,,,office_email,dm-ajm-rj@nic.in,"Collector office, Ajmer",true,false,https://election.rajasthan.gov.in/ (Collector & ADM list 14.05.2026) + district NIC sites,0.65,2026-06-26
394,1728,,,,office_phone,0145-2627421,"Collector office, Ajmer",true,false,https://election.rajasthan.gov.in/ (Collector & ADM list 14.05.2026) + district NIC sites,0.65,2026-06-26
395,1730,,,,office_email,dm-alw-rj@nic.in,"Collector office, Alwar",true,false,https://election.rajasthan.gov.in/ (Collector & ADM list 14.05.2026) + district NIC sites,0.65,2026-06-26
396,1730,,,,office_phone,0144-2337565,"Collector office, Alwar",true,false,https://election.rajasthan.gov.in/ (Collector & ADM list 14.05.2026) + district NIC sites,0.65,2026-06-26
397,1732,,,,office_email,dm.blt.rj@rajasthan.gov.in,"Collector office, Balotra",true,false,https://election.rajasthan.gov.in/ (Collector & ADM list 14.05.2026) + district NIC sites,0.65,2026-06-26
398,1732,,,,office_phone,02988-294894,"Collector office, Balotra",true,false,https://election.rajasthan.gov.in/ (Collector & ADM list 14.05.2026) + district NIC sites,0.65,2026-06-26
399,1734,,,,office_email,dm-ban-rj@nic.in,"Collector office, Banswara",true,false,https://election.rajasthan.gov.in/ (Collector & ADM list 14.05.2026) + district NIC sites,0.65,2026-06-26
400,1734,,,,office_phone,02962-242968,"Collector office, Banswara",true,false,https://election.rajasthan.gov.in/ (Collector & ADM list 14.05.2026) + district NIC sites,0.65,2026-06-26
401,1736,,,,office_email,dm-brn-rj@nic.in,"Collector office, Baran",true,false,https://election.rajasthan.gov.in/ (Collector & ADM list 14.05.2026) + district NIC sites,0.65,2026-06-26
402,1736,,,,office_phone,07453-237001,"Collector office, Baran",true,false,https://election.rajasthan.gov.in/ (Collector & ADM list 14.05.2026) + district NIC sites,0.65,2026-06-26
403,1738,,,,office_email,dm-bar-rj@nic.in,"Collector office, Barmer",true,false,https://election.rajasthan.gov.in/ (Collector & ADM list 14.05.2026) + district NIC sites,0.65,2026-06-26
404,1738,,,,office_phone,02982-220003,"Collector office, Barmer",true,false,https://election.rajasthan.gov.in/ (Collector & ADM list 14.05.2026) + district NIC sites,0.65,2026-06-26
405,1740,,,,office_email,dm-bwr-rj@gov.in,"Collector office, Beawar",true,false,https://election.rajasthan.gov.in/ (Collector & ADM list 14.05.2026) + district NIC sites,0.65,2026-06-26
406,1740,,,,office_phone,01462-257336,"Collector office, Beawar",true,false,https://election.rajasthan.gov.in/ (Collector & ADM list 14.05.2026) + district NIC sites,0.65,2026-06-26
407,1742,,,,office_email,dm-bha-rj@nic.in,"Collector office, Bharatpur",true,false,https://election.rajasthan.gov.in/ (Collector & ADM list 14.05.2026) + district NIC sites,0.65,2026-06-26
408,1742,,,,office_phone,05644-223086,"Collector office, Bharatpur",true,false,https://election.rajasthan.gov.in/ (Collector & ADM list 14.05.2026) + district NIC sites,0.65,2026-06-26
409,1744,,,,office_email,dm-bhi-rj@nic.in,"Collector office, Bhilwara",true,false,https://election.rajasthan.gov.in/ (Collector & ADM list 14.05.2026) + district NIC sites,0.65,2026-06-26
410,1744,,,,office_phone,01482-232601,"Collector office, Bhilwara",true,false,https://election.rajasthan.gov.in/ (Collector & ADM list 14.05.2026) + district NIC sites,0.65,2026-06-26
411,1746,,,,office_email,rajbik@nic.in,"Collector office, Bikaner",true,false,https://election.rajasthan.gov.in/ (Collector & ADM list 14.05.2026) + district NIC sites,0.65,2026-06-26
412,1746,,,,office_phone,0151-2226000,"Collector office, Bikaner",true,false,https://election.rajasthan.gov.in/ (Collector & ADM list 14.05.2026) + district NIC sites,0.65,2026-06-26
413,1748,,,,office_email,dm-bun-rj@nic.in,"Collector office, Bundi",true,false,https://election.rajasthan.gov.in/ (Collector & ADM list 14.05.2026) + district NIC sites,0.65,2026-06-26
414,1748,,,,office_phone,0747-2445200,"Collector office, Bundi",true,false,https://election.rajasthan.gov.in/ (Collector & ADM list 14.05.2026) + district NIC sites,0.65,2026-06-26
415,1750,,,,office_email,dm-chi-rj@nic.in,"Collector office, Chittorgarh",true,false,https://election.rajasthan.gov.in/ (Collector & ADM list 14.05.2026) + district NIC sites,0.65,2026-06-26
416,1750,,,,office_phone,01472-240001,"Collector office, Chittorgarh",true,false,https://election.rajasthan.gov.in/ (Collector & ADM list 14.05.2026) + district NIC sites,0.65,2026-06-26
417,1752,,,,office_email,dm-chu-rj@nic.in,"Collector office, Churu",true,false,https://election.rajasthan.gov.in/ (Collector & ADM list 14.05.2026) + district NIC sites,0.65,2026-06-26
418,1752,,,,office_phone,01562-250806,"Collector office, Churu",true,false,https://election.rajasthan.gov.in/ (Collector & ADM list 14.05.2026) + district NIC sites,0.65,2026-06-26
419,1754,,,,office_email,dm-dau-rj@nic.in,"Collector office, Dausa",true,false,https://election.rajasthan.gov.in/ (Collector & ADM list 14.05.2026) + district NIC sites,0.65,2026-06-26
420,1754,,,,office_phone,01427-224666,"Collector office, Dausa",true,false,https://election.rajasthan.gov.in/ (Collector & ADM list 14.05.2026) + district NIC sites,0.65,2026-06-26
421,1756,,,,office_email,dmdeeg@rajasthan.gov.in,"Collector office, Deeg",true,false,https://election.rajasthan.gov.in/ (Collector & ADM list 14.05.2026) + district NIC sites,0.65,2026-06-26
422,1756,,,,office_phone,05641-294000,"Collector office, Deeg",true,false,https://election.rajasthan.gov.in/ (Collector & ADM list 14.05.2026) + district NIC sites,0.65,2026-06-26
423,1758,,,,office_email,dm.dk@rajasthan.gov.in,"Collector office, Didwana-Kuchaman",true,false,https://election.rajasthan.gov.in/ (Collector & ADM list 14.05.2026) + district NIC sites,0.65,2026-06-26
424,1760,,,,office_email,dm-dho-rj@nic.in,"Collector office, Dholpur",true,false,https://election.rajasthan.gov.in/ (Collector & ADM list 14.05.2026) + district NIC sites,0.65,2026-06-26
425,1760,,,,office_phone,05642-220254,"Collector office, Dholpur",true,false,https://election.rajasthan.gov.in/ (Collector & ADM list 14.05.2026) + district NIC sites,0.65,2026-06-26
426,1762,,,,office_email,dm-dun-rj@nic.in,"Collector office, Dungarpur",true,false,https://election.rajasthan.gov.in/ (Collector & ADM list 14.05.2026) + district NIC sites,0.65,2026-06-26
427,1762,,,,office_phone,02964-231002,"Collector office, Dungarpur",true,false,https://election.rajasthan.gov.in/ (Collector & ADM list 14.05.2026) + district NIC sites,0.65,2026-06-26
428,1764,,,,office_email,dm-han-rj@nic.in,"Collector office, Hanumangarh",true,false,https://election.rajasthan.gov.in/ (Collector & ADM list 14.05.2026) + district NIC sites,0.65,2026-06-26
429,1764,,,,office_phone,01552-260001,"Collector office, Hanumangarh",true,false,https://election.rajasthan.gov.in/ (Collector & ADM list 14.05.2026) + district NIC sites,0.65,2026-06-26
430,1766,,,,office_email,dm-jaip-rj@nic.in,"Collector office, Jaipur",true,false,https://election.rajasthan.gov.in/ (Collector & ADM list 14.05.2026) + district NIC sites,0.65,2026-06-26
431,1766,,,,office_phone,0141-2209001,"Collector office, Jaipur",true,false,https://election.rajasthan.gov.in/ (Collector & ADM list 14.05.2026) + district NIC sites,0.65,2026-06-26
432,1768,,,,office_email,dm-jai-rj@nic.in,"Collector office, Jaisalmer",true,false,https://election.rajasthan.gov.in/ (Collector & ADM list 14.05.2026) + district NIC sites,0.65,2026-06-26
433,1768,,,,office_phone,02992-252201,"Collector office, Jaisalmer",true,false,https://election.rajasthan.gov.in/ (Collector & ADM list 14.05.2026) + district NIC sites,0.65,2026-06-26
434,1770,,,,office_email,dm-jal-rj@nic.in,"Collector office, Jalore",true,false,https://election.rajasthan.gov.in/ (Collector & ADM list 14.05.2026) + district NIC sites,0.65,2026-06-26
435,1770,,,,office_phone,02973-222207,"Collector office, Jalore",true,false,https://election.rajasthan.gov.in/ (Collector & ADM list 14.05.2026) + district NIC sites,0.65,2026-06-26
436,1772,,,,office_email,dm-jha-rj@nic.in,"Collector office, Jhalawar",true,false,https://election.rajasthan.gov.in/ (Collector & ADM list 14.05.2026) + district NIC sites,0.65,2026-06-26
437,1772,,,,office_phone,07432-230403,"Collector office, Jhalawar",true,false,https://election.rajasthan.gov.in/ (Collector & ADM list 14.05.2026) + district NIC sites,0.65,2026-06-26
438,1774,,,,office_email,dm-jhu-rj@nic.in,"Collector office, Jhunjhunu",true,false,https://election.rajasthan.gov.in/ (Collector & ADM list 14.05.2026) + district NIC sites,0.65,2026-06-26
439,1774,,,,office_phone,01592-232040,"Collector office, Jhunjhunu",true,false,https://election.rajasthan.gov.in/ (Collector & ADM list 14.05.2026) + district NIC sites,0.65,2026-06-26
440,1776,,,,office_email,deo-jod-rj@nic.in,"Collector office, Jodhpur",true,false,https://election.rajasthan.gov.in/ (Collector & ADM list 14.05.2026) + district NIC sites,0.65,2026-06-26
441,1776,,,,office_phone,0291-2650322,"Collector office, Jodhpur",true,false,https://election.rajasthan.gov.in/ (Collector & ADM list 14.05.2026) + district NIC sites,0.65,2026-06-26
442,1778,,,,office_email,dm-kar-rj@nic.in,"Collector office, Karauli",true,false,https://election.rajasthan.gov.in/ (Collector & ADM list 14.05.2026) + district NIC sites,0.65,2026-06-26
443,1778,,,,office_phone,07464-250100,"Collector office, Karauli",true,false,https://election.rajasthan.gov.in/ (Collector & ADM list 14.05.2026) + district NIC sites,0.65,2026-06-26
444,1780,,,,office_email,dm.khairthaltijara@rajasthan.gov.in,"Collector office, Khairthal-Tijara",true,false,https://election.rajasthan.gov.in/ (Collector & ADM list 14.05.2026) + district NIC sites,0.65,2026-06-26
445,1780,,,,office_phone,01460-298200,"Collector office, Khairthal-Tijara",true,false,https://election.rajasthan.gov.in/ (Collector & ADM list 14.05.2026) + district NIC sites,0.65,2026-06-26
446,1782,,,,office_email,dm-kot-rj@nic.in,"Collector office, Kota",true,false,https://election.rajasthan.gov.in/ (Collector & ADM list 14.05.2026) + district NIC sites,0.65,2026-06-26
447,1782,,,,office_phone,0744-2451200,"Collector office, Kota",true,false,https://election.rajasthan.gov.in/ (Collector & ADM list 14.05.2026) + district NIC sites,0.65,2026-06-26
448,1784,,,,office_email,dm.kotputli.behror@rajasthan.gov.in,"Collector office, Kotputli-Behror",true,false,https://election.rajasthan.gov.in/ (Collector & ADM list 14.05.2026) + district NIC sites,0.65,2026-06-26
449,1784,,,,office_phone,01421-299177,"Collector office, Kotputli-Behror",true,false,https://election.rajasthan.gov.in/ (Collector & ADM list 14.05.2026) + district NIC sites,0.65,2026-06-26
450,1786,,,,office_email,dm-nag-rj@nic.in,"Collector office, Nagaur",true,false,https://election.rajasthan.gov.in/ (Collector & ADM list 14.05.2026) + district NIC sites,0.65,2026-06-26
451,1786,,,,office_phone,01582-241444,"Collector office, Nagaur",true,false,https://election.rajasthan.gov.in/ (Collector & ADM list 14.05.2026) + district NIC sites,0.65,2026-06-26
452,1788,,,,office_email,dm-pal-rj@nic.in,"Collector office, Pali",true,false,https://election.rajasthan.gov.in/ (Collector & ADM list 14.05.2026) + district NIC sites,0.65,2026-06-26
453,1788,,,,office_phone,02932-252801,"Collector office, Pali",true,false,https://election.rajasthan.gov.in/ (Collector & ADM list 14.05.2026) + district NIC sites,0.65,2026-06-26
454,1790,,,,office_email,dmphalodi@rajasthan.gov.in,"Collector office, Phalodi",true,false,https://election.rajasthan.gov.in/ (Collector & ADM list 14.05.2026) + district NIC sites,0.65,2026-06-26
455,1790,,,,office_phone,02925-222323,"Collector office, Phalodi",true,false,https://election.rajasthan.gov.in/ (Collector & ADM list 14.05.2026) + district NIC sites,0.65,2026-06-26
456,1792,,,,office_email,dm-pra-rj@nic.in,"Collector office, Pratapgarh",true,false,https://election.rajasthan.gov.in/ (Collector & ADM list 14.05.2026) + district NIC sites,0.65,2026-06-26
457,1792,,,,office_phone,01478-222266,"Collector office, Pratapgarh",true,false,https://election.rajasthan.gov.in/ (Collector & ADM list 14.05.2026) + district NIC sites,0.65,2026-06-26
458,1794,,,,office_email,dm-raj@raj.nic.in,"Collector office, Rajsamand",true,false,https://election.rajasthan.gov.in/ (Collector & ADM list 14.05.2026) + district NIC sites,0.65,2026-06-26
459,1794,,,,office_phone,02952-220536,"Collector office, Rajsamand",true,false,https://election.rajasthan.gov.in/ (Collector & ADM list 14.05.2026) + district NIC sites,0.65,2026-06-26
460,1798,,,,office_email,dm-saw-rj@nic.in,"Collector office, Sawai Madhopur",true,false,https://election.rajasthan.gov.in/ (Collector & ADM list 14.05.2026) + district NIC sites,0.65,2026-06-26
461,1798,,,,office_phone,07462-220444,"Collector office, Sawai Madhopur",true,false,https://election.rajasthan.gov.in/ (Collector & ADM list 14.05.2026) + district NIC sites,0.65,2026-06-26
462,1800,,,,office_email,dm-sik-rj@nic.in,"Collector office, Sikar",true,false,https://election.rajasthan.gov.in/ (Collector & ADM list 14.05.2026) + district NIC sites,0.65,2026-06-26
463,1800,,,,office_phone,01572-250005,"Collector office, Sikar",true,false,https://election.rajasthan.gov.in/ (Collector & ADM list 14.05.2026) + district NIC sites,0.65,2026-06-26
464,1802,,,,office_email,dm-sir-rj@nic.in,"Collector office, Sirohi",true,false,https://election.rajasthan.gov.in/ (Collector & ADM list 14.05.2026) + district NIC sites,0.65,2026-06-26
465,1802,,,,office_phone,02972-221188,"Collector office, Sirohi",true,false,https://election.rajasthan.gov.in/ (Collector & ADM list 14.05.2026) + district NIC sites,0.65,2026-06-26
466,1804,,,,office_phone,0154-2445001,"Collector office, Sri Ganganagar",true,false,https://election.rajasthan.gov.in/ (Collector & ADM list 14.05.2026) + district NIC sites,0.65,2026-06-26
467,1806,,,,office_email,dm-ton-rj@nic.in,"Collector office, Tonk",true,false,https://election.rajasthan.gov.in/ (Collector & ADM list 14.05.2026) + district NIC sites,0.65,2026-06-26
468,1806,,,,office_phone,01432-243025,"Collector office, Tonk",true,false,https://election.rajasthan.gov.in/ (Collector & ADM list 14.05.2026) + district NIC sites,0.65,2026-06-26
469,1808,,,,office_email,dm-uda-rj@nic.in,"Collector office, Udaipur",true,false,https://election.rajasthan.gov.in/ (Collector & ADM list 14.05.2026) + district NIC sites,0.65,2026-06-26
470,1808,,,,office_phone,0294-2410834,"Collector office, Udaipur",true,false,https://election.rajasthan.gov.in/ (Collector & ADM list 14.05.2026) + district NIC sites,0.65,2026-06-26
471,1328,,,,office_email,dmbhopal@nic.in,"Collector office, Bhopal",true,false,https://www.sarkaritel.com/ MP collectors + district NIC sites,0.65,2026-06-26
472,1328,,,,office_phone,+91-755-2540494,"Collector office, Bhopal",true,false,https://www.sarkaritel.com/ MP collectors + district NIC sites,0.65,2026-06-26
473,1354,,,,office_email,dmindore@nic.in,"Collector office, Indore",true,false,https://www.sarkaritel.com/ MP collectors + district NIC sites,0.65,2026-06-26
474,1354,,,,office_phone,+91-731-2449111,"Collector office, Indore",true,false,https://www.sarkaritel.com/ MP collectors + district NIC sites,0.65,2026-06-26
475,1344,,,,office_email,dmgwalior@nic.in,"Collector office, Gwalior",true,false,https://www.sarkaritel.com/ MP collectors + district NIC sites,0.65,2026-06-26
476,1344,,,,office_phone,0751-2446200,"Collector office, Gwalior",true,false,https://www.sarkaritel.com/ MP collectors + district NIC sites,0.65,2026-06-26
477,1370,,,,office_email,dmjabalpur@nic.in,"Collector office, Jabalpur",true,false,https://www.sarkaritel.com/ MP collectors + district NIC sites,0.65,2026-06-26
478,1370,,,,office_phone,+91-761-2624100,"Collector office, Jabalpur",true,false,https://www.sarkaritel.com/ MP collectors + district NIC sites,0.65,2026-06-26
479,1424,,,,office_email,dmujjain@nic.in,"Collector office, Ujjain",true,false,https://www.sarkaritel.com/ MP collectors + district NIC sites,0.65,2026-06-26
480,1424,,,,office_phone,+91-734-2514000,"Collector office, Ujjain",true,false,https://www.sarkaritel.com/ MP collectors + district NIC sites,0.65,2026-06-26
481,1406,,,,office_email,dmsagar@nic.in,"Collector office, Sagar",true,false,https://www.sarkaritel.com/ MP collectors + district NIC sites,0.65,2026-06-26
482,1406,,,,office_phone,+91-7582-221900,"Collector office, Sagar",true,false,https://www.sarkaritel.com/ MP collectors + district NIC sites,0.65,2026-06-26
483,1394,,,,office_email,dmrewa@nic.in,"Collector office, Rewa",true,false,https://www.sarkaritel.com/ MP collectors + district NIC sites,0.65,2026-06-26
484,1394,,,,office_phone,07662-241635,"Collector office, Rewa",true,false,https://www.sarkaritel.com/ MP collectors + district NIC sites,0.65,2026-06-26
485,1400,,,,office_email,dmsatna@nic.in,"Collector office, Satna",true,false,https://www.sarkaritel.com/ MP collectors + district NIC sites,0.65,2026-06-26
486,1400,,,,office_phone,+91-7672-222911,"Collector office, Satna",true,false,https://www.sarkaritel.com/ MP collectors + district NIC sites,0.65,2026-06-26
487,1362,,,,office_email,dmdhar@nic.in,"Collector office, Dhar",true,false,https://www.sarkaritel.com/ MP collectors + district NIC sites,0.65,2026-06-26
488,1428,,,,office_email,dmdewas@nic.in,"Collector office, Dewas",true,false,https://www.sarkaritel.com/ MP collectors + district NIC sites,0.65,2026-06-26
489,1428,,,,office_phone,07272-252111,"Collector office, Dewas",true,false,https://www.sarkaritel.com/ MP collectors + district NIC sites,0.65,2026-06-26
490,1434,,,,office_email,dmratlam@nic.in,"Collector office, Ratlam",true,false,https://www.sarkaritel.com/ MP collectors + district NIC sites,0.65,2026-06-26
491,1434,,,,office_phone,+91-7412-270400,"Collector office, Ratlam",true,false,https://www.sarkaritel.com/ MP collectors + district NIC sites,0.65,2026-06-26
492,1368,,,,office_email,dmkhargone@nic.in,"Collector office, Khargone",true,false,https://www.sarkaritel.com/ MP collectors + district NIC sites,0.65,2026-06-26
493,1368,,,,office_phone,07282-232363,"Collector office, Khargone",true,false,https://www.sarkaritel.com/ MP collectors + district NIC sites,0.65,2026-06-26
494,1374,,,,office_email,dmchhindwara@nic.in,"Collector office, Chhindwara",true,false,https://www.sarkaritel.com/ MP collectors + district NIC sites,0.65,2026-06-26
495,1374,,,,office_phone,07162-242302,"Collector office, Chhindwara",true,false,https://www.sarkaritel.com/ MP collectors + district NIC sites,0.65,2026-06-26
496,1336,,,,office_email,dmvidisha@nic.in,"Collector office, Vidisha",true,false,https://www.sarkaritel.com/ MP collectors + district NIC sites,0.65,2026-06-26
497,1336,,,,office_phone,07592-234520,"Collector office, Vidisha",true,false,https://www.sarkaritel.com/ MP collectors + district NIC sites,0.65,2026-06-26
498,1334,,,,office_email,dmsehore@nic.in,"Collector office, Sehore",true,false,https://www.sarkaritel.com/ MP collectors + district NIC sites,0.65,2026-06-26
499,1334,,,,office_phone,07562-227766,"Collector office, Sehore",true,false,https://www.sarkaritel.com/ MP collectors + district NIC sites,0.65,2026-06-26
500,1330,,,,office_email,dmraisen@nic.in,"Collector office, Raisen",true,false,https://www.sarkaritel.com/ MP collectors + district NIC sites,0.65,2026-06-26
501,1330,,,,office_phone,07482-223201,"Collector office, Raisen",true,false,https://www.sarkaritel.com/ MP collectors + district NIC sites,0.65,2026-06-26
502,1332,,,,office_email,dmrajgarh@nic.in,"Collector office, Rajgarh",true,false,https://www.sarkaritel.com/ MP collectors + district NIC sites,0.65,2026-06-26
503,1332,,,,office_phone,07372-255025,"Collector office, Rajgarh",true,false,https://www.sarkaritel.com/ MP collectors + district NIC sites,0.65,2026-06-26
504,1390,,,,office_email,dmbetul@nic.in,"Collector office, Betul",true,false,https://www.sarkaritel.com/ MP collectors + district NIC sites,0.65,2026-06-26
505,1390,,,,office_phone,07141-230034,"Collector office, Betul",true,false,https://www.sarkaritel.com/ MP collectors + district NIC sites,0.65,2026-06-26
506,1392,,,,office_email,dmharda@mp.gov.in,"Collector office, Harda",true,false,https://www.sarkaritel.com/ MP collectors + district NIC sites,0.65,2026-06-26
507,1392,,,,office_phone,07577-225006,"Collector office, Harda",true,false,https://www.sarkaritel.com/ MP collectors + district NIC sites,0.65,2026-06-26
508,1366,,,,office_email,dmkhandwa@nic.in,"Collector office, Khandwa",true,false,https://www.sarkaritel.com/ MP collectors + district NIC sites,0.65,2026-06-26
509,1366,,,,office_phone,0733-2224153,"Collector office, Khandwa",true,false,https://www.sarkaritel.com/ MP collectors + district NIC sites,0.65,2026-06-26
510,1360,,,,office_email,dmburhanpur@nic.in,"Collector office, Burhanpur",true,false,https://www.sarkaritel.com/ MP collectors + district NIC sites,0.65,2026-06-26
511,1360,,,,office_phone,07325-241000,"Collector office, Burhanpur",true,false,https://www.sarkaritel.com/ MP collectors + district NIC sites,0.65,2026-06-26
512,1358,,,,office_email,dmbarwani@nic.in,"Collector office, Barwani",true,false,https://www.sarkaritel.com/ MP collectors + district NIC sites,0.65,2026-06-26
513,1358,,,,office_phone,07290-224001,"Collector office, Barwani",true,false,https://www.sarkaritel.com/ MP collectors + district NIC sites,0.65,2026-06-26
514,1364,,,,office_email,dmjhabua@nic.in,"Collector office, Jhabua",true,false,https://www.sarkaritel.com/ MP collectors + district NIC sites,0.65,2026-06-26
515,1364,,,,office_phone,07392-243401,"Collector office, Jhabua",true,false,https://www.sarkaritel.com/ MP collectors + district NIC sites,0.65,2026-06-26
516,1356,,,,office_email,dmalirajpur@nic.in,"Collector office, Alirajpur",true,false,https://www.sarkaritel.com/ MP collectors + district NIC sites,0.65,2026-06-26
517,1356,,,,office_phone,07394-234400,"Collector office, Alirajpur",true,false,https://www.sarkaritel.com/ MP collectors + district NIC sites,0.65,2026-06-26
518,1430,,,,office_email,dmmandsaur@nic.in,"Collector office, Mandsaur",true,false,https://www.sarkaritel.com/ MP collectors + district NIC sites,0.65,2026-06-26
519,1430,,,,office_phone,07422-235260,"Collector office, Mandsaur",true,false,https://www.sarkaritel.com/ MP collectors + district NIC sites,0.65,2026-06-26
520,1432,,,,office_email,dmneemuch@nic.in,"Collector office, Neemuch",true,false,https://www.sarkaritel.com/ MP collectors + district NIC sites,0.65,2026-06-26
521,1432,,,,office_phone,07423-223063,"Collector office, Neemuch",true,false,https://www.sarkaritel.com/ MP collectors + district NIC sites,0.65,2026-06-26
522,1436,,,,office_email,dmshajapur@nic.in,"Collector office, Shajapur",true,false,https://www.sarkaritel.com/ MP collectors + district NIC sites,0.65,2026-06-26
523,1426,,,,office_email,dmagarmalwa@nic.in,"Collector office, Agar Malwa",true,false,https://www.sarkaritel.com/ MP collectors + district NIC sites,0.65,2026-06-26
524,1426,,,,office_phone,07362-292100,"Collector office, Agar Malwa",true,false,https://www.sarkaritel.com/ MP collectors + district NIC sites,0.65,2026-06-26
525,1338,,,,office_email,dmmorena@nic.in,"Collector office, Morena",true,false,https://www.sarkaritel.com/ MP collectors + district NIC sites,0.65,2026-06-26
526,1338,,,,office_phone,07532-223500,"Collector office, Morena",true,false,https://www.sarkaritel.com/ MP collectors + district NIC sites,0.65,2026-06-26
527,1340,,,,office_email,dmbhind@nic.in,"Collector office, Bhind",true,false,https://www.sarkaritel.com/ MP collectors + district NIC sites,0.65,2026-06-26
528,1340,,,,office_phone,07534-231200,"Collector office, Bhind",true,false,https://www.sarkaritel.com/ MP collectors + district NIC sites,0.65,2026-06-26
529,1342,,,,office_email,mpshe@nic.in,"Collector office, Sheopur",true,false,https://www.sarkaritel.com/ MP collectors + district NIC sites,0.65,2026-06-26
530,1342,,,,office_phone,07530-220058,"Collector office, Sheopur",true,false,https://www.sarkaritel.com/ MP collectors + district NIC sites,0.65,2026-06-26
531,1352,,,,office_email,dmshivpuri@nic.in,"Collector office, Shivpuri",true,false,https://www.sarkaritel.com/ MP collectors + district NIC sites,0.65,2026-06-26
532,1352,,,,office_phone,07492-233700,"Collector office, Shivpuri",true,false,https://www.sarkaritel.com/ MP collectors + district NIC sites,0.65,2026-06-26
533,1350,,,,office_email,dmguna@nic.in,"Collector office, Guna",true,false,https://www.sarkaritel.com/ MP collectors + district NIC sites,0.65,2026-06-26
534,1350,,,,office_phone,07542-255626,"Collector office, Guna",true,false,https://www.sarkaritel.com/ MP collectors + district NIC sites,0.65,2026-06-26
535,1346,,,,office_email,dmashoknagar@nic.in,"Collector office, Ashoknagar",true,false,https://www.sarkaritel.com/ MP collectors + district NIC sites,0.65,2026-06-26
536,1346,,,,office_phone,07543-222800,"Collector office, Ashoknagar",true,false,https://www.sarkaritel.com/ MP collectors + district NIC sites,0.65,2026-06-26
537,1348,,,,office_email,dmdatia@nic.in,"Collector office, Datia",true,false,https://www.sarkaritel.com/ MP collectors + district NIC sites,0.65,2026-06-26
538,1348,,,,office_phone,07522-234100,"Collector office, Datia",true,false,https://www.sarkaritel.com/ MP collectors + district NIC sites,0.65,2026-06-26
539,1416,,,,office_email,dmtikamgarh@nic.in,"Collector office, Tikamgarh",true,false,https://www.sarkaritel.com/ MP collectors + district NIC sites,0.65,2026-06-26
540,1416,,,,office_phone,07683-242250,"Collector office, Tikamgarh",true,false,https://www.sarkaritel.com/ MP collectors + district NIC sites,0.65,2026-06-26
541,1412,,,,office_email,dmniwari-mp@mp.gov.in,"Collector office, Niwari",true,false,https://www.sarkaritel.com/ MP collectors + district NIC sites,0.65,2026-06-26
542,1412,,,,office_phone,07680-232101,"Collector office, Niwari",true,false,https://www.sarkaritel.com/ MP collectors + district NIC sites,0.65,2026-06-26
543,1408,,,,office_email,dmchhatarpur@nic.in,"Collector office, Chhatarpur",true,false,https://www.sarkaritel.com/ MP collectors + district NIC sites,0.65,2026-06-26
544,1408,,,,office_phone,07682-241500,"Collector office, Chhatarpur",true,false,https://www.sarkaritel.com/ MP collectors + district NIC sites,0.65,2026-06-26
545,1414,,,,office_email,dmpanna@nic.in,"Collector office, Panna",true,false,https://www.sarkaritel.com/ MP collectors + district NIC sites,0.65,2026-06-26
546,1414,,,,office_phone,07732-252003,"Collector office, Panna",true,false,https://www.sarkaritel.com/ MP collectors + district NIC sites,0.65,2026-06-26
547,1410,,,,office_email,dmdamoh@nic.in,"Collector office, Damoh",true,false,https://www.sarkaritel.com/ MP collectors + district NIC sites,0.65,2026-06-26
548,1410,,,,office_phone,07812-222345,"Collector office, Damoh",true,false,https://www.sarkaritel.com/ MP collectors + district NIC sites,0.65,2026-06-26
549,1402,,,,office_email,dmsidhi@nic.in,"Collector office, Sidhi",true,false,https://www.sarkaritel.com/ MP collectors + district NIC sites,0.65,2026-06-26
550,1402,,,,office_phone,07822-252204,"Collector office, Sidhi",true,false,https://www.sarkaritel.com/ MP collectors + district NIC sites,0.65,2026-06-26
551,1404,,,,office_email,dmsingrauli@mp.gov.in,"Collector office, Singrauli",true,false,https://www.sarkaritel.com/ MP collectors + district NIC sites,0.65,2026-06-26
552,1404,,,,office_phone,07805-234541,"Collector office, Singrauli",true,false,https://www.sarkaritel.com/ MP collectors + district NIC sites,0.65,2026-06-26
553,1378,,,,office_email,dmkatni@nic.in,"Collector office, Katni",true,false,https://www.sarkaritel.com/ MP collectors + district NIC sites,0.65,2026-06-26
554,1378,,,,office_phone,07622-220009,"Collector office, Katni",true,false,https://www.sarkaritel.com/ MP collectors + district NIC sites,0.65,2026-06-26
555,1382,,,,office_email,dmnarsinghpur@nic.in,"Collector office, Narsinghpur",true,false,https://www.sarkaritel.com/ MP collectors + district NIC sites,0.65,2026-06-26
556,1382,,,,office_phone,07792-230900,"Collector office, Narsinghpur",true,false,https://www.sarkaritel.com/ MP collectors + district NIC sites,0.65,2026-06-26
557,1386,,,,office_email,dmseoni@nic.in,"Collector office, Seoni",true,false,https://www.sarkaritel.com/ MP collectors + district NIC sites,0.65,2026-06-26
558,1386,,,,office_phone,07692-220444,"Collector office, Seoni",true,false,https://www.sarkaritel.com/ MP collectors + district NIC sites,0.65,2026-06-26
559,1380,,,,office_email,dmmandla@nic.in,"Collector office, Mandla",true,false,https://www.sarkaritel.com/ MP collectors + district NIC sites,0.65,2026-06-26
560,1380,,,,office_phone,07642-250600,"Collector office, Mandla",true,false,https://www.sarkaritel.com/ MP collectors + district NIC sites,0.65,2026-06-26
561,1376,,,,office_email,dmdindori@nic.in,"Collector office, Dindori",true,false,https://www.sarkaritel.com/ MP collectors + district NIC sites,0.65,2026-06-26
562,1376,,,,office_phone,07664-234174,"Collector office, Dindori",true,false,https://www.sarkaritel.com/ MP collectors + district NIC sites,0.65,2026-06-26
563,1372,,,,office_email,dmbalaghat@nic.in,"Collector office, Balaghat",true,false,https://www.sarkaritel.com/ MP collectors + district NIC sites,0.65,2026-06-26
564,1372,,,,office_phone,07632-240150,"Collector office, Balaghat",true,false,https://www.sarkaritel.com/ MP collectors + district NIC sites,0.65,2026-06-26
565,1422,,,,office_email,dmumaria@nic.in,"Collector office, Umaria",true,false,https://www.sarkaritel.com/ MP collectors + district NIC sites,0.65,2026-06-26
566,1422,,,,office_phone,07653-222600,"Collector office, Umaria",true,false,https://www.sarkaritel.com/ MP collectors + district NIC sites,0.65,2026-06-26
567,1418,,,,office_email,dmshahdol@nic.in,"Collector office, Shahdol",true,false,https://www.sarkaritel.com/ MP collectors + district NIC sites,0.65,2026-06-26
568,1418,,,,office_phone,07652-241700,"Collector office, Shahdol",true,false,https://www.sarkaritel.com/ MP collectors + district NIC sites,0.65,2026-06-26
569,1420,,,,office_email,dmanuppur@nic.in,"Collector office, Anuppur",true,false,https://www.sarkaritel.com/ MP collectors + district NIC sites,0.65,2026-06-26
570,1420,,,,office_phone,07659-222400,"Collector office, Anuppur",true,false,https://www.sarkaritel.com/ MP collectors + district NIC sites,0.65,2026-06-26
571,1396,,,,office_email,dm.maihar@mp.gov.in,"Collector office, Maihar",true,false,https://www.sarkaritel.com/ MP collectors + district NIC sites,0.65,2026-06-26
572,1398,,,,office_email,dm-mauganj@nic.in,"Collector office, Mauganj",true,false,https://www.sarkaritel.com/ MP collectors + district NIC sites,0.65,2026-06-26
573,1398,,,,office_phone,07663-299274,"Collector office, Mauganj",true,false,https://www.sarkaritel.com/ MP collectors + district NIC sites,0.65,2026-06-26
574,1384,,,,office_email,dm.pandhurna@mp.gov.in,"Collector office, Pandhurna",true,false,https://www.sarkaritel.com/ MP collectors + district NIC sites,0.65,2026-06-26
575,1384,,,,office_phone,07164-299044,"Collector office, Pandhurna",true,false,https://www.sarkaritel.com/ MP collectors + district NIC sites,0.65,2026-06-26
576,1238,,,,office_email,deo.bagalkot@gmail.com,"Collector office, Bagalkote",true,false,https://www.sarkaritel.com/ Karnataka DC directory + district NIC sites + ceg.karnataka.gov.in,0.65,2026-06-26
577,1238,,,,office_phone,08354-235091,"Collector office, Bagalkote",true,false,https://www.sarkaritel.com/ Karnataka DC directory + district NIC sites + ceg.karnataka.gov.in,0.65,2026-06-26
578,1248,,,,office_email,dcbellary@gmail.com,"Collector office, Ballari",true,false,https://www.sarkaritel.com/ Karnataka DC directory + district NIC sites + ceg.karnataka.gov.in,0.65,2026-06-26
579,1248,,,,office_phone,08392-277100,"Collector office, Ballari",true,false,https://www.sarkaritel.com/ Karnataka DC directory + district NIC sites + ceg.karnataka.gov.in,0.65,2026-06-26
580,1246,,,,office_email,deo.belagavi@gmail.com,"Collector office, Belagavi",true,false,https://www.sarkaritel.com/ Karnataka DC directory + district NIC sites + ceg.karnataka.gov.in,0.65,2026-06-26
581,1246,,,,office_phone,0831-2407200,"Collector office, Belagavi",true,false,https://www.sarkaritel.com/ Karnataka DC directory + district NIC sites + ceg.karnataka.gov.in,0.65,2026-06-26
582,1240,,,,office_email,dcurban@nic.in,"Collector office, Bengaluru Urban",true,false,https://www.sarkaritel.com/ Karnataka DC directory + district NIC sites + ceg.karnataka.gov.in,0.65,2026-06-26
583,1240,,,,office_phone,080-22211292,"Collector office, Bengaluru Urban",true,false,https://www.sarkaritel.com/ Karnataka DC directory + district NIC sites + ceg.karnataka.gov.in,0.65,2026-06-26
584,1250,,,,office_email,deo.bidar@gmail.com,"Collector office, Bidar",true,false,https://www.sarkaritel.com/ Karnataka DC directory + district NIC sites + ceg.karnataka.gov.in,0.65,2026-06-26
585,1250,,,,office_phone,08482-225409,"Collector office, Bidar",true,false,https://www.sarkaritel.com/ Karnataka DC directory + district NIC sites + ceg.karnataka.gov.in,0.65,2026-06-26
586,1254,,,,office_email,deo.cnagar@gmail.com,"Collector office, Chamarajanagara",true,false,https://www.sarkaritel.com/ Karnataka DC directory + district NIC sites + ceg.karnataka.gov.in,0.65,2026-06-26
587,1254,,,,office_phone,08226-223170,"Collector office, Chamarajanagara",true,false,https://www.sarkaritel.com/ Karnataka DC directory + district NIC sites + ceg.karnataka.gov.in,0.65,2026-06-26
588,1256,,,,office_email,dc-ckbpur-ka@gov.in,"Collector office, Chikkaballapura",true,false,https://www.sarkaritel.com/ Karnataka DC directory + district NIC sites + ceg.karnataka.gov.in,0.65,2026-06-26
589,1256,,,,office_phone,08156-277001,"Collector office, Chikkaballapura",true,false,https://www.sarkaritel.com/ Karnataka DC directory + district NIC sites + ceg.karnataka.gov.in,0.65,2026-06-26
590,1258,,,,office_phone,08262-230401,"Collector office, Chikkamagaluru",true,false,https://www.sarkaritel.com/ Karnataka DC directory + district NIC sites + ceg.karnataka.gov.in,0.65,2026-06-26
591,1260,,,,office_email,deo.chitradurga1@gmail.com,"Collector office, Chitradurga",true,false,https://www.sarkaritel.com/ Karnataka DC directory + district NIC sites + ceg.karnataka.gov.in,0.65,2026-06-26
592,1260,,,,office_phone,08194-222811,"Collector office, Chitradurga",true,false,https://www.sarkaritel.com/ Karnataka DC directory + district NIC sites + ceg.karnataka.gov.in,0.65,2026-06-26
593,1262,,,,office_email,dc.mnglr@gmail.com,"Collector office, Dakshina Kannada",true,false,https://www.sarkaritel.com/ Karnataka DC directory + district NIC sites + ceg.karnataka.gov.in,0.65,2026-06-26
594,1262,,,,office_phone,0824-2220588,"Collector office, Dakshina Kannada",true,false,https://www.sarkaritel.com/ Karnataka DC directory + district NIC sites + ceg.karnataka.gov.in,0.65,2026-06-26
595,1264,,,,office_email,deo.davanagere@gmail.com,"Collector office, Davanagere",true,false,https://www.sarkaritel.com/ Karnataka DC directory + district NIC sites + ceg.karnataka.gov.in,0.65,2026-06-26
596,1264,,,,office_phone,08192-234640,"Collector office, Davanagere",true,false,https://www.sarkaritel.com/ Karnataka DC directory + district NIC sites + ceg.karnataka.gov.in,0.65,2026-06-26
597,1266,,,,office_email,deo.dharwad@gmail.com,"Collector office, Dharwad",true,false,https://www.sarkaritel.com/ Karnataka DC directory + district NIC sites + ceg.karnataka.gov.in,0.65,2026-06-26
598,1266,,,,office_phone,0836-2233840,"Collector office, Dharwad",true,false,https://www.sarkaritel.com/ Karnataka DC directory + district NIC sites + ceg.karnataka.gov.in,0.65,2026-06-26
599,1268,,,,office_email,deo.gadag@gmail.com,"Collector office, Gadag",true,false,https://www.sarkaritel.com/ Karnataka DC directory + district NIC sites + ceg.karnataka.gov.in,0.65,2026-06-26
600,1268,,,,office_phone,08372-237300,"Collector office, Gadag",true,false,https://www.sarkaritel.com/ Karnataka DC directory + district NIC sites + ceg.karnataka.gov.in,0.65,2026-06-26
601,1272,,,,office_email,dchassan-ka@nic.in,"Collector office, Hassan",true,false,https://www.sarkaritel.com/ Karnataka DC directory + district NIC sites + ceg.karnataka.gov.in,0.65,2026-06-26
602,1272,,,,office_phone,08172-267345,"Collector office, Hassan",true,false,https://www.sarkaritel.com/ Karnataka DC directory + district NIC sites + ceg.karnataka.gov.in,0.65,2026-06-26
603,1274,,,,office_email,deo.haveri@gmail.com,"Collector office, Haveri",true,false,https://www.sarkaritel.com/ Karnataka DC directory + district NIC sites + ceg.karnataka.gov.in,0.65,2026-06-26
604,1274,,,,office_phone,08375-249088,"Collector office, Haveri",true,false,https://www.sarkaritel.com/ Karnataka DC directory + district NIC sites + ceg.karnataka.gov.in,0.65,2026-06-26
605,1270,,,,office_email,dcoglb@gmail.com,"Collector office, Kalaburagi",true,false,https://www.sarkaritel.com/ Karnataka DC directory + district NIC sites + ceg.karnataka.gov.in,0.65,2026-06-26
606,1270,,,,office_phone,08472-278601,"Collector office, Kalaburagi",true,false,https://www.sarkaritel.com/ Karnataka DC directory + district NIC sites + ceg.karnataka.gov.in,0.65,2026-06-26
607,1276,,,,office_email,dckodagu@nic.in,"Collector office, Kodagu",true,false,https://www.sarkaritel.com/ Karnataka DC directory + district NIC sites + ceg.karnataka.gov.in,0.65,2026-06-26
608,1276,,,,office_phone,08272-225500,"Collector office, Kodagu",true,false,https://www.sarkaritel.com/ Karnataka DC directory + district NIC sites + ceg.karnataka.gov.in,0.65,2026-06-26
609,1278,,,,office_email,dcoffice.klr@gmail.com,"Collector office, Kolar",true,false,https://www.sarkaritel.com/ Karnataka DC directory + district NIC sites + ceg.karnataka.gov.in,0.65,2026-06-26
610,1278,,,,office_phone,08152-243666,"Collector office, Kolar",true,false,https://www.sarkaritel.com/ Karnataka DC directory + district NIC sites + ceg.karnataka.gov.in,0.65,2026-06-26
611,1280,,,,office_email,dckoppal@karnataka.gov.in,"Collector office, Koppal",true,false,https://www.sarkaritel.com/ Karnataka DC directory + district NIC sites + ceg.karnataka.gov.in,0.65,2026-06-26
612,1280,,,,office_phone,08539-220844,"Collector office, Koppal",true,false,https://www.sarkaritel.com/ Karnataka DC directory + district NIC sites + ceg.karnataka.gov.in,0.65,2026-06-26
613,1282,,,,office_email,dcmandya09@gmail.com,"Collector office, Mandya",true,false,https://www.sarkaritel.com/ Karnataka DC directory + district NIC sites + ceg.karnataka.gov.in,0.65,2026-06-26
614,1282,,,,office_phone,08232-224600,"Collector office, Mandya",true,false,https://www.sarkaritel.com/ Karnataka DC directory + district NIC sites + ceg.karnataka.gov.in,0.65,2026-06-26
615,1284,,,,office_email,dcmys-ka@nic.in,"Collector office, Mysuru",true,false,https://www.sarkaritel.com/ Karnataka DC directory + district NIC sites + ceg.karnataka.gov.in,0.65,2026-06-26
616,1284,,,,office_phone,0821-2422302,"Collector office, Mysuru",true,false,https://www.sarkaritel.com/ Karnataka DC directory + district NIC sites + ceg.karnataka.gov.in,0.65,2026-06-26
617,1286,,,,office_email,dcrevrcr@gmail.com,"Collector office, Raichur",true,false,https://www.sarkaritel.com/ Karnataka DC directory + district NIC sites + ceg.karnataka.gov.in,0.65,2026-06-26
618,1286,,,,office_phone,08532-229011,"Collector office, Raichur",true,false,https://www.sarkaritel.com/ Karnataka DC directory + district NIC sites + ceg.karnataka.gov.in,0.65,2026-06-26
619,1288,,,,office_email,deo.shimoga@gmail.com,"Collector office, Shivamogga",true,false,https://www.sarkaritel.com/ Karnataka DC directory + district NIC sites + ceg.karnataka.gov.in,0.65,2026-06-26
620,1288,,,,office_phone,08182-271101,"Collector office, Shivamogga",true,false,https://www.sarkaritel.com/ Karnataka DC directory + district NIC sites + ceg.karnataka.gov.in,0.65,2026-06-26
621,1290,,,,office_email,dctumkur-ka@gov.in,"Collector office, Tumakuru",true,false,https://www.sarkaritel.com/ Karnataka DC directory + district NIC sites + ceg.karnataka.gov.in,0.65,2026-06-26
622,1290,,,,office_phone,0816-2272480,"Collector office, Tumakuru",true,false,https://www.sarkaritel.com/ Karnataka DC directory + district NIC sites + ceg.karnataka.gov.in,0.65,2026-06-26
623,1292,,,,office_email,udupidc@gmail.com,"Collector office, Udupi",true,false,https://www.sarkaritel.com/ Karnataka DC directory + district NIC sites + ceg.karnataka.gov.in,0.65,2026-06-26
624,1292,,,,office_phone,0820-2574924,"Collector office, Udupi",true,false,https://www.sarkaritel.com/ Karnataka DC directory + district NIC sites + ceg.karnataka.gov.in,0.65,2026-06-26
625,1294,,,,office_email,dckarwar@gmail.com,"Collector office, Uttara Kannada",true,false,https://www.sarkaritel.com/ Karnataka DC directory + district NIC sites + ceg.karnataka.gov.in,0.65,2026-06-26
626,1294,,,,office_phone,08382-226303,"Collector office, Uttara Kannada",true,false,https://www.sarkaritel.com/ Karnataka DC directory + district NIC sites + ceg.karnataka.gov.in,0.65,2026-06-26
627,1252,,,,office_email,dcvijayapura-ka@gov.in,"Collector office, Vijayapura",true,false,https://www.sarkaritel.com/ Karnataka DC directory + district NIC sites + ceg.karnataka.gov.in,0.65,2026-06-26
628,1252,,,,office_phone,08352-250021,"Collector office, Vijayapura",true,false,https://www.sarkaritel.com/ Karnataka DC directory + district NIC sites + ceg.karnataka.gov.in,0.65,2026-06-26
629,1296,,,,office_email,vijayanagaradc@gmail.com,"Collector office, Vijayanagara",true,false,https://www.sarkaritel.com/ Karnataka DC directory + district NIC sites + ceg.karnataka.gov.in,0.65,2026-06-26
630,1296,,,,office_phone,08394-295655,"Collector office, Vijayanagara",true,false,https://www.sarkaritel.com/ Karnataka DC directory + district NIC sites + ceg.karnataka.gov.in,0.65,2026-06-26
631,1298,,,,office_email,dcydg123@gmail.com,"Collector office, Yadgiri",true,false,https://www.sarkaritel.com/ Karnataka DC directory + district NIC sites + ceg.karnataka.gov.in,0.65,2026-06-26
632,1298,,,,office_phone,08473-253700,"Collector office, Yadgiri",true,false,https://www.sarkaritel.com/ Karnataka DC directory + district NIC sites + ceg.karnataka.gov.in,0.65,2026-06-26
633,2006,,,,office_email,dmagr@nic.in,"Collector office, Agra",true,false,https://www.sarkaritel.com/divisional-commissioner-district-magistrate-government-of-uttar-pradesh/ + district NIC sites,0.65,2026-06-26
634,2006,,,,office_phone,+91-562-2260184,"Collector office, Agra",true,false,https://www.sarkaritel.com/divisional-commissioner-district-magistrate-government-of-uttar-pradesh/ + district NIC sites,0.65,2026-06-26
635,2060,,,,office_email,dmfir@nic.in,"Collector office, Firozabad",true,false,https://www.sarkaritel.com/divisional-commissioner-district-magistrate-government-of-uttar-pradesh/ + district NIC sites,0.65,2026-06-26
636,2060,,,,office_phone,+91-561-2285111,"Collector office, Firozabad",true,false,https://www.sarkaritel.com/divisional-commissioner-district-magistrate-government-of-uttar-pradesh/ + district NIC sites,0.65,2026-06-26
637,2108,,,,office_email,dmmai@nic.in,"Collector office, Mainpuri",true,false,https://www.sarkaritel.com/divisional-commissioner-district-magistrate-government-of-uttar-pradesh/ + district NIC sites,0.65,2026-06-26
638,2108,,,,office_phone,+91-567-2234308,"Collector office, Mainpuri",true,false,https://www.sarkaritel.com/divisional-commissioner-district-magistrate-government-of-uttar-pradesh/ + district NIC sites,0.65,2026-06-26
639,2110,,,,office_email,dmmat@nic.in,"Collector office, Mathura",true,false,https://www.sarkaritel.com/divisional-commissioner-district-magistrate-government-of-uttar-pradesh/ + district NIC sites,0.65,2026-06-26
640,2110,,,,office_phone,+91-565-2403200,"Collector office, Mathura",true,false,https://www.sarkaritel.com/divisional-commissioner-district-magistrate-government-of-uttar-pradesh/ + district NIC sites,0.65,2026-06-26
641,2008,,,,office_email,dmali@nic.in,"Collector office, Aligarh",true,false,https://www.sarkaritel.com/divisional-commissioner-district-magistrate-government-of-uttar-pradesh/ + district NIC sites,0.65,2026-06-26
642,2008,,,,office_phone,+91-571-2400202,"Collector office, Aligarh",true,false,https://www.sarkaritel.com/divisional-commissioner-district-magistrate-government-of-uttar-pradesh/ + district NIC sites,0.65,2026-06-26
643,2078,,,,office_email,dmhat@nic.in,"Collector office, Hathras",true,false,https://www.sarkaritel.com/divisional-commissioner-district-magistrate-government-of-uttar-pradesh/ + district NIC sites,0.65,2026-06-26
644,2078,,,,office_phone,+91-5722-227077,"Collector office, Hathras",true,false,https://www.sarkaritel.com/divisional-commissioner-district-magistrate-government-of-uttar-pradesh/ + district NIC sites,0.65,2026-06-26
645,2092,,,,office_email,dmkr-up@nic.in,"Collector office, Kasganj",true,false,https://www.sarkaritel.com/divisional-commissioner-district-magistrate-government-of-uttar-pradesh/ + district NIC sites,0.65,2026-06-26
646,2092,,,,office_phone,+91-5744-247483,"Collector office, Kasganj",true,false,https://www.sarkaritel.com/divisional-commissioner-district-magistrate-government-of-uttar-pradesh/ + district NIC sites,0.65,2026-06-26
647,2052,,,,office_email,dmeth@nic.in,"Collector office, Etah",true,false,https://www.sarkaritel.com/divisional-commissioner-district-magistrate-government-of-uttar-pradesh/ + district NIC sites,0.65,2026-06-26
648,2052,,,,office_phone,+91-5742-233302,"Collector office, Etah",true,false,https://www.sarkaritel.com/divisional-commissioner-district-magistrate-government-of-uttar-pradesh/ + district NIC sites,0.65,2026-06-26
649,2126,,,,office_email,dmall@nic.in,"Collector office, Prayagraj",true,false,https://www.sarkaritel.com/divisional-commissioner-district-magistrate-government-of-uttar-pradesh/ + district NIC sites,0.65,2026-06-26
650,2126,,,,office_phone,+91-532-2250300,"Collector office, Prayagraj",true,false,https://www.sarkaritel.com/divisional-commissioner-district-magistrate-government-of-uttar-pradesh/ + district NIC sites,0.65,2026-06-26
651,2094,,,,office_email,dmkos@nic.in,"Collector office, Kaushambi",true,false,https://www.sarkaritel.com/divisional-commissioner-district-magistrate-government-of-uttar-pradesh/ + district NIC sites,0.65,2026-06-26
652,2094,,,,office_phone,+91-5331-232793,"Collector office, Kaushambi",true,false,https://www.sarkaritel.com/divisional-commissioner-district-magistrate-government-of-uttar-pradesh/ + district NIC sites,0.65,2026-06-26
653,2058,,,,office_email,dmfat@nic.in,"Collector office, Fatehpur",true,false,https://www.sarkaritel.com/divisional-commissioner-district-magistrate-government-of-uttar-pradesh/ + district NIC sites,0.65,2026-06-26
654,2058,,,,office_phone,+91-5342-220401,"Collector office, Fatehpur",true,false,https://www.sarkaritel.com/divisional-commissioner-district-magistrate-government-of-uttar-pradesh/ + district NIC sites,0.65,2026-06-26
655,2124,,,,office_email,dmpra@nic.in,"Collector office, Pratapgarh",true,false,https://www.sarkaritel.com/divisional-commissioner-district-magistrate-government-of-uttar-pradesh/ + district NIC sites,0.65,2026-06-26
656,2124,,,,office_phone,+91-534-2220401,"Collector office, Pratapgarh",true,false,https://www.sarkaritel.com/divisional-commissioner-district-magistrate-government-of-uttar-pradesh/ + district NIC sites,0.65,2026-06-26
657,2090,,,,office_email,dmkap@nic.in,"Collector office, Kanpur Nagar",true,false,https://www.sarkaritel.com/divisional-commissioner-district-magistrate-government-of-uttar-pradesh/ + district NIC sites,0.65,2026-06-26
658,2090,,,,office_phone,+91-512-2306577,"Collector office, Kanpur Nagar",true,false,https://www.sarkaritel.com/divisional-commissioner-district-magistrate-government-of-uttar-pradesh/ + district NIC sites,0.65,2026-06-26
659,2088,,,,office_email,dmkan@nic.in,"Collector office, Kanpur Dehat",true,false,https://www.sarkaritel.com/divisional-commissioner-district-magistrate-government-of-uttar-pradesh/ + district NIC sites,0.65,2026-06-26
660,2088,,,,office_phone,+91-5111-271366,"Collector office, Kanpur Dehat",true,false,https://www.sarkaritel.com/divisional-commissioner-district-magistrate-government-of-uttar-pradesh/ + district NIC sites,0.65,2026-06-26
661,2054,,,,office_email,dmetw@nic.in,"Collector office, Etawah",true,false,https://www.sarkaritel.com/divisional-commissioner-district-magistrate-government-of-uttar-pradesh/ + district NIC sites,0.65,2026-06-26
662,2054,,,,office_phone,+91-5688-254770,"Collector office, Etawah",true,false,https://www.sarkaritel.com/divisional-commissioner-district-magistrate-government-of-uttar-pradesh/ + district NIC sites,0.65,2026-06-26
663,2016,,,,office_email,dmaur@nic.in,"Collector office, Auraiya",true,false,https://www.sarkaritel.com/divisional-commissioner-district-magistrate-government-of-uttar-pradesh/ + district NIC sites,0.65,2026-06-26
664,2016,,,,office_phone,+91-5694-235474,"Collector office, Auraiya",true,false,https://www.sarkaritel.com/divisional-commissioner-district-magistrate-government-of-uttar-pradesh/ + district NIC sites,0.65,2026-06-26
665,2056,,,,office_email,dmfar@nic.in,"Collector office, Farrukhabad",true,false,https://www.sarkaritel.com/divisional-commissioner-district-magistrate-government-of-uttar-pradesh/ + district NIC sites,0.65,2026-06-26
666,2056,,,,office_phone,+91-5692-234133,"Collector office, Farrukhabad",true,false,https://www.sarkaritel.com/divisional-commissioner-district-magistrate-government-of-uttar-pradesh/ + district NIC sites,0.65,2026-06-26
667,2086,,,,office_email,dmknj@nic.in,"Collector office, Kannauj",true,false,https://www.sarkaritel.com/divisional-commissioner-district-magistrate-government-of-uttar-pradesh/ + district NIC sites,0.65,2026-06-26
668,2086,,,,office_phone,+91-5683-249616,"Collector office, Kannauj",true,false,https://www.sarkaritel.com/divisional-commissioner-district-magistrate-government-of-uttar-pradesh/ + district NIC sites,0.65,2026-06-26
669,2018,,,,office_email,dmfai@nic.in,"Collector office, Ayodhya",true,false,https://www.sarkaritel.com/divisional-commissioner-district-magistrate-government-of-uttar-pradesh/ + district NIC sites,0.65,2026-06-26
670,2018,,,,office_phone,+91-5278-224286,"Collector office, Ayodhya",true,false,https://www.sarkaritel.com/divisional-commissioner-district-magistrate-government-of-uttar-pradesh/ + district NIC sites,0.65,2026-06-26
671,2010,,,,office_email,dmamb@nic.in,"Collector office, Ambedkar Nagar",true,false,https://www.sarkaritel.com/divisional-commissioner-district-magistrate-government-of-uttar-pradesh/ + district NIC sites,0.65,2026-06-26
672,2010,,,,office_phone,+91-5271-244250,"Collector office, Ambedkar Nagar",true,false,https://www.sarkaritel.com/divisional-commissioner-district-magistrate-government-of-uttar-pradesh/ + district NIC sites,0.65,2026-06-26
673,2034,,,,office_email,dmbab@nic.in,"Collector office, Barabanki",true,false,https://www.sarkaritel.com/divisional-commissioner-district-magistrate-government-of-uttar-pradesh/ + district NIC sites,0.65,2026-06-26
674,2034,,,,office_phone,+91-5248-222730,"Collector office, Barabanki",true,false,https://www.sarkaritel.com/divisional-commissioner-district-magistrate-government-of-uttar-pradesh/ + district NIC sites,0.65,2026-06-26
675,2150,,,,office_email,dmsul@nic.in,"Collector office, Sultanpur",true,false,https://www.sarkaritel.com/divisional-commissioner-district-magistrate-government-of-uttar-pradesh/ + district NIC sites,0.65,2026-06-26
676,2150,,,,office_phone,+91-5362-240202,"Collector office, Sultanpur",true,false,https://www.sarkaritel.com/divisional-commissioner-district-magistrate-government-of-uttar-pradesh/ + district NIC sites,0.65,2026-06-26
677,2012,,,,office_email,dmamethi-up@nic.in,"Collector office, Amethi",true,false,https://www.sarkaritel.com/divisional-commissioner-district-magistrate-government-of-uttar-pradesh/ + district NIC sites,0.65,2026-06-26
678,2012,,,,office_phone,+91-5368-244108,"Collector office, Amethi",true,false,https://www.sarkaritel.com/divisional-commissioner-district-magistrate-government-of-uttar-pradesh/ + district NIC sites,0.65,2026-06-26
679,2070,,,,office_email,dmgor@nic.in,"Collector office, Gorakhpur",true,false,https://www.sarkaritel.com/divisional-commissioner-district-magistrate-government-of-uttar-pradesh/ + district NIC sites,0.65,2026-06-26
680,2070,,,,office_phone,+91-551-2336005,"Collector office, Gorakhpur",true,false,https://www.sarkaritel.com/divisional-commissioner-district-magistrate-government-of-uttar-pradesh/ + district NIC sites,0.65,2026-06-26
681,2050,,,,office_email,dmdeo@nic.in,"Collector office, Deoria",true,false,https://www.sarkaritel.com/divisional-commissioner-district-magistrate-government-of-uttar-pradesh/ + district NIC sites,0.65,2026-06-26
682,2050,,,,office_phone,+91-5568-222316,"Collector office, Deoria",true,false,https://www.sarkaritel.com/divisional-commissioner-district-magistrate-government-of-uttar-pradesh/ + district NIC sites,0.65,2026-06-26
683,2104,,,,office_email,dmmah@nic.in,"Collector office, Maharajganj",true,false,https://www.sarkaritel.com/divisional-commissioner-district-magistrate-government-of-uttar-pradesh/ + district NIC sites,0.65,2026-06-26
684,2104,,,,office_phone,+91-5523-222044,"Collector office, Maharajganj",true,false,https://www.sarkaritel.com/divisional-commissioner-district-magistrate-government-of-uttar-pradesh/ + district NIC sites,0.65,2026-06-26
685,2096,,,,office_email,dmkus@nic.in,"Collector office, Kushinagar",true,false,https://www.sarkaritel.com/divisional-commissioner-district-magistrate-government-of-uttar-pradesh/ + district NIC sites,0.65,2026-06-26
686,2096,,,,office_phone,+91-5564-240203,"Collector office, Kushinagar",true,false,https://www.sarkaritel.com/divisional-commissioner-district-magistrate-government-of-uttar-pradesh/ + district NIC sites,0.65,2026-06-26
687,2084,,,,office_email,dmjha@nic.in,"Collector office, Jhansi",true,false,https://www.sarkaritel.com/divisional-commissioner-district-magistrate-government-of-uttar-pradesh/ + district NIC sites,0.65,2026-06-26
688,2084,,,,office_phone,+91-510-2331520,"Collector office, Jhansi",true,false,https://www.sarkaritel.com/divisional-commissioner-district-magistrate-government-of-uttar-pradesh/ + district NIC sites,0.65,2026-06-26
689,2080,,,,office_email,dmjal@nic.in,"Collector office, Jalaun",true,false,https://www.sarkaritel.com/divisional-commissioner-district-magistrate-government-of-uttar-pradesh/ + district NIC sites,0.65,2026-06-26
690,2080,,,,office_phone,+91-5162-252201,"Collector office, Jalaun",true,false,https://www.sarkaritel.com/divisional-commissioner-district-magistrate-government-of-uttar-pradesh/ + district NIC sites,0.65,2026-06-26
691,2100,,,,office_email,dmlal@nic.in,"Collector office, Lalitpur",true,false,https://www.sarkaritel.com/divisional-commissioner-district-magistrate-government-of-uttar-pradesh/ + district NIC sites,0.65,2026-06-26
692,2100,,,,office_phone,+91-5176-272200,"Collector office, Lalitpur",true,false,https://www.sarkaritel.com/divisional-commissioner-district-magistrate-government-of-uttar-pradesh/ + district NIC sites,0.65,2026-06-26
693,2032,,,,office_email,dmban@nic.in,"Collector office, Banda",true,false,https://www.sarkaritel.com/divisional-commissioner-district-magistrate-government-of-uttar-pradesh/ + district NIC sites,0.65,2026-06-26
694,2032,,,,office_phone,+91-5192-224632,"Collector office, Banda",true,false,https://www.sarkaritel.com/divisional-commissioner-district-magistrate-government-of-uttar-pradesh/ + district NIC sites,0.65,2026-06-26
695,2048,,,,office_email,dmchi@nic.in,"Collector office, Chitrakoot",true,false,https://www.sarkaritel.com/divisional-commissioner-district-magistrate-government-of-uttar-pradesh/ + district NIC sites,0.65,2026-06-26
696,2048,,,,office_phone,+91-5198-235118,"Collector office, Chitrakoot",true,false,https://www.sarkaritel.com/divisional-commissioner-district-magistrate-government-of-uttar-pradesh/ + district NIC sites,0.65,2026-06-26
697,2072,,,,office_email,dmham@nic.in,"Collector office, Hamirpur",true,false,https://www.sarkaritel.com/divisional-commissioner-district-magistrate-government-of-uttar-pradesh/ + district NIC sites,0.65,2026-06-26
698,2072,,,,office_phone,+91-5282-222330,"Collector office, Hamirpur",true,false,https://www.sarkaritel.com/divisional-commissioner-district-magistrate-government-of-uttar-pradesh/ + district NIC sites,0.65,2026-06-26
699,2106,,,,office_email,dmmab@nic.in,"Collector office, Mahoba",true,false,https://www.sarkaritel.com/divisional-commissioner-district-magistrate-government-of-uttar-pradesh/ + district NIC sites,0.65,2026-06-26
700,2106,,,,office_phone,+91-5281-254901,"Collector office, Mahoba",true,false,https://www.sarkaritel.com/divisional-commissioner-district-magistrate-government-of-uttar-pradesh/ + district NIC sites,0.65,2026-06-26
701,2068,,,,office_email,dmgon@nic.in,"Collector office, Gonda",true,false,https://www.sarkaritel.com/divisional-commissioner-district-magistrate-government-of-uttar-pradesh/ + district NIC sites,0.65,2026-06-26
702,2068,,,,office_phone,+91-5262-230125,"Collector office, Gonda",true,false,https://www.sarkaritel.com/divisional-commissioner-district-magistrate-government-of-uttar-pradesh/ + district NIC sites,0.65,2026-06-26
703,2026,,,,office_email,dmbeh@nic.in,"Collector office, Bahraich",true,false,https://www.sarkaritel.com/divisional-commissioner-district-magistrate-government-of-uttar-pradesh/ + district NIC sites,0.65,2026-06-26
704,2026,,,,office_phone,+91-5252-232815,"Collector office, Bahraich",true,false,https://www.sarkaritel.com/divisional-commissioner-district-magistrate-government-of-uttar-pradesh/ + district NIC sites,0.65,2026-06-26
705,2030,,,,office_email,dmblr@nic.in,"Collector office, Balrampur",true,false,https://www.sarkaritel.com/divisional-commissioner-district-magistrate-government-of-uttar-pradesh/ + district NIC sites,0.65,2026-06-26
706,2030,,,,office_phone,+91-5263-233942,"Collector office, Balrampur",true,false,https://www.sarkaritel.com/divisional-commissioner-district-magistrate-government-of-uttar-pradesh/ + district NIC sites,0.65,2026-06-26
707,2142,,,,office_email,dmshr@nic.in,"Collector office, Shravasti",true,false,https://www.sarkaritel.com/divisional-commissioner-district-magistrate-government-of-uttar-pradesh/ + district NIC sites,0.65,2026-06-26
708,2142,,,,office_phone,+91-5250-222287,"Collector office, Shravasti",true,false,https://www.sarkaritel.com/divisional-commissioner-district-magistrate-government-of-uttar-pradesh/ + district NIC sites,0.65,2026-06-26
709,2132,,,,office_email,dmsah@nic.in,"Collector office, Saharanpur",true,false,https://www.sarkaritel.com/divisional-commissioner-district-magistrate-government-of-uttar-pradesh/ + district NIC sites,0.65,2026-06-26
710,2132,,,,office_phone,+91-132-2726838,"Collector office, Saharanpur",true,false,https://www.sarkaritel.com/divisional-commissioner-district-magistrate-government-of-uttar-pradesh/ + district NIC sites,0.65,2026-06-26
711,2120,,,,office_email,dmmuz@nic.in,"Collector office, Muzaffarnagar",true,false,https://www.sarkaritel.com/divisional-commissioner-district-magistrate-government-of-uttar-pradesh/ + district NIC sites,0.65,2026-06-26
712,2120,,,,office_phone,+91-131-2436103,"Collector office, Muzaffarnagar",true,false,https://www.sarkaritel.com/divisional-commissioner-district-magistrate-government-of-uttar-pradesh/ + district NIC sites,0.65,2026-06-26
713,2140,,,,office_email,dmshm@nic.in,"Collector office, Shamli",true,false,https://www.sarkaritel.com/divisional-commissioner-district-magistrate-government-of-uttar-pradesh/ + district NIC sites,0.65,2026-06-26
714,2140,,,,office_phone,+91-1398-270200,"Collector office, Shamli",true,false,https://www.sarkaritel.com/divisional-commissioner-district-magistrate-government-of-uttar-pradesh/ + district NIC sites,0.65,2026-06-26
715,2102,,,,office_email,dmluc@nic.in,"Collector office, Lucknow",true,false,https://www.sarkaritel.com/divisional-commissioner-district-magistrate-government-of-uttar-pradesh/ + district NIC sites,0.65,2026-06-26
716,2102,,,,office_phone,+91-522-2625653,"Collector office, Lucknow",true,false,https://www.sarkaritel.com/divisional-commissioner-district-magistrate-government-of-uttar-pradesh/ + district NIC sites,0.65,2026-06-26
717,2076,,,,office_email,dmhar@nic.in,"Collector office, Hardoi",true,false,https://www.sarkaritel.com/divisional-commissioner-district-magistrate-government-of-uttar-pradesh/ + district NIC sites,0.65,2026-06-26
718,2076,,,,office_phone,+91-5852-234537,"Collector office, Hardoi",true,false,https://www.sarkaritel.com/divisional-commissioner-district-magistrate-government-of-uttar-pradesh/ + district NIC sites,0.65,2026-06-26
719,2098,,,,office_email,dmlkh@nic.in,"Collector office, Lakhimpur Kheri",true,false,https://www.sarkaritel.com/divisional-commissioner-district-magistrate-government-of-uttar-pradesh/ + district NIC sites,0.65,2026-06-26
720,2098,,,,office_phone,+91-5872-252822,"Collector office, Lakhimpur Kheri",true,false,https://www.sarkaritel.com/divisional-commissioner-district-magistrate-government-of-uttar-pradesh/ + district NIC sites,0.65,2026-06-26
721,2128,,,,office_email,dmrae@nic.in,"Collector office, Rae Bareli",true,false,https://www.sarkaritel.com/divisional-commissioner-district-magistrate-government-of-uttar-pradesh/ + district NIC sites,0.65,2026-06-26
722,2128,,,,office_phone,+91-535-2202302,"Collector office, Rae Bareli",true,false,https://www.sarkaritel.com/divisional-commissioner-district-magistrate-government-of-uttar-pradesh/ + district NIC sites,0.65,2026-06-26
723,2146,,,,office_email,dmsit@nic.in,"Collector office, Sitapur",true,false,https://www.sarkaritel.com/divisional-commissioner-district-magistrate-government-of-uttar-pradesh/ + district NIC sites,0.65,2026-06-26
724,2146,,,,office_phone,+91-5862-242600,"Collector office, Sitapur",true,false,https://www.sarkaritel.com/divisional-commissioner-district-magistrate-government-of-uttar-pradesh/ + district NIC sites,0.65,2026-06-26
725,2152,,,,office_email,dmunn@nic.in,"Collector office, Unnao",true,false,https://www.sarkaritel.com/divisional-commissioner-district-magistrate-government-of-uttar-pradesh/ + district NIC sites,0.65,2026-06-26
726,2152,,,,office_phone,+91-515-2820207,"Collector office, Unnao",true,false,https://www.sarkaritel.com/divisional-commissioner-district-magistrate-government-of-uttar-pradesh/ + district NIC sites,0.65,2026-06-26
727,2114,,,,office_email,dmmee@nic.in,"Collector office, Meerut",true,false,https://www.sarkaritel.com/divisional-commissioner-district-magistrate-government-of-uttar-pradesh/ + district NIC sites,0.65,2026-06-26
728,2114,,,,office_phone,+91-121-2664133,"Collector office, Meerut",true,false,https://www.sarkaritel.com/divisional-commissioner-district-magistrate-government-of-uttar-pradesh/ + district NIC sites,0.65,2026-06-26
729,2062,,,,office_email,dmgbn@nic.in,"Collector office, Gautam Buddha Nagar",true,false,https://www.sarkaritel.com/divisional-commissioner-district-magistrate-government-of-uttar-pradesh/ + district NIC sites,0.65,2026-06-26
730,2062,,,,office_phone,+91-120-2560044,"Collector office, Gautam Buddha Nagar",true,false,https://www.sarkaritel.com/divisional-commissioner-district-magistrate-government-of-uttar-pradesh/ + district NIC sites,0.65,2026-06-26
731,2024,,,,office_email,dmbag@nic.in,"Collector office, Bagpat",true,false,https://www.sarkaritel.com/divisional-commissioner-district-magistrate-government-of-uttar-pradesh/ + district NIC sites,0.65,2026-06-26
732,2024,,,,office_phone,+91-121-2220520,"Collector office, Bagpat",true,false,https://www.sarkaritel.com/divisional-commissioner-district-magistrate-government-of-uttar-pradesh/ + district NIC sites,0.65,2026-06-26
733,2044,,,,office_email,dmbul@nic.in,"Collector office, Bulandshahr",true,false,https://www.sarkaritel.com/divisional-commissioner-district-magistrate-government-of-uttar-pradesh/ + district NIC sites,0.65,2026-06-26
734,2044,,,,office_phone,+91-5732-280351,"Collector office, Bulandshahr",true,false,https://www.sarkaritel.com/divisional-commissioner-district-magistrate-government-of-uttar-pradesh/ + district NIC sites,0.65,2026-06-26
735,2064,,,,office_email,dmgha@nic.in,"Collector office, Ghaziabad",true,false,https://www.sarkaritel.com/divisional-commissioner-district-magistrate-government-of-uttar-pradesh/ + district NIC sites,0.65,2026-06-26
736,2064,,,,office_phone,+91-120-2824416,"Collector office, Ghaziabad",true,false,https://www.sarkaritel.com/divisional-commissioner-district-magistrate-government-of-uttar-pradesh/ + district NIC sites,0.65,2026-06-26
737,2074,,,,office_email,dmhap@nic.in,"Collector office, Hapur",true,false,https://www.sarkaritel.com/divisional-commissioner-district-magistrate-government-of-uttar-pradesh/ + district NIC sites,0.65,2026-06-26
738,2074,,,,office_phone,+91-122-2304833,"Collector office, Hapur",true,false,https://www.sarkaritel.com/divisional-commissioner-district-magistrate-government-of-uttar-pradesh/ + district NIC sites,0.65,2026-06-26
739,2036,,,,office_email,dmbar@nic.in,"Collector office, Bareilly",true,false,https://www.sarkaritel.com/divisional-commissioner-district-magistrate-government-of-uttar-pradesh/ + district NIC sites,0.65,2026-06-26
740,2036,,,,office_phone,+91-581-2473303,"Collector office, Bareilly",true,false,https://www.sarkaritel.com/divisional-commissioner-district-magistrate-government-of-uttar-pradesh/ + district NIC sites,0.65,2026-06-26
741,2022,,,,office_email,dmbud@nic.in,"Collector office, Budaun",true,false,https://www.sarkaritel.com/divisional-commissioner-district-magistrate-government-of-uttar-pradesh/ + district NIC sites,0.65,2026-06-26
742,2022,,,,office_phone,+91-5832-266406,"Collector office, Budaun",true,false,https://www.sarkaritel.com/divisional-commissioner-district-magistrate-government-of-uttar-pradesh/ + district NIC sites,0.65,2026-06-26
743,2122,,,,office_email,dmpil@nic.in,"Collector office, Pilibhit",true,false,https://www.sarkaritel.com/divisional-commissioner-district-magistrate-government-of-uttar-pradesh/ + district NIC sites,0.65,2026-06-26
744,2122,,,,office_phone,+91-5882-257912,"Collector office, Pilibhit",true,false,https://www.sarkaritel.com/divisional-commissioner-district-magistrate-government-of-uttar-pradesh/ + district NIC sites,0.65,2026-06-26
745,2138,,,,office_email,dmsha@nic.in,"Collector office, Shahjahanpur",true,false,https://www.sarkaritel.com/divisional-commissioner-district-magistrate-government-of-uttar-pradesh/ + district NIC sites,0.65,2026-06-26
746,2138,,,,office_phone,+91-5842-222540,"Collector office, Shahjahanpur",true,false,https://www.sarkaritel.com/divisional-commissioner-district-magistrate-government-of-uttar-pradesh/ + district NIC sites,0.65,2026-06-26
747,2118,,,,office_email,dmmor@nic.in,"Collector office, Moradabad",true,false,https://www.sarkaritel.com/divisional-commissioner-district-magistrate-government-of-uttar-pradesh/ + district NIC sites,0.65,2026-06-26
748,2118,,,,office_phone,+91-591-2413288,"Collector office, Moradabad",true,false,https://www.sarkaritel.com/divisional-commissioner-district-magistrate-government-of-uttar-pradesh/ + district NIC sites,0.65,2026-06-26
749,2014,,,,office_email,dmjpn@nic.in,"Collector office, Amroha",true,false,https://www.sarkaritel.com/divisional-commissioner-district-magistrate-government-of-uttar-pradesh/ + district NIC sites,0.65,2026-06-26
750,2014,,,,office_phone,+91-5922-252288,"Collector office, Amroha",true,false,https://www.sarkaritel.com/divisional-commissioner-district-magistrate-government-of-uttar-pradesh/ + district NIC sites,0.65,2026-06-26
751,2130,,,,office_email,dmram@nic.in,"Collector office, Rampur",true,false,https://www.sarkaritel.com/divisional-commissioner-district-magistrate-government-of-uttar-pradesh/ + district NIC sites,0.65,2026-06-26
752,2130,,,,office_phone,+91-595-2350403,"Collector office, Rampur",true,false,https://www.sarkaritel.com/divisional-commissioner-district-magistrate-government-of-uttar-pradesh/ + district NIC sites,0.65,2026-06-26
753,2042,,,,office_email,dmbij@nic.in,"Collector office, Bijnor",true,false,https://www.sarkaritel.com/divisional-commissioner-district-magistrate-government-of-uttar-pradesh/ + district NIC sites,0.65,2026-06-26
754,2042,,,,office_phone,+91-1342-262021,"Collector office, Bijnor",true,false,https://www.sarkaritel.com/divisional-commissioner-district-magistrate-government-of-uttar-pradesh/ + district NIC sites,0.65,2026-06-26
755,2136,,,,office_email,dmbm-up@nic.in,"Collector office, Sambhal",true,false,https://www.sarkaritel.com/divisional-commissioner-district-magistrate-government-of-uttar-pradesh/ + district NIC sites,0.65,2026-06-26
756,2136,,,,office_phone,+91-5921-243443,"Collector office, Sambhal",true,false,https://www.sarkaritel.com/divisional-commissioner-district-magistrate-government-of-uttar-pradesh/ + district NIC sites,0.65,2026-06-26
757,2154,,,,office_email,dmvar@nic.in,"Collector office, Varanasi",true,false,https://www.sarkaritel.com/divisional-commissioner-district-magistrate-government-of-uttar-pradesh/ + district NIC sites,0.65,2026-06-26
758,2154,,,,office_phone,+91-542-2508585,"Collector office, Varanasi",true,false,https://www.sarkaritel.com/divisional-commissioner-district-magistrate-government-of-uttar-pradesh/ + district NIC sites,0.65,2026-06-26
759,2046,,,,office_email,dmchn@nic.in,"Collector office, Chandauli",true,false,https://www.sarkaritel.com/divisional-commissioner-district-magistrate-government-of-uttar-pradesh/ + district NIC sites,0.65,2026-06-26
760,2046,,,,office_phone,+91-5412-262575,"Collector office, Chandauli",true,false,https://www.sarkaritel.com/divisional-commissioner-district-magistrate-government-of-uttar-pradesh/ + district NIC sites,0.65,2026-06-26
761,2082,,,,office_email,dmjau@nic.in,"Collector office, Jaunpur",true,false,https://www.sarkaritel.com/divisional-commissioner-district-magistrate-government-of-uttar-pradesh/ + district NIC sites,0.65,2026-06-26
762,2082,,,,office_phone,+91-5452-260666,"Collector office, Jaunpur",true,false,https://www.sarkaritel.com/divisional-commissioner-district-magistrate-government-of-uttar-pradesh/ + district NIC sites,0.65,2026-06-26
763,2066,,,,office_email,dmgaz@nic.in,"Collector office, Ghazipur",true,false,https://www.sarkaritel.com/divisional-commissioner-district-magistrate-government-of-uttar-pradesh/ + district NIC sites,0.65,2026-06-26
764,2066,,,,office_phone,+91-548-2226240,"Collector office, Ghazipur",true,false,https://www.sarkaritel.com/divisional-commissioner-district-magistrate-government-of-uttar-pradesh/ + district NIC sites,0.65,2026-06-26
765,2020,,,,office_email,dmaza@nic.in,"Collector office, Azamgarh",true,false,https://www.sarkaritel.com/divisional-commissioner-district-magistrate-government-of-uttar-pradesh/ + district NIC sites,0.65,2026-06-26
766,2020,,,,office_phone,+91-5462-269930,"Collector office, Azamgarh",true,false,https://www.sarkaritel.com/divisional-commissioner-district-magistrate-government-of-uttar-pradesh/ + district NIC sites,0.65,2026-06-26
767,2028,,,,office_email,dmbal@nic.in,"Collector office, Ballia",true,false,https://www.sarkaritel.com/divisional-commissioner-district-magistrate-government-of-uttar-pradesh/ + district NIC sites,0.65,2026-06-26
768,2028,,,,office_phone,+91-5498-222879,"Collector office, Ballia",true,false,https://www.sarkaritel.com/divisional-commissioner-district-magistrate-government-of-uttar-pradesh/ + district NIC sites,0.65,2026-06-26
769,2112,,,,office_email,dmmau@nic.in,"Collector office, Mau",true,false,https://www.sarkaritel.com/divisional-commissioner-district-magistrate-government-of-uttar-pradesh/ + district NIC sites,0.65,2026-06-26
770,2112,,,,office_phone,+91-547-2220233,"Collector office, Mau",true,false,https://www.sarkaritel.com/divisional-commissioner-district-magistrate-government-of-uttar-pradesh/ + district NIC sites,0.65,2026-06-26
771,2116,,,,office_email,dmmir@nic.in,"Collector office, Mirzapur",true,false,https://www.sarkaritel.com/divisional-commissioner-district-magistrate-government-of-uttar-pradesh/ + district NIC sites,0.65,2026-06-26
772,2116,,,,office_phone,+91-5442-252480,"Collector office, Mirzapur",true,false,https://www.sarkaritel.com/divisional-commissioner-district-magistrate-government-of-uttar-pradesh/ + district NIC sites,0.65,2026-06-26
773,2040,,,,office_email,dmsrn@nic.in,"Collector office, Bhadohi",true,false,https://www.sarkaritel.com/divisional-commissioner-district-magistrate-government-of-uttar-pradesh/ + district NIC sites,0.65,2026-06-26
774,2040,,,,office_phone,+91-5414-250203,"Collector office, Bhadohi",true,false,https://www.sarkaritel.com/divisional-commissioner-district-magistrate-government-of-uttar-pradesh/ + district NIC sites,0.65,2026-06-26
775,2148,,,,office_email,dmson@nic.in,"Collector office, Sonbhadra",true,false,https://www.sarkaritel.com/divisional-commissioner-district-magistrate-government-of-uttar-pradesh/ + district NIC sites,0.65,2026-06-26
776,2148,,,,office_phone,+91-5444-222190,"Collector office, Sonbhadra",true,false,https://www.sarkaritel.com/divisional-commissioner-district-magistrate-government-of-uttar-pradesh/ + district NIC sites,0.65,2026-06-26
777,2038,,,,office_email,dmbas@nic.in,"Collector office, Basti",true,false,https://www.sarkaritel.com/divisional-commissioner-district-magistrate-government-of-uttar-pradesh/ + district NIC sites,0.65,2026-06-26
778,2038,,,,office_phone,+91-5542-247128,"Collector office, Basti",true,false,https://www.sarkaritel.com/divisional-commissioner-district-magistrate-government-of-uttar-pradesh/ + district NIC sites,0.65,2026-06-26
779,2134,,,,office_email,dmskn@nic.in,"Collector office, Sant Kabir Nagar",true,false,https://www.sarkaritel.com/divisional-commissioner-district-magistrate-government-of-uttar-pradesh/ + district NIC sites,0.65,2026-06-26
780,2134,,,,office_phone,+91-5547-226890,"Collector office, Sant Kabir Nagar",true,false,https://www.sarkaritel.com/divisional-commissioner-district-magistrate-government-of-uttar-pradesh/ + district NIC sites,0.65,2026-06-26
781,2144,,,,office_email,dmsid@nic.in,"Collector office, Siddharthnagar",true,false,https://www.sarkaritel.com/divisional-commissioner-district-magistrate-government-of-uttar-pradesh/ + district NIC sites,0.65,2026-06-26
782,2144,,,,office_phone,+91-5544-222169,"Collector office, Siddharthnagar",true,false,https://www.sarkaritel.com/divisional-commissioner-district-magistrate-government-of-uttar-pradesh/ + district NIC sites,0.65,2026-06-26
783,956,,,,office_email,dm-patna.bih@nic.in,"Collector office, Patna",true,false,https://sarkaritel.com Bihar DM directory + district NIC sites,0.60,2026-06-26
784,956,,,,office_phone,0612-2219545,"Collector office, Patna",true,false,https://sarkaritel.com Bihar DM directory + district NIC sites,0.60,2026-06-26
785,926,,,,office_email,dm-gaya.bih@nic.in,"Collector office, Gaya",true,false,https://sarkaritel.com Bihar DM directory + district NIC sites,0.60,2026-06-26
786,926,,,,office_phone,0631-2222900,"Collector office, Gaya",true,false,https://sarkaritel.com Bihar DM directory + district NIC sites,0.60,2026-06-26
787,952,,,,office_email,dm-nalanda.bih@nic.in,"Collector office, Nalanda",true,false,https://sarkaritel.com Bihar DM directory + district NIC sites,0.60,2026-06-26
788,952,,,,office_phone,06112-235203,"Collector office, Nalanda",true,false,https://sarkaritel.com Bihar DM directory + district NIC sites,0.60,2026-06-26
789,918,,,,office_email,dm-bhojpur.bih@nic.in,"Collector office, Bhojpur",true,false,https://sarkaritel.com Bihar DM directory + district NIC sites,0.60,2026-06-26
790,918,,,,office_phone,06182-221312,"Collector office, Bhojpur",true,false,https://sarkaritel.com Bihar DM directory + district NIC sites,0.60,2026-06-26
791,920,,,,office_email,dm-buxar.bih@nic.in,"Collector office, Buxar",true,false,https://sarkaritel.com Bihar DM directory + district NIC sites,0.60,2026-06-26
792,920,,,,office_phone,06183-222336,"Collector office, Buxar",true,false,https://sarkaritel.com Bihar DM directory + district NIC sites,0.60,2026-06-26
793,960,,,,office_email,dm-rohtas.bih@nic.in,"Collector office, Rohtas",true,false,https://sarkaritel.com Bihar DM directory + district NIC sites,0.60,2026-06-26
794,960,,,,office_phone,06184-222226,"Collector office, Rohtas",true,false,https://sarkaritel.com Bihar DM directory + district NIC sites,0.60,2026-06-26
795,938,,,,office_email,dm-bhabhua.bih@nic.in,"Collector office, Kaimur",true,false,https://sarkaritel.com Bihar DM directory + district NIC sites,0.60,2026-06-26
796,938,,,,office_phone,06189-223241,"Collector office, Kaimur",true,false,https://sarkaritel.com Bihar DM directory + district NIC sites,0.60,2026-06-26
797,932,,,,office_email,dm-jehanabad.bih@nic.in,"Collector office, Jehanabad",true,false,https://sarkaritel.com Bihar DM directory + district NIC sites,0.60,2026-06-26
798,932,,,,office_phone,06114-223072,"Collector office, Jehanabad",true,false,https://sarkaritel.com Bihar DM directory + district NIC sites,0.60,2026-06-26
799,908,,,,office_email,dm-arwal.bih@nic.in,"Collector office, Arwal",true,false,https://sarkaritel.com Bihar DM directory + district NIC sites,0.60,2026-06-26
800,908,,,,office_phone,06337-228985,"Collector office, Arwal",true,false,https://sarkaritel.com Bihar DM directory + district NIC sites,0.60,2026-06-26
801,954,,,,office_email,dm-nawadah.bih@nic.in,"Collector office, Nawada",true,false,https://sarkaritel.com Bihar DM directory + district NIC sites,0.60,2026-06-26
802,954,,,,office_phone,06324-212253,"Collector office, Nawada",true,false,https://sarkaritel.com Bihar DM directory + district NIC sites,0.60,2026-06-26
803,950,,,,office_email,dm-muzaffarpur.bih@nic.in,"Collector office, Muzaffarpur",true,false,https://sarkaritel.com Bihar DM directory + district NIC sites,0.60,2026-06-26
804,950,,,,office_phone,0621-2212101,"Collector office, Muzaffarpur",true,false,https://sarkaritel.com Bihar DM directory + district NIC sites,0.60,2026-06-26
805,978,,,,office_email,dm-vaishali.bih@nic.in,"Collector office, Vaishali",true,false,https://sarkaritel.com Bihar DM directory + district NIC sites,0.60,2026-06-26
806,978,,,,office_phone,06224-272201,"Collector office, Vaishali",true,false,https://sarkaritel.com Bihar DM directory + district NIC sites,0.60,2026-06-26
807,972,,,,office_email,dm-sitamarhi.bih@nic.in,"Collector office, Sitamarhi",true,false,https://sarkaritel.com Bihar DM directory + district NIC sites,0.60,2026-06-26
808,972,,,,office_phone,06226-250439,"Collector office, Sitamarhi",true,false,https://sarkaritel.com Bihar DM directory + district NIC sites,0.60,2026-06-26
809,966,,,,office_email,dm-sheohar.bih@nic.in,"Collector office, Sheohar",true,false,https://sarkaritel.com Bihar DM directory + district NIC sites,0.60,2026-06-26
810,966,,,,office_phone,06222-257263,"Collector office, Sheohar",true,false,https://sarkaritel.com Bihar DM directory + district NIC sites,0.60,2026-06-26
811,924,,,,office_email,dm-motihari.bih@nic.in,"Collector office, East Champaran",true,false,https://sarkaritel.com Bihar DM directory + district NIC sites,0.60,2026-06-26
812,924,,,,office_phone,06252-242700,"Collector office, East Champaran",true,false,https://sarkaritel.com Bihar DM directory + district NIC sites,0.60,2026-06-26
813,980,,,,office_email,dm-bettiah.bih@nic.in,"Collector office, West Champaran",true,false,https://sarkaritel.com Bihar DM directory + district NIC sites,0.60,2026-06-26
814,980,,,,office_phone,06254-232534,"Collector office, West Champaran",true,false,https://sarkaritel.com Bihar DM directory + district NIC sites,0.60,2026-06-26
815,922,,,,office_email,dm-darbhanga.bih@nic.in,"Collector office, Darbhanga",true,false,https://sarkaritel.com Bihar DM directory + district NIC sites,0.60,2026-06-26
816,922,,,,office_phone,06272-240200,"Collector office, Darbhanga",true,false,https://sarkaritel.com Bihar DM directory + district NIC sites,0.60,2026-06-26
817,944,,,,office_email,dm-madhubani.bih@nic.in,"Collector office, Madhubani",true,false,https://sarkaritel.com Bihar DM directory + district NIC sites,0.60,2026-06-26
818,944,,,,office_phone,06276-222217,"Collector office, Madhubani",true,false,https://sarkaritel.com Bihar DM directory + district NIC sites,0.60,2026-06-26
819,964,,,,office_email,dm-samastipur.bih@nic.in,"Collector office, Samastipur",true,false,https://sarkaritel.com Bihar DM directory + district NIC sites,0.60,2026-06-26
820,964,,,,office_phone,06274-222300,"Collector office, Samastipur",true,false,https://sarkaritel.com Bihar DM directory + district NIC sites,0.60,2026-06-26
821,914,,,,office_email,dm-begusarai.bih@nic.in,"Collector office, Begusarai",true,false,https://sarkaritel.com Bihar DM directory + district NIC sites,0.60,2026-06-26
822,914,,,,office_phone,06243-222285,"Collector office, Begusarai",true,false,https://sarkaritel.com Bihar DM directory + district NIC sites,0.60,2026-06-26
823,970,,,,office_email,dm-saran.bih@nic.in,"Collector office, Saran",true,false,https://sarkaritel.com Bihar DM directory + district NIC sites,0.60,2026-06-26
824,970,,,,office_phone,06152-240001,"Collector office, Saran",true,false,https://sarkaritel.com Bihar DM directory + district NIC sites,0.60,2026-06-26
825,976,,,,office_email,dm-siwan.bih@nic.in,"Collector office, Siwan",true,false,https://sarkaritel.com Bihar DM directory + district NIC sites,0.60,2026-06-26
826,976,,,,office_phone,06154-242099,"Collector office, Siwan",true,false,https://sarkaritel.com Bihar DM directory + district NIC sites,0.60,2026-06-26
827,928,,,,office_email,dm-gopalganj.bih@nic.in,"Collector office, Gopalganj",true,false,https://sarkaritel.com Bihar DM directory + district NIC sites,0.60,2026-06-26
828,928,,,,office_phone,06156-226001,"Collector office, Gopalganj",true,false,https://sarkaritel.com Bihar DM directory + district NIC sites,0.60,2026-06-26
829,916,,,,office_email,dm-bhagalpur.bih@nic.in,"Collector office, Bhagalpur",true,false,https://sarkaritel.com Bihar DM directory + district NIC sites,0.60,2026-06-26
830,916,,,,office_phone,0641-2402200,"Collector office, Bhagalpur",true,false,https://sarkaritel.com Bihar DM directory + district NIC sites,0.60,2026-06-26
831,912,,,,office_email,dm-banka.bih@nic.in,"Collector office, Banka",true,false,https://sarkaritel.com Bihar DM directory + district NIC sites,0.60,2026-06-26
832,912,,,,office_phone,06424-222304,"Collector office, Banka",true,false,https://sarkaritel.com Bihar DM directory + district NIC sites,0.60,2026-06-26
833,946,,,,office_email,dm-munger.bih@nic.in,"Collector office, Munger",true,false,https://sarkaritel.com Bihar DM directory + district NIC sites,0.60,2026-06-26
834,946,,,,office_phone,06344-221001,"Collector office, Munger",true,false,https://sarkaritel.com Bihar DM directory + district NIC sites,0.60,2026-06-26
835,942,,,,office_email,dm-lakhisarai.bih@nic.in,"Collector office, Lakhisarai",true,false,https://sarkaritel.com Bihar DM directory + district NIC sites,0.60,2026-06-26
836,942,,,,office_phone,06346-232124,"Collector office, Lakhisarai",true,false,https://sarkaritel.com Bihar DM directory + district NIC sites,0.60,2026-06-26
837,968,,,,office_email,dm-sheikhpura.bih@nic.in,"Collector office, Sheikhpura",true,false,https://sarkaritel.com Bihar DM directory + district NIC sites,0.60,2026-06-26
838,968,,,,office_phone,06341-223011,"Collector office, Sheikhpura",true,false,https://sarkaritel.com Bihar DM directory + district NIC sites,0.60,2026-06-26
839,930,,,,office_email,dm-jamui.bih@nic.in,"Collector office, Jamui",true,false,https://sarkaritel.com Bihar DM directory + district NIC sites,0.60,2026-06-26
840,930,,,,office_phone,06345-222002,"Collector office, Jamui",true,false,https://sarkaritel.com Bihar DM directory + district NIC sites,0.60,2026-06-26
841,962,,,,office_email,dm-saharsa.bih@nic.in,"Collector office, Saharsa",true,false,https://sarkaritel.com Bihar DM directory + district NIC sites,0.60,2026-06-26
842,962,,,,office_phone,06478-224102,"Collector office, Saharsa",true,false,https://sarkaritel.com Bihar DM directory + district NIC sites,0.60,2026-06-26
843,974,,,,office_email,dm-supaul.bih@nic.in,"Collector office, Supaul",true,false,https://sarkaritel.com Bihar DM directory + district NIC sites,0.60,2026-06-26
844,974,,,,office_phone,06473-223112,"Collector office, Supaul",true,false,https://sarkaritel.com Bihar DM directory + district NIC sites,0.60,2026-06-26
845,948,,,,office_email,dm-madhepura.bih@nic.in,"Collector office, Madhepura",true,false,https://sarkaritel.com Bihar DM directory + district NIC sites,0.60,2026-06-26
846,948,,,,office_phone,06476-222741,"Collector office, Madhepura",true,false,https://sarkaritel.com Bihar DM directory + district NIC sites,0.60,2026-06-26
847,958,,,,office_email,dm-purnea.bih@nic.in,"Collector office, Purnia",true,false,https://sarkaritel.com Bihar DM directory + district NIC sites,0.60,2026-06-26
848,958,,,,office_phone,06454-242503,"Collector office, Purnia",true,false,https://sarkaritel.com Bihar DM directory + district NIC sites,0.60,2026-06-26
849,940,,,,office_email,dm-katihar.bih@nic.in,"Collector office, Katihar",true,false,https://sarkaritel.com Bihar DM directory + district NIC sites,0.60,2026-06-26
850,940,,,,office_phone,06452-230581,"Collector office, Katihar",true,false,https://sarkaritel.com Bihar DM directory + district NIC sites,0.60,2026-06-26
851,906,,,,office_email,dm-araria.bih@nic.in,"Collector office, Araria",true,false,https://sarkaritel.com Bihar DM directory + district NIC sites,0.60,2026-06-26
852,906,,,,office_phone,06453-222001,"Collector office, Araria",true,false,https://sarkaritel.com Bihar DM directory + district NIC sites,0.60,2026-06-26
853,936,,,,office_email,dm-kishanganj.bih@nic.in,"Collector office, Kishanganj",true,false,https://sarkaritel.com Bihar DM directory + district NIC sites,0.60,2026-06-26
854,936,,,,office_phone,06456-222530,"Collector office, Kishanganj",true,false,https://sarkaritel.com Bihar DM directory + district NIC sites,0.60,2026-06-26
855,934,,,,office_email,dm-khagaria.bih@nic.in,"Collector office, Khagaria",true,false,https://sarkaritel.com Bihar DM directory + district NIC sites,0.60,2026-06-26
856,934,,,,office_phone,06244-222135,"Collector office, Khagaria",true,false,https://sarkaritel.com Bihar DM directory + district NIC sites,0.60,2026-06-26
857,910,,,,office_email,dm-aurangabad.bih@nic.in,"Collector office, Aurangabad",true,false,https://sarkaritel.com Bihar DM directory + district NIC sites,0.60,2026-06-26
858,910,,,,office_phone,06186-223204,"Collector office, Aurangabad",true,false,https://sarkaritel.com Bihar DM directory + district NIC sites,0.60,2026-06-26
859,1822,,,,office_email,collrari@nic.in,"Collector office, Ariyalur",true,false,https://www.tn.gov.in/collectors + district NIC sites,0.60,2026-06-26
860,1822,,,,office_phone,04329-228336,"Collector office, Ariyalur",true,false,https://www.tn.gov.in/collectors + district NIC sites,0.60,2026-06-26
861,1824,,,,office_email,collr-cpt@nic.in,"Collector office, Chengalpattu",true,false,https://www.tn.gov.in/collectors + district NIC sites,0.60,2026-06-26
862,1824,,,,office_phone,044-27427412,"Collector office, Chengalpattu",true,false,https://www.tn.gov.in/collectors + district NIC sites,0.60,2026-06-26
863,1826,,,,office_email,collrchn@nic.in,"Collector office, Chennai",true,false,https://www.tn.gov.in/collectors + district NIC sites,0.60,2026-06-26
864,1826,,,,office_phone,044-25228025,"Collector office, Chennai",true,false,https://www.tn.gov.in/collectors + district NIC sites,0.60,2026-06-26
865,1828,,,,office_email,collrcbe@nic.in,"Collector office, Coimbatore",true,false,https://www.tn.gov.in/collectors + district NIC sites,0.60,2026-06-26
866,1828,,,,office_phone,0422-2301114,"Collector office, Coimbatore",true,false,https://www.tn.gov.in/collectors + district NIC sites,0.60,2026-06-26
867,1830,,,,office_email,collrcud@nic.in,"Collector office, Cuddalore",true,false,https://www.tn.gov.in/collectors + district NIC sites,0.60,2026-06-26
868,1830,,,,office_phone,04142-230652,"Collector office, Cuddalore",true,false,https://www.tn.gov.in/collectors + district NIC sites,0.60,2026-06-26
869,1832,,,,office_email,collrdpi@nic.in,"Collector office, Dharmapuri",true,false,https://www.tn.gov.in/collectors + district NIC sites,0.60,2026-06-26
870,1832,,,,office_phone,04342-230500,"Collector office, Dharmapuri",true,false,https://www.tn.gov.in/collectors + district NIC sites,0.60,2026-06-26
871,1834,,,,office_email,collrdgl@nic.in,"Collector office, Dindigul",true,false,https://www.tn.gov.in/collectors + district NIC sites,0.60,2026-06-26
872,1834,,,,office_phone,0451-2461199,"Collector office, Dindigul",true,false,https://www.tn.gov.in/collectors + district NIC sites,0.60,2026-06-26
873,1836,,,,office_email,collrerd@nic.in,"Collector office, Erode",true,false,https://www.tn.gov.in/collectors + district NIC sites,0.60,2026-06-26
874,1836,,,,office_phone,0424-2266700,"Collector office, Erode",true,false,https://www.tn.gov.in/collectors + district NIC sites,0.60,2026-06-26
875,1838,,,,office_email,collr-kki@gov.in,"Collector office, Kallakurichi",true,false,https://www.tn.gov.in/collectors + district NIC sites,0.60,2026-06-26
876,1838,,,,office_phone,04151-228802,"Collector office, Kallakurichi",true,false,https://www.tn.gov.in/collectors + district NIC sites,0.60,2026-06-26
877,1840,,,,office_email,collrkpm@nic.in,"Collector office, Kancheepuram",true,false,https://www.tn.gov.in/collectors + district NIC sites,0.60,2026-06-26
878,1840,,,,office_phone,044-27238433,"Collector office, Kancheepuram",true,false,https://www.tn.gov.in/collectors + district NIC sites,0.60,2026-06-26
879,1842,,,,office_email,collrkkm@nic.in,"Collector office, Kanyakumari",true,false,https://www.tn.gov.in/collectors + district NIC sites,0.60,2026-06-26
880,1842,,,,office_phone,04652-279090,"Collector office, Kanyakumari",true,false,https://www.tn.gov.in/collectors + district NIC sites,0.60,2026-06-26
881,1844,,,,office_email,collrkar@nic.in,"Collector office, Karur",true,false,https://www.tn.gov.in/collectors + district NIC sites,0.60,2026-06-26
882,1844,,,,office_phone,04324-257511,"Collector office, Karur",true,false,https://www.tn.gov.in/collectors + district NIC sites,0.60,2026-06-26
883,1846,,,,office_email,collrkgi@nic.in,"Collector office, Krishnagiri",true,false,https://www.tn.gov.in/collectors + district NIC sites,0.60,2026-06-26
884,1846,,,,office_phone,04343-239400,"Collector office, Krishnagiri",true,false,https://www.tn.gov.in/collectors + district NIC sites,0.60,2026-06-26
885,1848,,,,office_email,collrmdu@nic.in,"Collector office, Madurai",true,false,https://www.tn.gov.in/collectors + district NIC sites,0.60,2026-06-26
886,1848,,,,office_phone,0452-2531110,"Collector office, Madurai",true,false,https://www.tn.gov.in/collectors + district NIC sites,0.60,2026-06-26
887,1850,,,,office_email,collr-myd@nic.in,"Collector office, Mayiladuthurai",true,false,https://www.tn.gov.in/collectors + district NIC sites,0.60,2026-06-26
888,1850,,,,office_phone,04364-290760,"Collector office, Mayiladuthurai",true,false,https://www.tn.gov.in/collectors + district NIC sites,0.60,2026-06-26
889,1852,,,,office_email,collrngp@nic.in,"Collector office, Nagapattinam",true,false,https://www.tn.gov.in/collectors + district NIC sites,0.60,2026-06-26
890,1852,,,,office_phone,04365-252500,"Collector office, Nagapattinam",true,false,https://www.tn.gov.in/collectors + district NIC sites,0.60,2026-06-26
891,1854,,,,office_email,collrnmk@nic.in,"Collector office, Namakkal",true,false,https://www.tn.gov.in/collectors + district NIC sites,0.60,2026-06-26
892,1854,,,,office_phone,04286-281100,"Collector office, Namakkal",true,false,https://www.tn.gov.in/collectors + district NIC sites,0.60,2026-06-26
893,1858,,,,office_email,collrpmb@nic.in,"Collector office, Perambalur",true,false,https://www.tn.gov.in/collectors + district NIC sites,0.60,2026-06-26
894,1858,,,,office_phone,04328-225700,"Collector office, Perambalur",true,false,https://www.tn.gov.in/collectors + district NIC sites,0.60,2026-06-26
895,1860,,,,office_email,collrpdk@nic.in,"Collector office, Pudukkottai",true,false,https://www.tn.gov.in/collectors + district NIC sites,0.60,2026-06-26
896,1860,,,,office_phone,04322-221663,"Collector office, Pudukkottai",true,false,https://www.tn.gov.in/collectors + district NIC sites,0.60,2026-06-26
897,1862,,,,office_email,collrrmd@nic.in,"Collector office, Ramanathapuram",true,false,https://www.tn.gov.in/collectors + district NIC sites,0.60,2026-06-26
898,1862,,,,office_phone,04567-230056,"Collector office, Ramanathapuram",true,false,https://www.tn.gov.in/collectors + district NIC sites,0.60,2026-06-26
899,1864,,,,office_email,collr-rpt@gov.in,"Collector office, Ranipet",true,false,https://www.tn.gov.in/collectors + district NIC sites,0.60,2026-06-26
900,1864,,,,office_phone,04172-271000,"Collector office, Ranipet",true,false,https://www.tn.gov.in/collectors + district NIC sites,0.60,2026-06-26
901,1866,,,,office_email,collrslm@nic.in,"Collector office, Salem",true,false,https://www.tn.gov.in/collectors + district NIC sites,0.60,2026-06-26
902,1868,,,,office_email,collrsvg@nic.in,"Collector office, Sivaganga",true,false,https://www.tn.gov.in/collectors + district NIC sites,0.60,2026-06-26
903,1868,,,,office_phone,04575-241466,"Collector office, Sivaganga",true,false,https://www.tn.gov.in/collectors + district NIC sites,0.60,2026-06-26
904,1870,,,,office_email,collr-tks@gov.in,"Collector office, Tenkasi",true,false,https://www.tn.gov.in/collectors + district NIC sites,0.60,2026-06-26
905,1870,,,,office_phone,04633-290547,"Collector office, Tenkasi",true,false,https://www.tn.gov.in/collectors + district NIC sites,0.60,2026-06-26
906,1872,,,,office_email,collrtnj@nic.in,"Collector office, Thanjavur",true,false,https://www.tn.gov.in/collectors + district NIC sites,0.60,2026-06-26
907,1872,,,,office_phone,04362-230102,"Collector office, Thanjavur",true,false,https://www.tn.gov.in/collectors + district NIC sites,0.60,2026-06-26
908,1874,,,,office_email,collrthn@nic.in,"Collector office, Theni",true,false,https://www.tn.gov.in/collectors + district NIC sites,0.60,2026-06-26
909,1856,,,,office_email,pagnlg@nic.in,"Collector office, Nilgiris",true,false,https://www.tn.gov.in/collectors + district NIC sites,0.60,2026-06-26
910,1856,,,,office_phone,0423-2444012,"Collector office, Nilgiris",true,false,https://www.tn.gov.in/collectors + district NIC sites,0.60,2026-06-26
911,1876,,,,office_email,collrtut@nic.in,"Collector office, Thoothukudi",true,false,https://www.tn.gov.in/collectors + district NIC sites,0.60,2026-06-26
912,1876,,,,office_phone,0461-2340600,"Collector office, Thoothukudi",true,false,https://www.tn.gov.in/collectors + district NIC sites,0.60,2026-06-26
913,1878,,,,office_email,collrtry@nic.in,"Collector office, Tiruchirappalli",true,false,https://www.tn.gov.in/collectors + district NIC sites,0.60,2026-06-26
914,1878,,,,office_phone,0431-2415031,"Collector office, Tiruchirappalli",true,false,https://www.tn.gov.in/collectors + district NIC sites,0.60,2026-06-26
915,1880,,,,office_email,collrtnv@nic.in,"Collector office, Tirunelveli",true,false,https://www.tn.gov.in/collectors + district NIC sites,0.60,2026-06-26
916,1880,,,,office_phone,0462-2501033,"Collector office, Tirunelveli",true,false,https://www.tn.gov.in/collectors + district NIC sites,0.60,2026-06-26
917,1882,,,,office_email,collr-tpt@gov.in,"Collector office, Tirupathur",true,false,https://www.tn.gov.in/collectors + district NIC sites,0.60,2026-06-26
918,1882,,,,office_phone,04179-222111,"Collector office, Tirupathur",true,false,https://www.tn.gov.in/collectors + district NIC sites,0.60,2026-06-26
919,1884,,,,office_email,collrtup@nic.in,"Collector office, Tiruppur",true,false,https://www.tn.gov.in/collectors + district NIC sites,0.60,2026-06-26
920,1884,,,,office_phone,0421-2971100,"Collector office, Tiruppur",true,false,https://www.tn.gov.in/collectors + district NIC sites,0.60,2026-06-26
921,1886,,,,office_email,collrtlr@nic.in,"Collector office, Tiruvallur",true,false,https://www.tn.gov.in/collectors + district NIC sites,0.60,2026-06-26
922,1886,,,,office_phone,044-27661600,"Collector office, Tiruvallur",true,false,https://www.tn.gov.in/collectors + district NIC sites,0.60,2026-06-26
923,1888,,,,office_email,collrtvm@nic.in,"Collector office, Tiruvannamalai",true,false,https://www.tn.gov.in/collectors + district NIC sites,0.60,2026-06-26
924,1888,,,,office_phone,04175-233360,"Collector office, Tiruvannamalai",true,false,https://www.tn.gov.in/collectors + district NIC sites,0.60,2026-06-26
925,1890,,,,office_email,collrtvr@nic.in,"Collector office, Tiruvarur",true,false,https://www.tn.gov.in/collectors + district NIC sites,0.60,2026-06-26
926,1890,,,,office_phone,04366-223344,"Collector office, Tiruvarur",true,false,https://www.tn.gov.in/collectors + district NIC sites,0.60,2026-06-26
927,1892,,,,office_email,collrvel@nic.in,"Collector office, Vellore",true,false,https://www.tn.gov.in/collectors + district NIC sites,0.60,2026-06-26
928,1892,,,,office_phone,0416-2252345,"Collector office, Vellore",true,false,https://www.tn.gov.in/collectors + district NIC sites,0.60,2026-06-26
929,1894,,,,office_email,collrvpm@nic.in,"Collector office, Viluppuram",true,false,https://www.tn.gov.in/collectors + district NIC sites,0.60,2026-06-26
930,1894,,,,office_phone,04146-222450,"Collector office, Viluppuram",true,false,https://www.tn.gov.in/collectors + district NIC sites,0.60,2026-06-26
931,1898,,,,office_email,collector_adbd@telangana.gov.in,"Collector office, Adilabad",true,false,https://www.telangana.gov.in/contacts/district-officials/ + district NIC sites,0.60,2026-06-26
932,1898,,,,office_phone,08732-231300,"Collector office, Adilabad",true,false,https://www.telangana.gov.in/contacts/district-officials/ + district NIC sites,0.60,2026-06-26
933,1934,,,,office_email,collector_bdd@telangana.gov.in,"Collector office, Bhadradri Kothagudem",true,false,https://www.telangana.gov.in/contacts/district-officials/ + district NIC sites,0.60,2026-06-26
934,1934,,,,office_phone,08744-250535,"Collector office, Bhadradri Kothagudem",true,false,https://www.telangana.gov.in/contacts/district-officials/ + district NIC sites,0.60,2026-06-26
935,1928,,,,office_email,collector_hnk@telangana.gov.in,"Collector office, Hanumakonda",true,false,https://www.telangana.gov.in/contacts/district-officials/ + district NIC sites,0.60,2026-06-26
936,1928,,,,office_phone,0870-2511777,"Collector office, Hanumakonda",true,false,https://www.telangana.gov.in/contacts/district-officials/ + district NIC sites,0.60,2026-06-26
937,1948,,,,office_email,collector_hyd@telangana.gov.in,"Collector office, Hyderabad",true,false,https://www.telangana.gov.in/contacts/district-officials/ + district NIC sites,0.60,2026-06-26
938,1948,,,,office_phone,040-23202833,"Collector office, Hyderabad",true,false,https://www.telangana.gov.in/contacts/district-officials/ + district NIC sites,0.60,2026-06-26
939,1908,,,,office_email,collector_jgtl@telangana.gov.in,"Collector office, Jagtial",true,false,https://www.telangana.gov.in/contacts/district-officials/ + district NIC sites,0.60,2026-06-26
940,1908,,,,office_phone,08724-222204,"Collector office, Jagtial",true,false,https://www.telangana.gov.in/contacts/district-officials/ + district NIC sites,0.60,2026-06-26
941,1926,,,,office_email,collector-jgn@telangana.gov.in,"Collector office, Jangaon",true,false,https://www.telangana.gov.in/contacts/district-officials/ + district NIC sites,0.60,2026-06-26
942,1918,,,,office_email,collector-jsk@telangana.gov.in,"Collector office, Jayashankar Bhupalpally",true,false,https://www.telangana.gov.in/contacts/district-officials/ + district NIC sites,0.60,2026-06-26
943,1918,,,,office_phone,08713-248080,"Collector office, Jayashankar Bhupalpally",true,false,https://www.telangana.gov.in/contacts/district-officials/ + district NIC sites,0.60,2026-06-26
944,1962,,,,office_email,collector-gdwl@telangana.gov.in,"Collector office, Jogulamba Gadwal",true,false,https://www.telangana.gov.in/contacts/district-officials/ + district NIC sites,0.60,2026-06-26
945,1912,,,,office_email,collector-kmr@telangana.gov.in,"Collector office, Kamareddy",true,false,https://www.telangana.gov.in/contacts/district-officials/ + district NIC sites,0.60,2026-06-26
946,1912,,,,office_phone,08468-220252,"Collector office, Kamareddy",true,false,https://www.telangana.gov.in/contacts/district-officials/ + district NIC sites,0.60,2026-06-26
947,1916,,,,office_email,collector_krmn@telangana.gov.in,"Collector office, Karimnagar",true,false,https://www.telangana.gov.in/contacts/district-officials/ + district NIC sites,0.60,2026-06-26
948,1916,,,,office_phone,0878-2265206,"Collector office, Karimnagar",true,false,https://www.telangana.gov.in/contacts/district-officials/ + district NIC sites,0.60,2026-06-26
949,1936,,,,office_email,collector_kmm@telangana.gov.in,"Collector office, Khammam",true,false,https://www.telangana.gov.in/contacts/district-officials/ + district NIC sites,0.60,2026-06-26
950,1936,,,,office_phone,08742-224204,"Collector office, Khammam",true,false,https://www.telangana.gov.in/contacts/district-officials/ + district NIC sites,0.60,2026-06-26
951,1900,,,,office_email,collector-kb@telangana.gov.in,"Collector office, Kumuram Bheem Asifabad",true,false,https://www.telangana.gov.in/contacts/district-officials/ + district NIC sites,0.60,2026-06-26
952,1900,,,,office_phone,08733-279401,"Collector office, Kumuram Bheem Asifabad",true,false,https://www.telangana.gov.in/contacts/district-officials/ + district NIC sites,0.60,2026-06-26
953,1938,,,,office_email,collector-mbd@telangana.gov.in,"Collector office, Mahabubabad",true,false,https://www.telangana.gov.in/contacts/district-officials/ + district NIC sites,0.60,2026-06-26
954,1956,,,,office_email,collector_mbnr@telangana.gov.in,"Collector office, Mahabubnagar",true,false,https://www.telangana.gov.in/contacts/district-officials/ + district NIC sites,0.60,2026-06-26
955,1956,,,,office_phone,08542-242210,"Collector office, Mahabubnagar",true,false,https://www.telangana.gov.in/contacts/district-officials/ + district NIC sites,0.60,2026-06-26
956,1902,,,,office_email,collector-mncl@telangana.gov.in,"Collector office, Mancherial",true,false,https://www.telangana.gov.in/contacts/district-officials/ + district NIC sites,0.60,2026-06-26
957,1922,,,,office_email,collector-mdk@telangana.gov.in,"Collector office, Medak",true,false,https://www.telangana.gov.in/contacts/district-officials/ + district NIC sites,0.60,2026-06-26
958,1946,,,,office_email,collector-mdl@telangana.gov.in,"Collector office, Medchal-Malkajgiri",true,false,https://www.telangana.gov.in/contacts/district-officials/ + district NIC sites,0.60,2026-06-26
959,1946,,,,office_phone,040-29700820,"Collector office, Medchal-Malkajgiri",true,false,https://www.telangana.gov.in/contacts/district-officials/ + district NIC sites,0.60,2026-06-26
960,1932,,,,office_email,collector-mlg@telangana.gov.in,"Collector office, Mulugu",true,false,https://www.telangana.gov.in/contacts/district-officials/ + district NIC sites,0.60,2026-06-26
961,1958,,,,office_email,collector-nkl@telangana.gov.in,"Collector office, Nagarkurnool",true,false,https://www.telangana.gov.in/contacts/district-officials/ + district NIC sites,0.60,2026-06-26
962,1942,,,,office_email,collector_nlgd@telangana.gov.in,"Collector office, Nalgonda",true,false,https://www.telangana.gov.in/contacts/district-officials/ + district NIC sites,0.60,2026-06-26
963,1954,,,,office_email,collector-nrpt@telangana.gov.in,"Collector office, Narayanpet",true,false,https://www.telangana.gov.in/contacts/district-officials/ + district NIC sites,0.60,2026-06-26
964,1954,,,,office_phone,08506-282888,"Collector office, Narayanpet",true,false,https://www.telangana.gov.in/contacts/district-officials/ + district NIC sites,0.60,2026-06-26
965,1904,,,,office_email,collector-nml@telangana.gov.in,"Collector office, Nirmal",true,false,https://www.telangana.gov.in/contacts/district-officials/ + district NIC sites,0.60,2026-06-26
966,1906,,,,office_email,collector_nzbd@telangana.gov.in,"Collector office, Nizamabad",true,false,https://www.telangana.gov.in/contacts/district-officials/ + district NIC sites,0.60,2026-06-26
967,1906,,,,office_phone,08462-221966,"Collector office, Nizamabad",true,false,https://www.telangana.gov.in/contacts/district-officials/ + district NIC sites,0.60,2026-06-26
968,1910,,,,office_email,collector-pdpl@telangana.gov.in,"Collector office, Peddapalli",true,false,https://www.telangana.gov.in/contacts/district-officials/ + district NIC sites,0.60,2026-06-26
969,1914,,,,office_email,collector-rsl@telangana.gov.in,"Collector office, Rajanna Sircilla",true,false,https://www.telangana.gov.in/contacts/district-officials/ + district NIC sites,0.60,2026-06-26
970,1914,,,,office_phone,08723-293344,"Collector office, Rajanna Sircilla",true,false,https://www.telangana.gov.in/contacts/district-officials/ + district NIC sites,0.60,2026-06-26
971,1950,,,,office_email,collector_rr@telangana.gov.in,"Collector office, Ranga Reddy",true,false,https://www.telangana.gov.in/contacts/district-officials/ + district NIC sites,0.60,2026-06-26
972,1950,,,,office_phone,040-23235642,"Collector office, Ranga Reddy",true,false,https://www.telangana.gov.in/contacts/district-officials/ + district NIC sites,0.60,2026-06-26
973,1920,,,,office_email,collector-srd@telangana.gov.in,"Collector office, Sangareddy",true,false,https://www.telangana.gov.in/contacts/district-officials/ + district NIC sites,0.60,2026-06-26
974,1920,,,,office_phone,08455-276505,"Collector office, Sangareddy",true,false,https://www.telangana.gov.in/contacts/district-officials/ + district NIC sites,0.60,2026-06-26
975,1924,,,,office_email,collector-sdpt@telangana.gov.in,"Collector office, Siddipet",true,false,https://www.telangana.gov.in/contacts/district-officials/ + district NIC sites,0.60,2026-06-26
976,1924,,,,office_phone,08457-230224,"Collector office, Siddipet",true,false,https://www.telangana.gov.in/contacts/district-officials/ + district NIC sites,0.60,2026-06-26
977,1952,,,,office_email,collector-vkb@telangana.gov.in,"Collector office, Vikarabad",true,false,https://www.telangana.gov.in/contacts/district-officials/ + district NIC sites,0.60,2026-06-26
978,1960,,,,office_email,edm-wnp@telangana.gov.in,"Collector office, Wanaparthy",true,false,https://www.telangana.gov.in/contacts/district-officials/ + district NIC sites,0.60,2026-06-26
979,1960,,,,office_phone,08545-233525,"Collector office, Wanaparthy",true,false,https://www.telangana.gov.in/contacts/district-officials/ + district NIC sites,0.60,2026-06-26
980,1930,,,,office_email,collector_wgl@telangana.gov.in,"Collector office, Warangal",true,false,https://www.telangana.gov.in/contacts/district-officials/ + district NIC sites,0.60,2026-06-26
981,1930,,,,office_phone,0870-2510777,"Collector office, Warangal",true,false,https://www.telangana.gov.in/contacts/district-officials/ + district NIC sites,0.60,2026-06-26
982,1944,,,,office_email,collectorydr@telangana.gov.in,"Collector office, Yadadri Bhuvanagiri",true,false,https://www.telangana.gov.in/contacts/district-officials/ + district NIC sites,0.60,2026-06-26
983,1944,,,,office_phone,08685-293302,"Collector office, Yadadri Bhuvanagiri",true,false,https://www.telangana.gov.in/contacts/district-officials/ + district NIC sites,0.60,2026-06-26
984,732,,,,office_email,collector_sklm@ap.gov.in,"Collector office, Srikakulam",true,false,https://www.sarkaritel.com/collectors-of-andhra-pradesh-district-wise-list/ + district NIC sites,0.60,2026-06-26
985,732,,,,office_phone,08942-222555,"Collector office, Srikakulam",true,false,https://www.sarkaritel.com/collectors-of-andhra-pradesh-district-wise-list/ + district NIC sites,0.60,2026-06-26
986,734,,,,office_email,collector-pmanyam@ap.gov.in,"Collector office, Parvathipuram Manyam",true,false,https://www.sarkaritel.com/collectors-of-andhra-pradesh-district-wise-list/ + district NIC sites,0.60,2026-06-26
987,734,,,,office_phone,08963-243041,"Collector office, Parvathipuram Manyam",true,false,https://www.sarkaritel.com/collectors-of-andhra-pradesh-district-wise-list/ + district NIC sites,0.60,2026-06-26
988,736,,,,office_email,collector_vznm@ap.gov.in,"Collector office, Vizianagaram",true,false,https://www.sarkaritel.com/collectors-of-andhra-pradesh-district-wise-list/ + district NIC sites,0.60,2026-06-26
989,736,,,,office_phone,08922-276720,"Collector office, Vizianagaram",true,false,https://www.sarkaritel.com/collectors-of-andhra-pradesh-district-wise-list/ + district NIC sites,0.60,2026-06-26
990,738,,,,office_email,collector_vspm@ap.gov.in,"Collector office, Visakhapatnam",true,false,https://www.sarkaritel.com/collectors-of-andhra-pradesh-district-wise-list/ + district NIC sites,0.60,2026-06-26
991,738,,,,office_phone,8331093001,"Collector office, Visakhapatnam",true,false,https://www.sarkaritel.com/collectors-of-andhra-pradesh-district-wise-list/ + district NIC sites,0.60,2026-06-26
992,740,,,,office_email,collector-alluri@ap.gov.in,"Collector office, Alluri Sitharama Raju",true,false,https://www.sarkaritel.com/collectors-of-andhra-pradesh-district-wise-list/ + district NIC sites,0.60,2026-06-26
993,740,,,,office_phone,9966116212,"Collector office, Alluri Sitharama Raju",true,false,https://www.sarkaritel.com/collectors-of-andhra-pradesh-district-wise-list/ + district NIC sites,0.60,2026-06-26
994,742,,,,office_email,collector-ankp@ap.gov.in,"Collector office, Anakapalli",true,false,https://www.sarkaritel.com/collectors-of-andhra-pradesh-district-wise-list/ + district NIC sites,0.60,2026-06-26
995,742,,,,office_phone,7396696638,"Collector office, Anakapalli",true,false,https://www.sarkaritel.com/collectors-of-andhra-pradesh-district-wise-list/ + district NIC sites,0.60,2026-06-26
996,744,,,,office_email,collector-kkd@ap.gov.in,"Collector office, Kakinada",true,false,https://www.sarkaritel.com/collectors-of-andhra-pradesh-district-wise-list/ + district NIC sites,0.60,2026-06-26
997,744,,,,office_phone,9154202227,"Collector office, Kakinada",true,false,https://www.sarkaritel.com/collectors-of-andhra-pradesh-district-wise-list/ + district NIC sites,0.60,2026-06-26
998,746,,,,office_email,collector_egd@ap.gov.in,"Collector office, East Godavari",true,false,https://www.sarkaritel.com/collectors-of-andhra-pradesh-district-wise-list/ + district NIC sites,0.60,2026-06-26
999,746,,,,office_phone,08842361200,"Collector office, East Godavari",true,false,https://www.sarkaritel.com/collectors-of-andhra-pradesh-district-wise-list/ + district NIC sites,0.60,2026-06-26
1000,748,,,,office_email,collector-ksm@ap.gov.in,"Collector office, Dr. B. R. Ambedkar Konaseema",true,false,https://www.sarkaritel.com/collectors-of-andhra-pradesh-district-wise-list/ + district NIC sites,0.60,2026-06-26
1001,748,,,,office_phone,8977935211,"Collector office, Dr. B. R. Ambedkar Konaseema",true,false,https://www.sarkaritel.com/collectors-of-andhra-pradesh-district-wise-list/ + district NIC sites,0.60,2026-06-26
1002,750,,,,office_email,collector-eluru@ap.gov.in,"Collector office, Eluru",true,false,https://www.sarkaritel.com/collectors-of-andhra-pradesh-district-wise-list/ + district NIC sites,0.60,2026-06-26
1003,750,,,,office_phone,9491041488,"Collector office, Eluru",true,false,https://www.sarkaritel.com/collectors-of-andhra-pradesh-district-wise-list/ + district NIC sites,0.60,2026-06-26
1004,752,,,,office_email,collector_wgd@ap.gov.in,"Collector office, West Godavari",true,false,https://www.sarkaritel.com/collectors-of-andhra-pradesh-district-wise-list/ + district NIC sites,0.60,2026-06-26
1005,752,,,,office_phone,08812-230051,"Collector office, West Godavari",true,false,https://www.sarkaritel.com/collectors-of-andhra-pradesh-district-wise-list/ + district NIC sites,0.60,2026-06-26
1006,754,,,,office_email,collector-ntr@ap.gov.in,"Collector office, NTR",true,false,https://www.sarkaritel.com/collectors-of-andhra-pradesh-district-wise-list/ + district NIC sites,0.60,2026-06-26
1007,754,,,,office_phone,9849860001,"Collector office, NTR",true,false,https://www.sarkaritel.com/collectors-of-andhra-pradesh-district-wise-list/ + district NIC sites,0.60,2026-06-26
1008,756,,,,office_email,collector_krsn@ap.gov.in,"Collector office, Krishna",true,false,https://www.sarkaritel.com/collectors-of-andhra-pradesh-district-wise-list/ + district NIC sites,0.60,2026-06-26
1009,756,,,,office_phone,08672-252882,"Collector office, Krishna",true,false,https://www.sarkaritel.com/collectors-of-andhra-pradesh-district-wise-list/ + district NIC sites,0.60,2026-06-26
1010,758,,,,office_email,collector-palnadu@ap.gov.in,"Collector office, Palnadu",true,false,https://www.sarkaritel.com/collectors-of-andhra-pradesh-district-wise-list/ + district NIC sites,0.60,2026-06-26
1011,758,,,,office_phone,9154959301,"Collector office, Palnadu",true,false,https://www.sarkaritel.com/collectors-of-andhra-pradesh-district-wise-list/ + district NIC sites,0.60,2026-06-26
1012,760,,,,office_email,collector_gntr@ap.gov.in,"Collector office, Guntur",true,false,https://www.sarkaritel.com/collectors-of-andhra-pradesh-district-wise-list/ + district NIC sites,0.60,2026-06-26
1013,760,,,,office_phone,0863-2234200,"Collector office, Guntur",true,false,https://www.sarkaritel.com/collectors-of-andhra-pradesh-district-wise-list/ + district NIC sites,0.60,2026-06-26
1014,762,,,,office_email,collector-bapatla@ap.gov.in,"Collector office, Bapatla",true,false,https://www.sarkaritel.com/collectors-of-andhra-pradesh-district-wise-list/ + district NIC sites,0.60,2026-06-26
1015,762,,,,office_phone,8712655900,"Collector office, Bapatla",true,false,https://www.sarkaritel.com/collectors-of-andhra-pradesh-district-wise-list/ + district NIC sites,0.60,2026-06-26
1016,764,,,,office_email,collector_pkm@ap.gov.in,"Collector office, Prakasam",true,false,https://www.sarkaritel.com/collectors-of-andhra-pradesh-district-wise-list/ + district NIC sites,0.60,2026-06-26
1017,764,,,,office_phone,08592-231222,"Collector office, Prakasam",true,false,https://www.sarkaritel.com/collectors-of-andhra-pradesh-district-wise-list/ + district NIC sites,0.60,2026-06-26
1018,766,,,,office_email,collector_nlr@ap.gov.in,"Collector office, Sri Potti Sriramulu Nellore",true,false,https://www.sarkaritel.com/collectors-of-andhra-pradesh-district-wise-list/ + district NIC sites,0.60,2026-06-26
1019,766,,,,office_phone,9849904051,"Collector office, Sri Potti Sriramulu Nellore",true,false,https://www.sarkaritel.com/collectors-of-andhra-pradesh-district-wise-list/ + district NIC sites,0.60,2026-06-26
1020,768,,,,office_email,collector_krnl@ap.gov.in,"Collector office, Kurnool",true,false,https://www.sarkaritel.com/collectors-of-andhra-pradesh-district-wise-list/ + district NIC sites,0.60,2026-06-26
1021,768,,,,office_phone,08518-231877,"Collector office, Kurnool",true,false,https://www.sarkaritel.com/collectors-of-andhra-pradesh-district-wise-list/ + district NIC sites,0.60,2026-06-26
1022,770,,,,office_email,collector-nandyal@ap.gov.in,"Collector office, Nandyal",true,false,https://www.sarkaritel.com/collectors-of-andhra-pradesh-district-wise-list/ + district NIC sites,0.60,2026-06-26
1023,770,,,,office_phone,9849904003,"Collector office, Nandyal",true,false,https://www.sarkaritel.com/collectors-of-andhra-pradesh-district-wise-list/ + district NIC sites,0.60,2026-06-26
1024,772,,,,office_email,collector_antp@ap.gov.in,"Collector office, Ananthapuramu",true,false,https://www.sarkaritel.com/collectors-of-andhra-pradesh-district-wise-list/ + district NIC sites,0.60,2026-06-26
1025,772,,,,office_phone,08554-275806,"Collector office, Ananthapuramu",true,false,https://www.sarkaritel.com/collectors-of-andhra-pradesh-district-wise-list/ + district NIC sites,0.60,2026-06-26
1026,774,,,,office_email,collector-sssai@ap.gov.in,"Collector office, Sri Sathya Sai",true,false,https://www.sarkaritel.com/collectors-of-andhra-pradesh-district-wise-list/ + district NIC sites,0.60,2026-06-26
1027,774,,,,office_phone,9032816888,"Collector office, Sri Sathya Sai",true,false,https://www.sarkaritel.com/collectors-of-andhra-pradesh-district-wise-list/ + district NIC sites,0.60,2026-06-26
1028,776,,,,office_email,collector_kdp@ap.gov.in,"Collector office, YSR Kadapa",true,false,https://www.sarkaritel.com/collectors-of-andhra-pradesh-district-wise-list/ + district NIC sites,0.60,2026-06-26
1029,776,,,,office_phone,9849904109,"Collector office, YSR Kadapa",true,false,https://www.sarkaritel.com/collectors-of-andhra-pradesh-district-wise-list/ + district NIC sites,0.60,2026-06-26
1030,778,,,,office_email,collector-annamayya@ap.gov.in,"Collector office, Annamayya",true,false,https://www.sarkaritel.com/collectors-of-andhra-pradesh-district-wise-list/ + district NIC sites,0.60,2026-06-26
1031,778,,,,office_phone,8977942101,"Collector office, Annamayya",true,false,https://www.sarkaritel.com/collectors-of-andhra-pradesh-district-wise-list/ + district NIC sites,0.60,2026-06-26
1032,780,,,,office_email,collector-tirupati@ap.gov.in,"Collector office, Tirupati",true,false,https://www.sarkaritel.com/collectors-of-andhra-pradesh-district-wise-list/ + district NIC sites,0.60,2026-06-26
1033,780,,,,office_phone,6281155919,"Collector office, Tirupati",true,false,https://www.sarkaritel.com/collectors-of-andhra-pradesh-district-wise-list/ + district NIC sites,0.60,2026-06-26
1034,782,,,,office_email,collector_cttr@ap.gov.in,"Collector office, Chittoor",true,false,https://www.sarkaritel.com/collectors-of-andhra-pradesh-district-wise-list/ + district NIC sites,0.60,2026-06-26
1035,782,,,,office_phone,08572-241200,"Collector office, Chittoor",true,false,https://www.sarkaritel.com/collectors-of-andhra-pradesh-district-wise-list/ + district NIC sites,0.60,2026-06-26
1036,2156,,,,office_email,dmapd20@gmail.com,"Collector office, Alipurduar",true,false,https://wb.gov.in/pdf/List of District Magistrate.pdf,0.60,2026-06-26
1037,2156,,,,office_phone,03564255062,"Collector office, Alipurduar",true,false,https://wb.gov.in/pdf/List of District Magistrate.pdf,0.60,2026-06-26
1038,2158,,,,office_email,dm-bank@nic.in,"Collector office, Bankura",true,false,https://wb.gov.in/pdf/List of District Magistrate.pdf,0.60,2026-06-26
1039,2158,,,,office_phone,03242250304,"Collector office, Bankura",true,false,https://wb.gov.in/pdf/List of District Magistrate.pdf,0.60,2026-06-26
1040,2164,,,,office_email,dm-bir@nic.in,"Collector office, Birbhum",true,false,https://wb.gov.in/pdf/List of District Magistrate.pdf,0.60,2026-06-26
1041,2164,,,,office_phone,03462255222,"Collector office, Birbhum",true,false,https://wb.gov.in/pdf/List of District Magistrate.pdf,0.60,2026-06-26
1042,2166,,,,office_email,dmcoochbehar@gmail.com,"Collector office, Cooch Behar",true,false,https://wb.gov.in/pdf/List of District Magistrate.pdf,0.60,2026-06-26
1043,2166,,,,office_phone,03582227101,"Collector office, Cooch Behar",true,false,https://wb.gov.in/pdf/List of District Magistrate.pdf,0.60,2026-06-26
1044,2168,,,,office_email,dm-bgt-wb@nic.in,"Collector office, Dakshin Dinajpur",true,false,https://wb.gov.in/pdf/List of District Magistrate.pdf,0.60,2026-06-26
1045,2168,,,,office_phone,03522255201,"Collector office, Dakshin Dinajpur",true,false,https://wb.gov.in/pdf/List of District Magistrate.pdf,0.60,2026-06-26
1046,2170,,,,office_email,dm-darj@nic.in,"Collector office, Darjeeling",true,false,https://wb.gov.in/pdf/List of District Magistrate.pdf,0.60,2026-06-26
1047,2170,,,,office_phone,03542254233,"Collector office, Darjeeling",true,false,https://wb.gov.in/pdf/List of District Magistrate.pdf,0.60,2026-06-26
1048,2172,,,,office_email,dm-hoog@nic.in,"Collector office, Hooghly",true,false,https://wb.gov.in/pdf/List of District Magistrate.pdf,0.60,2026-06-26
1049,2172,,,,office_phone,03326802044,"Collector office, Hooghly",true,false,https://wb.gov.in/pdf/List of District Magistrate.pdf,0.60,2026-06-26
1050,2174,,,,office_email,dm-how-wb@nic.in,"Collector office, Howrah",true,false,https://wb.gov.in/pdf/List of District Magistrate.pdf,0.60,2026-06-26
1051,2174,,,,office_phone,03326412024,"Collector office, Howrah",true,false,https://wb.gov.in/pdf/List of District Magistrate.pdf,0.60,2026-06-26
1052,2176,,,,office_email,dm-jlp@nic.in,"Collector office, Jalpaiguri",true,false,https://wb.gov.in/pdf/List of District Magistrate.pdf,0.60,2026-06-26
1053,2176,,,,office_phone,03561230127,"Collector office, Jalpaiguri",true,false,https://wb.gov.in/pdf/List of District Magistrate.pdf,0.60,2026-06-26
1054,2178,,,,office_email,jhargramdm@gmail.com,"Collector office, Jhargram",true,false,https://wb.gov.in/pdf/List of District Magistrate.pdf,0.60,2026-06-26
1055,2178,,,,office_phone,03221257915,"Collector office, Jhargram",true,false,https://wb.gov.in/pdf/List of District Magistrate.pdf,0.60,2026-06-26
1056,2180,,,,office_email,dmkalimpong2017@gmail.com,"Collector office, Kalimpong",true,false,https://wb.gov.in/pdf/List of District Magistrate.pdf,0.60,2026-06-26
1057,2180,,,,office_phone,03552255264,"Collector office, Kalimpong",true,false,https://wb.gov.in/pdf/List of District Magistrate.pdf,0.60,2026-06-26
1058,2184,,,,office_email,dm-malda@nic.in,"Collector office, Malda",true,false,https://wb.gov.in/pdf/List of District Magistrate.pdf,0.60,2026-06-26
1059,2184,,,,office_phone,03512252381,"Collector office, Malda",true,false,https://wb.gov.in/pdf/List of District Magistrate.pdf,0.60,2026-06-26
1060,2186,,,,office_email,dm-murwb@nic.in,"Collector office, Murshidabad",true,false,https://wb.gov.in/pdf/List of District Magistrate.pdf,0.60,2026-06-26
1061,2186,,,,office_phone,03482251650,"Collector office, Murshidabad",true,false,https://wb.gov.in/pdf/List of District Magistrate.pdf,0.60,2026-06-26
1062,2188,,,,office_email,dm-ndi@nic.in,"Collector office, Nadia",true,false,https://wb.gov.in/pdf/List of District Magistrate.pdf,0.60,2026-06-26
1063,2188,,,,office_phone,03472251001,"Collector office, Nadia",true,false,https://wb.gov.in/pdf/List of District Magistrate.pdf,0.60,2026-06-26
1064,2190,,,,office_email,dm-bar-wb@nic.in,"Collector office, North 24 Parganas",true,false,https://wb.gov.in/pdf/List of District Magistrate.pdf,0.60,2026-06-26
1065,2190,,,,office_phone,03325523662,"Collector office, North 24 Parganas",true,false,https://wb.gov.in/pdf/List of District Magistrate.pdf,0.60,2026-06-26
1066,2160,,,,office_email,dmpaschimbardhaman@gmail.com,"Collector office, Paschim Bardhaman",true,false,https://wb.gov.in/pdf/List of District Magistrate.pdf,0.60,2026-06-26
1067,2160,,,,office_phone,03412254545,"Collector office, Paschim Bardhaman",true,false,https://wb.gov.in/pdf/List of District Magistrate.pdf,0.60,2026-06-26
1068,2192,,,,office_email,dm-mid-wb@nic.in,"Collector office, Paschim Medinipur",true,false,https://wb.gov.in/pdf/List of District Magistrate.pdf,0.60,2026-06-26
1069,2192,,,,office_phone,03222275571,"Collector office, Paschim Medinipur",true,false,https://wb.gov.in/pdf/List of District Magistrate.pdf,0.60,2026-06-26
1070,2162,,,,office_email,dm-burd@nic.in,"Collector office, Purba Bardhaman",true,false,https://wb.gov.in/pdf/List of District Magistrate.pdf,0.60,2026-06-26
1071,2162,,,,office_phone,03422662428,"Collector office, Purba Bardhaman",true,false,https://wb.gov.in/pdf/List of District Magistrate.pdf,0.60,2026-06-26
1072,2194,,,,office_email,dmpurb@gmail.com,"Collector office, Purba Medinipur",true,false,https://wb.gov.in/pdf/List of District Magistrate.pdf,0.60,2026-06-26
1073,2194,,,,office_phone,03228262098,"Collector office, Purba Medinipur",true,false,https://wb.gov.in/pdf/List of District Magistrate.pdf,0.60,2026-06-26
1074,2196,,,,office_email,dm-purwb@nic.in,"Collector office, Purulia",true,false,https://wb.gov.in/pdf/List of District Magistrate.pdf,0.60,2026-06-26
1075,2196,,,,office_phone,03252222302,"Collector office, Purulia",true,false,https://wb.gov.in/pdf/List of District Magistrate.pdf,0.60,2026-06-26
1076,2198,,,,office_email,dm-ali@nic.in,"Collector office, South 24 Parganas",true,false,https://wb.gov.in/pdf/List of District Magistrate.pdf,0.60,2026-06-26
1077,2198,,,,office_phone,03324791469,"Collector office, South 24 Parganas",true,false,https://wb.gov.in/pdf/List of District Magistrate.pdf,0.60,2026-06-26
1078,2200,,,,office_email,dm-rgj-wb@nic.in,"Collector office, Uttar Dinajpur",true,false,https://wb.gov.in/pdf/List of District Magistrate.pdf,0.60,2026-06-26
1079,2200,,,,office_phone,03523246025,"Collector office, Uttar Dinajpur",true,false,https://wb.gov.in/pdf/List of District Magistrate.pdf,0.60,2026-06-26
1080,1622,,,,office_email,dm-angul@nic.in,"Collector office, Angul",true,false,https://odisha.gov.in/en/state-portal-district-officials + district NIC sites,0.60,2026-06-26
1081,1622,,,,office_phone,06764-230567,"Collector office, Angul",true,false,https://odisha.gov.in/en/state-portal-district-officials + district NIC sites,0.60,2026-06-26
1082,1624,,,,office_email,dm-balangir@nic.in,"Collector office, Balangir",true,false,https://odisha.gov.in/en/state-portal-district-officials + district NIC sites,0.60,2026-06-26
1083,1624,,,,office_phone,06652-232223,"Collector office, Balangir",true,false,https://odisha.gov.in/en/state-portal-district-officials + district NIC sites,0.60,2026-06-26
1084,1626,,,,office_email,dm-balasore@od.gov.in,"Collector office, Balasore",true,false,https://odisha.gov.in/en/state-portal-district-officials + district NIC sites,0.60,2026-06-26
1085,1626,,,,office_phone,06782-262001,"Collector office, Balasore",true,false,https://odisha.gov.in/en/state-portal-district-officials + district NIC sites,0.60,2026-06-26
1086,1628,,,,office_email,dm-bargarh@od.gov.in,"Collector office, Bargarh",true,false,https://odisha.gov.in/en/state-portal-district-officials + district NIC sites,0.60,2026-06-26
1087,1628,,,,office_phone,06646-232340,"Collector office, Bargarh",true,false,https://odisha.gov.in/en/state-portal-district-officials + district NIC sites,0.60,2026-06-26
1088,1630,,,,office_email,dm-bhadrakh@nic.in,"Collector office, Bhadrak",true,false,https://odisha.gov.in/en/state-portal-district-officials + district NIC sites,0.60,2026-06-26
1089,1630,,,,office_phone,06784-250436,"Collector office, Bhadrak",true,false,https://odisha.gov.in/en/state-portal-district-officials + district NIC sites,0.60,2026-06-26
1090,1632,,,,office_email,dm-boudha@nic.in,"Collector office, Boudh",true,false,https://odisha.gov.in/en/state-portal-district-officials + district NIC sites,0.60,2026-06-26
1091,1632,,,,office_phone,06841-222203,"Collector office, Boudh",true,false,https://odisha.gov.in/en/state-portal-district-officials + district NIC sites,0.60,2026-06-26
1092,1634,,,,office_email,dm-cuttack@od.gov.in,"Collector office, Cuttack",true,false,https://odisha.gov.in/en/state-portal-district-officials + district NIC sites,0.60,2026-06-26
1093,1634,,,,office_phone,0671-2508100,"Collector office, Cuttack",true,false,https://odisha.gov.in/en/state-portal-district-officials + district NIC sites,0.60,2026-06-26
1094,1636,,,,office_email,dm-deogarh@od.gov.in,"Collector office, Deogarh",true,false,https://odisha.gov.in/en/state-portal-district-officials + district NIC sites,0.60,2026-06-26
1095,1636,,,,office_phone,06641-226301,"Collector office, Deogarh",true,false,https://odisha.gov.in/en/state-portal-district-officials + district NIC sites,0.60,2026-06-26
1096,1638,,,,office_email,dm-dhenkanal@nic.in,"Collector office, Dhenkanal",true,false,https://odisha.gov.in/en/state-portal-district-officials + district NIC sites,0.60,2026-06-26
1097,1638,,,,office_phone,06762-225602,"Collector office, Dhenkanal",true,false,https://odisha.gov.in/en/state-portal-district-officials + district NIC sites,0.60,2026-06-26
1098,1640,,,,office_email,dm-gajapati@nic.in,"Collector office, Gajapati",true,false,https://odisha.gov.in/en/state-portal-district-officials + district NIC sites,0.60,2026-06-26
1099,1640,,,,office_phone,06815-222397,"Collector office, Gajapati",true,false,https://odisha.gov.in/en/state-portal-district-officials + district NIC sites,0.60,2026-06-26
1100,1642,,,,office_email,dm-ganjam@nic.in,"Collector office, Ganjam",true,false,https://odisha.gov.in/en/state-portal-district-officials + district NIC sites,0.60,2026-06-26
1101,1642,,,,office_phone,06811-263700,"Collector office, Ganjam",true,false,https://odisha.gov.in/en/state-portal-district-officials + district NIC sites,0.60,2026-06-26
1102,1644,,,,office_email,dm-jagatsinghpur@nic.in,"Collector office, Jagatsinghpur",true,false,https://odisha.gov.in/en/state-portal-district-officials + district NIC sites,0.60,2026-06-26
1103,1644,,,,office_phone,06724-220379,"Collector office, Jagatsinghpur",true,false,https://odisha.gov.in/en/state-portal-district-officials + district NIC sites,0.60,2026-06-26
1104,1646,,,,office_email,dm-jajpur@nic.in,"Collector office, Jajpur",true,false,https://odisha.gov.in/en/state-portal-district-officials + district NIC sites,0.60,2026-06-26
1105,1646,,,,office_phone,06728-222001,"Collector office, Jajpur",true,false,https://odisha.gov.in/en/state-portal-district-officials + district NIC sites,0.60,2026-06-26
1106,1648,,,,office_email,dm-jharsuguda@nic.in,"Collector office, Jharsuguda",true,false,https://odisha.gov.in/en/state-portal-district-officials + district NIC sites,0.60,2026-06-26
1107,1648,,,,office_phone,06645-270070,"Collector office, Jharsuguda",true,false,https://odisha.gov.in/en/state-portal-district-officials + district NIC sites,0.60,2026-06-26
1108,1650,,,,office_email,dm-kalahandi@nic.in,"Collector office, Kalahandi",true,false,https://odisha.gov.in/en/state-portal-district-officials + district NIC sites,0.60,2026-06-26
1109,1650,,,,office_phone,06670-230201,"Collector office, Kalahandi",true,false,https://odisha.gov.in/en/state-portal-district-officials + district NIC sites,0.60,2026-06-26
1110,1652,,,,office_email,dm-kandhamal@nic.in,"Collector office, Kandhamal",true,false,https://odisha.gov.in/en/state-portal-district-officials + district NIC sites,0.60,2026-06-26
1111,1652,,,,office_phone,06842-253601,"Collector office, Kandhamal",true,false,https://odisha.gov.in/en/state-portal-district-officials + district NIC sites,0.60,2026-06-26
1112,1654,,,,office_email,dm-kendrapara@nic.in,"Collector office, Kendrapara",true,false,https://odisha.gov.in/en/state-portal-district-officials + district NIC sites,0.60,2026-06-26
1113,1654,,,,office_phone,06727-232802,"Collector office, Kendrapara",true,false,https://odisha.gov.in/en/state-portal-district-officials + district NIC sites,0.60,2026-06-26
1114,1656,,,,office_email,dm-keonjhar@nic.in,"Collector office, Kendujhar",true,false,https://odisha.gov.in/en/state-portal-district-officials + district NIC sites,0.60,2026-06-26
1115,1656,,,,office_phone,06766-255401,"Collector office, Kendujhar",true,false,https://odisha.gov.in/en/state-portal-district-officials + district NIC sites,0.60,2026-06-26
1116,1658,,,,office_email,dm-khurda@nic.in,"Collector office, Khordha",true,false,https://odisha.gov.in/en/state-portal-district-officials + district NIC sites,0.60,2026-06-26
1117,1658,,,,office_phone,06755-220001,"Collector office, Khordha",true,false,https://odisha.gov.in/en/state-portal-district-officials + district NIC sites,0.60,2026-06-26
1118,1660,,,,office_email,dm-koraput@nic.in,"Collector office, Koraput",true,false,https://odisha.gov.in/en/state-portal-district-officials + district NIC sites,0.60,2026-06-26
1119,1660,,,,office_phone,06852-250700,"Collector office, Koraput",true,false,https://odisha.gov.in/en/state-portal-district-officials + district NIC sites,0.60,2026-06-26
1120,1662,,,,office_email,dm-malkangiri@nic.in,"Collector office, Malkangiri",true,false,https://odisha.gov.in/en/state-portal-district-officials + district NIC sites,0.60,2026-06-26
1121,1662,,,,office_phone,06861-230232,"Collector office, Malkangiri",true,false,https://odisha.gov.in/en/state-portal-district-officials + district NIC sites,0.60,2026-06-26
1122,1664,,,,office_email,dm-mayurbhanj@nic.in,"Collector office, Mayurbhanj",true,false,https://odisha.gov.in/en/state-portal-district-officials + district NIC sites,0.60,2026-06-26
1123,1664,,,,office_phone,06792-252606,"Collector office, Mayurbhanj",true,false,https://odisha.gov.in/en/state-portal-district-officials + district NIC sites,0.60,2026-06-26
1124,1666,,,,office_email,dm-nawarangpur@nic.in,"Collector office, Nabarangpur",true,false,https://odisha.gov.in/en/state-portal-district-officials + district NIC sites,0.60,2026-06-26
1125,1666,,,,office_phone,06858-222034,"Collector office, Nabarangpur",true,false,https://odisha.gov.in/en/state-portal-district-officials + district NIC sites,0.60,2026-06-26
1126,1668,,,,office_email,dm-nayagarh@nic.in,"Collector office, Nayagarh",true,false,https://odisha.gov.in/en/state-portal-district-officials + district NIC sites,0.60,2026-06-26
1127,1668,,,,office_phone,06753-252333,"Collector office, Nayagarh",true,false,https://odisha.gov.in/en/state-portal-district-officials + district NIC sites,0.60,2026-06-26
1128,1670,,,,office_email,dm-nuapada@nic.in,"Collector office, Nuapada",true,false,https://odisha.gov.in/en/state-portal-district-officials + district NIC sites,0.60,2026-06-26
1129,1670,,,,office_phone,06678-225463,"Collector office, Nuapada",true,false,https://odisha.gov.in/en/state-portal-district-officials + district NIC sites,0.60,2026-06-26
1130,1672,,,,office_email,dm-puri@nic.in,"Collector office, Puri",true,false,https://odisha.gov.in/en/state-portal-district-officials + district NIC sites,0.60,2026-06-26
1131,1672,,,,office_phone,06752-222034,"Collector office, Puri",true,false,https://odisha.gov.in/en/state-portal-district-officials + district NIC sites,0.60,2026-06-26
1132,1674,,,,office_email,dm-rayagada@nic.in,"Collector office, Rayagada",true,false,https://odisha.gov.in/en/state-portal-district-officials + district NIC sites,0.60,2026-06-26
1133,1674,,,,office_phone,06856-222245,"Collector office, Rayagada",true,false,https://odisha.gov.in/en/state-portal-district-officials + district NIC sites,0.60,2026-06-26
1134,1676,,,,office_email,dm-sambalpur@nic.in,"Collector office, Sambalpur",true,false,https://odisha.gov.in/en/state-portal-district-officials + district NIC sites,0.60,2026-06-26
1135,1676,,,,office_phone,0663-2411022,"Collector office, Sambalpur",true,false,https://odisha.gov.in/en/state-portal-district-officials + district NIC sites,0.60,2026-06-26
1136,1678,,,,office_email,dm-sonepur@nic.in,"Collector office, Subarnapur",true,false,https://odisha.gov.in/en/state-portal-district-officials + district NIC sites,0.60,2026-06-26
1137,1678,,,,office_phone,06654-220201,"Collector office, Subarnapur",true,false,https://odisha.gov.in/en/state-portal-district-officials + district NIC sites,0.60,2026-06-26
1138,1680,,,,office_email,dm-sundargarh@nic.in,"Collector office, Sundargarh",true,false,https://odisha.gov.in/en/state-portal-district-officials + district NIC sites,0.60,2026-06-26
1139,1680,,,,office_phone,06622-272265,"Collector office, Sundargarh",true,false,https://odisha.gov.in/en/state-portal-district-officials + district NIC sites,0.60,2026-06-26
1140,1682,,,,office_email,dc.asr@punjab.gov.in,"Collector office, Amritsar",true,false,https://www.sarkaritel.com PB DC directory + district NIC sites,0.60,2026-06-26
1141,1682,,,,office_phone,0183-2223991,"Collector office, Amritsar",true,false,https://www.sarkaritel.com PB DC directory + district NIC sites,0.60,2026-06-26
1142,1684,,,,office_email,dc.brn@punjab.gov.in,"Collector office, Barnala",true,false,https://www.sarkaritel.com PB DC directory + district NIC sites,0.60,2026-06-26
1143,1684,,,,office_phone,01679-244360,"Collector office, Barnala",true,false,https://www.sarkaritel.com PB DC directory + district NIC sites,0.60,2026-06-26
1144,1686,,,,office_email,dc.btd@punjab.gov.in,"Collector office, Bathinda",true,false,https://www.sarkaritel.com PB DC directory + district NIC sites,0.60,2026-06-26
1145,1686,,,,office_phone,0164-2210042,"Collector office, Bathinda",true,false,https://www.sarkaritel.com PB DC directory + district NIC sites,0.60,2026-06-26
1146,1688,,,,office_email,dc.frd@punjab.gov.in,"Collector office, Faridkot",true,false,https://www.sarkaritel.com PB DC directory + district NIC sites,0.60,2026-06-26
1147,1688,,,,office_phone,01639-251051,"Collector office, Faridkot",true,false,https://www.sarkaritel.com PB DC directory + district NIC sites,0.60,2026-06-26
1148,1690,,,,office_email,dc.fth@punjab.gov.in,"Collector office, Fatehgarh Sahib",true,false,https://www.sarkaritel.com PB DC directory + district NIC sites,0.60,2026-06-26
1149,1690,,,,office_phone,01763-232215,"Collector office, Fatehgarh Sahib",true,false,https://www.sarkaritel.com PB DC directory + district NIC sites,0.60,2026-06-26
1150,1694,,,,office_email,dc.fzk@punjabmail.gov.in,"Collector office, Fazilka",true,false,https://www.sarkaritel.com PB DC directory + district NIC sites,0.60,2026-06-26
1151,1694,,,,office_phone,01638-260555,"Collector office, Fazilka",true,false,https://www.sarkaritel.com PB DC directory + district NIC sites,0.60,2026-06-26
1152,1692,,,,office_email,dc.frz@punjab.gov.in,"Collector office, Firozpur",true,false,https://www.sarkaritel.com PB DC directory + district NIC sites,0.60,2026-06-26
1153,1692,,,,office_phone,01632-244008,"Collector office, Firozpur",true,false,https://www.sarkaritel.com PB DC directory + district NIC sites,0.60,2026-06-26
1154,1696,,,,office_email,dc.grd@punjab.gov.in,"Collector office, Gurdaspur",true,false,https://www.sarkaritel.com PB DC directory + district NIC sites,0.60,2026-06-26
1155,1696,,,,office_phone,01874-247500,"Collector office, Gurdaspur",true,false,https://www.sarkaritel.com PB DC directory + district NIC sites,0.60,2026-06-26
1156,1698,,,,office_phone,01882-220301,"Collector office, Hoshiarpur",true,false,https://www.sarkaritel.com PB DC directory + district NIC sites,0.60,2026-06-26
1157,1700,,,,office_email,dc.jal@punjabmail.gov.in,"Collector office, Jalandhar",true,false,https://www.sarkaritel.com PB DC directory + district NIC sites,0.60,2026-06-26
1158,1700,,,,office_phone,0181-2224783,"Collector office, Jalandhar",true,false,https://www.sarkaritel.com PB DC directory + district NIC sites,0.60,2026-06-26
1159,1702,,,,office_email,dc.kpr@punjab.gov.in,"Collector office, Kapurthala",true,false,https://www.sarkaritel.com PB DC directory + district NIC sites,0.60,2026-06-26
1160,1702,,,,office_phone,01822-233777,"Collector office, Kapurthala",true,false,https://www.sarkaritel.com PB DC directory + district NIC sites,0.60,2026-06-26
1161,1704,,,,office_email,dc.ldh@punjab.gov.in,"Collector office, Ludhiana",true,false,https://www.sarkaritel.com PB DC directory + district NIC sites,0.60,2026-06-26
1162,1704,,,,office_phone,0161-2403100,"Collector office, Ludhiana",true,false,https://www.sarkaritel.com PB DC directory + district NIC sites,0.60,2026-06-26
1163,1706,,,,office_email,dc.mkt@punjab.gov.in,"Collector office, Malerkotla",true,false,https://www.sarkaritel.com PB DC directory + district NIC sites,0.60,2026-06-26
1164,1708,,,,office_email,dc.man@punjabmail.gov.in,"Collector office, Mansa",true,false,https://www.sarkaritel.com PB DC directory + district NIC sites,0.60,2026-06-26
1165,1708,,,,office_phone,01652-227700,"Collector office, Mansa",true,false,https://www.sarkaritel.com PB DC directory + district NIC sites,0.60,2026-06-26
1166,1710,,,,office_email,dc.moga@punjab.gov.in,"Collector office, Moga",true,false,https://www.sarkaritel.com PB DC directory + district NIC sites,0.60,2026-06-26
1167,1710,,,,office_phone,01636-234400,"Collector office, Moga",true,false,https://www.sarkaritel.com PB DC directory + district NIC sites,0.60,2026-06-26
1168,1714,,,,office_email,dc.pkt@punjab.gov.in,"Collector office, Pathankot",true,false,https://www.sarkaritel.com PB DC directory + district NIC sites,0.60,2026-06-26
1169,1714,,,,office_phone,0186-2346464,"Collector office, Pathankot",true,false,https://www.sarkaritel.com PB DC directory + district NIC sites,0.60,2026-06-26
1170,1716,,,,office_email,dc.ptl@punjab.gov.in,"Collector office, Patiala",true,false,https://www.sarkaritel.com PB DC directory + district NIC sites,0.60,2026-06-26
1171,1716,,,,office_phone,0175-2311300,"Collector office, Patiala",true,false,https://www.sarkaritel.com PB DC directory + district NIC sites,0.60,2026-06-26
1172,1718,,,,office_email,dc.rpr@punjab.gov.in,"Collector office, Rupnagar",true,false,https://www.sarkaritel.com PB DC directory + district NIC sites,0.60,2026-06-26
1173,1718,,,,office_phone,01881-221150,"Collector office, Rupnagar",true,false,https://www.sarkaritel.com PB DC directory + district NIC sites,0.60,2026-06-26
1174,1722,,,,office_email,dc.sgr@punjab.gov.in,"Collector office, Sangrur",true,false,https://www.sarkaritel.com PB DC directory + district NIC sites,0.60,2026-06-26
1175,1722,,,,office_phone,01672-234004,"Collector office, Sangrur",true,false,https://www.sarkaritel.com PB DC directory + district NIC sites,0.60,2026-06-26
1176,1724,,,,office_email,dc.nsr@punjab.gov.in,"Collector office, Shaheed Bhagat Singh Nagar",true,false,https://www.sarkaritel.com PB DC directory + district NIC sites,0.60,2026-06-26
1177,1724,,,,office_phone,01823-221301,"Collector office, Shaheed Bhagat Singh Nagar",true,false,https://www.sarkaritel.com PB DC directory + district NIC sites,0.60,2026-06-26
1178,1712,,,,office_email,dc.mks@punjab.gov.in,"Collector office, Sri Muktsar Sahib",true,false,https://www.sarkaritel.com PB DC directory + district NIC sites,0.60,2026-06-26
1179,1712,,,,office_phone,01633-263643,"Collector office, Sri Muktsar Sahib",true,false,https://www.sarkaritel.com PB DC directory + district NIC sites,0.60,2026-06-26
1180,1720,,,,office_email,dc.mhl@punjab.gov.in,"Collector office, Sahibzada Ajit Singh Nagar",true,false,https://www.sarkaritel.com PB DC directory + district NIC sites,0.60,2026-06-26
1181,1720,,,,office_phone,0172-2219500,"Collector office, Sahibzada Ajit Singh Nagar",true,false,https://www.sarkaritel.com PB DC directory + district NIC sites,0.60,2026-06-26
1182,1726,,,,office_email,dc.trn@punjab.gov.in,"Collector office, Tarn Taran",true,false,https://www.sarkaritel.com PB DC directory + district NIC sites,0.60,2026-06-26
1183,1726,,,,office_phone,01852-224101,"Collector office, Tarn Taran",true,false,https://www.sarkaritel.com PB DC directory + district NIC sites,0.60,2026-06-26
1184,1120,,,,office_email,dcamb@hry.nic.in,"Collector office, Ambala",true,false,https://www.sarkaritel.com HR DC directory + district NIC sites,0.60,2026-06-26
1185,1120,,,,office_phone,0171-2530100,"Collector office, Ambala",true,false,https://www.sarkaritel.com HR DC directory + district NIC sites,0.60,2026-06-26
1186,1156,,,,office_email,dcbhw@hry.nic.in,"Collector office, Bhiwani",true,false,https://www.sarkaritel.com HR DC directory + district NIC sites,0.60,2026-06-26
1187,1156,,,,office_phone,01664-243535,"Collector office, Bhiwani",true,false,https://www.sarkaritel.com HR DC directory + district NIC sites,0.60,2026-06-26
1188,1158,,,,office_email,dc.charkhidadri-hry@gov.in,"Collector office, Charkhi Dadri",true,false,https://www.sarkaritel.com HR DC directory + district NIC sites,0.60,2026-06-26
1189,1158,,,,office_phone,01250-222600,"Collector office, Charkhi Dadri",true,false,https://www.sarkaritel.com HR DC directory + district NIC sites,0.60,2026-06-26
1190,1128,,,,office_email,dcfbd@hry.nic.in,"Collector office, Faridabad",true,false,https://www.sarkaritel.com HR DC directory + district NIC sites,0.60,2026-06-26
1191,1128,,,,office_phone,0129-2227936,"Collector office, Faridabad",true,false,https://www.sarkaritel.com HR DC directory + district NIC sites,0.60,2026-06-26
1192,1142,,,,office_email,dcftb@hry.nic.in,"Collector office, Fatehabad",true,false,https://www.sarkaritel.com HR DC directory + district NIC sites,0.60,2026-06-26
1193,1142,,,,office_phone,01667-230001,"Collector office, Fatehabad",true,false,https://www.sarkaritel.com HR DC directory + district NIC sites,0.60,2026-06-26
1194,1134,,,,office_email,dcgrg@nic.in,"Collector office, Gurugram",true,false,https://www.sarkaritel.com HR DC directory + district NIC sites,0.60,2026-06-26
1195,1134,,,,office_phone,0124-2321144,"Collector office, Gurugram",true,false,https://www.sarkaritel.com HR DC directory + district NIC sites,0.60,2026-06-26
1196,1140,,,,office_email,dchsr@hry.nic.in,"Collector office, Hisar",true,false,https://www.sarkaritel.com HR DC directory + district NIC sites,0.60,2026-06-26
1197,1140,,,,office_phone,01662-232045,"Collector office, Hisar",true,false,https://www.sarkaritel.com HR DC directory + district NIC sites,0.60,2026-06-26
1198,1160,,,,office_email,dcjjr@hry.nic.in,"Collector office, Jhajjar",true,false,https://www.sarkaritel.com HR DC directory + district NIC sites,0.60,2026-06-26
1199,1160,,,,office_phone,01251-252300,"Collector office, Jhajjar",true,false,https://www.sarkaritel.com HR DC directory + district NIC sites,0.60,2026-06-26
1200,1144,,,,office_email,dcjnd@hry.nic.in,"Collector office, Jind",true,false,https://www.sarkaritel.com HR DC directory + district NIC sites,0.60,2026-06-26
1201,1144,,,,office_phone,01681-246820,"Collector office, Jind",true,false,https://www.sarkaritel.com HR DC directory + district NIC sites,0.60,2026-06-26
1202,1150,,,,office_email,dcktl@hry.nic.in,"Collector office, Kaithal",true,false,https://www.sarkaritel.com HR DC directory + district NIC sites,0.60,2026-06-26
1203,1150,,,,office_phone,01746-234208,"Collector office, Kaithal",true,false,https://www.sarkaritel.com HR DC directory + district NIC sites,0.60,2026-06-26
1204,1148,,,,office_email,dckrl@hry.nic.in,"Collector office, Karnal",true,false,https://www.sarkaritel.com HR DC directory + district NIC sites,0.60,2026-06-26
1205,1148,,,,office_phone,0184-2267500,"Collector office, Karnal",true,false,https://www.sarkaritel.com HR DC directory + district NIC sites,0.60,2026-06-26
1206,1122,,,,office_email,dckrk@hry.nic.in,"Collector office, Kurukshetra",true,false,https://www.sarkaritel.com HR DC directory + district NIC sites,0.60,2026-06-26
1207,1122,,,,office_phone,01744-220270,"Collector office, Kurukshetra",true,false,https://www.sarkaritel.com HR DC directory + district NIC sites,0.60,2026-06-26
1208,1136,,,,office_email,dcnrl@hry.nic.in,"Collector office, Mahendragarh",true,false,https://www.sarkaritel.com HR DC directory + district NIC sites,0.60,2026-06-26
1209,1136,,,,office_phone,01282-254000,"Collector office, Mahendragarh",true,false,https://www.sarkaritel.com HR DC directory + district NIC sites,0.60,2026-06-26
1210,1130,,,,office_email,dcnuh@hry.nic.in,"Collector office, Nuh",true,false,https://www.sarkaritel.com HR DC directory + district NIC sites,0.60,2026-06-26
1211,1130,,,,office_phone,01267-274602,"Collector office, Nuh",true,false,https://www.sarkaritel.com HR DC directory + district NIC sites,0.60,2026-06-26
1212,1132,,,,office_email,dcpwl@hry.nic.in,"Collector office, Palwal",true,false,https://www.sarkaritel.com HR DC directory + district NIC sites,0.60,2026-06-26
1213,1132,,,,office_phone,01275-298051,"Collector office, Palwal",true,false,https://www.sarkaritel.com HR DC directory + district NIC sites,0.60,2026-06-26
1214,1124,,,,office_email,dcpkl@hry.nic.in,"Collector office, Panchkula",true,false,https://www.sarkaritel.com HR DC directory + district NIC sites,0.60,2026-06-26
1215,1124,,,,office_phone,0172-2568313,"Collector office, Panchkula",true,false,https://www.sarkaritel.com HR DC directory + district NIC sites,0.60,2026-06-26
1216,1152,,,,office_email,dcpnp@hry.nic.in,"Collector office, Panipat",true,false,https://www.sarkaritel.com HR DC directory + district NIC sites,0.60,2026-06-26
1217,1152,,,,office_phone,0180-2651502,"Collector office, Panipat",true,false,https://www.sarkaritel.com HR DC directory + district NIC sites,0.60,2026-06-26
1218,1138,,,,office_email,dcrwr@hry.nic.in,"Collector office, Rewari",true,false,https://www.sarkaritel.com HR DC directory + district NIC sites,0.60,2026-06-26
1219,1138,,,,office_phone,01274-226666,"Collector office, Rewari",true,false,https://www.sarkaritel.com HR DC directory + district NIC sites,0.60,2026-06-26
1220,1154,,,,office_email,dcrtk@hry.nic.in,"Collector office, Rohtak",true,false,https://www.sarkaritel.com HR DC directory + district NIC sites,0.60,2026-06-26
1221,1154,,,,office_phone,01262-250252,"Collector office, Rohtak",true,false,https://www.sarkaritel.com HR DC directory + district NIC sites,0.60,2026-06-26
1222,1146,,,,office_email,dcsrs@hry.nic.in,"Collector office, Sirsa",true,false,https://www.sarkaritel.com HR DC directory + district NIC sites,0.60,2026-06-26
1223,1146,,,,office_phone,01666-248890,"Collector office, Sirsa",true,false,https://www.sarkaritel.com HR DC directory + district NIC sites,0.60,2026-06-26
1224,1162,,,,office_email,dcsnp@hry.nic.in,"Collector office, Sonipat",true,false,https://www.sarkaritel.com HR DC directory + district NIC sites,0.60,2026-06-26
1225,1162,,,,office_phone,0130-2220500,"Collector office, Sonipat",true,false,https://www.sarkaritel.com HR DC directory + district NIC sites,0.60,2026-06-26
1226,1126,,,,office_email,dcynr@hry.nic.in,"Collector office, Yamunanagar",true,false,https://www.sarkaritel.com HR DC directory + district NIC sites,0.60,2026-06-26
1227,1126,,,,office_phone,01732-237800,"Collector office, Yamunanagar",true,false,https://www.sarkaritel.com HR DC directory + district NIC sites,0.60,2026-06-26
1228,1228,,,,office_email,dc-ran@nic.in,"Collector office, Ranchi",true,false,https://sec.jharkhand.gov.in/Images/contacts.pdf + district NIC sites,0.60,2026-06-26
1229,1228,,,,office_phone,0651-2214001,"Collector office, Ranchi",true,false,https://sec.jharkhand.gov.in/Images/contacts.pdf + district NIC sites,0.60,2026-06-26
1230,1200,,,,office_email,dc-jsr@nic.in,"Collector office, East Singhbhum",true,false,https://sec.jharkhand.gov.in/Images/contacts.pdf + district NIC sites,0.60,2026-06-26
1231,1200,,,,office_phone,0657-2440111,"Collector office, East Singhbhum",true,false,https://sec.jharkhand.gov.in/Images/contacts.pdf + district NIC sites,0.60,2026-06-26
1232,1236,,,,office_email,dc-wss@nic.in,"Collector office, West Singhbhum",true,false,https://sec.jharkhand.gov.in/Images/contacts.pdf + district NIC sites,0.60,2026-06-26
1233,1236,,,,office_phone,06582-256301,"Collector office, West Singhbhum",true,false,https://sec.jharkhand.gov.in/Images/contacts.pdf + district NIC sites,0.60,2026-06-26
1234,1232,,,,office_email,dc-sar@nic.in,"Collector office, Saraikela-Kharsawan",true,false,https://sec.jharkhand.gov.in/Images/contacts.pdf + district NIC sites,0.60,2026-06-26
1235,1232,,,,office_phone,06597-234002,"Collector office, Saraikela-Kharsawan",true,false,https://sec.jharkhand.gov.in/Images/contacts.pdf + district NIC sites,0.60,2026-06-26
1236,1196,,,,office_email,dc-dha@nic.in,"Collector office, Dhanbad",true,false,https://sec.jharkhand.gov.in/Images/contacts.pdf + district NIC sites,0.60,2026-06-26
1237,1196,,,,office_phone,0326-2312401,"Collector office, Dhanbad",true,false,https://sec.jharkhand.gov.in/Images/contacts.pdf + district NIC sites,0.60,2026-06-26
1238,1190,,,,office_email,dc-bok@nic.in,"Collector office, Bokaro",true,false,https://sec.jharkhand.gov.in/Images/contacts.pdf + district NIC sites,0.60,2026-06-26
1239,1190,,,,office_phone,06542-249944,"Collector office, Bokaro",true,false,https://sec.jharkhand.gov.in/Images/contacts.pdf + district NIC sites,0.60,2026-06-26
1240,1204,,,,office_email,dc-gir@nic.in,"Collector office, Giridih",true,false,https://sec.jharkhand.gov.in/Images/contacts.pdf + district NIC sites,0.60,2026-06-26
1241,1204,,,,office_phone,06532-222072,"Collector office, Giridih",true,false,https://sec.jharkhand.gov.in/Images/contacts.pdf + district NIC sites,0.60,2026-06-26
1242,1210,,,,office_email,dc-haz@nic.in,"Collector office, Hazaribagh",true,false,https://sec.jharkhand.gov.in/Images/contacts.pdf + district NIC sites,0.60,2026-06-26
1243,1210,,,,office_phone,06546-224805,"Collector office, Hazaribagh",true,false,https://sec.jharkhand.gov.in/Images/contacts.pdf + district NIC sites,0.60,2026-06-26
1244,1192,,,,office_email,dc-cha@nic.in,"Collector office, Chatra",true,false,https://sec.jharkhand.gov.in/Images/contacts.pdf + district NIC sites,0.60,2026-06-26
1245,1192,,,,office_phone,06541-263034,"Collector office, Chatra",true,false,https://sec.jharkhand.gov.in/Images/contacts.pdf + district NIC sites,0.60,2026-06-26
1246,1216,,,,office_email,dc-kod@nic.in,"Collector office, Koderma",true,false,https://sec.jharkhand.gov.in/Images/contacts.pdf + district NIC sites,0.60,2026-06-26
1247,1216,,,,office_phone,06534-252343,"Collector office, Koderma",true,false,https://sec.jharkhand.gov.in/Images/contacts.pdf + district NIC sites,0.60,2026-06-26
1248,1226,,,,office_email,dc-ramgarh@gov.in,"Collector office, Ramgarh",true,false,https://sec.jharkhand.gov.in/Images/contacts.pdf + district NIC sites,0.60,2026-06-26
1249,1226,,,,office_phone,06553-261555,"Collector office, Ramgarh",true,false,https://sec.jharkhand.gov.in/Images/contacts.pdf + district NIC sites,0.60,2026-06-26
1250,1194,,,,office_email,dc-deo@nic.in,"Collector office, Deoghar",true,false,https://sec.jharkhand.gov.in/Images/contacts.pdf + district NIC sites,0.60,2026-06-26
1251,1194,,,,office_phone,06432-232680,"Collector office, Deoghar",true,false,https://sec.jharkhand.gov.in/Images/contacts.pdf + district NIC sites,0.60,2026-06-26
1252,1198,,,,office_email,dc-dum@nic.in,"Collector office, Dumka",true,false,https://sec.jharkhand.gov.in/Images/contacts.pdf + district NIC sites,0.60,2026-06-26
1253,1198,,,,office_phone,06434-222502,"Collector office, Dumka",true,false,https://sec.jharkhand.gov.in/Images/contacts.pdf + district NIC sites,0.60,2026-06-26
1254,1212,,,,office_email,dc-jam@nic.in,"Collector office, Jamtara",true,false,https://sec.jharkhand.gov.in/Images/contacts.pdf + district NIC sites,0.60,2026-06-26
1255,1212,,,,office_phone,06433-222011,"Collector office, Jamtara",true,false,https://sec.jharkhand.gov.in/Images/contacts.pdf + district NIC sites,0.60,2026-06-26
1256,1230,,,,office_email,dc-sah@nic.in,"Collector office, Sahibganj",true,false,https://sec.jharkhand.gov.in/Images/contacts.pdf + district NIC sites,0.60,2026-06-26
1257,1230,,,,office_phone,06436-222100,"Collector office, Sahibganj",true,false,https://sec.jharkhand.gov.in/Images/contacts.pdf + district NIC sites,0.60,2026-06-26
1258,1222,,,,office_email,dc-pak@nic.in,"Collector office, Pakur",true,false,https://sec.jharkhand.gov.in/Images/contacts.pdf + district NIC sites,0.60,2026-06-26
1259,1222,,,,office_phone,06435-222121,"Collector office, Pakur",true,false,https://sec.jharkhand.gov.in/Images/contacts.pdf + district NIC sites,0.60,2026-06-26
1260,1206,,,,office_email,dc-god@nic.in,"Collector office, Godda",true,false,https://sec.jharkhand.gov.in/Images/contacts.pdf + district NIC sites,0.60,2026-06-26
1261,1206,,,,office_phone,06422-220615,"Collector office, Godda",true,false,https://sec.jharkhand.gov.in/Images/contacts.pdf + district NIC sites,0.60,2026-06-26
1262,1224,,,,office_email,dc-pal@nic.in,"Collector office, Palamu",true,false,https://sec.jharkhand.gov.in/Images/contacts.pdf + district NIC sites,0.60,2026-06-26
1263,1224,,,,office_phone,06562-224033,"Collector office, Palamu",true,false,https://sec.jharkhand.gov.in/Images/contacts.pdf + district NIC sites,0.60,2026-06-26
1264,1218,,,,office_email,dc-lat@nic.in,"Collector office, Latehar",true,false,https://sec.jharkhand.gov.in/Images/contacts.pdf + district NIC sites,0.60,2026-06-26
1265,1218,,,,office_phone,06565-247422,"Collector office, Latehar",true,false,https://sec.jharkhand.gov.in/Images/contacts.pdf + district NIC sites,0.60,2026-06-26
1266,1202,,,,office_email,dc-gar@nic.in,"Collector office, Garhwa",true,false,https://sec.jharkhand.gov.in/Images/contacts.pdf + district NIC sites,0.60,2026-06-26
1267,1202,,,,office_phone,06561-222236,"Collector office, Garhwa",true,false,https://sec.jharkhand.gov.in/Images/contacts.pdf + district NIC sites,0.60,2026-06-26
1268,1220,,,,office_email,dc-loh@nic.in,"Collector office, Lohardaga",true,false,https://sec.jharkhand.gov.in/Images/contacts.pdf + district NIC sites,0.60,2026-06-26
1269,1220,,,,office_phone,06526-224093,"Collector office, Lohardaga",true,false,https://sec.jharkhand.gov.in/Images/contacts.pdf + district NIC sites,0.60,2026-06-26
1270,1208,,,,office_email,dc-gum@nic.in,"Collector office, Gumla",true,false,https://sec.jharkhand.gov.in/Images/contacts.pdf + district NIC sites,0.60,2026-06-26
1271,1208,,,,office_phone,06524-223081,"Collector office, Gumla",true,false,https://sec.jharkhand.gov.in/Images/contacts.pdf + district NIC sites,0.60,2026-06-26
1272,1234,,,,office_email,dc-sim@nic.in,"Collector office, Simdega",true,false,https://sec.jharkhand.gov.in/Images/contacts.pdf + district NIC sites,0.60,2026-06-26
1273,1234,,,,office_phone,06525-225101,"Collector office, Simdega",true,false,https://sec.jharkhand.gov.in/Images/contacts.pdf + district NIC sites,0.60,2026-06-26
1274,1214,,,,office_email,dc-kht-jhr@nic.in,"Collector office, Khunti",true,false,https://sec.jharkhand.gov.in/Images/contacts.pdf + district NIC sites,0.60,2026-06-26
1275,1214,,,,office_phone,06528-221777,"Collector office, Khunti",true,false,https://sec.jharkhand.gov.in/Images/contacts.pdf + district NIC sites,0.60,2026-06-26
1276,994,,,,office_email,collector-bsp.cg@gov.in,"Collector office, Bilaspur",true,false,https://www.sarkaritel.com CG collectors + district NIC sites,0.60,2026-06-26
1277,994,,,,office_phone,07752-223344,"Collector office, Bilaspur",true,false,https://www.sarkaritel.com CG collectors + district NIC sites,0.60,2026-06-26
1278,1004,,,,office_email,collector-gpm@cg.gov.in,"Collector office, Gaurella-Pendra-Marwahi",true,false,https://www.sarkaritel.com CG collectors + district NIC sites,0.60,2026-06-26
1279,1004,,,,office_phone,07751-221004,"Collector office, Gaurella-Pendra-Marwahi",true,false,https://www.sarkaritel.com CG collectors + district NIC sites,0.60,2026-06-26
1280,1006,,,,office_email,janjgir.cg@gov.in,"Collector office, Janjgir-Champa",true,false,https://www.sarkaritel.com CG collectors + district NIC sites,0.60,2026-06-26
1281,1006,,,,office_phone,07817-222208,"Collector office, Janjgir-Champa",true,false,https://www.sarkaritel.com CG collectors + district NIC sites,0.60,2026-06-26
1282,1018,,,,office_email,korba.cg@nic.in,"Collector office, Korba",true,false,https://www.sarkaritel.com CG collectors + district NIC sites,0.60,2026-06-26
1283,1018,,,,office_phone,07759-222668,"Collector office, Korba",true,false,https://www.sarkaritel.com CG collectors + district NIC sites,0.60,2026-06-26
1284,1028,,,,office_email,mungeli.cg@gov.in,"Collector office, Mungeli",true,false,https://www.sarkaritel.com CG collectors + district NIC sites,0.60,2026-06-26
1285,1028,,,,office_phone,07755-264088,"Collector office, Mungeli",true,false,https://www.sarkaritel.com CG collectors + district NIC sites,0.60,2026-06-26
1286,1032,,,,office_email,raigarh.cg@gov.in,"Collector office, Raigarh",true,false,https://www.sarkaritel.com CG collectors + district NIC sites,0.60,2026-06-26
1287,1032,,,,office_phone,07762-222103,"Collector office, Raigarh",true,false,https://www.sarkaritel.com CG collectors + district NIC sites,0.60,2026-06-26
1288,1040,,,,office_email,collector-sakti@cg.gov.in,"Collector office, Sakti",true,false,https://www.sarkaritel.com CG collectors + district NIC sites,0.60,2026-06-26
1289,1038,,,,office_email,collector-sghbgh@cg.gov.in,"Collector office, Sarangarh-Bilaigarh",true,false,https://www.sarkaritel.com CG collectors + district NIC sites,0.60,2026-06-26
1290,1038,,,,office_phone,07768-299020,"Collector office, Sarangarh-Bilaigarh",true,false,https://www.sarkaritel.com CG collectors + district NIC sites,0.60,2026-06-26
1291,1034,,,,office_email,raipur.cg@nic.in,"Collector office, Raipur",true,false,https://www.sarkaritel.com CG collectors + district NIC sites,0.60,2026-06-26
1292,1034,,,,office_phone,0771-2426024,"Collector office, Raipur",true,false,https://www.sarkaritel.com CG collectors + district NIC sites,0.60,2026-06-26
1293,984,,,,office_email,balodabazar.cg@gov.in,"Collector office, Baloda Bazar-Bhatapara",true,false,https://www.sarkaritel.com CG collectors + district NIC sites,0.60,2026-06-26
1294,984,,,,office_phone,07727-223444,"Collector office, Baloda Bazar-Bhatapara",true,false,https://www.sarkaritel.com CG collectors + district NIC sites,0.60,2026-06-26
1295,998,,,,office_email,dhamtari.cg@nic.in,"Collector office, Dhamtari",true,false,https://www.sarkaritel.com CG collectors + district NIC sites,0.60,2026-06-26
1296,998,,,,office_phone,07722-237592,"Collector office, Dhamtari",true,false,https://www.sarkaritel.com CG collectors + district NIC sites,0.60,2026-06-26
1297,1002,,,,office_email,gariaband.cg@gov.in,"Collector office, Gariaband",true,false,https://www.sarkaritel.com CG collectors + district NIC sites,0.60,2026-06-26
1298,1002,,,,office_phone,07706-241455,"Collector office, Gariaband",true,false,https://www.sarkaritel.com CG collectors + district NIC sites,0.60,2026-06-26
1299,1022,,,,office_email,collector-msd.cg@gov.in,"Collector office, Mahasamund",true,false,https://www.sarkaritel.com CG collectors + district NIC sites,0.60,2026-06-26
1300,1022,,,,office_phone,07723-222540,"Collector office, Mahasamund",true,false,https://www.sarkaritel.com CG collectors + district NIC sites,0.60,2026-06-26
1301,1046,,,,office_email,collector-sur.cg@gov.in,"Collector office, Surguja",true,false,https://www.sarkaritel.com CG collectors + district NIC sites,0.60,2026-06-26
1302,1046,,,,office_phone,07774-220532,"Collector office, Surguja",true,false,https://www.sarkaritel.com CG collectors + district NIC sites,0.60,2026-06-26
1303,986,,,,office_email,collectorbalrampur@gmail.com,"Collector office, Balrampur",true,false,https://www.sarkaritel.com CG collectors + district NIC sites,0.60,2026-06-26
1304,986,,,,office_phone,07831-273000,"Collector office, Balrampur",true,false,https://www.sarkaritel.com CG collectors + district NIC sites,0.60,2026-06-26
1305,1008,,,,office_email,jashpur.cg@gov.in,"Collector office, Jashpur",true,false,https://www.sarkaritel.com CG collectors + district NIC sites,0.60,2026-06-26
1306,1008,,,,office_phone,07763-223226,"Collector office, Jashpur",true,false,https://www.sarkaritel.com CG collectors + district NIC sites,0.60,2026-06-26
1307,1020,,,,office_email,collector-kor.cg@gov.in,"Collector office, Koriya",true,false,https://www.sarkaritel.com CG collectors + district NIC sites,0.60,2026-06-26
1308,1020,,,,office_phone,07836-232721,"Collector office, Koriya",true,false,https://www.sarkaritel.com CG collectors + district NIC sites,0.60,2026-06-26
1309,1024,,,,office_email,collector-mcb@cg.gov.in,"Collector office, Manendragarh-Chirmiri-Bharatpur",true,false,https://www.sarkaritel.com CG collectors + district NIC sites,0.60,2026-06-26
1310,1024,,,,office_phone,07771-299055,"Collector office, Manendragarh-Chirmiri-Bharatpur",true,false,https://www.sarkaritel.com CG collectors + district NIC sites,0.60,2026-06-26
1311,1044,,,,office_email,collector-srj.cg@gov.in,"Collector office, Surajpur",true,false,https://www.sarkaritel.com CG collectors + district NIC sites,0.60,2026-06-26
1312,1044,,,,office_phone,07775-266117,"Collector office, Surajpur",true,false,https://www.sarkaritel.com CG collectors + district NIC sites,0.60,2026-06-26
1313,1000,,,,office_email,collector-drg.cg@gov.in,"Collector office, Durg",true,false,https://www.sarkaritel.com CG collectors + district NIC sites,0.60,2026-06-26
1314,1000,,,,office_phone,0788-2322655,"Collector office, Durg",true,false,https://www.sarkaritel.com CG collectors + district NIC sites,0.60,2026-06-26
1315,982,,,,office_email,balod.cg@gov.in,"Collector office, Balod",true,false,https://www.sarkaritel.com CG collectors + district NIC sites,0.60,2026-06-26
1316,982,,,,office_phone,07749-223999,"Collector office, Balod",true,false,https://www.sarkaritel.com CG collectors + district NIC sites,0.60,2026-06-26
1317,990,,,,office_email,bemetara.cg@gov.in,"Collector office, Bemetara",true,false,https://www.sarkaritel.com CG collectors + district NIC sites,0.60,2026-06-26
1318,990,,,,office_phone,07824-222122,"Collector office, Bemetara",true,false,https://www.sarkaritel.com CG collectors + district NIC sites,0.60,2026-06-26
1319,1010,,,,office_email,collector-kwd.cg@gov.in,"Collector office, Kabirdham",true,false,https://www.sarkaritel.com CG collectors + district NIC sites,0.60,2026-06-26
1320,1010,,,,office_phone,07741-232134,"Collector office, Kabirdham",true,false,https://www.sarkaritel.com CG collectors + district NIC sites,0.60,2026-06-26
1321,1016,,,,office_email,collector-kcg@cg.gov.in,"Collector office, Khairagarh-Chhuikhadan-Gandai",true,false,https://www.sarkaritel.com CG collectors + district NIC sites,0.60,2026-06-26
1322,1016,,,,office_phone,07820-299500,"Collector office, Khairagarh-Chhuikhadan-Gandai",true,false,https://www.sarkaritel.com CG collectors + district NIC sites,0.60,2026-06-26
1323,1026,,,,office_email,collector-mmac@cg.gov.in,"Collector office, Mohla-Manpur-Ambagarh Chowki",true,false,https://www.sarkaritel.com CG collectors + district NIC sites,0.60,2026-06-26
1324,1026,,,,office_phone,07747-299136,"Collector office, Mohla-Manpur-Ambagarh Chowki",true,false,https://www.sarkaritel.com CG collectors + district NIC sites,0.60,2026-06-26
1325,1036,,,,office_email,collector-raj.cg@gov.in,"Collector office, Rajnandgaon",true,false,https://www.sarkaritel.com CG collectors + district NIC sites,0.60,2026-06-26
1326,1036,,,,office_phone,07744-226236,"Collector office, Rajnandgaon",true,false,https://www.sarkaritel.com CG collectors + district NIC sites,0.60,2026-06-26
1327,988,,,,office_email,bastar.cg@nic.in,"Collector office, Bastar",true,false,https://www.sarkaritel.com CG collectors + district NIC sites,0.60,2026-06-26
1328,988,,,,office_phone,07782-222693,"Collector office, Bastar",true,false,https://www.sarkaritel.com CG collectors + district NIC sites,0.60,2026-06-26
1329,992,,,,office_email,collector-bjp.cg@gov.in,"Collector office, Bijapur",true,false,https://www.sarkaritel.com CG collectors + district NIC sites,0.60,2026-06-26
1330,992,,,,office_phone,07853-220022,"Collector office, Bijapur",true,false,https://www.sarkaritel.com CG collectors + district NIC sites,0.60,2026-06-26
1331,996,,,,office_email,collector-dnt.cg@gov.in,"Collector office, Dantewada",true,false,https://www.sarkaritel.com CG collectors + district NIC sites,0.60,2026-06-26
1332,996,,,,office_phone,07856-252455,"Collector office, Dantewada",true,false,https://www.sarkaritel.com CG collectors + district NIC sites,0.60,2026-06-26
1333,1012,,,,office_email,kanker.cg@nic.in,"Collector office, Kanker",true,false,https://www.sarkaritel.com CG collectors + district NIC sites,0.60,2026-06-26
1334,1012,,,,office_phone,07868-241222,"Collector office, Kanker",true,false,https://www.sarkaritel.com CG collectors + district NIC sites,0.60,2026-06-26
1335,1014,,,,office_email,collector-knd.cg@gov.in,"Collector office, Kondagaon",true,false,https://www.sarkaritel.com CG collectors + district NIC sites,0.60,2026-06-26
1336,1014,,,,office_phone,07786-299401,"Collector office, Kondagaon",true,false,https://www.sarkaritel.com CG collectors + district NIC sites,0.60,2026-06-26
1337,1030,,,,office_email,narayanpur.cg@nic.in,"Collector office, Narayanpur",true,false,https://www.sarkaritel.com CG collectors + district NIC sites,0.60,2026-06-26
1338,1030,,,,office_phone,07781-252216,"Collector office, Narayanpur",true,false,https://www.sarkaritel.com CG collectors + district NIC sites,0.60,2026-06-26
1339,1042,,,,office_email,sukma.cg@nic.in,"Collector office, Sukma",true,false,https://www.sarkaritel.com CG collectors + district NIC sites,0.60,2026-06-26
1340,1042,,,,office_phone,07864-284001,"Collector office, Sukma",true,false,https://www.sarkaritel.com CG collectors + district NIC sites,0.60,2026-06-26
1341,872,,,,office_email,dc-kamrupm@nic.in,"Collector office, Kamrup Metropolitan",true,false,https://cm.assam.gov.in/deputy-commissioners + district NIC sites,0.60,2026-06-26
1342,872,,,,office_phone,0361-2540149,"Collector office, Kamrup Metropolitan",true,false,https://cm.assam.gov.in/deputy-commissioners + district NIC sites,0.60,2026-06-26
1343,874,,,,office_email,dc-kamrup@nic.in,"Collector office, Kamrup",true,false,https://cm.assam.gov.in/deputy-commissioners + district NIC sites,0.60,2026-06-26
1344,874,,,,office_phone,0361-2684404,"Collector office, Kamrup",true,false,https://cm.assam.gov.in/deputy-commissioners + district NIC sites,0.60,2026-06-26
1345,888,,,,office_email,dc-nagaon@nic.in,"Collector office, Nagaon",true,false,https://cm.assam.gov.in/deputy-commissioners + district NIC sites,0.60,2026-06-26
1346,888,,,,office_phone,03672-233185,"Collector office, Nagaon",true,false,https://cm.assam.gov.in/deputy-commissioners + district NIC sites,0.60,2026-06-26
1347,846,,,,office_email,dc-cachar@nic.in,"Collector office, Cachar",true,false,https://cm.assam.gov.in/deputy-commissioners + district NIC sites,0.60,2026-06-26
1348,846,,,,office_phone,03842-245056,"Collector office, Cachar",true,false,https://cm.assam.gov.in/deputy-commissioners + district NIC sites,0.60,2026-06-26
1349,858,,,,office_email,dc-dibrugarh@nic.in,"Collector office, Dibrugarh",true,false,https://cm.assam.gov.in/deputy-commissioners + district NIC sites,0.60,2026-06-26
1350,858,,,,office_phone,0373-2316063,"Collector office, Dibrugarh",true,false,https://cm.assam.gov.in/deputy-commissioners + district NIC sites,0.60,2026-06-26
1351,894,,,,office_email,dc-sonitpur@nic.in,"Collector office, Sonitpur",true,false,https://cm.assam.gov.in/deputy-commissioners + district NIC sites,0.60,2026-06-26
1352,894,,,,office_phone,03712-220011,"Collector office, Sonitpur",true,false,https://cm.assam.gov.in/deputy-commissioners + district NIC sites,0.60,2026-06-26
1353,840,,,,office_email,dc-barpeta@nic.in,"Collector office, Barpeta",true,false,https://cm.assam.gov.in/deputy-commissioners + district NIC sites,0.60,2026-06-26
1354,840,,,,office_phone,03665-252129,"Collector office, Barpeta",true,false,https://cm.assam.gov.in/deputy-commissioners + district NIC sites,0.60,2026-06-26
1355,890,,,,office_email,dc-nalbari@nic.in,"Collector office, Nalbari",true,false,https://cm.assam.gov.in/deputy-commissioners + district NIC sites,0.60,2026-06-26
1356,890,,,,office_phone,03624-220496,"Collector office, Nalbari",true,false,https://cm.assam.gov.in/deputy-commissioners + district NIC sites,0.60,2026-06-26
1357,852,,,,office_email,dc-darrang@nic.in,"Collector office, Darrang",true,false,https://cm.assam.gov.in/deputy-commissioners + district NIC sites,0.60,2026-06-26
1358,852,,,,office_phone,03713-222135,"Collector office, Darrang",true,false,https://cm.assam.gov.in/deputy-commissioners + district NIC sites,0.60,2026-06-26
1359,886,,,,office_email,dc-morigaon@nic.in,"Collector office, Morigaon",true,false,https://cm.assam.gov.in/deputy-commissioners + district NIC sites,0.60,2026-06-26
1360,886,,,,office_phone,03678-240225,"Collector office, Morigaon",true,false,https://cm.assam.gov.in/deputy-commissioners + district NIC sites,0.60,2026-06-26
1361,900,,,,office_email,dc-tinsukia@nic.in,"Collector office, Tinsukia",true,false,https://cm.assam.gov.in/deputy-commissioners + district NIC sites,0.60,2026-06-26
1362,900,,,,office_phone,0374-2331572,"Collector office, Tinsukia",true,false,https://cm.assam.gov.in/deputy-commissioners + district NIC sites,0.60,2026-06-26
1363,870,,,,office_email,dc-jorhat@nic.in,"Collector office, Jorhat",true,false,https://cm.assam.gov.in/deputy-commissioners + district NIC sites,0.60,2026-06-26
1364,870,,,,office_phone,0376-2320020,"Collector office, Jorhat",true,false,https://cm.assam.gov.in/deputy-commissioners + district NIC sites,0.60,2026-06-26
1365,856,,,,office_email,dc-dhubri@nic.in,"Collector office, Dhubri",true,false,https://cm.assam.gov.in/deputy-commissioners + district NIC sites,0.60,2026-06-26
1366,856,,,,office_phone,03662-230050,"Collector office, Dhubri",true,false,https://cm.assam.gov.in/deputy-commissioners + district NIC sites,0.60,2026-06-26
1367,862,,,,office_email,dc-goalpara@nic.in,"Collector office, Goalpara",true,false,https://cm.assam.gov.in/deputy-commissioners + district NIC sites,0.60,2026-06-26
1368,862,,,,office_phone,03663-240030,"Collector office, Goalpara",true,false,https://cm.assam.gov.in/deputy-commissioners + district NIC sites,0.60,2026-06-26
1369,844,,,,office_email,dc-bongaigaon@nic.in,"Collector office, Bongaigaon",true,false,https://cm.assam.gov.in/deputy-commissioners + district NIC sites,0.60,2026-06-26
1370,844,,,,office_phone,03664-231338,"Collector office, Bongaigaon",true,false,https://cm.assam.gov.in/deputy-commissioners + district NIC sites,0.60,2026-06-26
1371,880,,,,office_email,dc-kokrajhar@nic.in,"Collector office, Kokrajhar",true,false,https://cm.assam.gov.in/deputy-commissioners + district NIC sites,0.60,2026-06-26
1372,880,,,,office_phone,03661-270141,"Collector office, Kokrajhar",true,false,https://cm.assam.gov.in/deputy-commissioners + district NIC sites,0.60,2026-06-26
1373,850,,,,office_email,dc-chirang@nic.in,"Collector office, Chirang",true,false,https://cm.assam.gov.in/deputy-commissioners + district NIC sites,0.60,2026-06-26
1374,850,,,,office_phone,03664-241992,"Collector office, Chirang",true,false,https://cm.assam.gov.in/deputy-commissioners + district NIC sites,0.60,2026-06-26
1375,836,,,,office_email,dc-baksa@nic.in,"Collector office, Baksa",true,false,https://cm.assam.gov.in/deputy-commissioners + district NIC sites,0.60,2026-06-26
1376,902,,,,office_email,dc-udalguri@nic.in,"Collector office, Udalguri",true,false,https://cm.assam.gov.in/deputy-commissioners + district NIC sites,0.60,2026-06-26
1377,902,,,,office_phone,03711-224433,"Collector office, Udalguri",true,false,https://cm.assam.gov.in/deputy-commissioners + district NIC sites,0.60,2026-06-26
1378,882,,,,office_email,dc-lakhimpur@nic.in,"Collector office, Lakhimpur",true,false,https://cm.assam.gov.in/deputy-commissioners + district NIC sites,0.60,2026-06-26
1379,882,,,,office_phone,03752-222196,"Collector office, Lakhimpur",true,false,https://cm.assam.gov.in/deputy-commissioners + district NIC sites,0.60,2026-06-26
1380,854,,,,office_email,dc-dhemaji@nic.in,"Collector office, Dhemaji",true,false,https://cm.assam.gov.in/deputy-commissioners + district NIC sites,0.60,2026-06-26
1381,854,,,,office_phone,03753-224208,"Collector office, Dhemaji",true,false,https://cm.assam.gov.in/deputy-commissioners + district NIC sites,0.60,2026-06-26
1382,864,,,,office_email,dc-golaghat@nic.in,"Collector office, Golaghat",true,false,https://cm.assam.gov.in/deputy-commissioners + district NIC sites,0.60,2026-06-26
1383,864,,,,office_phone,03774-280222,"Collector office, Golaghat",true,false,https://cm.assam.gov.in/deputy-commissioners + district NIC sites,0.60,2026-06-26
1384,892,,,,office_email,dc-sibsagar@nic.in,"Collector office, Sivasagar",true,false,https://cm.assam.gov.in/deputy-commissioners + district NIC sites,0.60,2026-06-26
1385,892,,,,office_phone,03772-222137,"Collector office, Sivasagar",true,false,https://cm.assam.gov.in/deputy-commissioners + district NIC sites,0.60,2026-06-26
1386,878,,,,office_email,dc-karimganj@nic.in,"Collector office, Sribhumi",true,false,https://cm.assam.gov.in/deputy-commissioners + district NIC sites,0.60,2026-06-26
1387,878,,,,office_phone,03843-262345,"Collector office, Sribhumi",true,false,https://cm.assam.gov.in/deputy-commissioners + district NIC sites,0.60,2026-06-26
1388,866,,,,office_email,dc-hailakandi@nic.in,"Collector office, Hailakandi",true,false,https://cm.assam.gov.in/deputy-commissioners + district NIC sites,0.60,2026-06-26
1389,866,,,,office_phone,03844-222251,"Collector office, Hailakandi",true,false,https://cm.assam.gov.in/deputy-commissioners + district NIC sites,0.60,2026-06-26
1390,876,,,,office_email,dc-kanglong@nic.in,"Collector office, Karbi Anglong",true,false,https://cm.assam.gov.in/deputy-commissioners + district NIC sites,0.60,2026-06-26
1391,876,,,,office_phone,03671-272257,"Collector office, Karbi Anglong",true,false,https://cm.assam.gov.in/deputy-commissioners + district NIC sites,0.60,2026-06-26
1392,904,,,,office_email,dc.westkarbianglong@gov.in,"Collector office, West Karbi Anglong",true,false,https://cm.assam.gov.in/deputy-commissioners + district NIC sites,0.60,2026-06-26
1393,904,,,,office_phone,9394102009,"Collector office, West Karbi Anglong",true,false,https://cm.assam.gov.in/deputy-commissioners + district NIC sites,0.60,2026-06-26
1394,860,,,,office_phone,03673-236222,"Collector office, Dima Hasao",true,false,https://cm.assam.gov.in/deputy-commissioners + district NIC sites,0.60,2026-06-26
1395,868,,,,office_email,dc-hojai@gov.in,"Collector office, Hojai",true,false,https://cm.assam.gov.in/deputy-commissioners + district NIC sites,0.60,2026-06-26
1396,868,,,,office_phone,03674-284455,"Collector office, Hojai",true,false,https://cm.assam.gov.in/deputy-commissioners + district NIC sites,0.60,2026-06-26
1397,842,,,,office_email,dc-biswanath@gov.in,"Collector office, Biswanath",true,false,https://cm.assam.gov.in/deputy-commissioners + district NIC sites,0.60,2026-06-26
1398,842,,,,office_phone,03715-230071,"Collector office, Biswanath",true,false,https://cm.assam.gov.in/deputy-commissioners + district NIC sites,0.60,2026-06-26
1399,848,,,,office_email,dc-charaideo@nic.in,"Collector office, Charaideo",true,false,https://cm.assam.gov.in/deputy-commissioners + district NIC sites,0.60,2026-06-26
1400,848,,,,office_phone,03772-256567,"Collector office, Charaideo",true,false,https://cm.assam.gov.in/deputy-commissioners + district NIC sites,0.60,2026-06-26
1401,896,,,,office_email,dc-southsalmara@nic.in,"Collector office, South Salmara-Mankachar",true,false,https://cm.assam.gov.in/deputy-commissioners + district NIC sites,0.60,2026-06-26
1402,884,,,,office_email,dc-majuli@nic.in,"Collector office, Majuli",true,false,https://cm.assam.gov.in/deputy-commissioners + district NIC sites,0.60,2026-06-26
1403,884,,,,office_phone,03775-274475,"Collector office, Majuli",true,false,https://cm.assam.gov.in/deputy-commissioners + district NIC sites,0.60,2026-06-26
1404,838,,,,office_email,dc-bajali@assam.gov.in,"Collector office, Bajali",true,false,https://cm.assam.gov.in/deputy-commissioners + district NIC sites,0.60,2026-06-26
1405,838,,,,office_phone,03666-296999,"Collector office, Bajali",true,false,https://cm.assam.gov.in/deputy-commissioners + district NIC sites,0.60,2026-06-26
1406,1166,,,,office_email,dc-bil-hp@nic.in,"Collector office, Bilaspur",true,false,https://himachal.nic.in/en-IN/dc-email.html + district NIC sites,0.60,2026-06-26
1407,1166,,,,office_phone,01978-224155,"Collector office, Bilaspur",true,false,https://himachal.nic.in/en-IN/dc-email.html + district NIC sites,0.60,2026-06-26
1408,1168,,,,office_email,dc-cha-hp@nic.in,"Collector office, Chamba",true,false,https://himachal.nic.in/en-IN/dc-email.html + district NIC sites,0.60,2026-06-26
1409,1168,,,,office_phone,01899-225931,"Collector office, Chamba",true,false,https://himachal.nic.in/en-IN/dc-email.html + district NIC sites,0.60,2026-06-26
1410,1170,,,,office_email,dc-ham-hp@nic.in,"Collector office, Hamirpur",true,false,https://himachal.nic.in/en-IN/dc-email.html + district NIC sites,0.60,2026-06-26
1411,1170,,,,office_phone,01972-224300,"Collector office, Hamirpur",true,false,https://himachal.nic.in/en-IN/dc-email.html + district NIC sites,0.60,2026-06-26
1412,1172,,,,office_email,dc-kan-hp@nic.in,"Collector office, Kangra",true,false,https://himachal.nic.in/en-IN/dc-email.html + district NIC sites,0.60,2026-06-26
1413,1172,,,,office_phone,01892-222103,"Collector office, Kangra",true,false,https://himachal.nic.in/en-IN/dc-email.html + district NIC sites,0.60,2026-06-26
1414,1174,,,,office_email,dc-kin-hp@nic.in,"Collector office, Kinnaur",true,false,https://himachal.nic.in/en-IN/dc-email.html + district NIC sites,0.60,2026-06-26
1415,1174,,,,office_phone,01786-222252,"Collector office, Kinnaur",true,false,https://himachal.nic.in/en-IN/dc-email.html + district NIC sites,0.60,2026-06-26
1416,1176,,,,office_email,dc-kul-hp@nic.in,"Collector office, Kullu",true,false,https://himachal.nic.in/en-IN/dc-email.html + district NIC sites,0.60,2026-06-26
1417,1176,,,,office_phone,01902-222727,"Collector office, Kullu",true,false,https://himachal.nic.in/en-IN/dc-email.html + district NIC sites,0.60,2026-06-26
1418,1178,,,,office_email,dc-lah-hp@nic.in,"Collector office, Lahaul and Spiti",true,false,https://himachal.nic.in/en-IN/dc-email.html + district NIC sites,0.60,2026-06-26
1419,1180,,,,office_email,dc-man-hp@nic.in,"Collector office, Mandi",true,false,https://himachal.nic.in/en-IN/dc-email.html + district NIC sites,0.60,2026-06-26
1420,1180,,,,office_phone,01905-225201,"Collector office, Mandi",true,false,https://himachal.nic.in/en-IN/dc-email.html + district NIC sites,0.60,2026-06-26
1421,1182,,,,office_email,dc-shi-hp@nic.in,"Collector office, Shimla",true,false,https://himachal.nic.in/en-IN/dc-email.html + district NIC sites,0.60,2026-06-26
1422,1182,,,,office_phone,0177-2655988,"Collector office, Shimla",true,false,https://himachal.nic.in/en-IN/dc-email.html + district NIC sites,0.60,2026-06-26
1423,1184,,,,office_email,dc-sir-hp@nic.in,"Collector office, Sirmaur",true,false,https://himachal.nic.in/en-IN/dc-email.html + district NIC sites,0.60,2026-06-26
1424,1184,,,,office_phone,01702-225025,"Collector office, Sirmaur",true,false,https://himachal.nic.in/en-IN/dc-email.html + district NIC sites,0.60,2026-06-26
1425,1186,,,,office_email,dc-sol-hp@nic.in,"Collector office, Solan",true,false,https://himachal.nic.in/en-IN/dc-email.html + district NIC sites,0.60,2026-06-26
1426,1186,,,,office_phone,01792-220656,"Collector office, Solan",true,false,https://himachal.nic.in/en-IN/dc-email.html + district NIC sites,0.60,2026-06-26
1427,1188,,,,office_email,dc-una-hp@nic.in,"Collector office, Una",true,false,https://himachal.nic.in/en-IN/dc-email.html + district NIC sites,0.60,2026-06-26
1428,1188,,,,office_phone,01975-225800,"Collector office, Una",true,false,https://himachal.nic.in/en-IN/dc-email.html + district NIC sites,0.60,2026-06-26
1429,1988,,,,office_email,dm-deh-ua@nic.in,"Collector office, Dehradun",true,false,https://www.sarkaritel.com UK DM directory + district NIC sites,0.60,2026-06-26
1430,1988,,,,office_phone,0135-2622389,"Collector office, Dehradun",true,false,https://www.sarkaritel.com UK DM directory + district NIC sites,0.60,2026-06-26
1431,1990,,,,office_email,dm-har-ua@nic.in,"Collector office, Haridwar",true,false,https://www.sarkaritel.com UK DM directory + district NIC sites,0.60,2026-06-26
1432,1990,,,,office_phone,01334-239440,"Collector office, Haridwar",true,false,https://www.sarkaritel.com UK DM directory + district NIC sites,0.60,2026-06-26
1433,1994,,,,office_email,dm-pau-ua@nic.in,"Collector office, Pauri Garhwal",true,false,https://www.sarkaritel.com UK DM directory + district NIC sites,0.60,2026-06-26
1434,1994,,,,office_phone,01368-222250,"Collector office, Pauri Garhwal",true,false,https://www.sarkaritel.com UK DM directory + district NIC sites,0.60,2026-06-26
1435,2000,,,,office_email,dm-teh-ua@nic.in,"Collector office, Tehri Garhwal",true,false,https://www.sarkaritel.com UK DM directory + district NIC sites,0.60,2026-06-26
1436,2000,,,,office_phone,01376-232092,"Collector office, Tehri Garhwal",true,false,https://www.sarkaritel.com UK DM directory + district NIC sites,0.60,2026-06-26
1437,2004,,,,office_email,dm-utt-ua@nic.in,"Collector office, Uttarkashi",true,false,https://www.sarkaritel.com UK DM directory + district NIC sites,0.60,2026-06-26
1438,2004,,,,office_phone,01374-222280,"Collector office, Uttarkashi",true,false,https://www.sarkaritel.com UK DM directory + district NIC sites,0.60,2026-06-26
1439,1998,,,,office_email,dm-rud-ua@nic.in,"Collector office, Rudraprayag",true,false,https://www.sarkaritel.com UK DM directory + district NIC sites,0.60,2026-06-26
1440,1998,,,,office_phone,01364-233300,"Collector office, Rudraprayag",true,false,https://www.sarkaritel.com UK DM directory + district NIC sites,0.60,2026-06-26
1441,1984,,,,office_email,dm-cha-ua@nic.in,"Collector office, Chamoli",true,false,https://www.sarkaritel.com UK DM directory + district NIC sites,0.60,2026-06-26
1442,1984,,,,office_phone,01372-252102,"Collector office, Chamoli",true,false,https://www.sarkaritel.com UK DM directory + district NIC sites,0.60,2026-06-26
1443,1992,,,,office_email,dm-nai-ua@nic.in,"Collector office, Nainital",true,false,https://www.sarkaritel.com UK DM directory + district NIC sites,0.60,2026-06-26
1444,1992,,,,office_phone,05942-235684,"Collector office, Nainital",true,false,https://www.sarkaritel.com UK DM directory + district NIC sites,0.60,2026-06-26
1445,2002,,,,office_email,dm-usn-ua@nic.in,"Collector office, Udham Singh Nagar",true,false,https://www.sarkaritel.com UK DM directory + district NIC sites,0.60,2026-06-26
1446,2002,,,,office_phone,05944-242344,"Collector office, Udham Singh Nagar",true,false,https://www.sarkaritel.com UK DM directory + district NIC sites,0.60,2026-06-26
1447,1980,,,,office_email,dm-alm-ua@nic.in,"Collector office, Almora",true,false,https://www.sarkaritel.com UK DM directory + district NIC sites,0.60,2026-06-26
1448,1980,,,,office_phone,05962-230170,"Collector office, Almora",true,false,https://www.sarkaritel.com UK DM directory + district NIC sites,0.60,2026-06-26
1449,1982,,,,office_email,dm-bag-ua@nic.in,"Collector office, Bageshwar",true,false,https://www.sarkaritel.com UK DM directory + district NIC sites,0.60,2026-06-26
1450,1982,,,,office_phone,05963-220763,"Collector office, Bageshwar",true,false,https://www.sarkaritel.com UK DM directory + district NIC sites,0.60,2026-06-26
1451,1986,,,,office_email,dm-chp-ua@nic.in,"Collector office, Champawat",true,false,https://www.sarkaritel.com UK DM directory + district NIC sites,0.60,2026-06-26
1452,1986,,,,office_phone,05965-230285,"Collector office, Champawat",true,false,https://www.sarkaritel.com UK DM directory + district NIC sites,0.60,2026-06-26
1453,1996,,,,office_email,dm-pit-ua@nic.in,"Collector office, Pithoragarh",true,false,https://www.sarkaritel.com UK DM directory + district NIC sites,0.60,2026-06-26
1454,1996,,,,office_phone,05964-225301,"Collector office, Pithoragarh",true,false,https://www.sarkaritel.com UK DM directory + district NIC sites,0.60,2026-06-26
1455,2244,,,,office_email,dcsgr-jk@nic.in,"Collector office, Srinagar",true,false,https://www.sarkaritel.com J&K DC directory + district NIC sites,0.60,2026-06-26
1456,2244,,,,office_phone,0194-2452182,"Collector office, Srinagar",true,false,https://www.sarkaritel.com J&K DC directory + district NIC sites,0.60,2026-06-26
1457,2248,,,,office_email,anantnag@nic.in,"Collector office, Anantnag",true,false,https://www.sarkaritel.com J&K DC directory + district NIC sites,0.60,2026-06-26
1458,2248,,,,office_phone,01932-222337,"Collector office, Anantnag",true,false,https://www.sarkaritel.com J&K DC directory + district NIC sites,0.60,2026-06-26
1459,2256,,,,office_email,pa.dcbla@gmail.com,"Collector office, Baramulla",true,false,https://www.sarkaritel.com J&K DC directory + district NIC sites,0.60,2026-06-26
1460,2256,,,,office_phone,01952-234210,"Collector office, Baramulla",true,false,https://www.sarkaritel.com J&K DC directory + district NIC sites,0.60,2026-06-26
1461,2246,,,,office_email,budgam@nic.in,"Collector office, Budgam",true,false,https://www.sarkaritel.com J&K DC directory + district NIC sites,0.60,2026-06-26
1462,2246,,,,office_phone,01951-255203,"Collector office, Budgam",true,false,https://www.sarkaritel.com J&K DC directory + district NIC sites,0.60,2026-06-26
1463,2258,,,,office_email,bandipore@nic.in,"Collector office, Bandipora",true,false,https://www.sarkaritel.com J&K DC directory + district NIC sites,0.60,2026-06-26
1464,2258,,,,office_phone,01957-226085,"Collector office, Bandipora",true,false,https://www.sarkaritel.com J&K DC directory + district NIC sites,0.60,2026-06-26
1465,2262,,,,office_email,dc-ganderbal@gov.in,"Collector office, Ganderbal",true,false,https://www.sarkaritel.com J&K DC directory + district NIC sites,0.60,2026-06-26
1466,2262,,,,office_phone,0194-2416142,"Collector office, Ganderbal",true,false,https://www.sarkaritel.com J&K DC directory + district NIC sites,0.60,2026-06-26
1467,2260,,,,office_email,padckupwara@gmail.com,"Collector office, Kupwara",true,false,https://www.sarkaritel.com J&K DC directory + district NIC sites,0.60,2026-06-26
1468,2260,,,,office_phone,01955-253335,"Collector office, Kupwara",true,false,https://www.sarkaritel.com J&K DC directory + district NIC sites,0.60,2026-06-26
1469,2252,,,,office_email,dcpul-jk@nic.in,"Collector office, Pulwama",true,false,https://www.sarkaritel.com J&K DC directory + district NIC sites,0.60,2026-06-26
1470,2252,,,,office_phone,01933-241243,"Collector office, Pulwama",true,false,https://www.sarkaritel.com J&K DC directory + district NIC sites,0.60,2026-06-26
1471,2254,,,,office_email,dmshopian-jk@nic.in,"Collector office, Shopian",true,false,https://www.sarkaritel.com J&K DC directory + district NIC sites,0.60,2026-06-26
1472,2254,,,,office_phone,01933-260987,"Collector office, Shopian",true,false,https://www.sarkaritel.com J&K DC directory + district NIC sites,0.60,2026-06-26
1473,2250,,,,office_email,dckulgam-jk@gov.in,"Collector office, Kulgam",true,false,https://www.sarkaritel.com J&K DC directory + district NIC sites,0.60,2026-06-26
1474,2250,,,,office_phone,01931-260500,"Collector office, Kulgam",true,false,https://www.sarkaritel.com J&K DC directory + district NIC sites,0.60,2026-06-26
1475,2224,,,,office_email,dcjmu-jk@nic.in,"Collector office, Jammu",true,false,https://www.sarkaritel.com J&K DC directory + district NIC sites,0.60,2026-06-26
1476,2224,,,,office_phone,0191-2544366,"Collector office, Jammu",true,false,https://www.sarkaritel.com J&K DC directory + district NIC sites,0.60,2026-06-26
1477,2228,,,,office_email,dckth-jk@nic.in,"Collector office, Kathua",true,false,https://www.sarkaritel.com J&K DC directory + district NIC sites,0.60,2026-06-26
1478,2228,,,,office_phone,01922-234007,"Collector office, Kathua",true,false,https://www.sarkaritel.com J&K DC directory + district NIC sites,0.60,2026-06-26
1479,2230,,,,office_email,dcudh-jk@nic.in,"Collector office, Udhampur",true,false,https://www.sarkaritel.com J&K DC directory + district NIC sites,0.60,2026-06-26
1480,2230,,,,office_phone,01992-270212,"Collector office, Udhampur",true,false,https://www.sarkaritel.com J&K DC directory + district NIC sites,0.60,2026-06-26
1481,2238,,,,office_email,dcdod-jk@nic.in,"Collector office, Doda",true,false,https://www.sarkaritel.com J&K DC directory + district NIC sites,0.60,2026-06-26
1482,2238,,,,office_phone,01996-233529,"Collector office, Doda",true,false,https://www.sarkaritel.com J&K DC directory + district NIC sites,0.60,2026-06-26
1483,2240,,,,office_email,dcramban-jk@nic.in,"Collector office, Ramban",true,false,https://www.sarkaritel.com J&K DC directory + district NIC sites,0.60,2026-06-26
1484,2240,,,,office_phone,01998-266789,"Collector office, Ramban",true,false,https://www.sarkaritel.com J&K DC directory + district NIC sites,0.60,2026-06-26
1485,2242,,,,office_email,dckishtwar-jk@nic.in,"Collector office, Kishtwar",true,false,https://www.sarkaritel.com J&K DC directory + district NIC sites,0.60,2026-06-26
1486,2242,,,,office_phone,01995-261455,"Collector office, Kishtwar",true,false,https://www.sarkaritel.com J&K DC directory + district NIC sites,0.60,2026-06-26
1487,2232,,,,office_email,jkrea@nic.in,"Collector office, Reasi",true,false,https://www.sarkaritel.com J&K DC directory + district NIC sites,0.60,2026-06-26
1488,2232,,,,office_phone,01991-244350,"Collector office, Reasi",true,false,https://www.sarkaritel.com J&K DC directory + district NIC sites,0.60,2026-06-26
1489,2234,,,,office_email,dcraj-jk@nic.in,"Collector office, Rajouri",true,false,https://www.sarkaritel.com J&K DC directory + district NIC sites,0.60,2026-06-26
1490,2234,,,,office_phone,01962-262244,"Collector office, Rajouri",true,false,https://www.sarkaritel.com J&K DC directory + district NIC sites,0.60,2026-06-26
1491,2236,,,,office_email,dcpoonch@gmail.com,"Collector office, Poonch",true,false,https://www.sarkaritel.com J&K DC directory + district NIC sites,0.60,2026-06-26
1492,2236,,,,office_phone,01965-220333,"Collector office, Poonch",true,false,https://www.sarkaritel.com J&K DC directory + district NIC sites,0.60,2026-06-26
1493,2226,,,,office_email,samba@nic.in,"Collector office, Samba",true,false,https://www.sarkaritel.com J&K DC directory + district NIC sites,0.60,2026-06-26
1494,2226,,,,office_phone,01923-241143,"Collector office, Samba",true,false,https://www.sarkaritel.com J&K DC directory + district NIC sites,0.60,2026-06-26
1495,784,,,,office_email,dc-twng-arn@nic.in,"DC office, Tawang",true,false,district NIC sites (.nic.in) + SDMA/IPR Arunachal directory,0.55,2026-06-26
1496,784,,,,office_phone,03794-222221,"DC office, Tawang",true,false,district NIC sites (.nic.in) + SDMA/IPR Arunachal directory,0.55,2026-06-26
1497,786,,,,office_email,dc-wkmg-arn@nic.in,"DC office, West Kameng",true,false,district NIC sites (.nic.in) + SDMA/IPR Arunachal directory,0.55,2026-06-26
1498,786,,,,office_phone,03782-222021,"DC office, West Kameng",true,false,district NIC sites (.nic.in) + SDMA/IPR Arunachal directory,0.55,2026-06-26
1499,788,,,,office_email,kamengse@nic.in,"DC office, East Kameng",true,false,district NIC sites (.nic.in) + SDMA/IPR Arunachal directory,0.55,2026-06-26
1500,788,,,,office_phone,03787-222338,"DC office, East Kameng",true,false,district NIC sites (.nic.in) + SDMA/IPR Arunachal directory,0.55,2026-06-26
1501,790,,,,office_email,dcpakkessang123@gmail.com,"DC office, Pakke-Kessang",true,false,district NIC sites (.nic.in) + SDMA/IPR Arunachal directory,0.55,2026-06-26
1502,792,,,,office_email,dckoloriang@gmail.com,"DC office, Kurung Kumey",true,false,district NIC sites (.nic.in) + SDMA/IPR Arunachal directory,0.55,2026-06-26
1503,792,,,,office_phone,03788-262231,"DC office, Kurung Kumey",true,false,district NIC sites (.nic.in) + SDMA/IPR Arunachal directory,0.55,2026-06-26
1504,794,,,,office_email,dc-ppare-arn@nic.in,"DC office, Papum Pare",true,false,district NIC sites (.nic.in) + SDMA/IPR Arunachal directory,0.55,2026-06-26
1505,794,,,,office_phone,0360-2244205,"DC office, Papum Pare",true,false,district NIC sites (.nic.in) + SDMA/IPR Arunachal directory,0.55,2026-06-26
1506,796,,,,office_email,dc-krd-arn@gov.in,"DC office, Kra Daadi",true,false,district NIC sites (.nic.in) + SDMA/IPR Arunachal directory,0.55,2026-06-26
1507,796,,,,office_phone,03788-264301,"DC office, Kra Daadi",true,false,district NIC sites (.nic.in) + SDMA/IPR Arunachal directory,0.55,2026-06-26
1508,798,,,,office_email,dc-lsuban-arn@nic.in,"DC office, Lower Subansiri",true,false,district NIC sites (.nic.in) + SDMA/IPR Arunachal directory,0.55,2026-06-26
1509,798,,,,office_phone,03782-224255,"DC office, Lower Subansiri",true,false,district NIC sites (.nic.in) + SDMA/IPR Arunachal directory,0.55,2026-06-26
1510,800,,,,office_email,dckamle2018@gmail.com,"DC office, Kamle",true,false,district NIC sites (.nic.in) + SDMA/IPR Arunachal directory,0.55,2026-06-26
1511,804,,,,office_email,dc-usuban-arn@nic.in,"DC office, Upper Subansiri",true,false,district NIC sites (.nic.in) + SDMA/IPR Arunachal directory,0.55,2026-06-26
1512,804,,,,office_phone,03792-223223,"DC office, Upper Subansiri",true,false,district NIC sites (.nic.in) + SDMA/IPR Arunachal directory,0.55,2026-06-26
1513,806,,,,office_email,dc-shy-arn@gov.in,"DC office, Shi-Yomi",true,false,district NIC sites (.nic.in) + SDMA/IPR Arunachal directory,0.55,2026-06-26
1514,806,,,,office_phone,9436836666,"DC office, Shi-Yomi",true,false,district NIC sites (.nic.in) + SDMA/IPR Arunachal directory,0.55,2026-06-26
1515,808,,,,office_email,dc-wsiang-arn@nic.in,"DC office, West Siang",true,false,district NIC sites (.nic.in) + SDMA/IPR Arunachal directory,0.55,2026-06-26
1516,808,,,,office_phone,03783-222221,"DC office, West Siang",true,false,district NIC sites (.nic.in) + SDMA/IPR Arunachal directory,0.55,2026-06-26
1517,810,,,,office_email,dc-siang-arn@gov.in,"DC office, Siang",true,false,district NIC sites (.nic.in) + SDMA/IPR Arunachal directory,0.55,2026-06-26
1518,810,,,,office_phone,03797-272445,"DC office, Siang",true,false,district NIC sites (.nic.in) + SDMA/IPR Arunachal directory,0.55,2026-06-26
1519,812,,,,office_email,dclsd2017@gmail.com,"DC office, Lower Siang",true,false,district NIC sites (.nic.in) + SDMA/IPR Arunachal directory,0.55,2026-06-26
1520,814,,,,office_email,dclrd25@gmail.com,"DC office, Lepa-Rada",true,false,district NIC sites (.nic.in) + SDMA/IPR Arunachal directory,0.55,2026-06-26
1521,816,,,,office_email,dc-usiang-arn@nic.in,"DC office, Upper Siang",true,false,district NIC sites (.nic.in) + SDMA/IPR Arunachal directory,0.55,2026-06-26
1522,818,,,,office_email,dc-esiang-arn@nic.in,"DC office, East Siang",true,false,district NIC sites (.nic.in) + SDMA/IPR Arunachal directory,0.55,2026-06-26
1523,818,,,,office_phone,0368-2222340,"DC office, East Siang",true,false,district NIC sites (.nic.in) + SDMA/IPR Arunachal directory,0.55,2026-06-26
1524,820,,,,office_email,dc-dvalley-arn@nic.in,"DC office, Dibang Valley",true,false,district NIC sites (.nic.in) + SDMA/IPR Arunachal directory,0.55,2026-06-26
1525,820,,,,office_phone,03801-222248,"DC office, Dibang Valley",true,false,district NIC sites (.nic.in) + SDMA/IPR Arunachal directory,0.55,2026-06-26
1526,822,,,,office_email,dc-ldvalley-arn@nic.in,"DC office, Lower Dibang Valley",true,false,district NIC sites (.nic.in) + SDMA/IPR Arunachal directory,0.55,2026-06-26
1527,822,,,,office_phone,03803-222223,"DC office, Lower Dibang Valley",true,false,district NIC sites (.nic.in) + SDMA/IPR Arunachal directory,0.55,2026-06-26
1528,824,,,,office_email,dc-lohit-arn@nic.in,"DC office, Lohit",true,false,district NIC sites (.nic.in) + SDMA/IPR Arunachal directory,0.55,2026-06-26
1529,824,,,,office_phone,03804-224485,"DC office, Lohit",true,false,district NIC sites (.nic.in) + SDMA/IPR Arunachal directory,0.55,2026-06-26
1530,826,,,,office_email,dc-anjaw-arn@nic.in,"DC office, Anjaw",true,false,district NIC sites (.nic.in) + SDMA/IPR Arunachal directory,0.55,2026-06-26
1531,826,,,,office_phone,9436256688,"DC office, Anjaw",true,false,district NIC sites (.nic.in) + SDMA/IPR Arunachal directory,0.55,2026-06-26
1532,828,,,,office_email,dc-namsai-arn@gov.in,"DC office, Namsai",true,false,district NIC sites (.nic.in) + SDMA/IPR Arunachal directory,0.55,2026-06-26
1533,828,,,,office_phone,03806-262228,"DC office, Namsai",true,false,district NIC sites (.nic.in) + SDMA/IPR Arunachal directory,0.55,2026-06-26
1534,830,,,,office_email,dc-chang-arn@nic.in,"DC office, Changlang",true,false,district NIC sites (.nic.in) + SDMA/IPR Arunachal directory,0.55,2026-06-26
1535,830,,,,office_phone,03808-222221,"DC office, Changlang",true,false,district NIC sites (.nic.in) + SDMA/IPR Arunachal directory,0.55,2026-06-26
1536,832,,,,office_email,dc-tirap-arn@nic.in,"DC office, Tirap",true,false,district NIC sites (.nic.in) + SDMA/IPR Arunachal directory,0.55,2026-06-26
1537,832,,,,office_phone,03786-222222,"DC office, Tirap",true,false,district NIC sites (.nic.in) + SDMA/IPR Arunachal directory,0.55,2026-06-26
1538,834,,,,office_email,dc-longding-arn@nic.in,"DC office, Longding",true,false,district NIC sites (.nic.in) + SDMA/IPR Arunachal directory,0.55,2026-06-26
1539,834,,,,office_phone,03786-243221,"DC office, Longding",true,false,district NIC sites (.nic.in) + SDMA/IPR Arunachal directory,0.55,2026-06-26
1540,1518,,,,office_email,dc-impw@nic.in,"DC office, Imphal West",true,false,https://www.sarkaritel.com Manipur DC + district NIC sites,0.55,2026-06-26
1541,1518,,,,office_phone,0385-2414615,"DC office, Imphal West",true,false,https://www.sarkaritel.com Manipur DC + district NIC sites,0.55,2026-06-26
1542,1516,,,,office_email,dc-impe@nic.in,"DC office, Imphal East",true,false,https://www.sarkaritel.com Manipur DC + district NIC sites,0.55,2026-06-26
1543,1516,,,,office_phone,0385-2228387,"DC office, Imphal East",true,false,https://www.sarkaritel.com Manipur DC + district NIC sites,0.55,2026-06-26
1544,1538,,,,office_email,dc-tbl@nic.in,"DC office, Thoubal",true,false,https://www.sarkaritel.com Manipur DC + district NIC sites,0.55,2026-06-26
1545,1538,,,,office_phone,03848-222262,"DC office, Thoubal",true,false,https://www.sarkaritel.com Manipur DC + district NIC sites,0.55,2026-06-26
1546,1510,,,,office_email,dc-bpr@nic.in,"DC office, Bishnupur",true,false,https://www.sarkaritel.com Manipur DC + district NIC sites,0.55,2026-06-26
1547,1510,,,,office_phone,03879-222212,"DC office, Bishnupur",true,false,https://www.sarkaritel.com Manipur DC + district NIC sites,0.55,2026-06-26
1548,1522,,,,office_email,dc-kakching@nic.in,"DC office, Kakching",true,false,https://www.sarkaritel.com Manipur DC + district NIC sites,0.55,2026-06-26
1549,1522,,,,office_phone,03848-261285,"DC office, Kakching",true,false,https://www.sarkaritel.com Manipur DC + district NIC sites,0.55,2026-06-26
1550,1514,,,,office_email,dc-ccp@nic.in,"DC office, Churachandpur",true,false,https://www.sarkaritel.com Manipur DC + district NIC sites,0.55,2026-06-26
1551,1514,,,,office_phone,03874-355603,"DC office, Churachandpur",true,false,https://www.sarkaritel.com Manipur DC + district NIC sites,0.55,2026-06-26
1552,1532,,,,office_email,dc-spt@nic.in,"DC office, Senapati",true,false,https://www.sarkaritel.com Manipur DC + district NIC sites,0.55,2026-06-26
1553,1532,,,,office_phone,03871-222168,"DC office, Senapati",true,false,https://www.sarkaritel.com Manipur DC + district NIC sites,0.55,2026-06-26
1554,1540,,,,office_email,dc-ukr@nic.in,"DC office, Ukhrul",true,false,https://www.sarkaritel.com Manipur DC + district NIC sites,0.55,2026-06-26
1555,1540,,,,office_phone,03870-265035,"DC office, Ukhrul",true,false,https://www.sarkaritel.com Manipur DC + district NIC sites,0.55,2026-06-26
1556,1512,,,,office_email,dc-cdl@nic.in,"DC office, Chandel",true,false,https://www.sarkaritel.com Manipur DC + district NIC sites,0.55,2026-06-26
1557,1512,,,,office_phone,03872-232221,"DC office, Chandel",true,false,https://www.sarkaritel.com Manipur DC + district NIC sites,0.55,2026-06-26
1558,1534,,,,office_email,dc-tml@nic.in,"DC office, Tamenglong",true,false,https://www.sarkaritel.com Manipur DC + district NIC sites,0.55,2026-06-26
1559,1534,,,,office_phone,03877-267003,"DC office, Tamenglong",true,false,https://www.sarkaritel.com Manipur DC + district NIC sites,0.55,2026-06-26
1560,1536,,,,office_email,dc-tengnoupal@gov.in,"DC office, Tengnoupal",true,false,https://www.sarkaritel.com Manipur DC + district NIC sites,0.55,2026-06-26
1561,1528,,,,office_email,dc-noney@gov.in,"DC office, Noney",true,false,https://www.sarkaritel.com Manipur DC + district NIC sites,0.55,2026-06-26
1562,1530,,,,office_email,dc-pherzawl@manipur.gov.in,"DC office, Pherzawl",true,false,https://www.sarkaritel.com Manipur DC + district NIC sites,0.55,2026-06-26
1563,1530,,,,office_phone,9436035836,"DC office, Pherzawl",true,false,https://www.sarkaritel.com Manipur DC + district NIC sites,0.55,2026-06-26
1564,1526,,,,office_email,dc-kangpokpi@manipur.gov.in,"DC office, Kangpokpi",true,false,https://www.sarkaritel.com Manipur DC + district NIC sites,0.55,2026-06-26
1565,1520,,,,office_email,dc-jiribam@gov.in,"DC office, Jiribam",true,false,https://www.sarkaritel.com Manipur DC + district NIC sites,0.55,2026-06-26
1566,1590,,,,office_phone,03862-248530,"DC office, Dimapur",true,false,https://ipr.nagaland.gov.in + commissioner.nagaland.gov.in/list-of-dc + district NIC,0.55,2026-06-26
1567,1592,,,,office_email,dckip-ngl@nic.in,"DC office, Kiphire",true,false,https://ipr.nagaland.gov.in + commissioner.nagaland.gov.in/list-of-dc + district NIC,0.55,2026-06-26
1568,1592,,,,office_phone,03863-225551,"DC office, Kiphire",true,false,https://ipr.nagaland.gov.in + commissioner.nagaland.gov.in/list-of-dc + district NIC,0.55,2026-06-26
1569,1596,,,,office_email,dclong-ngl@nic.in,"DC office, Longleng",true,false,https://ipr.nagaland.gov.in + commissioner.nagaland.gov.in/list-of-dc + district NIC,0.55,2026-06-26
1570,1596,,,,office_phone,03869-223627,"DC office, Longleng",true,false,https://ipr.nagaland.gov.in + commissioner.nagaland.gov.in/list-of-dc + district NIC,0.55,2026-06-26
1571,1600,,,,office_email,dcmok-ngl@nic.in,"DC office, Mokokchung",true,false,https://ipr.nagaland.gov.in + commissioner.nagaland.gov.in/list-of-dc + district NIC,0.55,2026-06-26
1572,1600,,,,office_phone,0369-2226231,"DC office, Mokokchung",true,false,https://ipr.nagaland.gov.in + commissioner.nagaland.gov.in/list-of-dc + district NIC,0.55,2026-06-26
1573,1602,,,,office_email,dcmon-ngl@nic.in,"DC office, Mon",true,false,https://ipr.nagaland.gov.in + commissioner.nagaland.gov.in/list-of-dc + district NIC,0.55,2026-06-26
1574,1602,,,,office_phone,03869-221264,"DC office, Mon",true,false,https://ipr.nagaland.gov.in + commissioner.nagaland.gov.in/list-of-dc + district NIC,0.55,2026-06-26
1575,1608,,,,office_email,dcperen-ngl@nic.in,"DC office, Peren",true,false,https://ipr.nagaland.gov.in + commissioner.nagaland.gov.in/list-of-dc + district NIC,0.55,2026-06-26
1576,1610,,,,office_phone,03865-223037,"DC office, Phek",true,false,https://ipr.nagaland.gov.in + commissioner.nagaland.gov.in/list-of-dc + district NIC,0.55,2026-06-26
1577,1616,,,,office_email,dctsnyu-ngl@gov.in,"DC office, Tseminyu",true,false,https://ipr.nagaland.gov.in + commissioner.nagaland.gov.in/list-of-dc + district NIC,0.55,2026-06-26
1578,1614,,,,office_email,nagtus@nic.in,"DC office, Tuensang",true,false,https://ipr.nagaland.gov.in + commissioner.nagaland.gov.in/list-of-dc + district NIC,0.55,2026-06-26
1579,1618,,,,office_email,dcwok-ngl@nic.in,"DC office, Wokha",true,false,https://ipr.nagaland.gov.in + commissioner.nagaland.gov.in/list-of-dc + district NIC,0.55,2026-06-26
1580,1618,,,,office_phone,03860-222021,"DC office, Wokha",true,false,https://ipr.nagaland.gov.in + commissioner.nagaland.gov.in/list-of-dc + district NIC,0.55,2026-06-26
1581,1620,,,,office_phone,03867-220325,"DC office, Zunheboto",true,false,https://ipr.nagaland.gov.in + commissioner.nagaland.gov.in/list-of-dc + district NIC,0.55,2026-06-26
1582,1556,,,,office_email,dc-ekh-meg@nic.in,"DC office, East Khasi Hills",true,false,https://meghalaya.gov.in/key-contacts/deputy-commissioner + district NIC + MSDMA PDF,0.55,2026-06-26
1583,1556,,,,office_phone,0364-2224003,"DC office, East Khasi Hills",true,false,https://meghalaya.gov.in/key-contacts/deputy-commissioner + district NIC + MSDMA PDF,0.55,2026-06-26
1584,1558,,,,office_email,dc-wkh-meg@nic.in,"DC office, West Khasi Hills",true,false,https://meghalaya.gov.in/key-contacts/deputy-commissioner + district NIC + MSDMA PDF,0.55,2026-06-26
1585,1558,,,,office_phone,03654-280221,"DC office, West Khasi Hills",true,false,https://meghalaya.gov.in/key-contacts/deputy-commissioner + district NIC + MSDMA PDF,0.55,2026-06-26
1586,1560,,,,office_email,dc-swkh-meg@gov.in,"DC office, South West Khasi Hills",true,false,https://meghalaya.gov.in/key-contacts/deputy-commissioner + district NIC + MSDMA PDF,0.55,2026-06-26
1587,1560,,,,office_phone,03656-285263,"DC office, South West Khasi Hills",true,false,https://meghalaya.gov.in/key-contacts/deputy-commissioner + district NIC + MSDMA PDF,0.55,2026-06-26
1588,1564,,,,office_email,dc-rb-meg@gov.in,"DC office, Ri-Bhoi",true,false,https://meghalaya.gov.in/key-contacts/deputy-commissioner + district NIC + MSDMA PDF,0.55,2026-06-26
1589,1564,,,,office_phone,03638-299960,"DC office, Ri-Bhoi",true,false,https://meghalaya.gov.in/key-contacts/deputy-commissioner + district NIC + MSDMA PDF,0.55,2026-06-26
1590,1554,,,,office_email,dc.khliehriat@gmail.com,"DC office, East Jaintia Hills",true,false,https://meghalaya.gov.in/key-contacts/deputy-commissioner + district NIC + MSDMA PDF,0.55,2026-06-26
1591,1554,,,,office_phone,03655-230715,"DC office, East Jaintia Hills",true,false,https://meghalaya.gov.in/key-contacts/deputy-commissioner + district NIC + MSDMA PDF,0.55,2026-06-26
1592,1552,,,,office_email,dc-wjh-meg@nic.in,"DC office, West Jaintia Hills",true,false,https://meghalaya.gov.in/key-contacts/deputy-commissioner + district NIC + MSDMA PDF,0.55,2026-06-26
1593,1552,,,,office_phone,03652-220721,"DC office, West Jaintia Hills",true,false,https://meghalaya.gov.in/key-contacts/deputy-commissioner + district NIC + MSDMA PDF,0.55,2026-06-26
1594,1544,,,,office_email,dc-egh-meg@nic.in,"DC office, East Garo Hills",true,false,https://meghalaya.gov.in/key-contacts/deputy-commissioner + district NIC + MSDMA PDF,0.55,2026-06-26
1595,1544,,,,office_phone,03658-220226,"DC office, East Garo Hills",true,false,https://meghalaya.gov.in/key-contacts/deputy-commissioner + district NIC + MSDMA PDF,0.55,2026-06-26
1596,1548,,,,office_phone,03651-223835,"DC office, West Garo Hills",true,false,https://meghalaya.gov.in/key-contacts/deputy-commissioner + district NIC + MSDMA PDF,0.55,2026-06-26
1597,1542,,,,office_email,meg-resubelpara@nic.in,"DC office, North Garo Hills",true,false,https://meghalaya.gov.in/key-contacts/deputy-commissioner + district NIC + MSDMA PDF,0.55,2026-06-26
1598,1542,,,,office_phone,8974101976,"DC office, North Garo Hills",true,false,https://meghalaya.gov.in/key-contacts/deputy-commissioner + district NIC + MSDMA PDF,0.55,2026-06-26
1599,1546,,,,office_email,dc-sgh-meg@nic.in,"DC office, South Garo Hills",true,false,https://meghalaya.gov.in/key-contacts/deputy-commissioner + district NIC + MSDMA PDF,0.55,2026-06-26
1600,1546,,,,office_phone,03639-234292,"DC office, South Garo Hills",true,false,https://meghalaya.gov.in/key-contacts/deputy-commissioner + district NIC + MSDMA PDF,0.55,2026-06-26
1601,1550,,,,office_email,dc-swgh-meg@nic.in,"DC office, South West Garo Hills",true,false,https://meghalaya.gov.in/key-contacts/deputy-commissioner + district NIC + MSDMA PDF,0.55,2026-06-26
1602,1550,,,,office_phone,03651-261209,"DC office, South West Garo Hills",true,false,https://meghalaya.gov.in/key-contacts/deputy-commissioner + district NIC + MSDMA PDF,0.55,2026-06-26
1603,1566,,,,office_email,dcaizawl-mz@nic.in,"DC/DM office, Aizawl",true,false,district NIC sites + Mizoram GAD officers list,0.60,2026-06-26
1604,1566,,,,office_phone,0389-2326257,"DC/DM office, Aizawl",true,false,district NIC sites + Mizoram GAD officers list,0.60,2026-06-26
1605,1568,,,,office_email,dc.cpi-mz@nic.in,"DC/DM office, Champhai",true,false,district NIC sites + Mizoram GAD officers list,0.60,2026-06-26
1606,1568,,,,office_phone,03831-234402,"DC/DM office, Champhai",true,false,district NIC sites + Mizoram GAD officers list,0.60,2026-06-26
1607,1570,,,,office_email,dc-hnahthial@mizoram.gov.in,"DC/DM office, Hnahthial",true,false,district NIC sites + Mizoram GAD officers list,0.60,2026-06-26
1608,1572,,,,office_email,dckhawzawl@mizoram.gov.in,"DC/DM office, Khawzawl",true,false,district NIC sites + Mizoram GAD officers list,0.60,2026-06-26
1609,1574,,,,office_phone,03837-220001,"DC/DM office, Kolasib",true,false,district NIC sites + Mizoram GAD officers list,0.60,2026-06-26
1610,1576,,,,office_email,dclawngtlai@mizoram.gov.in,"DC/DM office, Lawngtlai",true,false,district NIC sites + Mizoram GAD officers list,0.60,2026-06-26
1611,1576,,,,office_phone,03835-232805,"DC/DM office, Lawngtlai",true,false,district NIC sites + Mizoram GAD officers list,0.60,2026-06-26
1612,1578,,,,office_email,dc.lunglei-mz@nic.in,"DC/DM office, Lunglei",true,false,district NIC sites + Mizoram GAD officers list,0.60,2026-06-26
1613,1578,,,,office_phone,0372-2324121,"DC/DM office, Lunglei",true,false,district NIC sites + Mizoram GAD officers list,0.60,2026-06-26
1614,1580,,,,office_email,dcmamit1998@gmail.com,"DC/DM office, Mamit",true,false,district NIC sites + Mizoram GAD officers list,0.60,2026-06-26
1615,1580,,,,office_phone,0389-2565220,"DC/DM office, Mamit",true,false,district NIC sites + Mizoram GAD officers list,0.60,2026-06-26
1616,1582,,,,office_email,dcsha-miz@nic.in,"DC/DM office, Saiha",true,false,district NIC sites + Mizoram GAD officers list,0.60,2026-06-26
1617,1586,,,,office_email,dc.serchhip-mz@gov.in,"DC/DM office, Serchhip",true,false,district NIC sites + Mizoram GAD officers list,0.60,2026-06-26
1618,1586,,,,office_phone,03838-222432,"DC/DM office, Serchhip",true,false,district NIC sites + Mizoram GAD officers list,0.60,2026-06-26
1619,1964,,,,office_email,dmdhalai-tr@nic.in,"DC/DM office, Dhalai",true,false,district NIC sites (Who's Who/DM profile),0.60,2026-06-26
1620,1964,,,,office_phone,03826-267214,"DC/DM office, Dhalai",true,false,district NIC sites (Who's Who/DM profile),0.60,2026-06-26
1621,1966,,,,office_email,dmgomati@gmail.com,"DC/DM office, Gomati",true,false,district NIC sites (Who's Who/DM profile),0.60,2026-06-26
1622,1968,,,,office_email,dmkhowai-tr@nic.in,"DC/DM office, Khowai",true,false,district NIC sites (Who's Who/DM profile),0.60,2026-06-26
1623,1970,,,,office_email,dmnorth-tr@nic.in,"DC/DM office, North Tripura",true,false,district NIC sites (Who's Who/DM profile),0.60,2026-06-26
1624,1970,,,,office_phone,03822-234222,"DC/DM office, North Tripura",true,false,district NIC sites (Who's Who/DM profile),0.60,2026-06-26
1625,1972,,,,office_email,dmspj-tr@nic.in,"DC/DM office, Sipahijala",true,false,district NIC sites (Who's Who/DM profile),0.60,2026-06-26
1626,1972,,,,office_phone,0381-2867373,"DC/DM office, Sipahijala",true,false,district NIC sites (Who's Who/DM profile),0.60,2026-06-26
1627,1974,,,,office_email,dmsouth-tr@nic.in,"DC/DM office, South Tripura",true,false,district NIC sites (Who's Who/DM profile),0.60,2026-06-26
1628,1974,,,,office_phone,03823-222012,"DC/DM office, South Tripura",true,false,district NIC sites (Who's Who/DM profile),0.60,2026-06-26
1629,1976,,,,office_email,dmunakoti-tr@nic.in,"DC/DM office, Unakoti",true,false,district NIC sites (Who's Who/DM profile),0.60,2026-06-26
1630,1978,,,,office_email,dmwest-tr@nic.in,"DC/DM office, West Tripura",true,false,district NIC sites (Who's Who/DM profile),0.60,2026-06-26
1631,1978,,,,office_phone,0381-2323742,"DC/DM office, West Tripura",true,false,district NIC sites (Who's Who/DM profile),0.60,2026-06-26
1632,1810,,,,office_email,dceast-sk@nic.in,"DC/DM office, Gangtok",true,false,https://www.sikkim.gov.in/mygovernment/whos-who/district-collectors + district NIC,0.60,2026-06-26
1633,1810,,,,office_phone,03592-284444,"DC/DM office, Gangtok",true,false,https://www.sikkim.gov.in/mygovernment/whos-who/district-collectors + district NIC,0.60,2026-06-26
1634,1812,,,,office_email,dc-northsikkim@sikkim.gov.in,"DC/DM office, Mangan",true,false,https://www.sikkim.gov.in/mygovernment/whos-who/district-collectors + district NIC,0.60,2026-06-26
1635,1812,,,,office_phone,03592-234856,"DC/DM office, Mangan",true,false,https://www.sikkim.gov.in/mygovernment/whos-who/district-collectors + district NIC,0.60,2026-06-26
1636,1814,,,,office_email,dm-pakyong@sikkim.gov.in,"DC/DM office, Pakyong",true,false,https://www.sikkim.gov.in/mygovernment/whos-who/district-collectors + district NIC,0.60,2026-06-26
1637,1814,,,,office_phone,8824132808,"DC/DM office, Pakyong",true,false,https://www.sikkim.gov.in/mygovernment/whos-who/district-collectors + district NIC,0.60,2026-06-26
1638,1816,,,,office_phone,9933373970,"DC/DM office, Soreng",true,false,https://www.sikkim.gov.in/mygovernment/whos-who/district-collectors + district NIC,0.60,2026-06-26
1639,1818,,,,office_email,dm.namchi@sikkim.gov.in,"DC/DM office, Namchi",true,false,https://www.sikkim.gov.in/mygovernment/whos-who/district-collectors + district NIC,0.60,2026-06-26
1640,1818,,,,office_phone,03595-263734,"DC/DM office, Namchi",true,false,https://www.sikkim.gov.in/mygovernment/whos-who/district-collectors + district NIC,0.60,2026-06-26
1641,1820,,,,office_email,dcgyalshing@sikkim.gov.in,"DC/DM office, Gyalshing",true,false,https://www.sikkim.gov.in/mygovernment/whos-who/district-collectors + district NIC,0.60,2026-06-26
1642,1820,,,,office_phone,9733340157,"DC/DM office, Gyalshing",true,false,https://www.sikkim.gov.in/mygovernment/whos-who/district-collectors + district NIC,0.60,2026-06-26
1643,2202,,,,office_email,dccentral@nic.in,"DC/DM office, Central Delhi",true,false,https://revenue.delhi.gov.in/revenue/list-dcdm-districts + district sites,0.60,2026-06-26
1644,2202,,,,office_phone,011-23282903,"DC/DM office, Central Delhi",true,false,https://revenue.delhi.gov.in/revenue/list-dcdm-districts + district sites,0.60,2026-06-26
1645,2204,,,,office_email,dceast@nic.in,"DC/DM office, East Delhi",true,false,https://revenue.delhi.gov.in/revenue/list-dcdm-districts + district sites,0.60,2026-06-26
1646,2204,,,,office_phone,011-22421656,"DC/DM office, East Delhi",true,false,https://revenue.delhi.gov.in/revenue/list-dcdm-districts + district sites,0.60,2026-06-26
1647,2206,,,,office_email,dcnd@nic.in,"DC/DM office, New Delhi",true,false,https://revenue.delhi.gov.in/revenue/list-dcdm-districts + district sites,0.60,2026-06-26
1648,2206,,,,office_phone,011-23386982,"DC/DM office, New Delhi",true,false,https://revenue.delhi.gov.in/revenue/list-dcdm-districts + district sites,0.60,2026-06-26
1649,2208,,,,office_email,dcnorth@nic.in,"DC/DM office, North Delhi",true,false,https://revenue.delhi.gov.in/revenue/list-dcdm-districts + district sites,0.60,2026-06-26
1650,2208,,,,office_phone,011-27203048,"DC/DM office, North Delhi",true,false,https://revenue.delhi.gov.in/revenue/list-dcdm-districts + district sites,0.60,2026-06-26
1651,2210,,,,office_email,dcne@nic.in,"DC/DM office, North East Delhi",true,false,https://revenue.delhi.gov.in/revenue/list-dcdm-districts + district sites,0.60,2026-06-26
1652,2210,,,,office_phone,011-22129686,"DC/DM office, North East Delhi",true,false,https://revenue.delhi.gov.in/revenue/list-dcdm-districts + district sites,0.60,2026-06-26
1653,2212,,,,office_email,dcnw@nic.in,"DC/DM office, North West Delhi",true,false,https://revenue.delhi.gov.in/revenue/list-dcdm-districts + district sites,0.60,2026-06-26
1654,2212,,,,office_phone,011-25953785,"DC/DM office, North West Delhi",true,false,https://revenue.delhi.gov.in/revenue/list-dcdm-districts + district sites,0.60,2026-06-26
1655,2214,,,,office_email,dmshahdara.delhi@nic.in,"DC/DM office, Shahdara",true,false,https://revenue.delhi.gov.in/revenue/list-dcdm-districts + district sites,0.60,2026-06-26
1656,2214,,,,office_phone,011-22126305,"DC/DM office, Shahdara",true,false,https://revenue.delhi.gov.in/revenue/list-dcdm-districts + district sites,0.60,2026-06-26
1657,2216,,,,office_email,dcsouth@nic.in,"DC/DM office, South Delhi",true,false,https://revenue.delhi.gov.in/revenue/list-dcdm-districts + district sites,0.60,2026-06-26
1658,2216,,,,office_phone,011-29535025,"DC/DM office, South Delhi",true,false,https://revenue.delhi.gov.in/revenue/list-dcdm-districts + district sites,0.60,2026-06-26
1659,2218,,,,office_email,dcse.rev.delhi@nic.in,"DC/DM office, South East Delhi",true,false,https://revenue.delhi.gov.in/revenue/list-dcdm-districts + district sites,0.60,2026-06-26
1660,2218,,,,office_phone,011-26476402,"DC/DM office, South East Delhi",true,false,https://revenue.delhi.gov.in/revenue/list-dcdm-districts + district sites,0.60,2026-06-26
1661,2220,,,,office_email,dcsw@nic.in,"DC/DM office, South West Delhi",true,false,https://revenue.delhi.gov.in/revenue/list-dcdm-districts + district sites,0.60,2026-06-26
1662,2220,,,,office_phone,011-25065633,"DC/DM office, South West Delhi",true,false,https://revenue.delhi.gov.in/revenue/list-dcdm-districts + district sites,0.60,2026-06-26
1663,2222,,,,office_email,dcwest@nic.in,"DC/DM office, West Delhi",true,false,https://revenue.delhi.gov.in/revenue/list-dcdm-districts + district sites,0.60,2026-06-26
1664,2222,,,,office_phone,011-25107118,"DC/DM office, West Delhi",true,false,https://revenue.delhi.gov.in/revenue/list-dcdm-districts + district sites,0.60,2026-06-26
1665,1048,,,,office_email,coln.goa@nic.in,"DC/Collector office, North Goa",true,false,district NIC sites (Goa & Puducherry Who's-Who / Collector profile),0.60,2026-06-26
1666,1048,,,,office_phone,0832-2427690,"DC/Collector office, North Goa",true,false,district NIC sites (Goa & Puducherry Who's-Who / Collector profile),0.60,2026-06-26
1667,1050,,,,office_email,cols.goa@nic.in,"DC/Collector office, South Goa",true,false,district NIC sites (Goa & Puducherry Who's-Who / Collector profile),0.60,2026-06-26
1668,1050,,,,office_phone,0832-2794414,"DC/Collector office, South Goa",true,false,district NIC sites (Goa & Puducherry Who's-Who / Collector profile),0.60,2026-06-26
1669,2264,,,,office_email,dcrev.pon@nic.in,"DC/Collector office, Puducherry",true,false,district NIC sites (Goa & Puducherry Who's-Who / Collector profile),0.60,2026-06-26
1670,2264,,,,office_phone,0413-2299502,"DC/Collector office, Puducherry",true,false,district NIC sites (Goa & Puducherry Who's-Who / Collector profile),0.60,2026-06-26
1671,2266,,,,office_email,collr.kkl@py.gov.in,"DC/Collector office, Karaikal",true,false,district NIC sites (Goa & Puducherry Who's-Who / Collector profile),0.60,2026-06-26
1672,2266,,,,office_phone,04368-222025,"DC/Collector office, Karaikal",true,false,district NIC sites (Goa & Puducherry Who's-Who / Collector profile),0.60,2026-06-26
1673,2268,,,,office_email,ra.mahe@nic.in,"DC/Collector office, Mahe",true,false,district NIC sites (Goa & Puducherry Who's-Who / Collector profile),0.60,2026-06-26
1674,2268,,,,office_phone,0490-2332960,"DC/Collector office, Mahe",true,false,district NIC sites (Goa & Puducherry Who's-Who / Collector profile),0.60,2026-06-26
1675,2270,,,,office_email,ra.yanam@nic.in,"DC/Collector office, Yanam",true,false,district NIC sites (Goa & Puducherry Who's-Who / Collector profile),0.60,2026-06-26
1676,2270,,,,office_phone,0884-2325101,"DC/Collector office, Yanam",true,false,district NIC sites (Goa & Puducherry Who's-Who / Collector profile),0.60,2026-06-26
1677,2272,,,,office_email,ndc.and@nic.in,"DC/Collector office, Nicobar",true,false,district/UT official sites + ladakh.gov.in + ddd.gov.in + lakshadweep.gov.in,0.60,2026-06-26
1678,2272,,,,office_phone,03192-265220,"DC/Collector office, Nicobar",true,false,district/UT official sites + ladakh.gov.in + ddd.gov.in + lakshadweep.gov.in,0.60,2026-06-26
1679,2274,,,,office_email,nmadc.and@nic.in,"DC/Collector office, North and Middle Andaman",true,false,district/UT official sites + ladakh.gov.in + ddd.gov.in + lakshadweep.gov.in,0.60,2026-06-26
1680,2274,,,,office_phone,03192-262999,"DC/Collector office, North and Middle Andaman",true,false,district/UT official sites + ladakh.gov.in + ddd.gov.in + lakshadweep.gov.in,0.60,2026-06-26
1681,2276,,,,office_email,dcand.and@nic.in,"DC/Collector office, South Andaman",true,false,district/UT official sites + ladakh.gov.in + ddd.gov.in + lakshadweep.gov.in,0.60,2026-06-26
1682,2276,,,,office_phone,03192-233089,"DC/Collector office, South Andaman",true,false,district/UT official sites + ladakh.gov.in + ddd.gov.in + lakshadweep.gov.in,0.60,2026-06-26
1683,2278,,,,office_email,dccec-chd@nic.in,"DC/Collector office, Chandigarh",true,false,district/UT official sites + ladakh.gov.in + ddd.gov.in + lakshadweep.gov.in,0.60,2026-06-26
1684,2278,,,,office_phone,0172-2700109,"DC/Collector office, Chandigarh",true,false,district/UT official sites + ladakh.gov.in + ddd.gov.in + lakshadweep.gov.in,0.60,2026-06-26
1685,2280,,,,office_email,collector-daman-dd@nic.in,"DC/Collector office, Daman",true,false,district/UT official sites + ladakh.gov.in + ddd.gov.in + lakshadweep.gov.in,0.60,2026-06-26
1686,2280,,,,office_phone,0260-2230698,"DC/Collector office, Daman",true,false,district/UT official sites + ladakh.gov.in + ddd.gov.in + lakshadweep.gov.in,0.60,2026-06-26
1687,2282,,,,office_email,collector-diu-dd@nic.in,"DC/Collector office, Diu",true,false,district/UT official sites + ladakh.gov.in + ddd.gov.in + lakshadweep.gov.in,0.60,2026-06-26
1688,2282,,,,office_phone,02875-252111,"DC/Collector office, Diu",true,false,district/UT official sites + ladakh.gov.in + ddd.gov.in + lakshadweep.gov.in,0.60,2026-06-26
1689,2284,,,,office_email,collector-dnh@nic.in,"DC/Collector office, Dadra and Nagar Haveli",true,false,district/UT official sites + ladakh.gov.in + ddd.gov.in + lakshadweep.gov.in,0.60,2026-06-26
1690,2286,,,,office_email,dcleh-jk@nic.in,"DC/Collector office, Leh",true,false,district/UT official sites + ladakh.gov.in + ddd.gov.in + lakshadweep.gov.in,0.60,2026-06-26
1691,2286,,,,office_phone,01982-252010,"DC/Collector office, Leh",true,false,district/UT official sites + ladakh.gov.in + ddd.gov.in + lakshadweep.gov.in,0.60,2026-06-26
1692,2288,,,,office_email,dckgl-jk@nic.in,"DC/Collector office, Kargil",true,false,district/UT official sites + ladakh.gov.in + ddd.gov.in + lakshadweep.gov.in,0.60,2026-06-26
1693,2288,,,,office_phone,01985-232216,"DC/Collector office, Kargil",true,false,district/UT official sites + ladakh.gov.in + ddd.gov.in + lakshadweep.gov.in,0.60,2026-06-26
1694,2300,,,,office_email,lk-coll@nic.in,"DC/Collector office, Lakshadweep",true,false,district/UT official sites + ladakh.gov.in + ddd.gov.in + lakshadweep.gov.in,0.60,2026-06-26
1695,2300,,,,office_phone,0489-6262235,"DC/Collector office, Lakshadweep",true,false,district/UT official sites + ladakh.gov.in + ddd.gov.in + lakshadweep.gov.in,0.60,2026-06-26
1696,1322,,,,office_email,dctvm@kerala.nic.in,"Collector office, Thiruvananthapuram",true,false,https://gad.kerala.gov.in/en/district-collectors,0.70,2026-06-26
1697,1322,,,,office_phone,0471-2731177,"Collector office, Thiruvananthapuram",true,false,https://gad.kerala.gov.in/en/district-collectors,0.70,2026-06-26
1698,1310,,,,office_email,dcklm.ker@nic.in,"Collector office, Kollam",true,false,https://gad.kerala.gov.in/en/district-collectors,0.70,2026-06-26
1699,1310,,,,office_phone,0474-2794900,"Collector office, Kollam",true,false,https://gad.kerala.gov.in/en/district-collectors,0.70,2026-06-26
1700,1320,,,,office_email,dcpta.ker@nic.in,"Collector office, Pathanamthitta",true,false,https://gad.kerala.gov.in/en/district-collectors,0.70,2026-06-26
1701,1320,,,,office_phone,0468-2222505,"Collector office, Pathanamthitta",true,false,https://gad.kerala.gov.in/en/district-collectors,0.70,2026-06-26
1702,1300,,,,office_email,dcalp.ker@nic.in,"Collector office, Alappuzha",true,false,https://gad.kerala.gov.in/en/district-collectors,0.70,2026-06-26
1703,1300,,,,office_phone,0477-2251720,"Collector office, Alappuzha",true,false,https://gad.kerala.gov.in/en/district-collectors,0.70,2026-06-26
1704,1312,,,,office_email,dcktm.ker@nic.in,"Collector office, Kottayam",true,false,https://gad.kerala.gov.in/en/district-collectors,0.70,2026-06-26
1705,1312,,,,office_phone,0481-2562001,"Collector office, Kottayam",true,false,https://gad.kerala.gov.in/en/district-collectors,0.70,2026-06-26
1706,1304,,,,office_email,dcidk@kerala.nic.in,"Collector office, Idukki",true,false,https://gad.kerala.gov.in/en/district-collectors,0.70,2026-06-26
1707,1304,,,,office_phone,0486-2233103,"Collector office, Idukki",true,false,https://gad.kerala.gov.in/en/district-collectors,0.70,2026-06-26
1708,1302,,,,office_email,dcekm.ker@nic.in,"Collector office, Ernakulam",true,false,https://gad.kerala.gov.in/en/district-collectors,0.70,2026-06-26
1709,1302,,,,office_phone,0484-2423001,"Collector office, Ernakulam",true,false,https://gad.kerala.gov.in/en/district-collectors,0.70,2026-06-26
1710,1324,,,,office_email,tsrcoll.ker@nic.in,"Collector office, Thrissur",true,false,https://gad.kerala.gov.in/en/district-collectors,0.70,2026-06-26
1711,1324,,,,office_phone,0487-2361020,"Collector office, Thrissur",true,false,https://gad.kerala.gov.in/en/district-collectors,0.70,2026-06-26
1712,1318,,,,office_email,dcpkd@kerala.nic.in,"Collector office, Palakkad",true,false,https://gad.kerala.gov.in/en/district-collectors,0.70,2026-06-26
1713,1318,,,,office_phone,0491-2505266,"Collector office, Palakkad",true,false,https://gad.kerala.gov.in/en/district-collectors,0.70,2026-06-26
1714,1316,,,,office_email,mlp-collectorate@messaging.kerala.gov.in,"Collector office, Malappuram",true,false,https://gad.kerala.gov.in/en/district-collectors,0.70,2026-06-26
1715,1316,,,,office_phone,0483-2734355,"Collector office, Malappuram",true,false,https://gad.kerala.gov.in/en/district-collectors,0.70,2026-06-26
1716,1314,,,,office_email,dckzk@ker.nic.in,"Collector office, Kozhikode",true,false,https://gad.kerala.gov.in/en/district-collectors,0.70,2026-06-26
1717,1314,,,,office_phone,0495-2371400,"Collector office, Kozhikode",true,false,https://gad.kerala.gov.in/en/district-collectors,0.70,2026-06-26
1718,1326,,,,office_email,dcwayanad@gmail.com,"Collector office, Wayanad",true,false,https://gad.kerala.gov.in/en/district-collectors,0.70,2026-06-26
1719,1326,,,,office_phone,0493-6202230,"Collector office, Wayanad",true,false,https://gad.kerala.gov.in/en/district-collectors,0.70,2026-06-26
1720,1306,,,,office_email,dcknr@kerala.nic.in,"Collector office, Kannur",true,false,https://gad.kerala.gov.in/en/district-collectors,0.70,2026-06-26
1721,1306,,,,office_phone,0497-2700243,"Collector office, Kannur",true,false,https://gad.kerala.gov.in/en/district-collectors,0.70,2026-06-26
1722,1308,,,,office_email,dckas@kerala.nic.in,"Collector office, Kasaragod",true,false,https://gad.kerala.gov.in/en/district-collectors,0.70,2026-06-26
1723,1308,,,,office_phone,0499-4256400,"Collector office, Kasaragod",true,false,https://gad.kerala.gov.in/en/district-collectors,0.70,2026-06-26
1724,1503,,,,office_email,cp.thane@mahapolice.gov.in,"SP/CP office, Thane",true,false,https://home.maharashtra.gov.in/cp-and-sp-offices + mahapolice.gov.in,0.60,2026-06-26
1725,1503,,,,office_phone,022-25443535,"SP/CP office, Thane",true,false,https://home.maharashtra.gov.in/cp-and-sp-offices + mahapolice.gov.in,0.60,2026-06-26
1726,1485,,,,office_email,sp.palghar@mahapolice.gov.in,"SP/CP office, Palghar",true,false,https://home.maharashtra.gov.in/cp-and-sp-offices + mahapolice.gov.in,0.60,2026-06-26
1727,1485,,,,office_phone,8669604100,"SP/CP office, Palghar",true,false,https://home.maharashtra.gov.in/cp-and-sp-offices + mahapolice.gov.in,0.60,2026-06-26
1728,1491,,,,office_email,sp.raigad@mahapolice.gov.in,"SP/CP office, Raigad",true,false,https://home.maharashtra.gov.in/cp-and-sp-offices + mahapolice.gov.in,0.60,2026-06-26
1729,1491,,,,office_phone,02141-222100,"SP/CP office, Raigad",true,false,https://home.maharashtra.gov.in/cp-and-sp-offices + mahapolice.gov.in,0.60,2026-06-26
1730,1493,,,,office_email,sp.ratnagiri@mahapolice.gov.in,"SP/CP office, Ratnagiri",true,false,https://home.maharashtra.gov.in/cp-and-sp-offices + mahapolice.gov.in,0.60,2026-06-26
1731,1493,,,,office_phone,02352-222222,"SP/CP office, Ratnagiri",true,false,https://home.maharashtra.gov.in/cp-and-sp-offices + mahapolice.gov.in,0.60,2026-06-26
1732,1499,,,,office_email,sp.sindhudurg@mahapolice.gov.in,"SP/CP office, Sindhudurg",true,false,https://home.maharashtra.gov.in/cp-and-sp-offices + mahapolice.gov.in,0.60,2026-06-26
1733,1499,,,,office_phone,02362-228614,"SP/CP office, Sindhudurg",true,false,https://home.maharashtra.gov.in/cp-and-sp-offices + mahapolice.gov.in,0.60,2026-06-26
1734,1489,,,,office_email,cp.pune@mahapolice.gov.in,"SP/CP office, Pune",true,false,https://home.maharashtra.gov.in/cp-and-sp-offices + mahapolice.gov.in,0.60,2026-06-26
1735,1489,,,,office_phone,020-26126296,"SP/CP office, Pune",true,false,https://home.maharashtra.gov.in/cp-and-sp-offices + mahapolice.gov.in,0.60,2026-06-26
1736,1497,,,,office_email,sp.satara@mahapolice.gov.in,"SP/CP office, Satara",true,false,https://home.maharashtra.gov.in/cp-and-sp-offices + mahapolice.gov.in,0.60,2026-06-26
1737,1497,,,,office_phone,02162-232225,"SP/CP office, Satara",true,false,https://home.maharashtra.gov.in/cp-and-sp-offices + mahapolice.gov.in,0.60,2026-06-26
1738,1495,,,,office_email,sp.sangli@mahapolice.gov.in,"SP/CP office, Sangli",true,false,https://home.maharashtra.gov.in/cp-and-sp-offices + mahapolice.gov.in,0.60,2026-06-26
1739,1495,,,,office_phone,0233-2671012,"SP/CP office, Sangli",true,false,https://home.maharashtra.gov.in/cp-and-sp-offices + mahapolice.gov.in,0.60,2026-06-26
1740,1501,,,,office_email,cp.solapur@mahapolice.gov.in,"SP/CP office, Solapur",true,false,https://home.maharashtra.gov.in/cp-and-sp-offices + mahapolice.gov.in,0.60,2026-06-26
1741,1501,,,,office_phone,0217-2744601,"SP/CP office, Solapur",true,false,https://home.maharashtra.gov.in/cp-and-sp-offices + mahapolice.gov.in,0.60,2026-06-26
1742,1467,,,,office_email,sp.kolhapur@mahapolice.gov.in,"SP/CP office, Kolhapur",true,false,https://home.maharashtra.gov.in/cp-and-sp-offices + mahapolice.gov.in,0.60,2026-06-26
1743,1467,,,,office_phone,0231-2662333,"SP/CP office, Kolhapur",true,false,https://home.maharashtra.gov.in/cp-and-sp-offices + mahapolice.gov.in,0.60,2026-06-26
1744,1481,,,,office_email,cp.nashik@mahapolice.gov.in,"SP/CP office, Nashik",true,false,https://home.maharashtra.gov.in/cp-and-sp-offices + mahapolice.gov.in,0.60,2026-06-26
1745,1481,,,,office_phone,0253-2305233,"SP/CP office, Nashik",true,false,https://home.maharashtra.gov.in/cp-and-sp-offices + mahapolice.gov.in,0.60,2026-06-26
1746,1455,,,,office_email,sp.dhule@mahapolice.gov.in,"SP/CP office, Dhule",true,false,https://home.maharashtra.gov.in/cp-and-sp-offices + mahapolice.gov.in,0.60,2026-06-26
1747,1455,,,,office_phone,02562-288200,"SP/CP office, Dhule",true,false,https://home.maharashtra.gov.in/cp-and-sp-offices + mahapolice.gov.in,0.60,2026-06-26
1748,1479,,,,office_email,sp.nandurbar@mahapolice.gov.in,"SP/CP office, Nandurbar",true,false,https://home.maharashtra.gov.in/cp-and-sp-offices + mahapolice.gov.in,0.60,2026-06-26
1749,1479,,,,office_phone,02564-210113,"SP/CP office, Nandurbar",true,false,https://home.maharashtra.gov.in/cp-and-sp-offices + mahapolice.gov.in,0.60,2026-06-26
1750,1463,,,,office_email,sp.jalgaon@mahapolice.gov.in,"SP/CP office, Jalgaon",true,false,https://home.maharashtra.gov.in/cp-and-sp-offices + mahapolice.gov.in,0.60,2026-06-26
1751,1463,,,,office_phone,0257-2223333,"SP/CP office, Jalgaon",true,false,https://home.maharashtra.gov.in/cp-and-sp-offices + mahapolice.gov.in,0.60,2026-06-26
1752,1439,,,,office_email,sp.ahmednagar@mahapolice.gov.in,"SP/CP office, Ahmednagar",true,false,https://home.maharashtra.gov.in/cp-and-sp-offices + mahapolice.gov.in,0.60,2026-06-26
1753,1439,,,,office_phone,0241-2416101,"SP/CP office, Ahmednagar",true,false,https://home.maharashtra.gov.in/cp-and-sp-offices + mahapolice.gov.in,0.60,2026-06-26
1754,1445,,,,office_email,info.aurangabad@mahapolice.gov.in,"SP/CP office, Aurangabad",true,false,https://home.maharashtra.gov.in/cp-and-sp-offices + mahapolice.gov.in,0.60,2026-06-26
1755,1445,,,,office_phone,0240-2471000,"SP/CP office, Aurangabad",true,false,https://home.maharashtra.gov.in/cp-and-sp-offices + mahapolice.gov.in,0.60,2026-06-26
1756,1465,,,,office_email,sp.jalna@mahapolice.gov.in,"SP/CP office, Jalna",true,false,https://home.maharashtra.gov.in/cp-and-sp-offices + mahapolice.gov.in,0.60,2026-06-26
1757,1465,,,,office_phone,02482-225601,"SP/CP office, Jalna",true,false,https://home.maharashtra.gov.in/cp-and-sp-offices + mahapolice.gov.in,0.60,2026-06-26
1758,1447,,,,office_email,sp.beed@mahapolice.gov.in,"SP/CP office, Beed",true,false,https://home.maharashtra.gov.in/cp-and-sp-offices + mahapolice.gov.in,0.60,2026-06-26
1759,1469,,,,office_email,sp.latur@mahapolice.gov.in,"SP/CP office, Latur",true,false,https://home.maharashtra.gov.in/cp-and-sp-offices + mahapolice.gov.in,0.60,2026-06-26
1760,1469,,,,office_phone,02382-242296,"SP/CP office, Latur",true,false,https://home.maharashtra.gov.in/cp-and-sp-offices + mahapolice.gov.in,0.60,2026-06-26
1761,1483,,,,office_email,sp.osmanabad@mahapolice.gov.in,"SP/CP office, Osmanabad",true,false,https://home.maharashtra.gov.in/cp-and-sp-offices + mahapolice.gov.in,0.60,2026-06-26
1762,1483,,,,office_phone,02472-222700,"SP/CP office, Osmanabad",true,false,https://home.maharashtra.gov.in/cp-and-sp-offices + mahapolice.gov.in,0.60,2026-06-26
1763,1477,,,,office_email,sp.nanded@mahapolice.gov.in,"SP/CP office, Nanded",true,false,https://home.maharashtra.gov.in/cp-and-sp-offices + mahapolice.gov.in,0.60,2026-06-26
1764,1477,,,,office_phone,02462-234504,"SP/CP office, Nanded",true,false,https://home.maharashtra.gov.in/cp-and-sp-offices + mahapolice.gov.in,0.60,2026-06-26
1765,1487,,,,office_email,sp.parbhani@mahapolice.gov.in,"SP/CP office, Parbhani",true,false,https://home.maharashtra.gov.in/cp-and-sp-offices + mahapolice.gov.in,0.60,2026-06-26
1766,1487,,,,office_phone,02452-220100,"SP/CP office, Parbhani",true,false,https://home.maharashtra.gov.in/cp-and-sp-offices + mahapolice.gov.in,0.60,2026-06-26
1767,1461,,,,office_email,sp.hingoli@mahapolice.gov.in,"SP/CP office, Hingoli",true,false,https://home.maharashtra.gov.in/cp-and-sp-offices + mahapolice.gov.in,0.60,2026-06-26
1768,1461,,,,office_phone,02456-220232,"SP/CP office, Hingoli",true,false,https://home.maharashtra.gov.in/cp-and-sp-offices + mahapolice.gov.in,0.60,2026-06-26
1769,1443,,,,office_email,cp.amravati@mahapolice.gov.in,"SP/CP office, Amravati",true,false,https://home.maharashtra.gov.in/cp-and-sp-offices + mahapolice.gov.in,0.60,2026-06-26
1770,1443,,,,office_phone,0721-2551000,"SP/CP office, Amravati",true,false,https://home.maharashtra.gov.in/cp-and-sp-offices + mahapolice.gov.in,0.60,2026-06-26
1771,1441,,,,office_email,sp.akola@mahapolice.gov.in,"SP/CP office, Akola",true,false,https://home.maharashtra.gov.in/cp-and-sp-offices + mahapolice.gov.in,0.60,2026-06-26
1772,1441,,,,office_phone,0724-2445333,"SP/CP office, Akola",true,false,https://home.maharashtra.gov.in/cp-and-sp-offices + mahapolice.gov.in,0.60,2026-06-26
1773,1507,,,,office_email,sp.washim@mahapolice.gov.in,"SP/CP office, Washim",true,false,https://home.maharashtra.gov.in/cp-and-sp-offices + mahapolice.gov.in,0.60,2026-06-26
1774,1507,,,,office_phone,07252-234834,"SP/CP office, Washim",true,false,https://home.maharashtra.gov.in/cp-and-sp-offices + mahapolice.gov.in,0.60,2026-06-26
1775,1451,,,,office_email,sp.buldhana@mahapolice.gov.in,"SP/CP office, Buldhana",true,false,https://home.maharashtra.gov.in/cp-and-sp-offices + mahapolice.gov.in,0.60,2026-06-26
1776,1451,,,,office_phone,07262-242400,"SP/CP office, Buldhana",true,false,https://home.maharashtra.gov.in/cp-and-sp-offices + mahapolice.gov.in,0.60,2026-06-26
1777,1509,,,,office_email,sp.yavatmal@mahapolice.gov.in,"SP/CP office, Yavatmal",true,false,https://home.maharashtra.gov.in/cp-and-sp-offices + mahapolice.gov.in,0.60,2026-06-26
1778,1509,,,,office_phone,07232-256700,"SP/CP office, Yavatmal",true,false,https://home.maharashtra.gov.in/cp-and-sp-offices + mahapolice.gov.in,0.60,2026-06-26
1779,1475,,,,office_email,cp.nagpur@mahapolice.gov.in,"SP/CP office, Nagpur",true,false,https://home.maharashtra.gov.in/cp-and-sp-offices + mahapolice.gov.in,0.60,2026-06-26
1780,1475,,,,office_phone,0712-2561222,"SP/CP office, Nagpur",true,false,https://home.maharashtra.gov.in/cp-and-sp-offices + mahapolice.gov.in,0.60,2026-06-26
1781,1505,,,,office_email,sp.wardha@mahapolice.gov.in,"SP/CP office, Wardha",true,false,https://home.maharashtra.gov.in/cp-and-sp-offices + mahapolice.gov.in,0.60,2026-06-26
1782,1505,,,,office_phone,07152-232500,"SP/CP office, Wardha",true,false,https://home.maharashtra.gov.in/cp-and-sp-offices + mahapolice.gov.in,0.60,2026-06-26
1783,1449,,,,office_email,sp.bhandara@mahapolice.gov.in,"SP/CP office, Bhandara",true,false,https://home.maharashtra.gov.in/cp-and-sp-offices + mahapolice.gov.in,0.60,2026-06-26
1784,1449,,,,office_phone,07184-252400,"SP/CP office, Bhandara",true,false,https://home.maharashtra.gov.in/cp-and-sp-offices + mahapolice.gov.in,0.60,2026-06-26
1785,1459,,,,office_email,sp.gondia@mahapolice.gov.in,"SP/CP office, Gondia",true,false,https://home.maharashtra.gov.in/cp-and-sp-offices + mahapolice.gov.in,0.60,2026-06-26
1786,1459,,,,office_phone,07182-236100,"SP/CP office, Gondia",true,false,https://home.maharashtra.gov.in/cp-and-sp-offices + mahapolice.gov.in,0.60,2026-06-26
1787,1453,,,,office_email,sp.chandrapur@mahapolice.gov.in,"SP/CP office, Chandrapur",true,false,https://home.maharashtra.gov.in/cp-and-sp-offices + mahapolice.gov.in,0.60,2026-06-26
1788,1453,,,,office_phone,07172-251200,"SP/CP office, Chandrapur",true,false,https://home.maharashtra.gov.in/cp-and-sp-offices + mahapolice.gov.in,0.60,2026-06-26
1789,1457,,,,office_email,sp.gadchiroli@mahapolice.gov.in,"SP/CP office, Gadchiroli",true,false,https://home.maharashtra.gov.in/cp-and-sp-offices + mahapolice.gov.in,0.60,2026-06-26
1790,1457,,,,office_phone,07132-222100,"SP/CP office, Gadchiroli",true,false,https://home.maharashtra.gov.in/cp-and-sp-offices + mahapolice.gov.in,0.60,2026-06-26
1791,1473,,,,office_email,cp.mumbai@mahapolice.gov.in,"SP/CP office, Mumbai Suburban",true,false,https://home.maharashtra.gov.in/cp-and-sp-offices + mahapolice.gov.in,0.60,2026-06-26
1792,1473,,,,office_phone,022-22620826,"SP/CP office, Mumbai Suburban",true,false,https://home.maharashtra.gov.in/cp-and-sp-offices + mahapolice.gov.in,0.60,2026-06-26
1793,2007,,,,office_email,cp-agr@up.gov.in,"SP/CP office, Agra",true,false,https://uppolice.gov.in + district police sites,0.60,2026-06-26
1794,2007,,,,office_phone,0562-2260400,"SP/CP office, Agra",true,false,https://uppolice.gov.in + district police sites,0.60,2026-06-26
1795,2009,,,,office_email,sspaih-up@nic.in,"SP/CP office, Aligarh",true,false,https://uppolice.gov.in + district police sites,0.60,2026-06-26
1796,2009,,,,office_phone,0571-2401150,"SP/CP office, Aligarh",true,false,https://uppolice.gov.in + district police sites,0.60,2026-06-26
1797,2011,,,,office_email,sp-abr@nic.in,"SP/CP office, Ambedkar Nagar",true,false,https://uppolice.gov.in + district police sites,0.60,2026-06-26
1798,2011,,,,office_phone,9454400245,"SP/CP office, Ambedkar Nagar",true,false,https://uppolice.gov.in + district police sites,0.60,2026-06-26
1799,2013,,,,office_email,spcs-up@nic.in,"SP/CP office, Amethi",true,false,https://uppolice.gov.in + district police sites,0.60,2026-06-26
1800,2013,,,,office_phone,05368-244600,"SP/CP office, Amethi",true,false,https://uppolice.gov.in + district police sites,0.60,2026-06-26
1801,2015,,,,office_email,spjpn-up@nic.in,"SP/CP office, Amroha",true,false,https://uppolice.gov.in + district police sites,0.60,2026-06-26
1802,2015,,,,office_phone,9454400281,"SP/CP office, Amroha",true,false,https://uppolice.gov.in + district police sites,0.60,2026-06-26
1803,2017,,,,office_email,spaya-up@nic.in,"SP/CP office, Auraiya",true,false,https://uppolice.gov.in + district police sites,0.60,2026-06-26
1804,2017,,,,office_phone,05683-249618,"SP/CP office, Auraiya",true,false,https://uppolice.gov.in + district police sites,0.60,2026-06-26
1805,2019,,,,office_email,sspfzd-up@nic.in,"SP/CP office, Ayodhya",true,false,https://uppolice.gov.in + district police sites,0.60,2026-06-26
1806,2019,,,,office_phone,05278-224215,"SP/CP office, Ayodhya",true,false,https://uppolice.gov.in + district police sites,0.60,2026-06-26
1807,2021,,,,office_email,spazh-up@nic.in,"SP/CP office, Azamgarh",true,false,https://uppolice.gov.in + district police sites,0.60,2026-06-26
1808,2021,,,,office_phone,05462-260403,"SP/CP office, Azamgarh",true,false,https://uppolice.gov.in + district police sites,0.60,2026-06-26
1809,2027,,,,office_email,spbrh-up@nic.in,"SP/CP office, Bahraich",true,false,https://uppolice.gov.in + district police sites,0.60,2026-06-26
1810,2027,,,,office_phone,9454400259,"SP/CP office, Bahraich",true,false,https://uppolice.gov.in + district police sites,0.60,2026-06-26
1811,2029,,,,office_email,spbla-up@nic.in,"SP/CP office, Ballia",true,false,https://uppolice.gov.in + district police sites,0.60,2026-06-26
1812,2029,,,,office_phone,9454400255,"SP/CP office, Ballia",true,false,https://uppolice.gov.in + district police sites,0.60,2026-06-26
1813,2031,,,,office_email,spblp-up@nic.in,"SP/CP office, Balrampur",true,false,https://uppolice.gov.in + district police sites,0.60,2026-06-26
1814,2031,,,,office_phone,9454400256,"SP/CP office, Balrampur",true,false,https://uppolice.gov.in + district police sites,0.60,2026-06-26
1815,2033,,,,office_email,spbna-up@nic.in,"SP/CP office, Banda",true,false,https://uppolice.gov.in + district police sites,0.60,2026-06-26
1816,2033,,,,office_phone,05192-224624,"SP/CP office, Banda",true,false,https://uppolice.gov.in + district police sites,0.60,2026-06-26
1817,2035,,,,office_email,spbbk-up@nic.in,"SP/CP office, Barabanki",true,false,https://uppolice.gov.in + district police sites,0.60,2026-06-26
1818,2035,,,,office_phone,05248-222277,"SP/CP office, Barabanki",true,false,https://uppolice.gov.in + district police sites,0.60,2026-06-26
1819,2037,,,,office_email,sspbly-up@nic.in,"SP/CP office, Bareilly",true,false,https://uppolice.gov.in + district police sites,0.60,2026-06-26
1820,2037,,,,office_phone,0581-2510398,"SP/CP office, Bareilly",true,false,https://uppolice.gov.in + district police sites,0.60,2026-06-26
1821,2039,,,,office_email,spbsi-up@nic.in,"SP/CP office, Basti",true,false,https://uppolice.gov.in + district police sites,0.60,2026-06-26
1822,2039,,,,office_phone,05542-246904,"SP/CP office, Basti",true,false,https://uppolice.gov.in + district police sites,0.60,2026-06-26
1823,2041,,,,office_email,spbho-up@nic.in,"SP/CP office, Bhadohi",true,false,https://uppolice.gov.in + district police sites,0.60,2026-06-26
1824,2041,,,,office_phone,05414-250236,"SP/CP office, Bhadohi",true,false,https://uppolice.gov.in + district police sites,0.60,2026-06-26
1825,2043,,,,office_email,spbjr-up@nic.in,"SP/CP office, Bijnor",true,false,https://uppolice.gov.in + district police sites,0.60,2026-06-26
1826,2043,,,,office_phone,01342-262002,"SP/CP office, Bijnor",true,false,https://uppolice.gov.in + district police sites,0.60,2026-06-26
1827,2023,,,,office_email,sspbdn-up@nic.in,"SP/CP office, Budaun",true,false,https://uppolice.gov.in + district police sites,0.60,2026-06-26
1828,2023,,,,office_phone,05832-266342,"SP/CP office, Budaun",true,false,https://uppolice.gov.in + district police sites,0.60,2026-06-26
1829,2045,,,,office_email,ssp-bhr@nic.in,"SP/CP office, Bulandshahr",true,false,https://uppolice.gov.in + district police sites,0.60,2026-06-26
1830,2045,,,,office_phone,05732-280705,"SP/CP office, Bulandshahr",true,false,https://uppolice.gov.in + district police sites,0.60,2026-06-26
1831,2047,,,,office_email,spcdi-up@nic.in,"SP/CP office, Chandauli",true,false,https://uppolice.gov.in + district police sites,0.60,2026-06-26
1832,2047,,,,office_phone,05412-262480,"SP/CP office, Chandauli",true,false,https://uppolice.gov.in + district police sites,0.60,2026-06-26
1833,2049,,,,office_email,spchi@nic.in,"SP/CP office, Chitrakoot",true,false,https://uppolice.gov.in + district police sites,0.60,2026-06-26
1834,2049,,,,office_phone,05198-235500,"SP/CP office, Chitrakoot",true,false,https://uppolice.gov.in + district police sites,0.60,2026-06-26
1835,2051,,,,office_email,spdoa-up@nic.in,"SP/CP office, Deoria",true,false,https://uppolice.gov.in + district police sites,0.60,2026-06-26
1836,2051,,,,office_phone,05568-241400,"SP/CP office, Deoria",true,false,https://uppolice.gov.in + district police sites,0.60,2026-06-26
1837,2053,,,,office_phone,05742-233319,"SP/CP office, Etah",true,false,https://uppolice.gov.in + district police sites,0.60,2026-06-26
1838,2055,,,,office_email,sspewh-up@nic.in,"SP/CP office, Etawah",true,false,https://uppolice.gov.in + district police sites,0.60,2026-06-26
1839,2055,,,,office_phone,05688-254041,"SP/CP office, Etawah",true,false,https://uppolice.gov.in + district police sites,0.60,2026-06-26
1840,2057,,,,office_email,spfgh-up@nic.in,"SP/CP office, Farrukhabad",true,false,https://uppolice.gov.in + district police sites,0.60,2026-06-26
1841,2057,,,,office_phone,05692-234410,"SP/CP office, Farrukhabad",true,false,https://uppolice.gov.in + district police sites,0.60,2026-06-26
1842,2059,,,,office_email,spfhr-up@nic.in,"SP/CP office, Fatehpur",true,false,https://uppolice.gov.in + district police sites,0.60,2026-06-26
1843,2059,,,,office_phone,05180-224413,"SP/CP office, Fatehpur",true,false,https://uppolice.gov.in + district police sites,0.60,2026-06-26
1844,2061,,,,office_email,spfrz-up@nic.in,"SP/CP office, Firozabad",true,false,https://uppolice.gov.in + district police sites,0.60,2026-06-26
1845,2061,,,,office_phone,05612-285110,"SP/CP office, Firozabad",true,false,https://uppolice.gov.in + district police sites,0.60,2026-06-26
1846,2063,,,,office_email,cp-pol.gb@up.gov.in,"SP/CP office, Gautam Buddha Nagar",true,false,https://uppolice.gov.in + district police sites,0.60,2026-06-26
1847,2063,,,,office_phone,0120-2473300,"SP/CP office, Gautam Buddha Nagar",true,false,https://uppolice.gov.in + district police sites,0.60,2026-06-26
1848,2065,,,,office_email,cp-pol.gz@up.gov.in,"SP/CP office, Ghaziabad",true,false,https://uppolice.gov.in + district police sites,0.60,2026-06-26
1849,2065,,,,office_phone,0120-2820758,"SP/CP office, Ghaziabad",true,false,https://uppolice.gov.in + district police sites,0.60,2026-06-26
1850,2067,,,,office_email,spgzr-up@nic.in,"SP/CP office, Ghazipur",true,false,https://uppolice.gov.in + district police sites,0.60,2026-06-26
1851,2067,,,,office_phone,0548-2220568,"SP/CP office, Ghazipur",true,false,https://uppolice.gov.in + district police sites,0.60,2026-06-26
1852,2069,,,,office_email,spgda-up@nic.in,"SP/CP office, Gonda",true,false,https://uppolice.gov.in + district police sites,0.60,2026-06-26
1853,2069,,,,office_phone,05262-230544,"SP/CP office, Gonda",true,false,https://uppolice.gov.in + district police sites,0.60,2026-06-26
1854,2071,,,,office_email,sspgkr-up@nic.in,"SP/CP office, Gorakhpur",true,false,https://uppolice.gov.in + district police sites,0.60,2026-06-26
1855,2071,,,,office_phone,0551-2200858,"SP/CP office, Gorakhpur",true,false,https://uppolice.gov.in + district police sites,0.60,2026-06-26
1856,2073,,,,office_email,sphmr-up@nic.in,"SP/CP office, Hamirpur",true,false,https://uppolice.gov.in + district police sites,0.60,2026-06-26
1857,2073,,,,office_phone,9454400277,"SP/CP office, Hamirpur",true,false,https://uppolice.gov.in + district police sites,0.60,2026-06-26
1858,2075,,,,office_email,sppc-up@nic.in,"SP/CP office, Hapur",true,false,https://uppolice.gov.in + district police sites,0.60,2026-06-26
1859,2075,,,,office_phone,9454400428,"SP/CP office, Hapur",true,false,https://uppolice.gov.in + district police sites,0.60,2026-06-26
1860,2077,,,,office_email,sphdi-up@nic.in,"SP/CP office, Hardoi",true,false,https://uppolice.gov.in + district police sites,0.60,2026-06-26
1861,2077,,,,office_phone,9454400276,"SP/CP office, Hardoi",true,false,https://uppolice.gov.in + district police sites,0.60,2026-06-26
1862,2079,,,,office_email,sphts-up@nic.in,"SP/CP office, Hathras",true,false,https://uppolice.gov.in + district police sites,0.60,2026-06-26
1863,2079,,,,office_phone,9454400278,"SP/CP office, Hathras",true,false,https://uppolice.gov.in + district police sites,0.60,2026-06-26
1864,2081,,,,office_email,spjln-up@nic.in,"SP/CP office, Jalaun",true,false,https://uppolice.gov.in + district police sites,0.60,2026-06-26
1865,2081,,,,office_phone,9454400279,"SP/CP office, Jalaun",true,false,https://uppolice.gov.in + district police sites,0.60,2026-06-26
1866,2083,,,,office_email,spjnr-up@nic.in,"SP/CP office, Jaunpur",true,false,https://uppolice.gov.in + district police sites,0.60,2026-06-26
1867,2083,,,,office_phone,9454400280,"SP/CP office, Jaunpur",true,false,https://uppolice.gov.in + district police sites,0.60,2026-06-26
1868,2085,,,,office_email,sspjsiup@nic.in,"SP/CP office, Jhansi",true,false,https://uppolice.gov.in + district police sites,0.60,2026-06-26
1869,2085,,,,office_phone,0510-2333304,"SP/CP office, Jhansi",true,false,https://uppolice.gov.in + district police sites,0.60,2026-06-26
1870,2087,,,,office_email,spknj-up@nic.in,"SP/CP office, Kannauj",true,false,https://uppolice.gov.in + district police sites,0.60,2026-06-26
1871,2087,,,,office_phone,05694-235439,"SP/CP office, Kannauj",true,false,https://uppolice.gov.in + district police sites,0.60,2026-06-26
1872,2089,,,,office_email,spknd-up@nic.in,"SP/CP office, Kanpur Dehat",true,false,https://uppolice.gov.in + district police sites,0.60,2026-06-26
1873,2089,,,,office_phone,05111-271211,"SP/CP office, Kanpur Dehat",true,false,https://uppolice.gov.in + district police sites,0.60,2026-06-26
1874,2091,,,,office_email,cp-kanpur@up.gov.in,"SP/CP office, Kanpur Nagar",true,false,https://uppolice.gov.in + district police sites,0.60,2026-06-26
1875,2091,,,,office_phone,0512-2304407,"SP/CP office, Kanpur Nagar",true,false,https://uppolice.gov.in + district police sites,0.60,2026-06-26
1876,2093,,,,office_phone,9454400393,"SP/CP office, Kasganj",true,false,https://uppolice.gov.in + district police sites,0.60,2026-06-26
1877,2095,,,,office_email,spksb-up@nic.in,"SP/CP office, Kaushambi",true,false,https://uppolice.gov.in + district police sites,0.60,2026-06-26
1878,2095,,,,office_phone,9454400288,"SP/CP office, Kaushambi",true,false,https://uppolice.gov.in + district police sites,0.60,2026-06-26
1879,2099,,,,office_email,sp-lk.up@up.gov.in,"SP/CP office, Lakhimpur Kheri",true,false,https://uppolice.gov.in + district police sites,0.60,2026-06-26
1880,2099,,,,office_phone,05872-252300,"SP/CP office, Lakhimpur Kheri",true,false,https://uppolice.gov.in + district police sites,0.60,2026-06-26
1881,2097,,,,office_email,sp-kus.up@up.gov.in,"SP/CP office, Kushinagar",true,false,https://uppolice.gov.in + district police sites,0.60,2026-06-26
1882,2097,,,,office_phone,9454400289,"SP/CP office, Kushinagar",true,false,https://uppolice.gov.in + district police sites,0.60,2026-06-26
1883,2101,,,,office_email,spltp-up@nic.in,"SP/CP office, Lalitpur",true,false,https://uppolice.gov.in + district police sites,0.60,2026-06-26
1884,2101,,,,office_phone,05176-277100,"SP/CP office, Lalitpur",true,false,https://uppolice.gov.in + district police sites,0.60,2026-06-26
1885,2103,,,,office_email,cp-lko.up@up.gov.in,"SP/CP office, Lucknow",true,false,https://uppolice.gov.in + district police sites,0.60,2026-06-26
1886,2103,,,,office_phone,9454400137,"SP/CP office, Lucknow",true,false,https://uppolice.gov.in + district police sites,0.60,2026-06-26
1887,2105,,,,office_email,spmrj-up@nic.in,"SP/CP office, Maharajganj",true,false,https://uppolice.gov.in + district police sites,0.60,2026-06-26
1888,2105,,,,office_phone,05523-222062,"SP/CP office, Maharajganj",true,false,https://uppolice.gov.in + district police sites,0.60,2026-06-26
1889,2107,,,,office_email,spmba-up@nic.in,"SP/CP office, Mahoba",true,false,https://uppolice.gov.in + district police sites,0.60,2026-06-26
1890,2107,,,,office_phone,9454401290,"SP/CP office, Mahoba",true,false,https://uppolice.gov.in + district police sites,0.60,2026-06-26
1891,2109,,,,office_email,sspmpi-up@nic.in,"SP/CP office, Mainpuri",true,false,https://uppolice.gov.in + district police sites,0.60,2026-06-26
1892,2109,,,,office_phone,05672-234442,"SP/CP office, Mainpuri",true,false,https://uppolice.gov.in + district police sites,0.60,2026-06-26
1893,2111,,,,office_email,sspmta-up@nic.in,"SP/CP office, Mathura",true,false,https://uppolice.gov.in + district police sites,0.60,2026-06-26
1894,2111,,,,office_phone,0565-2505172,"SP/CP office, Mathura",true,false,https://uppolice.gov.in + district police sites,0.60,2026-06-26
1895,2113,,,,office_email,spmau-up@nic.in,"SP/CP office, Mau",true,false,https://uppolice.gov.in + district police sites,0.60,2026-06-26
1896,2113,,,,office_phone,9454400321,"SP/CP office, Mau",true,false,https://uppolice.gov.in + district police sites,0.60,2026-06-26
1897,2115,,,,office_email,sspmrt-up@nic.in,"SP/CP office, Meerut",true,false,https://uppolice.gov.in + district police sites,0.60,2026-06-26
1898,2115,,,,office_phone,0121-2662244,"SP/CP office, Meerut",true,false,https://uppolice.gov.in + district police sites,0.60,2026-06-26
1899,2117,,,,office_email,spmzp-up@nic.in,"SP/CP office, Mirzapur",true,false,https://uppolice.gov.in + district police sites,0.60,2026-06-26
1900,2117,,,,office_phone,05442-256302,"SP/CP office, Mirzapur",true,false,https://uppolice.gov.in + district police sites,0.60,2026-06-26
1901,2119,,,,office_email,sspmdd-up@nic.in,"SP/CP office, Moradabad",true,false,https://uppolice.gov.in + district police sites,0.60,2026-06-26
1902,2119,,,,office_phone,0591-2424291,"SP/CP office, Moradabad",true,false,https://uppolice.gov.in + district police sites,0.60,2026-06-26
1903,2121,,,,office_email,sspmzn-up@nic.in,"SP/CP office, Muzaffarnagar",true,false,https://uppolice.gov.in + district police sites,0.60,2026-06-26
1904,2121,,,,office_phone,9454400291,"SP/CP office, Muzaffarnagar",true,false,https://uppolice.gov.in + district police sites,0.60,2026-06-26
1905,2123,,,,office_email,sppbt-up@nic.in,"SP/CP office, Pilibhit",true,false,https://uppolice.gov.in + district police sites,0.60,2026-06-26
1906,2123,,,,office_phone,05882-257183,"SP/CP office, Pilibhit",true,false,https://uppolice.gov.in + district police sites,0.60,2026-06-26
1907,2125,,,,office_email,sppbh-up@nic.in,"SP/CP office, Pratapgarh",true,false,https://uppolice.gov.in + district police sites,0.60,2026-06-26
1908,2125,,,,office_phone,05342-220423,"SP/CP office, Pratapgarh",true,false,https://uppolice.gov.in + district police sites,0.60,2026-06-26
1909,2127,,,,office_email,cp-pol.ah@up.gov.in,"SP/CP office, Prayagraj",true,false,https://uppolice.gov.in + district police sites,0.60,2026-06-26
1910,2127,,,,office_phone,0532-2641902,"SP/CP office, Prayagraj",true,false,https://uppolice.gov.in + district police sites,0.60,2026-06-26
1911,2129,,,,office_email,sprbi-up@nic.in,"SP/CP office, Rae Bareli",true,false,https://uppolice.gov.in + district police sites,0.60,2026-06-26
1912,2129,,,,office_phone,0535-2202315,"SP/CP office, Rae Bareli",true,false,https://uppolice.gov.in + district police sites,0.60,2026-06-26
1913,2131,,,,office_email,sprpr-up@nic.in,"SP/CP office, Rampur",true,false,https://uppolice.gov.in + district police sites,0.60,2026-06-26
1914,2131,,,,office_phone,9454400303,"SP/CP office, Rampur",true,false,https://uppolice.gov.in + district police sites,0.60,2026-06-26
1915,2133,,,,office_email,sspsrr-up@nic.in,"SP/CP office, Saharanpur",true,false,https://uppolice.gov.in + district police sites,0.60,2026-06-26
1916,2133,,,,office_phone,0132-2727143,"SP/CP office, Saharanpur",true,false,https://uppolice.gov.in + district police sites,0.60,2026-06-26
1917,2137,,,,office_email,spbm-up@nic.in,"SP/CP office, Sambhal",true,false,https://uppolice.gov.in + district police sites,0.60,2026-06-26
1918,2137,,,,office_phone,05921-243117,"SP/CP office, Sambhal",true,false,https://uppolice.gov.in + district police sites,0.60,2026-06-26
1919,2135,,,,office_email,spkbn-up@nic.in,"SP/CP office, Sant Kabir Nagar",true,false,https://uppolice.gov.in + district police sites,0.60,2026-06-26
1920,2135,,,,office_phone,05547-222892,"SP/CP office, Sant Kabir Nagar",true,false,https://uppolice.gov.in + district police sites,0.60,2026-06-26
1921,2139,,,,office_email,spsha-up@nic.in,"SP/CP office, Shahjahanpur",true,false,https://uppolice.gov.in + district police sites,0.60,2026-06-26
1922,2139,,,,office_phone,05842-222553,"SP/CP office, Shahjahanpur",true,false,https://uppolice.gov.in + district police sites,0.60,2026-06-26
1923,2141,,,,office_email,sppn-up@nic.in,"SP/CP office, Shamli",true,false,https://uppolice.gov.in + district police sites,0.60,2026-06-26
1924,2141,,,,office_phone,01398-254803,"SP/CP office, Shamli",true,false,https://uppolice.gov.in + district police sites,0.60,2026-06-26
1925,2143,,,,office_email,spsvi-up@nic.in,"SP/CP office, Shravasti",true,false,https://uppolice.gov.in + district police sites,0.60,2026-06-26
1926,2143,,,,office_phone,9454400311,"SP/CP office, Shravasti",true,false,https://uppolice.gov.in + district police sites,0.60,2026-06-26
1927,2145,,,,office_email,spsdr-up@nic.in,"SP/CP office, Siddharthnagar",true,false,https://uppolice.gov.in + district police sites,0.60,2026-06-26
1928,2145,,,,office_phone,05544-222183,"SP/CP office, Siddharthnagar",true,false,https://uppolice.gov.in + district police sites,0.60,2026-06-26
1929,2147,,,,office_email,spsit@nic.in,"SP/CP office, Sitapur",true,false,https://uppolice.gov.in + district police sites,0.60,2026-06-26
1930,2147,,,,office_phone,9454400309,"SP/CP office, Sitapur",true,false,https://uppolice.gov.in + district police sites,0.60,2026-06-26
1931,2149,,,,office_email,spsbr-up@nic.in,"SP/CP office, Sonbhadra",true,false,https://uppolice.gov.in + district police sites,0.60,2026-06-26
1932,2149,,,,office_phone,05444-252673,"SP/CP office, Sonbhadra",true,false,https://uppolice.gov.in + district police sites,0.60,2026-06-26
1933,2151,,,,office_email,spstr-up@nic.in,"SP/CP office, Sultanpur",true,false,https://uppolice.gov.in + district police sites,0.60,2026-06-26
1934,2151,,,,office_phone,05362-240301,"SP/CP office, Sultanpur",true,false,https://uppolice.gov.in + district police sites,0.60,2026-06-26
1935,2153,,,,office_email,spuao-up@nic.in,"SP/CP office, Unnao",true,false,https://uppolice.gov.in + district police sites,0.60,2026-06-26
1936,2153,,,,office_phone,9454400312,"SP/CP office, Unnao",true,false,https://uppolice.gov.in + district police sites,0.60,2026-06-26
1937,2155,,,,office_email,cp-pol.va@up.gov.in,"SP/CP office, Varanasi",true,false,https://uppolice.gov.in + district police sites,0.60,2026-06-26
1938,2155,,,,office_phone,0542-2502644,"SP/CP office, Varanasi",true,false,https://uppolice.gov.in + district police sites,0.60,2026-06-26
1939,1053,,,,office_phone,079-26891168,"SP/CP office, Ahmedabad",true,false,police.gujarat.gov.in + district police sites + IPS posting lists,0.55,2026-06-26
1940,1055,,,,office_phone,02792-222333,"SP/CP office, Amreli",true,false,police.gujarat.gov.in + district police sites + IPS posting lists,0.55,2026-06-26
1941,1057,,,,office_phone,02692-260027,"SP/CP office, Anand",true,false,police.gujarat.gov.in + district police sites + IPS posting lists,0.55,2026-06-26
1942,1059,,,,office_phone,02774-248999,"SP/CP office, Aravalli",true,false,police.gujarat.gov.in + district police sites + IPS posting lists,0.55,2026-06-26
1943,1061,,,,office_phone,02742-257015,"SP/CP office, Banaskantha",true,false,police.gujarat.gov.in + district police sites + IPS posting lists,0.55,2026-06-26
1944,1063,,,,office_phone,02642-223633,"SP/CP office, Bharuch",true,false,police.gujarat.gov.in + district police sites + IPS posting lists,0.55,2026-06-26
1945,1065,,,,office_phone,0278-2520050,"SP/CP office, Bhavnagar",true,false,police.gujarat.gov.in + district police sites + IPS posting lists,0.55,2026-06-26
1946,1067,,,,office_phone,02849-251416,"SP/CP office, Botad",true,false,police.gujarat.gov.in + district police sites + IPS posting lists,0.55,2026-06-26
1947,1069,,,,office_phone,02669-233077,"SP/CP office, Chhota Udaipur",true,false,police.gujarat.gov.in + district police sites + IPS posting lists,0.55,2026-06-26
1948,1071,,,,office_phone,02673-222300,"SP/CP office, Dahod",true,false,police.gujarat.gov.in + district police sites + IPS posting lists,0.55,2026-06-26
1949,1073,,,,office_phone,02631-220658,"SP/CP office, Dang",true,false,police.gujarat.gov.in + district police sites + IPS posting lists,0.55,2026-06-26
1950,1075,,,,office_phone,02833-233223,"SP/CP office, Devbhoomi Dwarka",true,false,police.gujarat.gov.in + district police sites + IPS posting lists,0.55,2026-06-26
1951,1077,,,,office_phone,079-23210901,"SP/CP office, Gandhinagar",true,false,police.gujarat.gov.in + district police sites + IPS posting lists,0.55,2026-06-26
1952,1079,,,,office_phone,02876-222250,"SP/CP office, Gir Somnath",true,false,police.gujarat.gov.in + district police sites + IPS posting lists,0.55,2026-06-26
1953,1081,,,,office_phone,0288-2554203,"SP/CP office, Jamnagar",true,false,police.gujarat.gov.in + district police sites + IPS posting lists,0.55,2026-06-26
1954,1083,,,,office_email,sp-jun@gujarat.gov.in,"SP/CP office, Junagadh",true,false,police.gujarat.gov.in + district police sites + IPS posting lists,0.55,2026-06-26
1955,1083,,,,office_phone,0285-2635633,"SP/CP office, Junagadh",true,false,police.gujarat.gov.in + district police sites + IPS posting lists,0.55,2026-06-26
1956,1085,,,,office_phone,0268-2550150,"SP/CP office, Kheda",true,false,police.gujarat.gov.in + district police sites + IPS posting lists,0.55,2026-06-26
1957,1087,,,,office_phone,02832-250444,"SP/CP office, Kutch",true,false,police.gujarat.gov.in + district police sites + IPS posting lists,0.55,2026-06-26
1958,1089,,,,office_phone,02674-250810,"SP/CP office, Mahisagar",true,false,police.gujarat.gov.in + district police sites + IPS posting lists,0.55,2026-06-26
1959,1091,,,,office_phone,02762-220123,"SP/CP office, Mehsana",true,false,police.gujarat.gov.in + district police sites + IPS posting lists,0.55,2026-06-26
1960,1093,,,,office_phone,02822-243471,"SP/CP office, Morbi",true,false,police.gujarat.gov.in + district police sites + IPS posting lists,0.55,2026-06-26
1961,1095,,,,office_phone,02640-222167,"SP/CP office, Narmada",true,false,police.gujarat.gov.in + district police sites + IPS posting lists,0.55,2026-06-26
1962,1097,,,,office_phone,02637-245333,"SP/CP office, Navsari",true,false,police.gujarat.gov.in + district police sites + IPS posting lists,0.55,2026-06-26
1963,1099,,,,office_phone,02672-242200,"SP/CP office, Panchmahal",true,false,police.gujarat.gov.in + district police sites + IPS posting lists,0.55,2026-06-26
1964,1101,,,,office_phone,02766-230104,"SP/CP office, Patan",true,false,police.gujarat.gov.in + district police sites + IPS posting lists,0.55,2026-06-26
1965,1103,,,,office_phone,0286-2211222,"SP/CP office, Porbandar",true,false,police.gujarat.gov.in + district police sites + IPS posting lists,0.55,2026-06-26
1966,1105,,,,office_phone,0281-2477220,"SP/CP office, Rajkot",true,false,police.gujarat.gov.in + district police sites + IPS posting lists,0.55,2026-06-26
1967,1107,,,,office_phone,02772-247333,"SP/CP office, Sabarkantha",true,false,police.gujarat.gov.in + district police sites + IPS posting lists,0.55,2026-06-26
1968,1109,,,,office_phone,0261-2463984,"SP/CP office, Surat",true,false,police.gujarat.gov.in + district police sites + IPS posting lists,0.55,2026-06-26
1969,1111,,,,office_phone,02752-282100,"SP/CP office, Surendranagar",true,false,police.gujarat.gov.in + district police sites + IPS posting lists,0.55,2026-06-26
1970,1113,,,,office_phone,02626-222700,"SP/CP office, Tapi",true,false,police.gujarat.gov.in + district police sites + IPS posting lists,0.55,2026-06-26
1971,1115,,,,office_phone,0265-2423888,"SP/CP office, Vadodara",true,false,police.gujarat.gov.in + district police sites + IPS posting lists,0.55,2026-06-26
1972,1117,,,,office_phone,02632-254222,"SP/CP office, Valsad",true,false,police.gujarat.gov.in + district police sites + IPS posting lists,0.55,2026-06-26
1973,1767,,,,office_email,cp.jaipur@rajpolice.gov.in,"SP/CP office, Jaipur",true,false,police.rajasthan.gov.in + district police pages + 2026 IPS posting lists,0.60,2026-06-26
1974,1767,,,,office_phone,0141-2362100,"SP/CP office, Jaipur",true,false,police.rajasthan.gov.in + district police pages + 2026 IPS posting lists,0.60,2026-06-26
1975,1777,,,,office_email,cp.jodhpur@rajpolice.gov.in,"SP/CP office, Jodhpur",true,false,police.rajasthan.gov.in + district police pages + 2026 IPS posting lists,0.60,2026-06-26
1976,1777,,,,office_phone,0291-2650900,"SP/CP office, Jodhpur",true,false,police.rajasthan.gov.in + district police pages + 2026 IPS posting lists,0.60,2026-06-26
1977,1729,,,,office_email,sp.ajmer@rajpolice.gov.in,"SP/CP office, Ajmer",true,false,police.rajasthan.gov.in + district police pages + 2026 IPS posting lists,0.60,2026-06-26
1978,1729,,,,office_phone,0145-2629910,"SP/CP office, Ajmer",true,false,police.rajasthan.gov.in + district police pages + 2026 IPS posting lists,0.60,2026-06-26
1979,1731,,,,office_email,sp.alwar@rajpolice.gov.in,"SP/CP office, Alwar",true,false,police.rajasthan.gov.in + district police pages + 2026 IPS posting lists,0.60,2026-06-26
1980,1731,,,,office_phone,0144-2337453,"SP/CP office, Alwar",true,false,police.rajasthan.gov.in + district police pages + 2026 IPS posting lists,0.60,2026-06-26
1981,1743,,,,office_email,sp-bpr-rj@nic.in,"SP/CP office, Bharatpur",true,false,police.rajasthan.gov.in + district police pages + 2026 IPS posting lists,0.60,2026-06-26
1982,1743,,,,office_phone,05644-223116,"SP/CP office, Bharatpur",true,false,police.rajasthan.gov.in + district police pages + 2026 IPS posting lists,0.60,2026-06-26
1983,1745,,,,office_email,spbhlcdr-rj@gov.in,"SP/CP office, Bhilwara",true,false,police.rajasthan.gov.in + district police pages + 2026 IPS posting lists,0.60,2026-06-26
1984,1745,,,,office_phone,01482-232001,"SP/CP office, Bhilwara",true,false,police.rajasthan.gov.in + district police pages + 2026 IPS posting lists,0.60,2026-06-26
1985,1747,,,,office_email,sp.bikaner@rajpolice.gov.in,"SP/CP office, Bikaner",true,false,police.rajasthan.gov.in + district police pages + 2026 IPS posting lists,0.60,2026-06-26
1986,1747,,,,office_phone,0151-2226111,"SP/CP office, Bikaner",true,false,police.rajasthan.gov.in + district police pages + 2026 IPS posting lists,0.60,2026-06-26
1987,1749,,,,office_phone,0747-2442111,"SP/CP office, Bundi",true,false,police.rajasthan.gov.in + district police pages + 2026 IPS posting lists,0.60,2026-06-26
1988,1751,,,,office_email,sp-chi-rj@nic.in,"SP/CP office, Chittorgarh",true,false,police.rajasthan.gov.in + district police pages + 2026 IPS posting lists,0.60,2026-06-26
1989,1751,,,,office_phone,01472-295797,"SP/CP office, Chittorgarh",true,false,police.rajasthan.gov.in + district police pages + 2026 IPS posting lists,0.60,2026-06-26
1990,1753,,,,office_email,sp.churu@rajpolice.gov.in,"SP/CP office, Churu",true,false,police.rajasthan.gov.in + district police pages + 2026 IPS posting lists,0.60,2026-06-26
1991,1753,,,,office_phone,01562-250804,"SP/CP office, Churu",true,false,police.rajasthan.gov.in + district police pages + 2026 IPS posting lists,0.60,2026-06-26
1992,1755,,,,office_email,sp-dau-rj@nic.in,"SP/CP office, Dausa",true,false,police.rajasthan.gov.in + district police pages + 2026 IPS posting lists,0.60,2026-06-26
1993,1755,,,,office_phone,01427-223002,"SP/CP office, Dausa",true,false,police.rajasthan.gov.in + district police pages + 2026 IPS posting lists,0.60,2026-06-26
1994,1761,,,,office_phone,05642-220697,"SP/CP office, Dholpur",true,false,police.rajasthan.gov.in + district police pages + 2026 IPS posting lists,0.60,2026-06-26
1995,1763,,,,office_email,sp-dun-rj@nic.in,"SP/CP office, Dungarpur",true,false,police.rajasthan.gov.in + district police pages + 2026 IPS posting lists,0.60,2026-06-26
1996,1763,,,,office_phone,02964-294003,"SP/CP office, Dungarpur",true,false,police.rajasthan.gov.in + district police pages + 2026 IPS posting lists,0.60,2026-06-26
1997,1765,,,,office_email,sp-han-rj@nic.in,"SP/CP office, Hanumangarh",true,false,police.rajasthan.gov.in + district police pages + 2026 IPS posting lists,0.60,2026-06-26
1998,1765,,,,office_phone,01552-263003,"SP/CP office, Hanumangarh",true,false,police.rajasthan.gov.in + district police pages + 2026 IPS posting lists,0.60,2026-06-26
1999,1769,,,,office_email,sp-jais-rj@nic.in,"SP/CP office, Jaisalmer",true,false,police.rajasthan.gov.in + district police pages + 2026 IPS posting lists,0.60,2026-06-26
2000,1769,,,,office_phone,02992-252233,"SP/CP office, Jaisalmer",true,false,police.rajasthan.gov.in + district police pages + 2026 IPS posting lists,0.60,2026-06-26
2001,1771,,,,office_email,sp-jal-rj@nic.in,"SP/CP office, Jalore",true,false,police.rajasthan.gov.in + district police pages + 2026 IPS posting lists,0.60,2026-06-26
2002,1771,,,,office_phone,02973-222224,"SP/CP office, Jalore",true,false,police.rajasthan.gov.in + district police pages + 2026 IPS posting lists,0.60,2026-06-26
2003,1773,,,,office_email,sp-jha-rj@nic.in,"SP/CP office, Jhalawar",true,false,police.rajasthan.gov.in + district police pages + 2026 IPS posting lists,0.60,2026-06-26
2004,1773,,,,office_phone,07432-230410,"SP/CP office, Jhalawar",true,false,police.rajasthan.gov.in + district police pages + 2026 IPS posting lists,0.60,2026-06-26
2005,1775,,,,office_email,spofficejjn@gmail.com,"SP/CP office, Jhunjhunu",true,false,police.rajasthan.gov.in + district police pages + 2026 IPS posting lists,0.60,2026-06-26
2006,1775,,,,office_phone,01592-236900,"SP/CP office, Jhunjhunu",true,false,police.rajasthan.gov.in + district police pages + 2026 IPS posting lists,0.60,2026-06-26
2007,1779,,,,office_phone,07464-250398,"SP/CP office, Karauli",true,false,police.rajasthan.gov.in + district police pages + 2026 IPS posting lists,0.60,2026-06-26
2008,1781,,,,office_email,sp.bhiwadi@rajpolice.gov.in,"SP/CP office, Khairthal-Tijara",true,false,police.rajasthan.gov.in + district police pages + 2026 IPS posting lists,0.60,2026-06-26
2009,1781,,,,office_phone,01493-294101,"SP/CP office, Khairthal-Tijara",true,false,police.rajasthan.gov.in + district police pages + 2026 IPS posting lists,0.60,2026-06-26
2010,1783,,,,office_phone,0744-2350700,"SP/CP office, Kota",true,false,police.rajasthan.gov.in + district police pages + 2026 IPS posting lists,0.60,2026-06-26
2011,1785,,,,office_email,spkotputlibehror@rajpolice.gov.in,"SP/CP office, Kotputli-Behror",true,false,police.rajasthan.gov.in + district police pages + 2026 IPS posting lists,0.60,2026-06-26
2012,1785,,,,office_phone,01421-249001,"SP/CP office, Kotputli-Behror",true,false,police.rajasthan.gov.in + district police pages + 2026 IPS posting lists,0.60,2026-06-26
2013,1787,,,,office_email,sp-nag-rj@nic.in,"SP/CP office, Nagaur",true,false,police.rajasthan.gov.in + district police pages + 2026 IPS posting lists,0.60,2026-06-26
2014,1787,,,,office_phone,9414116123,"SP/CP office, Nagaur",true,false,police.rajasthan.gov.in + district police pages + 2026 IPS posting lists,0.60,2026-06-26
2015,1789,,,,office_email,sp.pali@rajpolice.gov.in,"SP/CP office, Pali",true,false,police.rajasthan.gov.in + district police pages + 2026 IPS posting lists,0.60,2026-06-26
2016,1789,,,,office_phone,02932-251531,"SP/CP office, Pali",true,false,police.rajasthan.gov.in + district police pages + 2026 IPS posting lists,0.60,2026-06-26
2017,1791,,,,office_email,spphalodi@rajpolice.gov.in,"SP/CP office, Phalodi",true,false,police.rajasthan.gov.in + district police pages + 2026 IPS posting lists,0.60,2026-06-26
2018,1791,,,,office_phone,02925-299100,"SP/CP office, Phalodi",true,false,police.rajasthan.gov.in + district police pages + 2026 IPS posting lists,0.60,2026-06-26
2019,1793,,,,office_email,sp-pra-rj@nic.in,"SP/CP office, Pratapgarh",true,false,police.rajasthan.gov.in + district police pages + 2026 IPS posting lists,0.60,2026-06-26
2020,1793,,,,office_phone,01478-222283,"SP/CP office, Pratapgarh",true,false,police.rajasthan.gov.in + district police pages + 2026 IPS posting lists,0.60,2026-06-26
2021,1795,,,,office_phone,02952-220536,"SP/CP office, Rajsamand",true,false,police.rajasthan.gov.in + district police pages + 2026 IPS posting lists,0.60,2026-06-26
2022,1797,,,,office_phone,02906-294903,"SP/CP office, Salumbar",true,false,police.rajasthan.gov.in + district police pages + 2026 IPS posting lists,0.60,2026-06-26
2023,1799,,,,office_phone,07462-220528,"SP/CP office, Sawai Madhopur",true,false,police.rajasthan.gov.in + district police pages + 2026 IPS posting lists,0.60,2026-06-26
2024,1801,,,,office_email,secretcomplaint.skr@rajpolice.gov.in,"SP/CP office, Sikar",true,false,police.rajasthan.gov.in + district police pages + 2026 IPS posting lists,0.60,2026-06-26
2025,1801,,,,office_phone,01572-270025,"SP/CP office, Sikar",true,false,police.rajasthan.gov.in + district police pages + 2026 IPS posting lists,0.60,2026-06-26
2026,1803,,,,office_phone,02972-220718,"SP/CP office, Sirohi",true,false,police.rajasthan.gov.in + district police pages + 2026 IPS posting lists,0.60,2026-06-26
2027,1805,,,,office_phone,0154-2443000,"SP/CP office, Sri Ganganagar",true,false,police.rajasthan.gov.in + district police pages + 2026 IPS posting lists,0.60,2026-06-26
2028,1807,,,,office_phone,01432-244400,"SP/CP office, Tonk",true,false,police.rajasthan.gov.in + district police pages + 2026 IPS posting lists,0.60,2026-06-26
2029,1809,,,,office_phone,0294-2414600,"SP/CP office, Udaipur",true,false,police.rajasthan.gov.in + district police pages + 2026 IPS posting lists,0.60,2026-06-26
2030,1329,,,,office_email,pc.bhopal@mppolice.gov.in,"SP/CP office, Bhopal",true,false,https://www.mppolice.gov.in + district police sites,0.55,2026-06-26
2031,1329,,,,office_phone,0755-2443599,"SP/CP office, Bhopal",true,false,https://www.mppolice.gov.in + district police sites,0.55,2026-06-26
2032,1355,,,,office_email,pc.indore@mppolice.gov.in,"SP/CP office, Indore",true,false,https://www.mppolice.gov.in + district police sites,0.55,2026-06-26
2033,1355,,,,office_phone,0731-2702777,"SP/CP office, Indore",true,false,https://www.mppolice.gov.in + district police sites,0.55,2026-06-26
2034,1345,,,,office_phone,7049110800,"SP/CP office, Gwalior",true,false,https://www.mppolice.gov.in + district police sites,0.55,2026-06-26
2035,1371,,,,office_phone,0761-2676222,"SP/CP office, Jabalpur",true,false,https://www.mppolice.gov.in + district police sites,0.55,2026-06-26
2036,1425,,,,office_phone,0734-2527130,"SP/CP office, Ujjain",true,false,https://www.mppolice.gov.in + district police sites,0.55,2026-06-26
2037,1401,,,,office_phone,07672-222125,"SP/CP office, Satna",true,false,https://www.mppolice.gov.in + district police sites,0.55,2026-06-26
2038,1337,,,,office_phone,07592-234710,"SP/CP office, Vidisha",true,false,https://www.mppolice.gov.in + district police sites,0.55,2026-06-26
2039,1335,,,,office_phone,07562-227000,"SP/CP office, Sehore",true,false,https://www.mppolice.gov.in + district police sites,0.55,2026-06-26
2040,1333,,,,office_phone,7049100453,"SP/CP office, Rajgarh",true,false,https://www.mppolice.gov.in + district police sites,0.55,2026-06-26
2041,1437,,,,office_phone,7049100461,"SP/CP office, Shajapur",true,false,https://www.mppolice.gov.in + district police sites,0.55,2026-06-26
2042,1429,,,,office_phone,07272-226110,"SP/CP office, Dewas",true,false,https://www.mppolice.gov.in + district police sites,0.55,2026-06-26
2043,1363,,,,office_phone,07292-235228,"SP/CP office, Dhar",true,false,https://www.mppolice.gov.in + district police sites,0.55,2026-06-26
2044,1435,,,,office_phone,7049100454,"SP/CP office, Ratlam",true,false,https://www.mppolice.gov.in + district police sites,0.55,2026-06-26
2045,1431,,,,office_phone,07422-255050,"SP/CP office, Mandsaur",true,false,https://www.mppolice.gov.in + district police sites,0.55,2026-06-26
2046,1433,,,,office_email,sp_neemuch@mppolice.gov.in,"SP/CP office, Neemuch",true,false,https://www.mppolice.gov.in + district police sites,0.55,2026-06-26
2047,1433,,,,office_phone,07423-223058,"SP/CP office, Neemuch",true,false,https://www.mppolice.gov.in + district police sites,0.55,2026-06-26
2048,1365,,,,office_phone,07392-243410,"SP/CP office, Jhabua",true,false,https://www.mppolice.gov.in + district police sites,0.55,2026-06-26
2049,1357,,,,office_email,sp_alirajpur@mppolice.gov.in,"SP/CP office, Alirajpur",true,false,https://www.mppolice.gov.in + district police sites,0.55,2026-06-26
2050,1357,,,,office_phone,07394-233350,"SP/CP office, Alirajpur",true,false,https://www.mppolice.gov.in + district police sites,0.55,2026-06-26
2051,1369,,,,office_phone,07282-231004,"SP/CP office, Khargone",true,false,https://www.mppolice.gov.in + district police sites,0.55,2026-06-26
2052,1359,,,,office_phone,07290-222561,"SP/CP office, Barwani",true,false,https://www.mppolice.gov.in + district police sites,0.55,2026-06-26
2053,1391,,,,office_email,sp_betul@mppolice.gov.in,"SP/CP office, Betul",true,false,https://www.mppolice.gov.in + district police sites,0.55,2026-06-26
2054,1391,,,,office_phone,07141-233212,"SP/CP office, Betul",true,false,https://www.mppolice.gov.in + district police sites,0.55,2026-06-26
2055,1383,,,,office_email,sp_narsinghpur@mppolice.gov.in,"SP/CP office, Narsinghpur",true,false,https://www.mppolice.gov.in + district police sites,0.55,2026-06-26
2056,1383,,,,office_phone,07792-230941,"SP/CP office, Narsinghpur",true,false,https://www.mppolice.gov.in + district police sites,0.55,2026-06-26
2057,1411,,,,office_email,sp_damoh@mppolice.gov.in,"SP/CP office, Damoh",true,false,https://www.mppolice.gov.in + district police sites,0.55,2026-06-26
2058,1415,,,,office_email,sp_panna@mppolice.gov.in,"SP/CP office, Panna",true,false,https://www.mppolice.gov.in + district police sites,0.55,2026-06-26
2059,1417,,,,office_email,sp_tikamgarh@mppolice.gov.in,"SP/CP office, Tikamgarh",true,false,https://www.mppolice.gov.in + district police sites,0.55,2026-06-26
2060,1403,,,,office_email,sp_sidhi@mppolice.gov.in,"SP/CP office, Sidhi",true,false,https://www.mppolice.gov.in + district police sites,0.55,2026-06-26
2061,1403,,,,office_phone,07822-252209,"SP/CP office, Sidhi",true,false,https://www.mppolice.gov.in + district police sites,0.55,2026-06-26
2062,1405,,,,office_phone,7049100465,"SP/CP office, Singrauli",true,false,https://www.mppolice.gov.in + district police sites,0.55,2026-06-26
2063,1419,,,,office_phone,7049100460,"SP/CP office, Shahdol",true,false,https://www.mppolice.gov.in + district police sites,0.55,2026-06-26
2064,1421,,,,office_phone,07659-222001,"SP/CP office, Anuppur",true,false,https://www.mppolice.gov.in + district police sites,0.55,2026-06-26
2065,1423,,,,office_email,sp_umaria@mppolice.gov.in,"SP/CP office, Umaria",true,false,https://www.mppolice.gov.in + district police sites,0.55,2026-06-26
2066,1377,,,,office_phone,7049100436,"SP/CP office, Dindori",true,false,https://www.mppolice.gov.in + district police sites,0.55,2026-06-26
2067,1381,,,,office_phone,07642-250800,"SP/CP office, Mandla",true,false,https://www.mppolice.gov.in + district police sites,0.55,2026-06-26
2068,1379,,,,office_email,sp_katni@mppolice.gov.in,"SP/CP office, Katni",true,false,https://www.mppolice.gov.in + district police sites,0.55,2026-06-26
2069,1379,,,,office_phone,07622-222786,"SP/CP office, Katni",true,false,https://www.mppolice.gov.in + district police sites,0.55,2026-06-26
2070,1339,,,,office_phone,7049100448,"SP/CP office, Morena",true,false,https://www.mppolice.gov.in + district police sites,0.55,2026-06-26
2071,1341,,,,office_phone,07534-234300,"SP/CP office, Bhind",true,false,https://www.mppolice.gov.in + district police sites,0.55,2026-06-26
2072,1343,,,,office_phone,7049100462,"SP/CP office, Sheopur",true,false,https://www.mppolice.gov.in + district police sites,0.55,2026-06-26
2073,1353,,,,office_email,sp_shivpuri@mppolice.gov.in,"SP/CP office, Shivpuri",true,false,https://www.mppolice.gov.in + district police sites,0.55,2026-06-26
2074,1353,,,,office_phone,7049100463,"SP/CP office, Shivpuri",true,false,https://www.mppolice.gov.in + district police sites,0.55,2026-06-26
2075,1349,,,,office_email,sp_datia@mppolice.gov.in,"SP/CP office, Datia",true,false,https://www.mppolice.gov.in + district police sites,0.55,2026-06-26
2076,1349,,,,office_phone,07522-237884,"SP/CP office, Datia",true,false,https://www.mppolice.gov.in + district police sites,0.55,2026-06-26
2077,1241,,,,office_email,compolbcp@ksp.gov.in,"SP/CP office, Bengaluru Urban",true,false,https://ksp.karnataka.gov.in + district police/NIC sites,0.55,2026-06-26
2078,1241,,,,office_phone,080-22374022,"SP/CP office, Bengaluru Urban",true,false,https://ksp.karnataka.gov.in + district police/NIC sites,0.55,2026-06-26
2079,1257,,,,office_email,spcbpura@ksp.gov.in,"SP/CP office, Chikkaballapura",true,false,https://ksp.karnataka.gov.in + district police/NIC sites,0.55,2026-06-26
2080,1257,,,,office_phone,08156-277210,"SP/CP office, Chikkaballapura",true,false,https://ksp.karnataka.gov.in + district police/NIC sites,0.55,2026-06-26
2081,1279,,,,office_email,spklr@ksp.gov.in,"SP/CP office, Kolar",true,false,https://ksp.karnataka.gov.in + district police/NIC sites,0.55,2026-06-26
2082,1279,,,,office_phone,08152-243066,"SP/CP office, Kolar",true,false,https://ksp.karnataka.gov.in + district police/NIC sites,0.55,2026-06-26
2083,1291,,,,office_email,sptkr@ksp.gov.in,"SP/CP office, Tumakuru",true,false,https://ksp.karnataka.gov.in + district police/NIC sites,0.55,2026-06-26
2084,1291,,,,office_phone,0816-2272451,"SP/CP office, Tumakuru",true,false,https://ksp.karnataka.gov.in + district police/NIC sites,0.55,2026-06-26
2085,1255,,,,office_email,spchanagar@gmail.com,"SP/CP office, Chamarajanagara",true,false,https://ksp.karnataka.gov.in + district police/NIC sites,0.55,2026-06-26
2086,1255,,,,office_phone,08226-222243,"SP/CP office, Chamarajanagara",true,false,https://ksp.karnataka.gov.in + district police/NIC sites,0.55,2026-06-26
2087,1273,,,,office_email,dchsn@ksp.gov.in,"SP/CP office, Hassan",true,false,https://ksp.karnataka.gov.in + district police/NIC sites,0.55,2026-06-26
2088,1273,,,,office_phone,08172-268410,"SP/CP office, Hassan",true,false,https://ksp.karnataka.gov.in + district police/NIC sites,0.55,2026-06-26
2089,1277,,,,office_email,sp-kodagu@karnataka.gov.in,"SP/CP office, Kodagu",true,false,https://ksp.karnataka.gov.in + district police/NIC sites,0.55,2026-06-26
2090,1277,,,,office_phone,08272-229000,"SP/CP office, Kodagu",true,false,https://ksp.karnataka.gov.in + district police/NIC sites,0.55,2026-06-26
2091,1283,,,,office_email,spmdy@ksp.gov.in,"SP/CP office, Mandya",true,false,https://ksp.karnataka.gov.in + district police/NIC sites,0.55,2026-06-26
2092,1283,,,,office_phone,08232-224500,"SP/CP office, Mandya",true,false,https://ksp.karnataka.gov.in + district police/NIC sites,0.55,2026-06-26
2093,1285,,,,office_email,mysorecitypolice@gmail.com,"SP/CP office, Mysuru",true,false,https://ksp.karnataka.gov.in + district police/NIC sites,0.55,2026-06-26
2094,1285,,,,office_phone,0821-2418612,"SP/CP office, Mysuru",true,false,https://ksp.karnataka.gov.in + district police/NIC sites,0.55,2026-06-26
2095,1259,,,,office_email,spckm@ksp.gov.in,"SP/CP office, Chikkamagaluru",true,false,https://ksp.karnataka.gov.in + district police/NIC sites,0.55,2026-06-26
2096,1259,,,,office_phone,08262-230403,"SP/CP office, Chikkamagaluru",true,false,https://ksp.karnataka.gov.in + district police/NIC sites,0.55,2026-06-26
2097,1263,,,,office_phone,0824-2220503,"SP/CP office, Dakshina Kannada",true,false,https://ksp.karnataka.gov.in + district police/NIC sites,0.55,2026-06-26
2098,1293,,,,office_email,patospudp@ksp.gov.in,"SP/CP office, Udupi",true,false,https://ksp.karnataka.gov.in + district police/NIC sites,0.55,2026-06-26
2099,1293,,,,office_phone,0820-2534777,"SP/CP office, Udupi",true,false,https://ksp.karnataka.gov.in + district police/NIC sites,0.55,2026-06-26
2100,1295,,,,office_email,spkwr@ksp.gov.in,"SP/CP office, Uttara Kannada",true,false,https://ksp.karnataka.gov.in + district police/NIC sites,0.55,2026-06-26
2101,1295,,,,office_phone,083820-226233,"SP/CP office, Uttara Kannada",true,false,https://ksp.karnataka.gov.in + district police/NIC sites,0.55,2026-06-26
2102,1261,,,,office_email,spcta@ksp.gov.in,"SP/CP office, Chitradurga",true,false,https://ksp.karnataka.gov.in + district police/NIC sites,0.55,2026-06-26
2103,1261,,,,office_phone,08194-222781,"SP/CP office, Chitradurga",true,false,https://ksp.karnataka.gov.in + district police/NIC sites,0.55,2026-06-26
2104,1265,,,,office_email,spdvg@ksp.gov.in,"SP/CP office, Davanagere",true,false,https://ksp.karnataka.gov.in + district police/NIC sites,0.55,2026-06-26
2105,1265,,,,office_phone,08192-253400,"SP/CP office, Davanagere",true,false,https://ksp.karnataka.gov.in + district police/NIC sites,0.55,2026-06-26
2106,1275,,,,office_email,sphvr@ksp.gov.in,"SP/CP office, Haveri",true,false,https://ksp.karnataka.gov.in + district police/NIC sites,0.55,2026-06-26
2107,1275,,,,office_phone,08375-232800,"SP/CP office, Haveri",true,false,https://ksp.karnataka.gov.in + district police/NIC sites,0.55,2026-06-26
2108,1289,,,,office_email,spshi@ksp.gov.in,"SP/CP office, Shivamogga",true,false,https://ksp.karnataka.gov.in + district police/NIC sites,0.55,2026-06-26
2109,1289,,,,office_phone,08182-261400,"SP/CP office, Shivamogga",true,false,https://ksp.karnataka.gov.in + district police/NIC sites,0.55,2026-06-26
2110,1239,,,,office_email,sp.karbgk@nic.in,"SP/CP office, Bagalkote",true,false,https://ksp.karnataka.gov.in + district police/NIC sites,0.55,2026-06-26
2111,1239,,,,office_phone,08354-235077,"SP/CP office, Bagalkote",true,false,https://ksp.karnataka.gov.in + district police/NIC sites,0.55,2026-06-26
2112,1247,,,,office_email,copbgc@ksp.gov.in,"SP/CP office, Belagavi",true,false,https://ksp.karnataka.gov.in + district police/NIC sites,0.55,2026-06-26
2113,1247,,,,office_phone,0831-2405279,"SP/CP office, Belagavi",true,false,https://ksp.karnataka.gov.in + district police/NIC sites,0.55,2026-06-26
2114,1267,,,,office_email,compolhdc@ksp.gov.in,"SP/CP office, Dharwad",true,false,https://ksp.karnataka.gov.in + district police/NIC sites,0.55,2026-06-26
2115,1267,,,,office_phone,0836-2233531,"SP/CP office, Dharwad",true,false,https://ksp.karnataka.gov.in + district police/NIC sites,0.55,2026-06-26
2116,1269,,,,office_email,spgdg@ksp.gov.in,"SP/CP office, Gadag",true,false,https://ksp.karnataka.gov.in + district police/NIC sites,0.55,2026-06-26
2117,1269,,,,office_phone,08372-236260,"SP/CP office, Gadag",true,false,https://ksp.karnataka.gov.in + district police/NIC sites,0.55,2026-06-26
2118,1253,,,,office_email,spbjp@ksp.gov.in,"SP/CP office, Vijayapura",true,false,https://ksp.karnataka.gov.in + district police/NIC sites,0.55,2026-06-26
2119,1253,,,,office_phone,08352-250152,"SP/CP office, Vijayapura",true,false,https://ksp.karnataka.gov.in + district police/NIC sites,0.55,2026-06-26
2120,1251,,,,office_email,spbdr@ksp.gov.in,"SP/CP office, Bidar",true,false,https://ksp.karnataka.gov.in + district police/NIC sites,0.55,2026-06-26
2121,1251,,,,office_phone,08482-226700,"SP/CP office, Bidar",true,false,https://ksp.karnataka.gov.in + district police/NIC sites,0.55,2026-06-26
2122,1271,,,,office_email,citycontrolkbc@ksp.gov.in,"SP/CP office, Kalaburagi",true,false,https://ksp.karnataka.gov.in + district police/NIC sites,0.55,2026-06-26
2123,1271,,,,office_phone,08472-248500,"SP/CP office, Kalaburagi",true,false,https://ksp.karnataka.gov.in + district police/NIC sites,0.55,2026-06-26
2124,1299,,,,office_email,sp-yadgir@karnataka.gov.in,"SP/CP office, Yadgiri",true,false,https://ksp.karnataka.gov.in + district police/NIC sites,0.55,2026-06-26
2125,1299,,,,office_phone,08473-253730,"SP/CP office, Yadgiri",true,false,https://ksp.karnataka.gov.in + district police/NIC sites,0.55,2026-06-26
2126,1281,,,,office_email,spkpl@ksp.gov.in,"SP/CP office, Koppal",true,false,https://ksp.karnataka.gov.in + district police/NIC sites,0.55,2026-06-26
2127,1281,,,,office_phone,08539-230111,"SP/CP office, Koppal",true,false,https://ksp.karnataka.gov.in + district police/NIC sites,0.55,2026-06-26
2128,1287,,,,office_email,sprcr@ksp.gov.in,"SP/CP office, Raichur",true,false,https://ksp.karnataka.gov.in + district police/NIC sites,0.55,2026-06-26
2129,1287,,,,office_phone,08532-235635,"SP/CP office, Raichur",true,false,https://ksp.karnataka.gov.in + district police/NIC sites,0.55,2026-06-26
2130,739,,,,office_email,cp@vspc.appolice.gov.in,"SP/CP office, Visakhapatnam",true,false,https://www.appolice.gov.in + district police sites,0.55,2026-06-26
2131,739,,,,office_phone,0891-2562709,"SP/CP office, Visakhapatnam",true,false,https://www.appolice.gov.in + district police sites,0.55,2026-06-26
2132,743,,,,office_email,spanakapalli@ap.appolice.gov.in,"SP/CP office, Anakapalli",true,false,https://www.appolice.gov.in + district police sites,0.55,2026-06-26
2133,743,,,,office_phone,9440796000,"SP/CP office, Anakapalli",true,false,https://www.appolice.gov.in + district police sites,0.55,2026-06-26
2134,737,,,,office_email,spvzm@appolice.gov.in,"SP/CP office, Vizianagaram",true,false,https://www.appolice.gov.in + district police sites,0.55,2026-06-26
2135,737,,,,office_phone,08922-276163,"SP/CP office, Vizianagaram",true,false,https://www.appolice.gov.in + district police sites,0.55,2026-06-26
2136,733,,,,office_email,sp@skl.appolice.gov.in,"SP/CP office, Srikakulam",true,false,https://www.appolice.gov.in + district police sites,0.55,2026-06-26
2137,733,,,,office_phone,6309990800,"SP/CP office, Srikakulam",true,false,https://www.appolice.gov.in + district police sites,0.55,2026-06-26
2138,745,,,,office_email,sp@eg.appolice.gov.in,"SP/CP office, Kakinada",true,false,https://www.appolice.gov.in + district police sites,0.55,2026-06-26
2139,745,,,,office_phone,0884-2362000,"SP/CP office, Kakinada",true,false,https://www.appolice.gov.in + district police sites,0.55,2026-06-26
2140,747,,,,office_email,sp@eg.appolice.gov.in,"SP/CP office, East Godavari",true,false,https://www.appolice.gov.in + district police sites,0.55,2026-06-26
2141,747,,,,office_phone,0883-2447777,"SP/CP office, East Godavari",true,false,https://www.appolice.gov.in + district police sites,0.55,2026-06-26
2142,751,,,,office_email,sp@elr.appolice.gov.in,"SP/CP office, Eluru",true,false,https://www.appolice.gov.in + district police sites,0.55,2026-06-26
2143,751,,,,office_phone,9440796600,"SP/CP office, Eluru",true,false,https://www.appolice.gov.in + district police sites,0.55,2026-06-26
2144,753,,,,office_email,sp@wg.appolice.gov.in,"SP/CP office, West Godavari",true,false,https://www.appolice.gov.in + district police sites,0.55,2026-06-26
2145,757,,,,office_email,sp@kri.appolice.gov.in,"SP/CP office, Krishna",true,false,https://www.appolice.gov.in + district police sites,0.55,2026-06-26
2146,757,,,,office_phone,08672-223666,"SP/CP office, Krishna",true,false,https://www.appolice.gov.in + district police sites,0.55,2026-06-26
2147,755,,,,office_email,cp@vjw.appolice.gov.in,"SP/CP office, NTR",true,false,https://www.appolice.gov.in + district police sites,0.55,2026-06-26
2148,755,,,,office_phone,0866-2426666,"SP/CP office, NTR",true,false,https://www.appolice.gov.in + district police sites,0.55,2026-06-26
2149,761,,,,office_email,sp@gtu.appolice.gov.in,"SP/CP office, Guntur",true,false,https://www.appolice.gov.in + district police sites,0.55,2026-06-26
2150,761,,,,office_phone,0863-2234222,"SP/CP office, Guntur",true,false,https://www.appolice.gov.in + district police sites,0.55,2026-06-26
2151,759,,,,office_email,sp@pld.appolice.gov.in,"SP/CP office, Palnadu",true,false,https://www.appolice.gov.in + district police sites,0.55,2026-06-26
2152,759,,,,office_phone,9440796200,"SP/CP office, Palnadu",true,false,https://www.appolice.gov.in + district police sites,0.55,2026-06-26
2153,763,,,,office_email,sp@bpt.appolice.gov.in,"SP/CP office, Bapatla",true,false,https://www.appolice.gov.in + district police sites,0.55,2026-06-26
2154,763,,,,office_phone,9121102200,"SP/CP office, Bapatla",true,false,https://www.appolice.gov.in + district police sites,0.55,2026-06-26
2155,765,,,,office_email,sp@pkm.appolice.gov.in,"SP/CP office, Prakasam",true,false,https://www.appolice.gov.in + district police sites,0.55,2026-06-26
2156,765,,,,office_phone,08592-286100,"SP/CP office, Prakasam",true,false,https://www.appolice.gov.in + district police sites,0.55,2026-06-26
2157,767,,,,office_email,sp@nlr.appolice.gov.in,"SP/CP office, Sri Potti Sriramulu Nellore",true,false,https://www.appolice.gov.in + district police sites,0.55,2026-06-26
2158,767,,,,office_phone,0861-2331536,"SP/CP office, Sri Potti Sriramulu Nellore",true,false,https://www.appolice.gov.in + district police sites,0.55,2026-06-26
2159,781,,,,office_email,sp@tpt.appolice.gov.in,"SP/CP office, Tirupati",true,false,https://www.appolice.gov.in + district police sites,0.55,2026-06-26
2160,781,,,,office_phone,0877-2236999,"SP/CP office, Tirupati",true,false,https://www.appolice.gov.in + district police sites,0.55,2026-06-26
2161,783,,,,office_email,sp@ctr.appolice.gov.in,"SP/CP office, Chittoor",true,false,https://www.appolice.gov.in + district police sites,0.55,2026-06-26
2162,783,,,,office_phone,08572-225333,"SP/CP office, Chittoor",true,false,https://www.appolice.gov.in + district police sites,0.55,2026-06-26
2163,779,,,,office_email,spannamayya@ap.appolice.gov.in,"SP/CP office, Annamayya",true,false,https://www.appolice.gov.in + district police sites,0.55,2026-06-26
2164,779,,,,office_phone,9154960160,"SP/CP office, Annamayya",true,false,https://www.appolice.gov.in + district police sites,0.55,2026-06-26
2165,777,,,,office_email,sp@ydk.appolice.gov.in,"SP/CP office, YSR Kadapa",true,false,https://www.appolice.gov.in + district police sites,0.55,2026-06-26
2166,777,,,,office_phone,08562-244444,"SP/CP office, YSR Kadapa",true,false,https://www.appolice.gov.in + district police sites,0.55,2026-06-26
2167,769,,,,office_email,sp@knl.appolice.gov.in,"SP/CP office, Kurnool",true,false,https://www.appolice.gov.in + district police sites,0.55,2026-06-26
2168,769,,,,office_phone,08518-277777,"SP/CP office, Kurnool",true,false,https://www.appolice.gov.in + district police sites,0.55,2026-06-26
2169,771,,,,office_email,sp@ndl.appolice.gov.in,"SP/CP office, Nandyal",true,false,https://www.appolice.gov.in + district police sites,0.55,2026-06-26
2170,771,,,,office_phone,9948878600,"SP/CP office, Nandyal",true,false,https://www.appolice.gov.in + district police sites,0.55,2026-06-26
2171,773,,,,office_email,sp@atp.appolice.gov.in,"SP/CP office, Ananthapuramu",true,false,https://www.appolice.gov.in + district police sites,0.55,2026-06-26
2172,773,,,,office_phone,08554-240105,"SP/CP office, Ananthapuramu",true,false,https://www.appolice.gov.in + district police sites,0.55,2026-06-26
2173,775,,,,office_email,sp@sss.appolice.gov.in,"SP/CP office, Sri Sathya Sai",true,false,https://www.appolice.gov.in + district police sites,0.55,2026-06-26
2174,1877,,,,office_phone,0461-2340200,"SP office, Thoothukudi",true,false,https://thoothukudi.nic.in/department/collector-office/,0.70,2026-06-26
2175,1877,,,,office_email,sptut.tnpol@nic.in,"SP office, Thoothukudi",true,false,https://thoothukudi.nic.in/department/collector-office/,0.70,2026-06-26
2176,1827,,,,office_phone,044-23452359,"SP/CP office, Chennai",true,false,https://erolls.tn.gov.in/blo/SPs.aspx + TN police/EC 2026 transfers,0.60,2026-06-26
2177,1841,,,,office_phone,044-27237720,"SP/CP office, Kancheepuram",true,false,https://erolls.tn.gov.in/blo/SPs.aspx + TN police/EC 2026 transfers,0.60,2026-06-26
2178,1893,,,,office_phone,0416-2256802,"SP/CP office, Vellore",true,false,https://erolls.tn.gov.in/blo/SPs.aspx + TN police/EC 2026 transfers,0.60,2026-06-26
2179,1847,,,,office_phone,04343-239600,"SP/CP office, Krishnagiri",true,false,https://erolls.tn.gov.in/blo/SPs.aspx + TN police/EC 2026 transfers,0.60,2026-06-26
2180,1833,,,,office_phone,04342-230989,"SP/CP office, Dharmapuri",true,false,https://erolls.tn.gov.in/blo/SPs.aspx + TN police/EC 2026 transfers,0.60,2026-06-26
2181,1889,,,,office_phone,04175-233431,"SP/CP office, Tiruvannamalai",true,false,https://erolls.tn.gov.in/blo/SPs.aspx + TN police/EC 2026 transfers,0.60,2026-06-26
2182,1895,,,,office_phone,04146-223555,"SP/CP office, Viluppuram",true,false,https://erolls.tn.gov.in/blo/SPs.aspx + TN police/EC 2026 transfers,0.60,2026-06-26
2183,1867,,,,office_phone,0427-2274747,"SP/CP office, Salem",true,false,https://erolls.tn.gov.in/blo/SPs.aspx + TN police/EC 2026 transfers,0.60,2026-06-26
2184,1855,,,,office_phone,04286-281000,"SP/CP office, Namakkal",true,false,https://erolls.tn.gov.in/blo/SPs.aspx + TN police/EC 2026 transfers,0.60,2026-06-26
2185,1837,,,,office_phone,0424-2260100,"SP/CP office, Erode",true,false,https://erolls.tn.gov.in/blo/SPs.aspx + TN police/EC 2026 transfers,0.60,2026-06-26
2186,1857,,,,office_phone,0423-2223839,"SP/CP office, Nilgiris",true,false,https://erolls.tn.gov.in/blo/SPs.aspx + TN police/EC 2026 transfers,0.60,2026-06-26
2187,1829,,,,office_phone,0422-2300600,"SP/CP office, Coimbatore",true,false,https://erolls.tn.gov.in/blo/SPs.aspx + TN police/EC 2026 transfers,0.60,2026-06-26
2188,1835,,,,office_phone,0451-2461500,"SP/CP office, Dindigul",true,false,https://erolls.tn.gov.in/blo/SPs.aspx + TN police/EC 2026 transfers,0.60,2026-06-26
2189,1845,,,,office_phone,04324-296650,"SP/CP office, Karur",true,false,https://erolls.tn.gov.in/blo/SPs.aspx + TN police/EC 2026 transfers,0.60,2026-06-26
2190,1879,,,,office_phone,0431-2333629,"SP/CP office, Tiruchirappalli",true,false,https://erolls.tn.gov.in/blo/SPs.aspx + TN police/EC 2026 transfers,0.60,2026-06-26
2191,1859,,,,office_phone,04328-224888,"SP/CP office, Perambalur",true,false,https://erolls.tn.gov.in/blo/SPs.aspx + TN police/EC 2026 transfers,0.60,2026-06-26
2192,1831,,,,office_phone,04142-284330,"SP/CP office, Cuddalore",true,false,https://erolls.tn.gov.in/blo/SPs.aspx + TN police/EC 2026 transfers,0.60,2026-06-26
2193,1853,,,,office_phone,04365-242888,"SP/CP office, Nagapattinam",true,false,https://erolls.tn.gov.in/blo/SPs.aspx + TN police/EC 2026 transfers,0.60,2026-06-26
2194,1873,,,,office_phone,04362-277110,"SP/CP office, Thanjavur",true,false,https://erolls.tn.gov.in/blo/SPs.aspx + TN police/EC 2026 transfers,0.60,2026-06-26
2195,1861,,,,office_phone,04322-265613,"SP/CP office, Pudukkottai",true,false,https://erolls.tn.gov.in/blo/SPs.aspx + TN police/EC 2026 transfers,0.60,2026-06-26
2196,1869,,,,office_phone,04575-241386,"SP/CP office, Sivaganga",true,false,https://erolls.tn.gov.in/blo/SPs.aspx + TN police/EC 2026 transfers,0.60,2026-06-26
2197,1849,,,,office_phone,0452-2539477,"SP/CP office, Madurai",true,false,https://erolls.tn.gov.in/blo/SPs.aspx + TN police/EC 2026 transfers,0.60,2026-06-26
2198,1875,,,,office_phone,04546-254100,"SP/CP office, Theni",true,false,https://erolls.tn.gov.in/blo/SPs.aspx + TN police/EC 2026 transfers,0.60,2026-06-26
2199,1897,,,,office_phone,04562-252300,"SP/CP office, Virudhunagar",true,false,https://erolls.tn.gov.in/blo/SPs.aspx + TN police/EC 2026 transfers,0.60,2026-06-26
2200,1863,,,,office_phone,04567-231220,"SP/CP office, Ramanathapuram",true,false,https://erolls.tn.gov.in/blo/SPs.aspx + TN police/EC 2026 transfers,0.60,2026-06-26
2201,1877,,,,office_phone,0461-2330111,"SP/CP office, Thoothukudi",true,false,https://erolls.tn.gov.in/blo/SPs.aspx + TN police/EC 2026 transfers,0.60,2026-06-26
2202,1881,,,,office_phone,04622-568020,"SP/CP office, Tirunelveli",true,false,https://erolls.tn.gov.in/blo/SPs.aspx + TN police/EC 2026 transfers,0.60,2026-06-26
2203,1843,,,,office_phone,04652-220047,"SP/CP office, Kanyakumari",true,false,https://erolls.tn.gov.in/blo/SPs.aspx + TN police/EC 2026 transfers,0.60,2026-06-26
2204,1823,,,,office_phone,04329-222106,"SP/CP office, Ariyalur",true,false,https://erolls.tn.gov.in/blo/SPs.aspx + TN police/EC 2026 transfers,0.60,2026-06-26
2205,1885,,,,office_phone,0421-2970010,"SP/CP office, Tiruppur",true,false,https://erolls.tn.gov.in/blo/SPs.aspx + TN police/EC 2026 transfers,0.60,2026-06-26
2206,1871,,,,office_phone,04633-299100,"SP/CP office, Tenkasi",true,false,https://erolls.tn.gov.in/blo/SPs.aspx + TN police/EC 2026 transfers,0.60,2026-06-26
2207,1825,,,,office_phone,044-29540555,"SP/CP office, Chengalpattu",true,false,https://erolls.tn.gov.in/blo/SPs.aspx + TN police/EC 2026 transfers,0.60,2026-06-26
2208,1883,,,,office_phone,04179-221105,"SP/CP office, Tirupathur",true,false,https://erolls.tn.gov.in/blo/SPs.aspx + TN police/EC 2026 transfers,0.60,2026-06-26
2209,1865,,,,office_phone,04172-290961,"SP/CP office, Ranipet",true,false,https://erolls.tn.gov.in/blo/SPs.aspx + TN police/EC 2026 transfers,0.60,2026-06-26
2210,1851,,,,office_phone,04364-211600,"SP/CP office, Mayiladuthurai",true,false,https://erolls.tn.gov.in/blo/SPs.aspx + TN police/EC 2026 transfers,0.60,2026-06-26
2211,1899,,,,office_email,sp@add.tspolice.gov.in,"SP/CP office, Adilabad",true,false,https://www.telangana.gov.in/contacts/district-officials/ + 29 Jun 2026 IPS reshuffle,0.60,2026-06-26
2212,1899,,,,office_phone,9440795000,"SP/CP office, Adilabad",true,false,https://www.telangana.gov.in/contacts/district-officials/ + 29 Jun 2026 IPS reshuffle,0.60,2026-06-26
2213,1935,,,,office_email,sp@kgm.tspolice.gov.in,"SP/CP office, Bhadradri Kothagudem",true,false,https://www.telangana.gov.in/contacts/district-officials/ + 29 Jun 2026 IPS reshuffle,0.60,2026-06-26
2214,1935,,,,office_phone,08744-243666,"SP/CP office, Bhadradri Kothagudem",true,false,https://www.telangana.gov.in/contacts/district-officials/ + 29 Jun 2026 IPS reshuffle,0.60,2026-06-26
2215,1929,,,,office_email,cp-warangal@tspolice.gov.in,"SP/CP office, Hanumakonda",true,false,https://www.telangana.gov.in/contacts/district-officials/ + 29 Jun 2026 IPS reshuffle,0.60,2026-06-26
2216,1929,,,,office_phone,9491089100,"SP/CP office, Hanumakonda",true,false,https://www.telangana.gov.in/contacts/district-officials/ + 29 Jun 2026 IPS reshuffle,0.60,2026-06-26
2217,1949,,,,office_email,cp@hyd.tspolice.gov.in,"SP/CP office, Hyderabad",true,false,https://www.telangana.gov.in/contacts/district-officials/ + 29 Jun 2026 IPS reshuffle,0.60,2026-06-26
2218,1949,,,,office_phone,040-23261666,"SP/CP office, Hyderabad",true,false,https://www.telangana.gov.in/contacts/district-officials/ + 29 Jun 2026 IPS reshuffle,0.60,2026-06-26
2219,1909,,,,office_email,sp@jgl.tspolice.gov.in,"SP/CP office, Jagtial",true,false,https://www.telangana.gov.in/contacts/district-officials/ + 29 Jun 2026 IPS reshuffle,0.60,2026-06-26
2220,1909,,,,office_phone,08724-222133,"SP/CP office, Jagtial",true,false,https://www.telangana.gov.in/contacts/district-officials/ + 29 Jun 2026 IPS reshuffle,0.60,2026-06-26
2221,1927,,,,office_phone,8512685100,"SP/CP office, Jangaon",true,false,https://www.telangana.gov.in/contacts/district-officials/ + 29 Jun 2026 IPS reshuffle,0.60,2026-06-26
2222,1919,,,,office_email,sp@bhp.tspolice.gov.in,"SP/CP office, Jayashankar Bhupalpally",true,false,https://www.telangana.gov.in/contacts/district-officials/ + 29 Jun 2026 IPS reshuffle,0.60,2026-06-26
2223,1919,,,,office_phone,08713-222380,"SP/CP office, Jayashankar Bhupalpally",true,false,https://www.telangana.gov.in/contacts/district-officials/ + 29 Jun 2026 IPS reshuffle,0.60,2026-06-26
2224,1963,,,,office_email,spjlmb@jlmb.tspolice.gov.in,"SP/CP office, Jogulamba Gadwal",true,false,https://www.telangana.gov.in/contacts/district-officials/ + 29 Jun 2026 IPS reshuffle,0.60,2026-06-26
2225,1963,,,,office_phone,08546-273000,"SP/CP office, Jogulamba Gadwal",true,false,https://www.telangana.gov.in/contacts/district-officials/ + 29 Jun 2026 IPS reshuffle,0.60,2026-06-26
2226,1913,,,,office_email,sp@kmr.tspolice.gov.in,"SP/CP office, Kamareddy",true,false,https://www.telangana.gov.in/contacts/district-officials/ + 29 Jun 2026 IPS reshuffle,0.60,2026-06-26
2227,1913,,,,office_phone,8332931100,"SP/CP office, Kamareddy",true,false,https://www.telangana.gov.in/contacts/district-officials/ + 29 Jun 2026 IPS reshuffle,0.60,2026-06-26
2228,1917,,,,office_email,cp@knr.tspolice.gov.in,"SP/CP office, Karimnagar",true,false,https://www.telangana.gov.in/contacts/district-officials/ + 29 Jun 2026 IPS reshuffle,0.60,2026-06-26
2229,1917,,,,office_phone,0878-2262303,"SP/CP office, Karimnagar",true,false,https://www.telangana.gov.in/contacts/district-officials/ + 29 Jun 2026 IPS reshuffle,0.60,2026-06-26
2230,1937,,,,office_email,cp@kmm.tspolice.gov.in,"SP/CP office, Khammam",true,false,https://www.telangana.gov.in/contacts/district-officials/ + 29 Jun 2026 IPS reshuffle,0.60,2026-06-26
2231,1937,,,,office_phone,08742-220000,"SP/CP office, Khammam",true,false,https://www.telangana.gov.in/contacts/district-officials/ + 29 Jun 2026 IPS reshuffle,0.60,2026-06-26
2232,1901,,,,office_phone,08733-279833,"SP/CP office, Kumuram Bheem Asifabad",true,false,https://www.telangana.gov.in/contacts/district-officials/ + 29 Jun 2026 IPS reshuffle,0.60,2026-06-26
2233,1939,,,,office_email,sp@mbd.tspolice.gov.in,"SP/CP office, Mahabubabad",true,false,https://www.telangana.gov.in/contacts/district-officials/ + 29 Jun 2026 IPS reshuffle,0.60,2026-06-26
2234,1939,,,,office_phone,08719-242666,"SP/CP office, Mahabubabad",true,false,https://www.telangana.gov.in/contacts/district-officials/ + 29 Jun 2026 IPS reshuffle,0.60,2026-06-26
2235,1957,,,,office_email,sp@mbnr.tspolice.gov.in,"SP/CP office, Mahabubnagar",true,false,https://www.telangana.gov.in/contacts/district-officials/ + 29 Jun 2026 IPS reshuffle,0.60,2026-06-26
2236,1957,,,,office_phone,08542-243300,"SP/CP office, Mahabubnagar",true,false,https://www.telangana.gov.in/contacts/district-officials/ + 29 Jun 2026 IPS reshuffle,0.60,2026-06-26
2237,1903,,,,office_phone,08736-252534,"SP/CP office, Mancherial",true,false,https://www.telangana.gov.in/contacts/district-officials/ + 29 Jun 2026 IPS reshuffle,0.60,2026-06-26
2238,1923,,,,office_email,sp@mdk.tspolice.gov.in,"SP/CP office, Medak",true,false,https://www.telangana.gov.in/contacts/district-officials/ + 29 Jun 2026 IPS reshuffle,0.60,2026-06-26
2239,1923,,,,office_phone,08452-221666,"SP/CP office, Medak",true,false,https://www.telangana.gov.in/contacts/district-officials/ + 29 Jun 2026 IPS reshuffle,0.60,2026-06-26
2240,1933,,,,office_email,sp-mulugu@tspolice.gov.in,"SP/CP office, Mulugu",true,false,https://www.telangana.gov.in/contacts/district-officials/ + 29 Jun 2026 IPS reshuffle,0.60,2026-06-26
2241,1959,,,,office_email,sp@nkl.tspolice.gov.in,"SP/CP office, Nagarkurnool",true,false,https://www.telangana.gov.in/contacts/district-officials/ + 29 Jun 2026 IPS reshuffle,0.60,2026-06-26
2242,1959,,,,office_phone,08540-230333,"SP/CP office, Nagarkurnool",true,false,https://www.telangana.gov.in/contacts/district-officials/ + 29 Jun 2026 IPS reshuffle,0.60,2026-06-26
2243,1943,,,,office_email,sp@nlg.tspolice.gov.in,"SP/CP office, Nalgonda",true,false,https://www.telangana.gov.in/contacts/district-officials/ + 29 Jun 2026 IPS reshuffle,0.60,2026-06-26
2244,1943,,,,office_phone,08682-222306,"SP/CP office, Nalgonda",true,false,https://www.telangana.gov.in/contacts/district-officials/ + 29 Jun 2026 IPS reshuffle,0.60,2026-06-26
2245,1955,,,,office_phone,9440795700,"SP/CP office, Narayanpet",true,false,https://www.telangana.gov.in/contacts/district-officials/ + 29 Jun 2026 IPS reshuffle,0.60,2026-06-26
2246,1905,,,,office_phone,08734-240233,"SP/CP office, Nirmal",true,false,https://www.telangana.gov.in/contacts/district-officials/ + 29 Jun 2026 IPS reshuffle,0.60,2026-06-26
2247,1907,,,,office_email,sp@nzb.ts.gov.in,"SP/CP office, Nizamabad",true,false,https://www.telangana.gov.in/contacts/district-officials/ + 29 Jun 2026 IPS reshuffle,0.60,2026-06-26
2248,1907,,,,office_phone,08462-232203,"SP/CP office, Nizamabad",true,false,https://www.telangana.gov.in/contacts/district-officials/ + 29 Jun 2026 IPS reshuffle,0.60,2026-06-26
2249,1911,,,,office_email,cp.rgm.tspolice@gov.in,"SP/CP office, Peddapalli",true,false,https://www.telangana.gov.in/contacts/district-officials/ + 29 Jun 2026 IPS reshuffle,0.60,2026-06-26
2250,1915,,,,office_phone,8332831100,"SP/CP office, Rajanna Sircilla",true,false,https://www.telangana.gov.in/contacts/district-officials/ + 29 Jun 2026 IPS reshuffle,0.60,2026-06-26
2251,1921,,,,office_email,sp@sgr.tspolice.gov.in,"SP/CP office, Sangareddy",true,false,https://www.telangana.gov.in/contacts/district-officials/ + 29 Jun 2026 IPS reshuffle,0.60,2026-06-26
2252,1921,,,,office_phone,08455-276600,"SP/CP office, Sangareddy",true,false,https://www.telangana.gov.in/contacts/district-officials/ + 29 Jun 2026 IPS reshuffle,0.60,2026-06-26
2253,1925,,,,office_email,cp@sdpt.tspolice.gov.in,"SP/CP office, Siddipet",true,false,https://www.telangana.gov.in/contacts/district-officials/ + 29 Jun 2026 IPS reshuffle,0.60,2026-06-26
2254,1925,,,,office_phone,08457-226533,"SP/CP office, Siddipet",true,false,https://www.telangana.gov.in/contacts/district-officials/ + 29 Jun 2026 IPS reshuffle,0.60,2026-06-26
2255,1941,,,,office_email,sp@spt.tspolice.gov.in,"SP/CP office, Suryapet",true,false,https://www.telangana.gov.in/contacts/district-officials/ + 29 Jun 2026 IPS reshuffle,0.60,2026-06-26
2256,1941,,,,office_phone,08684-254100,"SP/CP office, Suryapet",true,false,https://www.telangana.gov.in/contacts/district-officials/ + 29 Jun 2026 IPS reshuffle,0.60,2026-06-26
2257,1953,,,,office_email,sp@vkb.ts.gov.in,"SP/CP office, Vikarabad",true,false,https://www.telangana.gov.in/contacts/district-officials/ + 29 Jun 2026 IPS reshuffle,0.60,2026-06-26
2258,1953,,,,office_phone,08416-255601,"SP/CP office, Vikarabad",true,false,https://www.telangana.gov.in/contacts/district-officials/ + 29 Jun 2026 IPS reshuffle,0.60,2026-06-26
2259,1961,,,,office_email,sp@wnp.tspolice.gov.in,"SP/CP office, Wanaparthy",true,false,https://www.telangana.gov.in/contacts/district-officials/ + 29 Jun 2026 IPS reshuffle,0.60,2026-06-26
2260,1961,,,,office_phone,08545-233321,"SP/CP office, Wanaparthy",true,false,https://www.telangana.gov.in/contacts/district-officials/ + 29 Jun 2026 IPS reshuffle,0.60,2026-06-26
2261,1931,,,,office_email,cp@wrlc.tspolice.gov.in,"SP/CP office, Warangal",true,false,https://www.telangana.gov.in/contacts/district-officials/ + 29 Jun 2026 IPS reshuffle,0.60,2026-06-26
2262,1931,,,,office_phone,8512685100,"SP/CP office, Warangal",true,false,https://www.telangana.gov.in/contacts/district-officials/ + 29 Jun 2026 IPS reshuffle,0.60,2026-06-26
2263,1945,,,,office_email,dcp-bngr-rck@tspolice.gov.in,"SP/CP office, Yadadri Bhuvanagiri",true,false,https://www.telangana.gov.in/contacts/district-officials/ + 29 Jun 2026 IPS reshuffle,0.60,2026-06-26
2264,1945,,,,office_phone,08685-242504,"SP/CP office, Yadadri Bhuvanagiri",true,false,https://www.telangana.gov.in/contacts/district-officials/ + 29 Jun 2026 IPS reshuffle,0.60,2026-06-26
2265,953,,,,office_email,sp-nalanda-bih@nic.in,"SP/CP office, Nalanda",true,false,Bihar Home Dept SP list (Feb 2026) + 20 Jun 2026 reshuffle + district NIC,0.60,2026-06-26
2266,919,,,,office_email,sp-bhojpur-bih@nic.in,"SP/CP office, Bhojpur",true,false,Bihar Home Dept SP list (Feb 2026) + 20 Jun 2026 reshuffle + district NIC,0.60,2026-06-26
2267,921,,,,office_email,sp-buxar-bih@nic.in,"SP/CP office, Buxar",true,false,Bihar Home Dept SP list (Feb 2026) + 20 Jun 2026 reshuffle + district NIC,0.60,2026-06-26
2268,961,,,,office_email,sp-rohtas-bih@nic.in,"SP/CP office, Rohtas",true,false,Bihar Home Dept SP list (Feb 2026) + 20 Jun 2026 reshuffle + district NIC,0.60,2026-06-26
2269,939,,,,office_email,sp-kaimur-bih@nic.in,"SP/CP office, Kaimur",true,false,Bihar Home Dept SP list (Feb 2026) + 20 Jun 2026 reshuffle + district NIC,0.60,2026-06-26
2270,927,,,,office_email,sp-gaya-bih@nic.in,"SP/CP office, Gaya",true,false,Bihar Home Dept SP list (Feb 2026) + 20 Jun 2026 reshuffle + district NIC,0.60,2026-06-26
2271,933,,,,office_email,sp-jehanabad-bih@nic.in,"SP/CP office, Jehanabad",true,false,Bihar Home Dept SP list (Feb 2026) + 20 Jun 2026 reshuffle + district NIC,0.60,2026-06-26
2272,909,,,,office_email,sp-arwal-bih@nic.in,"SP/CP office, Arwal",true,false,Bihar Home Dept SP list (Feb 2026) + 20 Jun 2026 reshuffle + district NIC,0.60,2026-06-26
2273,911,,,,office_email,sp-aurangabad-bih@nic.in,"SP/CP office, Aurangabad",true,false,Bihar Home Dept SP list (Feb 2026) + 20 Jun 2026 reshuffle + district NIC,0.60,2026-06-26
2274,955,,,,office_email,sp-nawada-bih@nic.in,"SP/CP office, Nawada",true,false,Bihar Home Dept SP list (Feb 2026) + 20 Jun 2026 reshuffle + district NIC,0.60,2026-06-26
2275,971,,,,office_email,sp-saran-bih@nic.in,"SP/CP office, Saran",true,false,Bihar Home Dept SP list (Feb 2026) + 20 Jun 2026 reshuffle + district NIC,0.60,2026-06-26
2276,977,,,,office_email,sp-siwan-bih@nic.in,"SP/CP office, Siwan",true,false,Bihar Home Dept SP list (Feb 2026) + 20 Jun 2026 reshuffle + district NIC,0.60,2026-06-26
2277,929,,,,office_email,sp-gopalganj-bih@nic.in,"SP/CP office, Gopalganj",true,false,Bihar Home Dept SP list (Feb 2026) + 20 Jun 2026 reshuffle + district NIC,0.60,2026-06-26
2278,951,,,,office_email,sp-muzaffarpur-bih@nic.in,"SP/CP office, Muzaffarpur",true,false,Bihar Home Dept SP list (Feb 2026) + 20 Jun 2026 reshuffle + district NIC,0.60,2026-06-26
2279,925,,,,office_email,sp-purbachamparan-bih@nic.in,"SP/CP office, East Champaran",true,false,Bihar Home Dept SP list (Feb 2026) + 20 Jun 2026 reshuffle + district NIC,0.60,2026-06-26
2280,981,,,,office_email,sp-pashchimchamparan-bih@nic.in,"SP/CP office, West Champaran",true,false,Bihar Home Dept SP list (Feb 2026) + 20 Jun 2026 reshuffle + district NIC,0.60,2026-06-26
2281,973,,,,office_email,sp-sitamarhi-bih@nic.in,"SP/CP office, Sitamarhi",true,false,Bihar Home Dept SP list (Feb 2026) + 20 Jun 2026 reshuffle + district NIC,0.60,2026-06-26
2282,967,,,,office_email,sp-sheohar-bih@nic.in,"SP/CP office, Sheohar",true,false,Bihar Home Dept SP list (Feb 2026) + 20 Jun 2026 reshuffle + district NIC,0.60,2026-06-26
2283,979,,,,office_email,sp-vaishali-bih@nic.in,"SP/CP office, Vaishali",true,false,Bihar Home Dept SP list (Feb 2026) + 20 Jun 2026 reshuffle + district NIC,0.60,2026-06-26
2284,923,,,,office_email,sp-darbhanga-bih@nic.in,"SP/CP office, Darbhanga",true,false,Bihar Home Dept SP list (Feb 2026) + 20 Jun 2026 reshuffle + district NIC,0.60,2026-06-26
2285,945,,,,office_email,sp-madhubani-bih@nic.in,"SP/CP office, Madhubani",true,false,Bihar Home Dept SP list (Feb 2026) + 20 Jun 2026 reshuffle + district NIC,0.60,2026-06-26
2286,965,,,,office_email,sp-samastipur-bih@nic.in,"SP/CP office, Samastipur",true,false,Bihar Home Dept SP list (Feb 2026) + 20 Jun 2026 reshuffle + district NIC,0.60,2026-06-26
2287,915,,,,office_email,sp-begusarai-bih@nic.in,"SP/CP office, Begusarai",true,false,Bihar Home Dept SP list (Feb 2026) + 20 Jun 2026 reshuffle + district NIC,0.60,2026-06-26
2288,935,,,,office_email,sp-khagaria-bih@nic.in,"SP/CP office, Khagaria",true,false,Bihar Home Dept SP list (Feb 2026) + 20 Jun 2026 reshuffle + district NIC,0.60,2026-06-26
2289,947,,,,office_email,sp-munger-bih@nic.in,"SP/CP office, Munger",true,false,Bihar Home Dept SP list (Feb 2026) + 20 Jun 2026 reshuffle + district NIC,0.60,2026-06-26
2290,943,,,,office_email,sp-lakhisarai-bih@nic.in,"SP/CP office, Lakhisarai",true,false,Bihar Home Dept SP list (Feb 2026) + 20 Jun 2026 reshuffle + district NIC,0.60,2026-06-26
2291,969,,,,office_email,sp-sheikhpura.bih@nic.in,"SP/CP office, Sheikhpura",true,false,Bihar Home Dept SP list (Feb 2026) + 20 Jun 2026 reshuffle + district NIC,0.60,2026-06-26
2292,931,,,,office_email,sp-jamui-bih@nic.in,"SP/CP office, Jamui",true,false,Bihar Home Dept SP list (Feb 2026) + 20 Jun 2026 reshuffle + district NIC,0.60,2026-06-26
2293,917,,,,office_email,sp-bhagalpur-bih@nic.in,"SP/CP office, Bhagalpur",true,false,Bihar Home Dept SP list (Feb 2026) + 20 Jun 2026 reshuffle + district NIC,0.60,2026-06-26
2294,913,,,,office_email,sp-banka-bih@nic.in,"SP/CP office, Banka",true,false,Bihar Home Dept SP list (Feb 2026) + 20 Jun 2026 reshuffle + district NIC,0.60,2026-06-26
2295,963,,,,office_email,sp-saharsa-bih@nic.in,"SP/CP office, Saharsa",true,false,Bihar Home Dept SP list (Feb 2026) + 20 Jun 2026 reshuffle + district NIC,0.60,2026-06-26
2296,949,,,,office_email,sp-madhepura-bih@nic.in,"SP/CP office, Madhepura",true,false,Bihar Home Dept SP list (Feb 2026) + 20 Jun 2026 reshuffle + district NIC,0.60,2026-06-26
2297,975,,,,office_email,sp-supaul-bih@nic.in,"SP/CP office, Supaul",true,false,Bihar Home Dept SP list (Feb 2026) + 20 Jun 2026 reshuffle + district NIC,0.60,2026-06-26
2298,959,,,,office_email,sp-purnea-bih@nic.in,"SP/CP office, Purnia",true,false,Bihar Home Dept SP list (Feb 2026) + 20 Jun 2026 reshuffle + district NIC,0.60,2026-06-26
2299,941,,,,office_email,sp-katihar-bih@nic.in,"SP/CP office, Katihar",true,false,Bihar Home Dept SP list (Feb 2026) + 20 Jun 2026 reshuffle + district NIC,0.60,2026-06-26
2300,907,,,,office_email,sp-araria-bih@nic.in,"SP/CP office, Araria",true,false,Bihar Home Dept SP list (Feb 2026) + 20 Jun 2026 reshuffle + district NIC,0.60,2026-06-26
2301,937,,,,office_email,sp-kishanganj-bih@nic.in,"SP/CP office, Kishanganj",true,false,Bihar Home Dept SP list (Feb 2026) + 20 Jun 2026 reshuffle + district NIC,0.60,2026-06-26
2302,2157,,,,office_email,spalipurduar@gmail.com,"SP/CP office, Alipurduar",true,false,https://wb.gov.in/pdf/List_of_Superintendents_of_Police_english.pdf (23 Mar 2026),0.60,2026-06-26
2303,2157,,,,office_phone,03564 256244,"SP/CP office, Alipurduar",true,false,https://wb.gov.in/pdf/List_of_Superintendents_of_Police_english.pdf (23 Mar 2026),0.60,2026-06-26
2304,2159,,,,office_email,spbankura@gmail.com,"SP/CP office, Bankura",true,false,https://wb.gov.in/pdf/List_of_Superintendents_of_Police_english.pdf (23 Mar 2026),0.60,2026-06-26
2305,2159,,,,office_phone,03242 250305,"SP/CP office, Bankura",true,false,https://wb.gov.in/pdf/List_of_Superintendents_of_Police_english.pdf (23 Mar 2026),0.60,2026-06-26
2306,2165,,,,office_email,spbirbhum@policewb.gov.in,"SP/CP office, Birbhum",true,false,https://wb.gov.in/pdf/List_of_Superintendents_of_Police_english.pdf (23 Mar 2026),0.60,2026-06-26
2307,2165,,,,office_phone,03462 255353,"SP/CP office, Birbhum",true,false,https://wb.gov.in/pdf/List_of_Superintendents_of_Police_english.pdf (23 Mar 2026),0.60,2026-06-26
2308,2167,,,,office_email,spdibcbr@gmail.com,"SP/CP office, Cooch Behar",true,false,https://wb.gov.in/pdf/List_of_Superintendents_of_Police_english.pdf (23 Mar 2026),0.60,2026-06-26
2309,2167,,,,office_phone,03582 227755,"SP/CP office, Cooch Behar",true,false,https://wb.gov.in/pdf/List_of_Superintendents_of_Police_english.pdf (23 Mar 2026),0.60,2026-06-26
2310,2169,,,,office_email,spddinajpur@gmail.com,"SP/CP office, Dakshin Dinajpur",true,false,https://wb.gov.in/pdf/List_of_Superintendents_of_Police_english.pdf (23 Mar 2026),0.60,2026-06-26
2311,2169,,,,office_phone,03522 255321,"SP/CP office, Dakshin Dinajpur",true,false,https://wb.gov.in/pdf/List_of_Superintendents_of_Police_english.pdf (23 Mar 2026),0.60,2026-06-26
2312,2171,,,,office_email,spdjg001@gmail.com,"SP/CP office, Darjeeling",true,false,https://wb.gov.in/pdf/List_of_Superintendents_of_Police_english.pdf (23 Mar 2026),0.60,2026-06-26
2313,2171,,,,office_phone,03542 254270,"SP/CP office, Darjeeling",true,false,https://wb.gov.in/pdf/List_of_Superintendents_of_Police_english.pdf (23 Mar 2026),0.60,2026-06-26
2314,2173,,,,office_email,sphooghly-wb@nic.in,"SP/CP office, Hooghly",true,false,https://wb.gov.in/pdf/List_of_Superintendents_of_Police_english.pdf (23 Mar 2026),0.60,2026-06-26
2315,2173,,,,office_phone,033 2680 4827,"SP/CP office, Hooghly",true,false,https://wb.gov.in/pdf/List_of_Superintendents_of_Police_english.pdf (23 Mar 2026),0.60,2026-06-26
2316,2175,,,,office_email,dcrbrural@gmail.com,"SP/CP office, Howrah",true,false,https://wb.gov.in/pdf/List_of_Superintendents_of_Police_english.pdf (23 Mar 2026),0.60,2026-06-26
2317,2175,,,,office_phone,033 2661 6210,"SP/CP office, Howrah",true,false,https://wb.gov.in/pdf/List_of_Superintendents_of_Police_english.pdf (23 Mar 2026),0.60,2026-06-26
2318,2177,,,,office_email,spjpgwb@gmail.com,"SP/CP office, Jalpaiguri",true,false,https://wb.gov.in/pdf/List_of_Superintendents_of_Police_english.pdf (23 Mar 2026),0.60,2026-06-26
2319,2177,,,,office_phone,03561 230492,"SP/CP office, Jalpaiguri",true,false,https://wb.gov.in/pdf/List_of_Superintendents_of_Police_english.pdf (23 Mar 2026),0.60,2026-06-26
2320,2179,,,,office_email,dcrbjhargram@gmail.com,"SP/CP office, Jhargram",true,false,https://wb.gov.in/pdf/List_of_Superintendents_of_Police_english.pdf (23 Mar 2026),0.60,2026-06-26
2321,2179,,,,office_phone,03221 255198,"SP/CP office, Jhargram",true,false,https://wb.gov.in/pdf/List_of_Superintendents_of_Police_english.pdf (23 Mar 2026),0.60,2026-06-26
2322,2181,,,,office_email,spkalimpong2020@gmail.com,"SP/CP office, Kalimpong",true,false,https://wb.gov.in/pdf/List_of_Superintendents_of_Police_english.pdf (23 Mar 2026),0.60,2026-06-26
2323,2181,,,,office_phone,03552 255359,"SP/CP office, Kalimpong",true,false,https://wb.gov.in/pdf/List_of_Superintendents_of_Police_english.pdf (23 Mar 2026),0.60,2026-06-26
2324,2185,,,,office_email,maldasp@gmail.com,"SP/CP office, Malda",true,false,https://wb.gov.in/pdf/List_of_Superintendents_of_Police_english.pdf (23 Mar 2026),0.60,2026-06-26
2325,2185,,,,office_phone,03512 252520,"SP/CP office, Malda",true,false,https://wb.gov.in/pdf/List_of_Superintendents_of_Police_english.pdf (23 Mar 2026),0.60,2026-06-26
2326,2187,,,,office_email,spmurshidabad@gmail.com,"SP/CP office, Murshidabad",true,false,https://wb.gov.in/pdf/List_of_Superintendents_of_Police_english.pdf (23 Mar 2026),0.60,2026-06-26
2327,2187,,,,office_phone,03482 250751,"SP/CP office, Murshidabad",true,false,https://wb.gov.in/pdf/List_of_Superintendents_of_Police_english.pdf (23 Mar 2026),0.60,2026-06-26
2328,2189,,,,office_email,spkngrpd@gmail.com,"SP/CP office, Nadia",true,false,https://wb.gov.in/pdf/List_of_Superintendents_of_Police_english.pdf (23 Mar 2026),0.60,2026-06-26
2329,2189,,,,office_phone,03472 252843,"SP/CP office, Nadia",true,false,https://wb.gov.in/pdf/List_of_Superintendents_of_Police_english.pdf (23 Mar 2026),0.60,2026-06-26
2330,2191,,,,office_email,spbarasatpolicedistrict@gmail.com,"SP/CP office, North 24 Parganas",true,false,https://wb.gov.in/pdf/List_of_Superintendents_of_Police_english.pdf (23 Mar 2026),0.60,2026-06-26
2331,2191,,,,office_phone,033 2542 7980,"SP/CP office, North 24 Parganas",true,false,https://wb.gov.in/pdf/List_of_Superintendents_of_Police_english.pdf (23 Mar 2026),0.60,2026-06-26
2332,2193,,,,office_email,sppaschimmedinipur@gmail.com,"SP/CP office, Paschim Medinipur",true,false,https://wb.gov.in/pdf/List_of_Superintendents_of_Police_english.pdf (23 Mar 2026),0.60,2026-06-26
2333,2193,,,,office_phone,03222 275609,"SP/CP office, Paschim Medinipur",true,false,https://wb.gov.in/pdf/List_of_Superintendents_of_Police_english.pdf (23 Mar 2026),0.60,2026-06-26
2334,2163,,,,office_email,spdcrbbwn@gmail.com,"SP/CP office, Purba Bardhaman",true,false,https://wb.gov.in/pdf/List_of_Superintendents_of_Police_english.pdf (23 Mar 2026),0.60,2026-06-26
2335,2163,,,,office_phone,03422 662956,"SP/CP office, Purba Bardhaman",true,false,https://wb.gov.in/pdf/List_of_Superintendents_of_Police_english.pdf (23 Mar 2026),0.60,2026-06-26
2336,2195,,,,office_email,sppurbamedinipur@gmail.com,"SP/CP office, Purba Medinipur",true,false,https://wb.gov.in/pdf/List_of_Superintendents_of_Police_english.pdf (23 Mar 2026),0.60,2026-06-26
2337,2195,,,,office_phone,03228 269580,"SP/CP office, Purba Medinipur",true,false,https://wb.gov.in/pdf/List_of_Superintendents_of_Police_english.pdf (23 Mar 2026),0.60,2026-06-26
2338,2197,,,,office_email,sppla7@gmail.com,"SP/CP office, Purulia",true,false,https://wb.gov.in/pdf/List_of_Superintendents_of_Police_english.pdf (23 Mar 2026),0.60,2026-06-26
2339,2197,,,,office_phone,03252 222304,"SP/CP office, Purulia",true,false,https://wb.gov.in/pdf/List_of_Superintendents_of_Police_english.pdf (23 Mar 2026),0.60,2026-06-26
2340,2199,,,,office_email,baruipurpolice@gmail.com,"SP/CP office, South 24 Parganas",true,false,https://wb.gov.in/pdf/List_of_Superintendents_of_Police_english.pdf (23 Mar 2026),0.60,2026-06-26
2341,2199,,,,office_phone,033 24330010,"SP/CP office, South 24 Parganas",true,false,https://wb.gov.in/pdf/List_of_Superintendents_of_Police_english.pdf (23 Mar 2026),0.60,2026-06-26
2342,2201,,,,office_email,spudwb718@gmail.com,"SP/CP office, Uttar Dinajpur",true,false,https://wb.gov.in/pdf/List_of_Superintendents_of_Police_english.pdf (23 Mar 2026),0.60,2026-06-26
2343,2201,,,,office_phone,03523 246461,"SP/CP office, Uttar Dinajpur",true,false,https://wb.gov.in/pdf/List_of_Superintendents_of_Police_english.pdf (23 Mar 2026),0.60,2026-06-26
2344,1623,,,,office_email,spang.odpol@od.gov.in,"SP/CP office, Angul",true,false,https://police.odisha.gov.in district police (upd 29 Jun 2026),0.65,2026-06-26
2345,1623,,,,office_phone,06764230316,"SP/CP office, Angul",true,false,https://police.odisha.gov.in district police (upd 29 Jun 2026),0.65,2026-06-26
2346,1625,,,,office_email,spblg.odpol@od.gov.in,"SP/CP office, Balangir",true,false,https://police.odisha.gov.in district police (upd 29 Jun 2026),0.65,2026-06-26
2347,1625,,,,office_phone,06652232020,"SP/CP office, Balangir",true,false,https://police.odisha.gov.in district police (upd 29 Jun 2026),0.65,2026-06-26
2348,1627,,,,office_email,spbls.orpol@odishapolice.gov.in,"SP/CP office, Balasore",true,false,https://police.odisha.gov.in district police (upd 29 Jun 2026),0.65,2026-06-26
2349,1627,,,,office_phone,06782262004,"SP/CP office, Balasore",true,false,https://police.odisha.gov.in district police (upd 29 Jun 2026),0.65,2026-06-26
2350,1629,,,,office_email,spbgr.odpol@od.gov.in,"SP/CP office, Bargarh",true,false,https://police.odisha.gov.in district police (upd 29 Jun 2026),0.65,2026-06-26
2351,1629,,,,office_phone,06646234480,"SP/CP office, Bargarh",true,false,https://police.odisha.gov.in district police (upd 29 Jun 2026),0.65,2026-06-26
2352,1631,,,,office_email,spbhc.odpol@od.gov.in,"SP/CP office, Bhadrak",true,false,https://police.odisha.gov.in district police (upd 29 Jun 2026),0.65,2026-06-26
2353,1631,,,,office_phone,06784242035,"SP/CP office, Bhadrak",true,false,https://police.odisha.gov.in district police (upd 29 Jun 2026),0.65,2026-06-26
2354,1633,,,,office_email,spbdh.orpol@odishapolice.gov.in,"SP/CP office, Boudh",true,false,https://police.odisha.gov.in district police (upd 29 Jun 2026),0.65,2026-06-26
2355,1633,,,,office_phone,06841222205,"SP/CP office, Boudh",true,false,https://police.odisha.gov.in district police (upd 29 Jun 2026),0.65,2026-06-26
2356,1635,,,,office_email,spctc.orpol@odishapolice.gov.in,"SP/CP office, Cuttack",true,false,https://police.odisha.gov.in district police (upd 29 Jun 2026),0.65,2026-06-26
2357,1635,,,,office_phone,06712368116,"SP/CP office, Cuttack",true,false,https://police.odisha.gov.in district police (upd 29 Jun 2026),0.65,2026-06-26
2358,1637,,,,office_email,spdgr.orpol@odishapolice.gov.in,"SP/CP office, Deogarh",true,false,https://police.odisha.gov.in district police (upd 29 Jun 2026),0.65,2026-06-26
2359,1637,,,,office_phone,06641226100,"SP/CP office, Deogarh",true,false,https://police.odisha.gov.in district police (upd 29 Jun 2026),0.65,2026-06-26
2360,1639,,,,office_email,dhepol@od.gov.in,"SP/CP office, Dhenkanal",true,false,https://police.odisha.gov.in district police (upd 29 Jun 2026),0.65,2026-06-26
2361,1639,,,,office_phone,06762225777,"SP/CP office, Dhenkanal",true,false,https://police.odisha.gov.in district police (upd 29 Jun 2026),0.65,2026-06-26
2362,1641,,,,office_email,spgjp.odpol@od.gov.in,"SP/CP office, Gajapati",true,false,https://police.odisha.gov.in district police (upd 29 Jun 2026),0.65,2026-06-26
2363,1641,,,,office_phone,06815222533,"SP/CP office, Gajapati",true,false,https://police.odisha.gov.in district police (upd 29 Jun 2026),0.65,2026-06-26
2364,1643,,,,office_email,spgjm.orpol@odishapolice.gov.in,"SP/CP office, Ganjam",true,false,https://police.odisha.gov.in district police (upd 29 Jun 2026),0.65,2026-06-26
2365,1643,,,,office_phone,06811263366,"SP/CP office, Ganjam",true,false,https://police.odisha.gov.in district police (upd 29 Jun 2026),0.65,2026-06-26
2366,1645,,,,office_email,spjsp.orpol@od.gov.in,"SP/CP office, Jagatsinghpur",true,false,https://police.odisha.gov.in district police (upd 29 Jun 2026),0.65,2026-06-26
2367,1645,,,,office_phone,06724220115,"SP/CP office, Jagatsinghpur",true,false,https://police.odisha.gov.in district police (upd 29 Jun 2026),0.65,2026-06-26
2368,1647,,,,office_email,spjjp.odpol@od.gov.in,"SP/CP office, Jajpur",true,false,https://police.odisha.gov.in district police (upd 29 Jun 2026),0.65,2026-06-26
2369,1647,,,,office_phone,06726240112,"SP/CP office, Jajpur",true,false,https://police.odisha.gov.in district police (upd 29 Jun 2026),0.65,2026-06-26
2370,1649,,,,office_email,spjsd.orpol@odishapolice.gov.in,"SP/CP office, Jharsuguda",true,false,https://police.odisha.gov.in district police (upd 29 Jun 2026),0.65,2026-06-26
2371,1649,,,,office_phone,06645270808,"SP/CP office, Jharsuguda",true,false,https://police.odisha.gov.in district police (upd 29 Jun 2026),0.65,2026-06-26
2372,1651,,,,office_email,spkld.odpol@od.gov.in,"SP/CP office, Kalahandi",true,false,https://police.odisha.gov.in district police (upd 29 Jun 2026),0.65,2026-06-26
2373,1651,,,,office_phone,06670233111,"SP/CP office, Kalahandi",true,false,https://police.odisha.gov.in district police (upd 29 Jun 2026),0.65,2026-06-26
2374,1653,,,,office_email,spkdml.odpol@od.gov.in,"SP/CP office, Kandhamal",true,false,https://police.odisha.gov.in district police (upd 29 Jun 2026),0.65,2026-06-26
2375,1653,,,,office_phone,06842253610,"SP/CP office, Kandhamal",true,false,https://police.odisha.gov.in district police (upd 29 Jun 2026),0.65,2026-06-26
2376,1655,,,,office_email,spkdp.orpol@odishapolice.gov.in,"SP/CP office, Kendrapara",true,false,https://police.odisha.gov.in district police (upd 29 Jun 2026),0.65,2026-06-26
2377,1655,,,,office_phone,06727274700,"SP/CP office, Kendrapara",true,false,https://police.odisha.gov.in district police (upd 29 Jun 2026),0.65,2026-06-26
2378,1657,,,,office_email,spknj.orpol@odishapolice.gov.in,"SP/CP office, Kendujhar",true,false,https://police.odisha.gov.in district police (upd 29 Jun 2026),0.65,2026-06-26
2379,1657,,,,office_phone,06766254106,"SP/CP office, Kendujhar",true,false,https://police.odisha.gov.in district police (upd 29 Jun 2026),0.65,2026-06-26
2380,1659,,,,office_email,spkda.odpol@od.gov.in,"SP/CP office, Khordha",true,false,https://police.odisha.gov.in district police (upd 29 Jun 2026),0.65,2026-06-26
2381,1659,,,,office_phone,06755220535,"SP/CP office, Khordha",true,false,https://police.odisha.gov.in district police (upd 29 Jun 2026),0.65,2026-06-26
2382,1661,,,,office_email,spkpt.odpol@odishapolice.gov.in,"SP/CP office, Koraput",true,false,https://police.odisha.gov.in district police (upd 29 Jun 2026),0.65,2026-06-26
2383,1661,,,,office_phone,06852250901,"SP/CP office, Koraput",true,false,https://police.odisha.gov.in district police (upd 29 Jun 2026),0.65,2026-06-26
2384,1663,,,,office_email,spmkg.orpol@odishapolice.gov.in,"SP/CP office, Malkangiri",true,false,https://police.odisha.gov.in district police (upd 29 Jun 2026),0.65,2026-06-26
2385,1663,,,,office_phone,06861230325,"SP/CP office, Malkangiri",true,false,https://police.odisha.gov.in district police (upd 29 Jun 2026),0.65,2026-06-26
2386,1665,,,,office_email,spmbj.orpol@odishapolice.gov.in,"SP/CP office, Mayurbhanj",true,false,https://police.odisha.gov.in district police (upd 29 Jun 2026),0.65,2026-06-26
2387,1665,,,,office_phone,06792252647,"SP/CP office, Mayurbhanj",true,false,https://police.odisha.gov.in district police (upd 29 Jun 2026),0.65,2026-06-26
2388,1667,,,,office_email,spngpr.orpol@odishapolice.gov.in,"SP/CP office, Nabarangpur",true,false,https://police.odisha.gov.in district police (upd 29 Jun 2026),0.65,2026-06-26
2389,1667,,,,office_phone,06858222302,"SP/CP office, Nabarangpur",true,false,https://police.odisha.gov.in district police (upd 29 Jun 2026),0.65,2026-06-26
2390,1669,,,,office_email,spngr.orpol@odishapolice.gov.in,"SP/CP office, Nayagarh",true,false,https://police.odisha.gov.in district police (upd 29 Jun 2026),0.65,2026-06-26
2391,1669,,,,office_phone,06753252088,"SP/CP office, Nayagarh",true,false,https://police.odisha.gov.in district police (upd 29 Jun 2026),0.65,2026-06-26
2392,1671,,,,office_email,spnpr.orpol@odishapolice.gov.in,"SP/CP office, Nuapada",true,false,https://police.odisha.gov.in district police (upd 29 Jun 2026),0.65,2026-06-26
2393,1671,,,,office_phone,06678225478,"SP/CP office, Nuapada",true,false,https://police.odisha.gov.in district police (upd 29 Jun 2026),0.65,2026-06-26
2394,1673,,,,office_email,sppri.orpol@od.gov.in,"SP/CP office, Puri",true,false,https://police.odisha.gov.in district police (upd 29 Jun 2026),0.65,2026-06-26
2395,1673,,,,office_phone,06752225400,"SP/CP office, Puri",true,false,https://police.odisha.gov.in district police (upd 29 Jun 2026),0.65,2026-06-26
2396,1675,,,,office_email,sprgda.odpol@od.gov.in,"SP/CP office, Rayagada",true,false,https://police.odisha.gov.in district police (upd 29 Jun 2026),0.65,2026-06-26
2397,1675,,,,office_phone,06856222304,"SP/CP office, Rayagada",true,false,https://police.odisha.gov.in district police (upd 29 Jun 2026),0.65,2026-06-26
2398,1677,,,,office_email,spsbp.odpol@od.gov.in,"SP/CP office, Sambalpur",true,false,https://police.odisha.gov.in district police (upd 29 Jun 2026),0.65,2026-06-26
2399,1677,,,,office_phone,06632412330,"SP/CP office, Sambalpur",true,false,https://police.odisha.gov.in district police (upd 29 Jun 2026),0.65,2026-06-26
2400,1679,,,,office_email,spsnp.orpol@odishapolice.gov.in,"SP/CP office, Subarnapur",true,false,https://police.odisha.gov.in district police (upd 29 Jun 2026),0.65,2026-06-26
2401,1679,,,,office_phone,06654220349,"SP/CP office, Subarnapur",true,false,https://police.odisha.gov.in district police (upd 29 Jun 2026),0.65,2026-06-26
2402,1681,,,,office_email,spsng.orpol@od.gov.in,"SP/CP office, Sundargarh",true,false,https://police.odisha.gov.in district police (upd 29 Jun 2026),0.65,2026-06-26
2403,1681,,,,office_phone,06622273324,"SP/CP office, Sundargarh",true,false,https://police.odisha.gov.in district police (upd 29 Jun 2026),0.65,2026-06-26
2404,1683,,,,office_email,cpo.asr.police@punjab.gov.in,"SP/CP office, Amritsar",true,false,https://www.punjabpolice.gov.in/Postings.aspx + district sites,0.60,2026-06-26
2405,1683,,,,office_phone,0183-2227779,"SP/CP office, Amritsar",true,false,https://www.punjabpolice.gov.in/Postings.aspx + district sites,0.60,2026-06-26
2406,1727,,,,office_email,ssp.ttn.police@punjab.gov.in,"SP/CP office, Tarn Taran",true,false,https://www.punjabpolice.gov.in/Postings.aspx + district sites,0.60,2026-06-26
2407,1727,,,,office_phone,01852-226500,"SP/CP office, Tarn Taran",true,false,https://www.punjabpolice.gov.in/Postings.aspx + district sites,0.60,2026-06-26
2408,1697,,,,office_email,dpo.grd.police@punjab.gov.in,"SP/CP office, Gurdaspur",true,false,https://www.punjabpolice.gov.in/Postings.aspx + district sites,0.60,2026-06-26
2409,1697,,,,office_phone,01874-245396,"SP/CP office, Gurdaspur",true,false,https://www.punjabpolice.gov.in/Postings.aspx + district sites,0.60,2026-06-26
2410,1715,,,,office_phone,0186-2220070,"SP/CP office, Pathankot",true,false,https://www.punjabpolice.gov.in/Postings.aspx + district sites,0.60,2026-06-26
2411,1701,,,,office_email,cpo.jal.police@punjab.gov.in,"SP/CP office, Jalandhar",true,false,https://www.punjabpolice.gov.in/Postings.aspx + district sites,0.60,2026-06-26
2412,1701,,,,office_phone,0181-2226497,"SP/CP office, Jalandhar",true,false,https://www.punjabpolice.gov.in/Postings.aspx + district sites,0.60,2026-06-26
2413,1703,,,,office_email,ssp.kpr.police@punjab.gov.in,"SP/CP office, Kapurthala",true,false,https://www.punjabpolice.gov.in/Postings.aspx + district sites,0.60,2026-06-26
2414,1703,,,,office_phone,01822-292006,"SP/CP office, Kapurthala",true,false,https://www.punjabpolice.gov.in/Postings.aspx + district sites,0.60,2026-06-26
2415,1699,,,,office_email,ssp.hsr.police@punjab.gov.in,"SP/CP office, Hoshiarpur",true,false,https://www.punjabpolice.gov.in/Postings.aspx + district sites,0.60,2026-06-26
2416,1699,,,,office_phone,01882-220501,"SP/CP office, Hoshiarpur",true,false,https://www.punjabpolice.gov.in/Postings.aspx + district sites,0.60,2026-06-26
2417,1725,,,,office_email,ssp.nsr.police@punjab.gov.in,"SP/CP office, Shaheed Bhagat Singh Nagar",true,false,https://www.punjabpolice.gov.in/Postings.aspx + district sites,0.60,2026-06-26
2418,1725,,,,office_phone,01823-226039,"SP/CP office, Shaheed Bhagat Singh Nagar",true,false,https://www.punjabpolice.gov.in/Postings.aspx + district sites,0.60,2026-06-26
2419,1705,,,,office_email,cp.ldh.police@punjab.gov.in,"SP/CP office, Ludhiana",true,false,https://www.punjabpolice.gov.in/Postings.aspx + district sites,0.60,2026-06-26
2420,1705,,,,office_phone,0161-2414904,"SP/CP office, Ludhiana",true,false,https://www.punjabpolice.gov.in/Postings.aspx + district sites,0.60,2026-06-26
2421,1711,,,,office_email,ssp.mog.police@punjab.gov.in,"SP/CP office, Moga",true,false,https://www.punjabpolice.gov.in/Postings.aspx + district sites,0.60,2026-06-26
2422,1711,,,,office_phone,01636-236600,"SP/CP office, Moga",true,false,https://www.punjabpolice.gov.in/Postings.aspx + district sites,0.60,2026-06-26
2423,1693,,,,office_email,dpo.frz.police@punjab.gov.in,"SP/CP office, Firozpur",true,false,https://www.punjabpolice.gov.in/Postings.aspx + district sites,0.60,2026-06-26
2424,1693,,,,office_phone,01632-244049,"SP/CP office, Firozpur",true,false,https://www.punjabpolice.gov.in/Postings.aspx + district sites,0.60,2026-06-26
2425,1695,,,,office_email,ssp.fzk.police@punjab.gov.in,"SP/CP office, Fazilka",true,false,https://www.punjabpolice.gov.in/Postings.aspx + district sites,0.60,2026-06-26
2426,1695,,,,office_phone,01638-262333,"SP/CP office, Fazilka",true,false,https://www.punjabpolice.gov.in/Postings.aspx + district sites,0.60,2026-06-26
2427,1689,,,,office_email,dpo.frd.police@punjab.gov.in,"SP/CP office, Faridkot",true,false,https://www.punjabpolice.gov.in/Postings.aspx + district sites,0.60,2026-06-26
2428,1689,,,,office_phone,01639-252000,"SP/CP office, Faridkot",true,false,https://www.punjabpolice.gov.in/Postings.aspx + district sites,0.60,2026-06-26
2429,1713,,,,office_email,ssp.mkt.police@punjab.gov.in,"SP/CP office, Sri Muktsar Sahib",true,false,https://www.punjabpolice.gov.in/Postings.aspx + district sites,0.60,2026-06-26
2430,1713,,,,office_phone,01633-264809,"SP/CP office, Sri Muktsar Sahib",true,false,https://www.punjabpolice.gov.in/Postings.aspx + district sites,0.60,2026-06-26
2431,1687,,,,office_phone,0164-2219100,"SP/CP office, Bathinda",true,false,https://www.punjabpolice.gov.in/Postings.aspx + district sites,0.60,2026-06-26
2432,1709,,,,office_phone,01652-229010,"SP/CP office, Mansa",true,false,https://www.punjabpolice.gov.in/Postings.aspx + district sites,0.60,2026-06-26
2433,1685,,,,office_email,ssp.brn.police@punjab.gov.in,"SP/CP office, Barnala",true,false,https://www.punjabpolice.gov.in/Postings.aspx + district sites,0.60,2026-06-26
2434,1685,,,,office_phone,01679-231107,"SP/CP office, Barnala",true,false,https://www.punjabpolice.gov.in/Postings.aspx + district sites,0.60,2026-06-26
2435,1723,,,,office_email,ssp.sgr.police@punjab.gov.in,"SP/CP office, Sangrur",true,false,https://www.punjabpolice.gov.in/Postings.aspx + district sites,0.60,2026-06-26
2436,1717,,,,office_email,ssp.ptl.police@punjab.gov.in,"SP/CP office, Patiala",true,false,https://www.punjabpolice.gov.in/Postings.aspx + district sites,0.60,2026-06-26
2437,1691,,,,office_email,ssp.fgs.police@punjab.gov.in,"SP/CP office, Fatehgarh Sahib",true,false,https://www.punjabpolice.gov.in/Postings.aspx + district sites,0.60,2026-06-26
2438,1721,,,,office_email,ssp.mhl.police@punjab.gov.in,"SP/CP office, Sahibzada Ajit Singh Nagar",true,false,https://www.punjabpolice.gov.in/Postings.aspx + district sites,0.60,2026-06-26
2439,1719,,,,office_email,ssp.rpr.police@punjab.gov.in,"SP/CP office, Rupnagar",true,false,https://www.punjabpolice.gov.in/Postings.aspx + district sites,0.60,2026-06-26
2440,1121,,,,office_email,spamb@hry.nic.in,"SP/CP office, Ambala",true,false,https://haryanapolice.gov.in range telephone directories (May/Jun 2026),0.65,2026-06-26
2441,1121,,,,office_phone,0171-2553520,"SP/CP office, Ambala",true,false,https://haryanapolice.gov.in range telephone directories (May/Jun 2026),0.65,2026-06-26
2442,1157,,,,office_email,spbhw@hry.nic.in,"SP/CP office, Bhiwani",true,false,https://haryanapolice.gov.in range telephone directories (May/Jun 2026),0.65,2026-06-26
2443,1157,,,,office_phone,01664-243700,"SP/CP office, Bhiwani",true,false,https://haryanapolice.gov.in range telephone directories (May/Jun 2026),0.65,2026-06-26
2444,1159,,,,office_email,spdadri.pol-hry@gov.in,"SP/CP office, Charkhi Dadri",true,false,https://haryanapolice.gov.in range telephone directories (May/Jun 2026),0.65,2026-06-26
2445,1159,,,,office_phone,01250-222409,"SP/CP office, Charkhi Dadri",true,false,https://haryanapolice.gov.in range telephone directories (May/Jun 2026),0.65,2026-06-26
2446,1129,,,,office_email,cp.fbd@hry.nic.in,"SP/CP office, Faridabad",true,false,https://haryanapolice.gov.in range telephone directories (May/Jun 2026),0.65,2026-06-26
2447,1129,,,,office_phone,0129-2438000,"SP/CP office, Faridabad",true,false,https://haryanapolice.gov.in range telephone directories (May/Jun 2026),0.65,2026-06-26
2448,1143,,,,office_email,spftb@hry.nic.in,"SP/CP office, Fatehabad",true,false,https://haryanapolice.gov.in range telephone directories (May/Jun 2026),0.65,2026-06-26
2449,1143,,,,office_phone,01667-230005,"SP/CP office, Fatehabad",true,false,https://haryanapolice.gov.in range telephone directories (May/Jun 2026),0.65,2026-06-26
2450,1135,,,,office_email,cp.ggn@hry.nic.in,"SP/CP office, Gurugram",true,false,https://haryanapolice.gov.in range telephone directories (May/Jun 2026),0.65,2026-06-26
2451,1135,,,,office_phone,0124-2311200,"SP/CP office, Gurugram",true,false,https://haryanapolice.gov.in range telephone directories (May/Jun 2026),0.65,2026-06-26
2452,1141,,,,office_email,sphsr@hry.nic.in,"SP/CP office, Hisar",true,false,https://haryanapolice.gov.in range telephone directories (May/Jun 2026),0.65,2026-06-26
2453,1141,,,,office_phone,01662-232307,"SP/CP office, Hisar",true,false,https://haryanapolice.gov.in range telephone directories (May/Jun 2026),0.65,2026-06-26
2454,1161,,,,office_email,cp.jhajjar@hry.gov.in,"SP/CP office, Jhajjar",true,false,https://haryanapolice.gov.in range telephone directories (May/Jun 2026),0.65,2026-06-26
2455,1161,,,,office_phone,01251-296942,"SP/CP office, Jhajjar",true,false,https://haryanapolice.gov.in range telephone directories (May/Jun 2026),0.65,2026-06-26
2456,1145,,,,office_email,spjnd@hry.nic.in,"SP/CP office, Jind",true,false,https://haryanapolice.gov.in range telephone directories (May/Jun 2026),0.65,2026-06-26
2457,1145,,,,office_phone,01681-245285,"SP/CP office, Jind",true,false,https://haryanapolice.gov.in range telephone directories (May/Jun 2026),0.65,2026-06-26
2458,1151,,,,office_email,sp-ktl.pol@hry.gov.in,"SP/CP office, Kaithal",true,false,https://haryanapolice.gov.in range telephone directories (May/Jun 2026),0.65,2026-06-26
2459,1151,,,,office_phone,01746-234222,"SP/CP office, Kaithal",true,false,https://haryanapolice.gov.in range telephone directories (May/Jun 2026),0.65,2026-06-26
2460,1149,,,,office_email,spkrl@hry.nic.in,"SP/CP office, Karnal",true,false,https://haryanapolice.gov.in range telephone directories (May/Jun 2026),0.65,2026-06-26
2461,1149,,,,office_phone,0184-2267700,"SP/CP office, Karnal",true,false,https://haryanapolice.gov.in range telephone directories (May/Jun 2026),0.65,2026-06-26
2462,1123,,,,office_email,spkrk@hry.nic.in,"SP/CP office, Kurukshetra",true,false,https://haryanapolice.gov.in range telephone directories (May/Jun 2026),0.65,2026-06-26
2463,1123,,,,office_phone,01744-233901,"SP/CP office, Kurukshetra",true,false,https://haryanapolice.gov.in range telephone directories (May/Jun 2026),0.65,2026-06-26
2464,1137,,,,office_email,spnrl@hry.nic.in,"SP/CP office, Mahendragarh",true,false,https://haryanapolice.gov.in range telephone directories (May/Jun 2026),0.65,2026-06-26
2465,1137,,,,office_phone,01282-251022,"SP/CP office, Mahendragarh",true,false,https://haryanapolice.gov.in range telephone directories (May/Jun 2026),0.65,2026-06-26
2466,1131,,,,office_email,spmwt@hry.nic.in,"SP/CP office, Nuh",true,false,https://haryanapolice.gov.in range telephone directories (May/Jun 2026),0.65,2026-06-26
2467,1131,,,,office_phone,01267-274616,"SP/CP office, Nuh",true,false,https://haryanapolice.gov.in range telephone directories (May/Jun 2026),0.65,2026-06-26
2468,1133,,,,office_email,sppwl@hry.nic.in,"SP/CP office, Palwal",true,false,https://haryanapolice.gov.in range telephone directories (May/Jun 2026),0.65,2026-06-26
2469,1133,,,,office_phone,01275-298070,"SP/CP office, Palwal",true,false,https://haryanapolice.gov.in range telephone directories (May/Jun 2026),0.65,2026-06-26
2470,1125,,,,office_email,cppkl.pol-hry@gov.in,"SP/CP office, Panchkula",true,false,https://haryanapolice.gov.in range telephone directories (May/Jun 2026),0.65,2026-06-26
2471,1125,,,,office_phone,0172-2585300,"SP/CP office, Panchkula",true,false,https://haryanapolice.gov.in range telephone directories (May/Jun 2026),0.65,2026-06-26
2472,1153,,,,office_email,spppt@hry.nic.in,"SP/CP office, Panipat",true,false,https://haryanapolice.gov.in range telephone directories (May/Jun 2026),0.65,2026-06-26
2473,1153,,,,office_phone,0180-2699100,"SP/CP office, Panipat",true,false,https://haryanapolice.gov.in range telephone directories (May/Jun 2026),0.65,2026-06-26
2474,1139,,,,office_email,sprwr@hry.nic.in,"SP/CP office, Rewari",true,false,https://haryanapolice.gov.in range telephone directories (May/Jun 2026),0.65,2026-06-26
2475,1139,,,,office_phone,01274-263200,"SP/CP office, Rewari",true,false,https://haryanapolice.gov.in range telephone directories (May/Jun 2026),0.65,2026-06-26
2476,1155,,,,office_email,sproh@hry.nic.in,"SP/CP office, Rohtak",true,false,https://haryanapolice.gov.in range telephone directories (May/Jun 2026),0.65,2026-06-26
2477,1155,,,,office_phone,01262-228114,"SP/CP office, Rohtak",true,false,https://haryanapolice.gov.in range telephone directories (May/Jun 2026),0.65,2026-06-26
2478,1147,,,,office_email,spsrs@hry.nic.in,"SP/CP office, Sirsa",true,false,https://haryanapolice.gov.in range telephone directories (May/Jun 2026),0.65,2026-06-26
2479,1147,,,,office_phone,01666-247212,"SP/CP office, Sirsa",true,false,https://haryanapolice.gov.in range telephone directories (May/Jun 2026),0.65,2026-06-26
2480,1163,,,,office_email,cp-sonipat@hry.gov.in,"SP/CP office, Sonipat",true,false,https://haryanapolice.gov.in range telephone directories (May/Jun 2026),0.65,2026-06-26
2481,1163,,,,office_phone,0130-2995001,"SP/CP office, Sonipat",true,false,https://haryanapolice.gov.in range telephone directories (May/Jun 2026),0.65,2026-06-26
2482,1127,,,,office_email,spynr@hry.nic.in,"SP/CP office, Yamunanagar",true,false,https://haryanapolice.gov.in range telephone directories (May/Jun 2026),0.65,2026-06-26
2483,1127,,,,office_phone,01732-268203,"SP/CP office, Yamunanagar",true,false,https://haryanapolice.gov.in range telephone directories (May/Jun 2026),0.65,2026-06-26
2484,837,,,,office_email,sp-baksa@assampolice.gov.in,"SP/CP office, Baksa",true,false,https://police.assam.gov.in district SPs (upd 20 Jun 2026),0.65,2026-06-26
2485,837,,,,office_phone,03624-234681,"SP/CP office, Baksa",true,false,https://police.assam.gov.in district SPs (upd 20 Jun 2026),0.65,2026-06-26
2486,839,,,,office_email,sp.bajali@assampolice.gov.in,"SP/CP office, Bajali",true,false,https://police.assam.gov.in district SPs (upd 20 Jun 2026),0.65,2026-06-26
2487,841,,,,office_email,sp-barpeta@assampolice.gov.in,"SP/CP office, Barpeta",true,false,https://police.assam.gov.in district SPs (upd 20 Jun 2026),0.65,2026-06-26
2488,841,,,,office_phone,03665-236254,"SP/CP office, Barpeta",true,false,https://police.assam.gov.in district SPs (upd 20 Jun 2026),0.65,2026-06-26
2489,843,,,,office_email,sp-biswanath@assampolice.gov.in,"SP/CP office, Biswanath",true,false,https://police.assam.gov.in district SPs (upd 20 Jun 2026),0.65,2026-06-26
2490,843,,,,office_phone,03715-230094,"SP/CP office, Biswanath",true,false,https://police.assam.gov.in district SPs (upd 20 Jun 2026),0.65,2026-06-26
2491,845,,,,office_email,sp-bongaigaon@assampolice.gov.in,"SP/CP office, Bongaigaon",true,false,https://police.assam.gov.in district SPs (upd 20 Jun 2026),0.65,2026-06-26
2492,845,,,,office_phone,03664-230898,"SP/CP office, Bongaigaon",true,false,https://police.assam.gov.in district SPs (upd 20 Jun 2026),0.65,2026-06-26
2493,847,,,,office_email,sp-cachar@assampolice.gov.in,"SP/CP office, Cachar",true,false,https://police.assam.gov.in district SPs (upd 20 Jun 2026),0.65,2026-06-26
2494,847,,,,office_phone,03842-245866,"SP/CP office, Cachar",true,false,https://police.assam.gov.in district SPs (upd 20 Jun 2026),0.65,2026-06-26
2495,849,,,,office_email,sp-charaideo@assampolice.gov.in,"SP/CP office, Charaideo",true,false,https://police.assam.gov.in district SPs (upd 20 Jun 2026),0.65,2026-06-26
2496,849,,,,office_phone,03772-256015,"SP/CP office, Charaideo",true,false,https://police.assam.gov.in district SPs (upd 20 Jun 2026),0.65,2026-06-26
2497,851,,,,office_email,sp-chirang@assampolice.gov.in,"SP/CP office, Chirang",true,false,https://police.assam.gov.in district SPs (upd 20 Jun 2026),0.65,2026-06-26
2498,851,,,,office_phone,03664-243189,"SP/CP office, Chirang",true,false,https://police.assam.gov.in district SPs (upd 20 Jun 2026),0.65,2026-06-26
2499,853,,,,office_email,sp-darrang@assampolice.gov.in,"SP/CP office, Darrang",true,false,https://police.assam.gov.in district SPs (upd 20 Jun 2026),0.65,2026-06-26
2500,853,,,,office_phone,03713-222214,"SP/CP office, Darrang",true,false,https://police.assam.gov.in district SPs (upd 20 Jun 2026),0.65,2026-06-26
2501,855,,,,office_email,sp-dhemaji@assampolice.gov.in,"SP/CP office, Dhemaji",true,false,https://police.assam.gov.in district SPs (upd 20 Jun 2026),0.65,2026-06-26
2502,855,,,,office_phone,03753-224396,"SP/CP office, Dhemaji",true,false,https://police.assam.gov.in district SPs (upd 20 Jun 2026),0.65,2026-06-26
2503,857,,,,office_email,sp-dhubri@assampolice.gov.in,"SP/CP office, Dhubri",true,false,https://police.assam.gov.in district SPs (upd 20 Jun 2026),0.65,2026-06-26
2504,857,,,,office_phone,03662-230014,"SP/CP office, Dhubri",true,false,https://police.assam.gov.in district SPs (upd 20 Jun 2026),0.65,2026-06-26
2505,859,,,,office_email,sp-dibrugarh@assampolice.gov.in,"SP/CP office, Dibrugarh",true,false,https://police.assam.gov.in district SPs (upd 20 Jun 2026),0.65,2026-06-26
2506,859,,,,office_phone,0373-2324424,"SP/CP office, Dibrugarh",true,false,https://police.assam.gov.in district SPs (upd 20 Jun 2026),0.65,2026-06-26
2507,861,,,,office_email,sp-dimahasao@assampolice.gov.in,"SP/CP office, Dima Hasao",true,false,https://police.assam.gov.in district SPs (upd 20 Jun 2026),0.65,2026-06-26
2508,861,,,,office_phone,03673-236325,"SP/CP office, Dima Hasao",true,false,https://police.assam.gov.in district SPs (upd 20 Jun 2026),0.65,2026-06-26
2509,863,,,,office_email,sp-goalpara@assampolice.gov.in,"SP/CP office, Goalpara",true,false,https://police.assam.gov.in district SPs (upd 20 Jun 2026),0.65,2026-06-26
2510,863,,,,office_phone,03663-240161,"SP/CP office, Goalpara",true,false,https://police.assam.gov.in district SPs (upd 20 Jun 2026),0.65,2026-06-26
2511,865,,,,office_email,sp-golaghat@assampolice.gov.in,"SP/CP office, Golaghat",true,false,https://police.assam.gov.in district SPs (upd 20 Jun 2026),0.65,2026-06-26
2512,865,,,,office_phone,03774-285233,"SP/CP office, Golaghat",true,false,https://police.assam.gov.in district SPs (upd 20 Jun 2026),0.65,2026-06-26
2513,867,,,,office_email,sp-hailakandi@assampolice.gov.in,"SP/CP office, Hailakandi",true,false,https://police.assam.gov.in district SPs (upd 20 Jun 2026),0.65,2026-06-26
2514,867,,,,office_phone,03844-222242,"SP/CP office, Hailakandi",true,false,https://police.assam.gov.in district SPs (upd 20 Jun 2026),0.65,2026-06-26
2515,869,,,,office_email,sp-hojai@assampolice.gov.in,"SP/CP office, Hojai",true,false,https://police.assam.gov.in district SPs (upd 20 Jun 2026),0.65,2026-06-26
2516,869,,,,office_phone,03674-284100,"SP/CP office, Hojai",true,false,https://police.assam.gov.in district SPs (upd 20 Jun 2026),0.65,2026-06-26
2517,871,,,,office_email,sp-jorhat@assampolice.gov.in,"SP/CP office, Jorhat",true,false,https://police.assam.gov.in district SPs (upd 20 Jun 2026),0.65,2026-06-26
2518,871,,,,office_phone,0376-2320021,"SP/CP office, Jorhat",true,false,https://police.assam.gov.in district SPs (upd 20 Jun 2026),0.65,2026-06-26
2519,875,,,,office_email,sp-kamrup@assampolice.gov.in,"SP/CP office, Kamrup",true,false,https://police.assam.gov.in district SPs (upd 20 Jun 2026),0.65,2026-06-26
2520,875,,,,office_phone,0361-2684402,"SP/CP office, Kamrup",true,false,https://police.assam.gov.in district SPs (upd 20 Jun 2026),0.65,2026-06-26
2521,873,,,,office_email,cp-guw@assampolice.gov.in,"SP/CP office, Kamrup Metropolitan",true,false,https://police.assam.gov.in district SPs (upd 20 Jun 2026),0.65,2026-06-26
2522,873,,,,office_phone,0361-2540278,"SP/CP office, Kamrup Metropolitan",true,false,https://police.assam.gov.in district SPs (upd 20 Jun 2026),0.65,2026-06-26
2523,877,,,,office_email,sp-kanglong@assampolice.gov.in,"SP/CP office, Karbi Anglong",true,false,https://police.assam.gov.in district SPs (upd 20 Jun 2026),0.65,2026-06-26
2524,877,,,,office_phone,03671-272254,"SP/CP office, Karbi Anglong",true,false,https://police.assam.gov.in district SPs (upd 20 Jun 2026),0.65,2026-06-26
2525,879,,,,office_email,ssp-sribhumi@assampolice.gov.in,"SP/CP office, Sribhumi",true,false,https://police.assam.gov.in district SPs (upd 20 Jun 2026),0.65,2026-06-26
2526,879,,,,office_phone,03843-262371,"SP/CP office, Sribhumi",true,false,https://police.assam.gov.in district SPs (upd 20 Jun 2026),0.65,2026-06-26
2527,881,,,,office_email,sp-kokrajhar@assampolice.gov.in,"SP/CP office, Kokrajhar",true,false,https://police.assam.gov.in district SPs (upd 20 Jun 2026),0.65,2026-06-26
2528,881,,,,office_phone,03661-270725,"SP/CP office, Kokrajhar",true,false,https://police.assam.gov.in district SPs (upd 20 Jun 2026),0.65,2026-06-26
2529,883,,,,office_email,sp-lakhimpur@assampolice.gov.in,"SP/CP office, Lakhimpur",true,false,https://police.assam.gov.in district SPs (upd 20 Jun 2026),0.65,2026-06-26
2530,883,,,,office_phone,03752-222302,"SP/CP office, Lakhimpur",true,false,https://police.assam.gov.in district SPs (upd 20 Jun 2026),0.65,2026-06-26
2531,885,,,,office_email,sp-majuli@assampolice.gov.in,"SP/CP office, Majuli",true,false,https://police.assam.gov.in district SPs (upd 20 Jun 2026),0.65,2026-06-26
2532,885,,,,office_phone,03775-273410,"SP/CP office, Majuli",true,false,https://police.assam.gov.in district SPs (upd 20 Jun 2026),0.65,2026-06-26
2533,887,,,,office_email,sp-morigaon@assampolice.gov.in,"SP/CP office, Morigaon",true,false,https://police.assam.gov.in district SPs (upd 20 Jun 2026),0.65,2026-06-26
2534,887,,,,office_phone,03678-240238,"SP/CP office, Morigaon",true,false,https://police.assam.gov.in district SPs (upd 20 Jun 2026),0.65,2026-06-26
2535,889,,,,office_email,sp-nagaon@assampolice.gov.in,"SP/CP office, Nagaon",true,false,https://police.assam.gov.in district SPs (upd 20 Jun 2026),0.65,2026-06-26
2536,889,,,,office_phone,03672-235624,"SP/CP office, Nagaon",true,false,https://police.assam.gov.in district SPs (upd 20 Jun 2026),0.65,2026-06-26
2537,891,,,,office_email,sp-nalbari@assampolice.gov.in,"SP/CP office, Nalbari",true,false,https://police.assam.gov.in district SPs (upd 20 Jun 2026),0.65,2026-06-26
2538,891,,,,office_phone,03624-220466,"SP/CP office, Nalbari",true,false,https://police.assam.gov.in district SPs (upd 20 Jun 2026),0.65,2026-06-26
2539,893,,,,office_email,sp-sivasagar@assampolice.gov.in,"SP/CP office, Sivasagar",true,false,https://police.assam.gov.in district SPs (upd 20 Jun 2026),0.65,2026-06-26
2540,893,,,,office_phone,03772-222124,"SP/CP office, Sivasagar",true,false,https://police.assam.gov.in district SPs (upd 20 Jun 2026),0.65,2026-06-26
2541,895,,,,office_email,sp-sonitpur@assampolice.gov.in,"SP/CP office, Sonitpur",true,false,https://police.assam.gov.in district SPs (upd 20 Jun 2026),0.65,2026-06-26
2542,895,,,,office_phone,03712-230593,"SP/CP office, Sonitpur",true,false,https://police.assam.gov.in district SPs (upd 20 Jun 2026),0.65,2026-06-26
2543,897,,,,office_email,sp-ssalmara@assampolice.gov.in,"SP/CP office, South Salmara-Mankachar",true,false,https://police.assam.gov.in district SPs (upd 20 Jun 2026),0.65,2026-06-26
2544,897,,,,office_phone,03662-286614,"SP/CP office, South Salmara-Mankachar",true,false,https://police.assam.gov.in district SPs (upd 20 Jun 2026),0.65,2026-06-26
2545,899,,,,office_email,sp-tamulpur@assampolice.gov.in,"SP/CP office, Tamulpur",true,false,https://police.assam.gov.in district SPs (upd 20 Jun 2026),0.65,2026-06-26
2546,901,,,,office_email,sp-tinsukia@assampolice.gov.in,"SP/CP office, Tinsukia",true,false,https://police.assam.gov.in district SPs (upd 20 Jun 2026),0.65,2026-06-26
2547,901,,,,office_phone,0374-2331468,"SP/CP office, Tinsukia",true,false,https://police.assam.gov.in district SPs (upd 20 Jun 2026),0.65,2026-06-26
2548,903,,,,office_email,sp-udalguri@assampolice.gov.in,"SP/CP office, Udalguri",true,false,https://police.assam.gov.in district SPs (upd 20 Jun 2026),0.65,2026-06-26
2549,903,,,,office_phone,03711-225117,"SP/CP office, Udalguri",true,false,https://police.assam.gov.in district SPs (upd 20 Jun 2026),0.65,2026-06-26
2550,905,,,,office_email,sp-hamren@assampolice.gov.in,"SP/CP office, West Karbi Anglong",true,false,https://police.assam.gov.in district SPs (upd 20 Jun 2026),0.65,2026-06-26
2551,905,,,,office_phone,03677-230213,"SP/CP office, West Karbi Anglong",true,false,https://police.assam.gov.in district SPs (upd 20 Jun 2026),0.65,2026-06-26
2552,1229,,,,office_email,ssp-ranchi@jhpolice.gov.in,"SP/CP office, Ranchi",true,false,https://jhpolice.gov.in/imp-contacts + district NIC who's-who + Apr 2026 IPS reshuffle,0.55,2026-06-26
2553,1201,,,,office_email,ssp-jsr@jhpolice.gov.in,"SP/CP office, East Singhbhum",true,false,https://jhpolice.gov.in/imp-contacts + district NIC who's-who + Apr 2026 IPS reshuffle,0.55,2026-06-26
2554,1201,,,,office_phone,9431706480,"SP/CP office, East Singhbhum",true,false,https://jhpolice.gov.in/imp-contacts + district NIC who's-who + Apr 2026 IPS reshuffle,0.55,2026-06-26
2555,1237,,,,office_email,sp-chaibasa@jhpolice.gov.in,"SP/CP office, West Singhbhum",true,false,https://jhpolice.gov.in/imp-contacts + district NIC who's-who + Apr 2026 IPS reshuffle,0.55,2026-06-26
2556,1237,,,,office_phone,06582-256305,"SP/CP office, West Singhbhum",true,false,https://jhpolice.gov.in/imp-contacts + district NIC who's-who + Apr 2026 IPS reshuffle,0.55,2026-06-26
2557,1233,,,,office_email,sp-seraikela@jhpolice.gov.in,"SP/CP office, Saraikela-Kharsawan",true,false,https://jhpolice.gov.in/imp-contacts + district NIC who's-who + Apr 2026 IPS reshuffle,0.55,2026-06-26
2558,1197,,,,office_email,sp-dhanbad@jhpolice.gov.in,"SP/CP office, Dhanbad",true,false,https://jhpolice.gov.in/imp-contacts + district NIC who's-who + Apr 2026 IPS reshuffle,0.55,2026-06-26
2559,1197,,,,office_phone,9431120900,"SP/CP office, Dhanbad",true,false,https://jhpolice.gov.in/imp-contacts + district NIC who's-who + Apr 2026 IPS reshuffle,0.55,2026-06-26
2560,1191,,,,office_email,sp-bokaro@jhpolice.gov.in,"SP/CP office, Bokaro",true,false,https://jhpolice.gov.in/imp-contacts + district NIC who's-who + Apr 2026 IPS reshuffle,0.55,2026-06-26
2561,1191,,,,office_phone,06542-242299,"SP/CP office, Bokaro",true,false,https://jhpolice.gov.in/imp-contacts + district NIC who's-who + Apr 2026 IPS reshuffle,0.55,2026-06-26
2562,1205,,,,office_email,sp-giridih@jhpolice.gov.in,"SP/CP office, Giridih",true,false,https://jhpolice.gov.in/imp-contacts + district NIC who's-who + Apr 2026 IPS reshuffle,0.55,2026-06-26
2563,1205,,,,office_phone,06532-222056,"SP/CP office, Giridih",true,false,https://jhpolice.gov.in/imp-contacts + district NIC who's-who + Apr 2026 IPS reshuffle,0.55,2026-06-26
2564,1211,,,,office_email,sp-hazaribagh@jhpolice.gov.in,"SP/CP office, Hazaribagh",true,false,https://jhpolice.gov.in/imp-contacts + district NIC who's-who + Apr 2026 IPS reshuffle,0.55,2026-06-26
2565,1211,,,,office_phone,06546-224815,"SP/CP office, Hazaribagh",true,false,https://jhpolice.gov.in/imp-contacts + district NIC who's-who + Apr 2026 IPS reshuffle,0.55,2026-06-26
2566,1227,,,,office_email,sp-ramgarh@jhpolice.gov.in,"SP/CP office, Ramgarh",true,false,https://jhpolice.gov.in/imp-contacts + district NIC who's-who + Apr 2026 IPS reshuffle,0.55,2026-06-26
2567,1227,,,,office_phone,06553-261401,"SP/CP office, Ramgarh",true,false,https://jhpolice.gov.in/imp-contacts + district NIC who's-who + Apr 2026 IPS reshuffle,0.55,2026-06-26
2568,1217,,,,office_email,sp-kod@nic.in,"SP/CP office, Koderma",true,false,https://jhpolice.gov.in/imp-contacts + district NIC who's-who + Apr 2026 IPS reshuffle,0.55,2026-06-26
2569,1217,,,,office_phone,06534-252868,"SP/CP office, Koderma",true,false,https://jhpolice.gov.in/imp-contacts + district NIC who's-who + Apr 2026 IPS reshuffle,0.55,2026-06-26
2570,1193,,,,office_email,sp-chatra@jhpolice.gov.in,"SP/CP office, Chatra",true,false,https://jhpolice.gov.in/imp-contacts + district NIC who's-who + Apr 2026 IPS reshuffle,0.55,2026-06-26
2571,1193,,,,office_phone,06541-223037,"SP/CP office, Chatra",true,false,https://jhpolice.gov.in/imp-contacts + district NIC who's-who + Apr 2026 IPS reshuffle,0.55,2026-06-26
2572,1199,,,,office_email,sp-dumka@jhpolice.gov.in,"SP/CP office, Dumka",true,false,https://jhpolice.gov.in/imp-contacts + district NIC who's-who + Apr 2026 IPS reshuffle,0.55,2026-06-26
2573,1199,,,,office_phone,06434-222216,"SP/CP office, Dumka",true,false,https://jhpolice.gov.in/imp-contacts + district NIC who's-who + Apr 2026 IPS reshuffle,0.55,2026-06-26
2574,1195,,,,office_email,sp-deoghar@jhpolice.gov.in,"SP/CP office, Deoghar",true,false,https://jhpolice.gov.in/imp-contacts + district NIC who's-who + Apr 2026 IPS reshuffle,0.55,2026-06-26
2575,1207,,,,office_email,sp-godda@jhpolice.gov.in,"SP/CP office, Godda",true,false,https://jhpolice.gov.in/imp-contacts + district NIC who's-who + Apr 2026 IPS reshuffle,0.55,2026-06-26
2576,1231,,,,office_email,sp-sahibganj@jhpolice.gov.in,"SP/CP office, Sahibganj",true,false,https://jhpolice.gov.in/imp-contacts + district NIC who's-who + Apr 2026 IPS reshuffle,0.55,2026-06-26
2577,1231,,,,office_phone,06436-222033,"SP/CP office, Sahibganj",true,false,https://jhpolice.gov.in/imp-contacts + district NIC who's-who + Apr 2026 IPS reshuffle,0.55,2026-06-26
2578,1223,,,,office_email,sp-pakur@jhpolice.gov.in,"SP/CP office, Pakur",true,false,https://jhpolice.gov.in/imp-contacts + district NIC who's-who + Apr 2026 IPS reshuffle,0.55,2026-06-26
2579,1213,,,,office_email,sp-jamtara@jhpolice.gov.in,"SP/CP office, Jamtara",true,false,https://jhpolice.gov.in/imp-contacts + district NIC who's-who + Apr 2026 IPS reshuffle,0.55,2026-06-26
2580,1225,,,,office_email,sp-palamu@jhpolice.gov.in,"SP/CP office, Palamu",true,false,https://jhpolice.gov.in/imp-contacts + district NIC who's-who + Apr 2026 IPS reshuffle,0.55,2026-06-26
2581,1203,,,,office_email,sp-garhwa@jhpolice.gov.in,"SP/CP office, Garhwa",true,false,https://jhpolice.gov.in/imp-contacts + district NIC who's-who + Apr 2026 IPS reshuffle,0.55,2026-06-26
2582,1219,,,,office_email,sp-latehar@jhpolice.gov.in,"SP/CP office, Latehar",true,false,https://jhpolice.gov.in/imp-contacts + district NIC who's-who + Apr 2026 IPS reshuffle,0.55,2026-06-26
2583,1219,,,,office_phone,9431706262,"SP/CP office, Latehar",true,false,https://jhpolice.gov.in/imp-contacts + district NIC who's-who + Apr 2026 IPS reshuffle,0.55,2026-06-26
2584,1221,,,,office_email,sp-lohardaga@jhpolice.gov.in,"SP/CP office, Lohardaga",true,false,https://jhpolice.gov.in/imp-contacts + district NIC who's-who + Apr 2026 IPS reshuffle,0.55,2026-06-26
2585,1221,,,,office_phone,06526-224019,"SP/CP office, Lohardaga",true,false,https://jhpolice.gov.in/imp-contacts + district NIC who's-who + Apr 2026 IPS reshuffle,0.55,2026-06-26
2586,1209,,,,office_email,sp-gumla@jhpolice.gov.in,"SP/CP office, Gumla",true,false,https://jhpolice.gov.in/imp-contacts + district NIC who's-who + Apr 2026 IPS reshuffle,0.55,2026-06-26
2587,1209,,,,office_phone,9431706376,"SP/CP office, Gumla",true,false,https://jhpolice.gov.in/imp-contacts + district NIC who's-who + Apr 2026 IPS reshuffle,0.55,2026-06-26
2588,1235,,,,office_email,sp-simdega@jhpolice.gov.in,"SP/CP office, Simdega",true,false,https://jhpolice.gov.in/imp-contacts + district NIC who's-who + Apr 2026 IPS reshuffle,0.55,2026-06-26
2589,1215,,,,office_email,sp-khunti@jhpolice.gov.in,"SP/CP office, Khunti",true,false,https://jhpolice.gov.in/imp-contacts + district NIC who's-who + Apr 2026 IPS reshuffle,0.55,2026-06-26
2590,1035,,,,office_email,raipurpolice@gmail.com,"SP/CP office, Raipur",true,false,https://cgpolice.gov.in + district .cg.gov.in who's-who + 2026 IPS transfers,0.55,2026-06-26
2591,1035,,,,office_phone,0771-2285004,"SP/CP office, Raipur",true,false,https://cgpolice.gov.in + district .cg.gov.in who's-who + 2026 IPS transfers,0.55,2026-06-26
2592,1001,,,,office_email,spofficedurg@gmail.com,"SP/CP office, Durg",true,false,https://cgpolice.gov.in + district .cg.gov.in who's-who + 2026 IPS transfers,0.55,2026-06-26
2593,1001,,,,office_phone,0788-2322071,"SP/CP office, Durg",true,false,https://cgpolice.gov.in + district .cg.gov.in who's-who + 2026 IPS transfers,0.55,2026-06-26
2594,995,,,,office_email,sp-bilaspur.cg@gov.in,"SP/CP office, Bilaspur",true,false,https://cgpolice.gov.in + district .cg.gov.in who's-who + 2026 IPS transfers,0.55,2026-06-26
2595,995,,,,office_phone,07752-223330,"SP/CP office, Bilaspur",true,false,https://cgpolice.gov.in + district .cg.gov.in who's-who + 2026 IPS transfers,0.55,2026-06-26
2596,991,,,,office_email,sp-bemetara.cg@gov.in,"SP/CP office, Bemetara",true,false,https://cgpolice.gov.in + district .cg.gov.in who's-who + 2026 IPS transfers,0.55,2026-06-26
2597,991,,,,office_phone,07824-222255,"SP/CP office, Bemetara",true,false,https://cgpolice.gov.in + district .cg.gov.in who's-who + 2026 IPS transfers,0.55,2026-06-26
2598,983,,,,office_email,sp-balod.cg@gov.in,"SP/CP office, Balod",true,false,https://cgpolice.gov.in + district .cg.gov.in who's-who + 2026 IPS transfers,0.55,2026-06-26
2599,983,,,,office_phone,07749-223800,"SP/CP office, Balod",true,false,https://cgpolice.gov.in + district .cg.gov.in who's-who + 2026 IPS transfers,0.55,2026-06-26
2600,999,,,,office_email,sp-dhamtari.cg@nic.in,"SP/CP office, Dhamtari",true,false,https://cgpolice.gov.in + district .cg.gov.in who's-who + 2026 IPS transfers,0.55,2026-06-26
2601,999,,,,office_phone,07722-238265,"SP/CP office, Dhamtari",true,false,https://cgpolice.gov.in + district .cg.gov.in who's-who + 2026 IPS transfers,0.55,2026-06-26
2602,1023,,,,office_email,sp-msamund.cg@nic.in,"SP/CP office, Mahasamund",true,false,https://cgpolice.gov.in + district .cg.gov.in who's-who + 2026 IPS transfers,0.55,2026-06-26
2603,1023,,,,office_phone,07723-223500,"SP/CP office, Mahasamund",true,false,https://cgpolice.gov.in + district .cg.gov.in who's-who + 2026 IPS transfers,0.55,2026-06-26
2604,1003,,,,office_email,sp-gariaband.cg@nic.in,"SP/CP office, Gariaband",true,false,https://cgpolice.gov.in + district .cg.gov.in who's-who + 2026 IPS transfers,0.55,2026-06-26
2605,1003,,,,office_phone,07706-241991,"SP/CP office, Gariaband",true,false,https://cgpolice.gov.in + district .cg.gov.in who's-who + 2026 IPS transfers,0.55,2026-06-26
2606,1033,,,,office_email,sp-raigarh.cg@nic.in,"SP/CP office, Raigarh",true,false,https://cgpolice.gov.in + district .cg.gov.in who's-who + 2026 IPS transfers,0.55,2026-06-26
2607,1033,,,,office_phone,07762-223333,"SP/CP office, Raigarh",true,false,https://cgpolice.gov.in + district .cg.gov.in who's-who + 2026 IPS transfers,0.55,2026-06-26
2608,1007,,,,office_email,sp-janjgir.cg@gov.in,"SP/CP office, Janjgir-Champa",true,false,https://cgpolice.gov.in + district .cg.gov.in who's-who + 2026 IPS transfers,0.55,2026-06-26
2609,1007,,,,office_phone,07817-222032,"SP/CP office, Janjgir-Champa",true,false,https://cgpolice.gov.in + district .cg.gov.in who's-who + 2026 IPS transfers,0.55,2026-06-26
2610,1019,,,,office_email,sp-korba.cg@gov.in,"SP/CP office, Korba",true,false,https://cgpolice.gov.in + district .cg.gov.in who's-who + 2026 IPS transfers,0.55,2026-06-26
2611,1019,,,,office_phone,07759-224500,"SP/CP office, Korba",true,false,https://cgpolice.gov.in + district .cg.gov.in who's-who + 2026 IPS transfers,0.55,2026-06-26
2612,1011,,,,office_email,sp-kawardha.cg@gov.in,"SP/CP office, Kabirdham",true,false,https://cgpolice.gov.in + district .cg.gov.in who's-who + 2026 IPS transfers,0.55,2026-06-26
2613,1011,,,,office_phone,07741-232375,"SP/CP office, Kabirdham",true,false,https://cgpolice.gov.in + district .cg.gov.in who's-who + 2026 IPS transfers,0.55,2026-06-26
2614,1037,,,,office_email,sp-rajnandgaon.cg@gov.in,"SP/CP office, Rajnandgaon",true,false,https://cgpolice.gov.in + district .cg.gov.in who's-who + 2026 IPS transfers,0.55,2026-06-26
2615,1027,,,,office_email,sp-mmac29@cg.gov.in,"SP/CP office, Mohla-Manpur-Ambagarh Chowki",true,false,https://cgpolice.gov.in + district .cg.gov.in who's-who + 2026 IPS transfers,0.55,2026-06-26
2616,1047,,,,office_email,sp-surguja.cg@gov.in,"SP/CP office, Surguja",true,false,https://cgpolice.gov.in + district .cg.gov.in who's-who + 2026 IPS transfers,0.55,2026-06-26
2617,1047,,,,office_phone,07774-230502,"SP/CP office, Surguja",true,false,https://cgpolice.gov.in + district .cg.gov.in who's-who + 2026 IPS transfers,0.55,2026-06-26
2618,1045,,,,office_email,sp-surajpur.cg@gov.in,"SP/CP office, Surajpur",true,false,https://cgpolice.gov.in + district .cg.gov.in who's-who + 2026 IPS transfers,0.55,2026-06-26
2619,1009,,,,office_email,sp-jashpur.cg@gov.in,"SP/CP office, Jashpur",true,false,https://cgpolice.gov.in + district .cg.gov.in who's-who + 2026 IPS transfers,0.55,2026-06-26
2620,1009,,,,office_phone,07763-223240,"SP/CP office, Jashpur",true,false,https://cgpolice.gov.in + district .cg.gov.in who's-who + 2026 IPS transfers,0.55,2026-06-26
2621,1021,,,,office_email,sp.korea@nic.in,"SP/CP office, Koriya",true,false,https://cgpolice.gov.in + district .cg.gov.in who's-who + 2026 IPS transfers,0.55,2026-06-26
2622,1021,,,,office_phone,07836-232223,"SP/CP office, Koriya",true,false,https://cgpolice.gov.in + district .cg.gov.in who's-who + 2026 IPS transfers,0.55,2026-06-26
2623,1025,,,,office_email,sp-mcb@cg.gov.in,"SP/CP office, Manendragarh-Chirmiri-Bharatpur",true,false,https://cgpolice.gov.in + district .cg.gov.in who's-who + 2026 IPS transfers,0.55,2026-06-26
2624,1025,,,,office_phone,9479194588,"SP/CP office, Manendragarh-Chirmiri-Bharatpur",true,false,https://cgpolice.gov.in + district .cg.gov.in who's-who + 2026 IPS transfers,0.55,2026-06-26
2625,989,,,,office_email,sp-bastar.cg@gov.in,"SP/CP office, Bastar",true,false,https://cgpolice.gov.in + district .cg.gov.in who's-who + 2026 IPS transfers,0.55,2026-06-26
2626,989,,,,office_phone,07782-222100,"SP/CP office, Bastar",true,false,https://cgpolice.gov.in + district .cg.gov.in who's-who + 2026 IPS transfers,0.55,2026-06-26
2627,1015,,,,office_email,sp-kondagaon.cg@gov.in,"SP/CP office, Kondagaon",true,false,https://cgpolice.gov.in + district .cg.gov.in who's-who + 2026 IPS transfers,0.55,2026-06-26
2628,1013,,,,office_email,sp-kanker.cg@gov.in,"SP/CP office, Kanker",true,false,https://cgpolice.gov.in + district .cg.gov.in who's-who + 2026 IPS transfers,0.55,2026-06-26
2629,1013,,,,office_phone,07868-241200,"SP/CP office, Kanker",true,false,https://cgpolice.gov.in + district .cg.gov.in who's-who + 2026 IPS transfers,0.55,2026-06-26
2630,1031,,,,office_email,sp-narayanpur.cg@gov.in,"SP/CP office, Narayanpur",true,false,https://cgpolice.gov.in + district .cg.gov.in who's-who + 2026 IPS transfers,0.55,2026-06-26
2631,997,,,,office_email,sp-dantewada.cg@gov.in,"SP/CP office, Dantewada",true,false,https://cgpolice.gov.in + district .cg.gov.in who's-who + 2026 IPS transfers,0.55,2026-06-26
2632,993,,,,office_email,spbijapur.cg@gov.in,"SP/CP office, Bijapur",true,false,https://cgpolice.gov.in + district .cg.gov.in who's-who + 2026 IPS transfers,0.55,2026-06-26
2633,993,,,,office_phone,9479194400,"SP/CP office, Bijapur",true,false,https://cgpolice.gov.in + district .cg.gov.in who's-who + 2026 IPS transfers,0.55,2026-06-26
2634,1043,,,,office_email,sp-sukma.cg@gov.in,"SP/CP office, Sukma",true,false,https://cgpolice.gov.in + district .cg.gov.in who's-who + 2026 IPS transfers,0.55,2026-06-26
2635,1043,,,,office_phone,07864-284101,"SP/CP office, Sukma",true,false,https://cgpolice.gov.in + district .cg.gov.in who's-who + 2026 IPS transfers,0.55,2026-06-26
2636,1323,,,,office_email,cptvm.pol@kerala.gov.in,"SP/CP office, Thiruvananthapuram",true,false,https://keralapolice.gov.in + district sites + Jun 2026 IPS reshuffle,0.65,2026-06-26
2637,1323,,,,office_phone,0471-2320579,"SP/CP office, Thiruvananthapuram",true,false,https://keralapolice.gov.in + district sites + Jun 2026 IPS reshuffle,0.65,2026-06-26
2638,1311,,,,office_email,cpklm.pol@kerala.gov.in,"SP/CP office, Kollam",true,false,https://keralapolice.gov.in + district sites + Jun 2026 IPS reshuffle,0.65,2026-06-26
2639,1311,,,,office_phone,0474-2764422,"SP/CP office, Kollam",true,false,https://keralapolice.gov.in + district sites + Jun 2026 IPS reshuffle,0.65,2026-06-26
2640,1321,,,,office_email,spptm.pol@kerala.gov.in,"SP/CP office, Pathanamthitta",true,false,https://keralapolice.gov.in + district sites + Jun 2026 IPS reshuffle,0.65,2026-06-26
2641,1321,,,,office_phone,0468-2222636,"SP/CP office, Pathanamthitta",true,false,https://keralapolice.gov.in + district sites + Jun 2026 IPS reshuffle,0.65,2026-06-26
2642,1301,,,,office_email,spalpy.pol@kerala.gov.in,"SP/CP office, Alappuzha",true,false,https://keralapolice.gov.in + district sites + Jun 2026 IPS reshuffle,0.65,2026-06-26
2643,1301,,,,office_phone,0477-2239326,"SP/CP office, Alappuzha",true,false,https://keralapolice.gov.in + district sites + Jun 2026 IPS reshuffle,0.65,2026-06-26
2644,1313,,,,office_email,spktym.pol@kerala.gov.in,"SP/CP office, Kottayam",true,false,https://keralapolice.gov.in + district sites + Jun 2026 IPS reshuffle,0.65,2026-06-26
2645,1313,,,,office_phone,0481-2564700,"SP/CP office, Kottayam",true,false,https://keralapolice.gov.in + district sites + Jun 2026 IPS reshuffle,0.65,2026-06-26
2646,1305,,,,office_email,dpoidk.pol@kerala.gov.in,"SP/CP office, Idukki",true,false,https://keralapolice.gov.in + district sites + Jun 2026 IPS reshuffle,0.65,2026-06-26
2647,1305,,,,office_phone,04862-232354,"SP/CP office, Idukki",true,false,https://keralapolice.gov.in + district sites + Jun 2026 IPS reshuffle,0.65,2026-06-26
2648,1303,,,,office_email,cpcity.pol@kerala.gov.in,"SP/CP office, Ernakulam",true,false,https://keralapolice.gov.in + district sites + Jun 2026 IPS reshuffle,0.65,2026-06-26
2649,1303,,,,office_phone,0484-2394500,"SP/CP office, Ernakulam",true,false,https://keralapolice.gov.in + district sites + Jun 2026 IPS reshuffle,0.65,2026-06-26
2650,1325,,,,office_email,cptsr.pol@kerala.gov.in,"SP/CP office, Thrissur",true,false,https://keralapolice.gov.in + district sites + Jun 2026 IPS reshuffle,0.65,2026-06-26
2651,1325,,,,office_phone,0487-2323011,"SP/CP office, Thrissur",true,false,https://keralapolice.gov.in + district sites + Jun 2026 IPS reshuffle,0.65,2026-06-26
2652,1319,,,,office_email,spplkd.pol@kerala.gov.in,"SP/CP office, Palakkad",true,false,https://keralapolice.gov.in + district sites + Jun 2026 IPS reshuffle,0.65,2026-06-26
2653,1319,,,,office_phone,0491-2534011,"SP/CP office, Palakkad",true,false,https://keralapolice.gov.in + district sites + Jun 2026 IPS reshuffle,0.65,2026-06-26
2654,1317,,,,office_email,spmpm.pol@kerala.gov.in,"SP/CP office, Malappuram",true,false,https://keralapolice.gov.in + district sites + Jun 2026 IPS reshuffle,0.65,2026-06-26
2655,1317,,,,office_phone,0483-2734983,"SP/CP office, Malappuram",true,false,https://keralapolice.gov.in + district sites + Jun 2026 IPS reshuffle,0.65,2026-06-26
2656,1315,,,,office_email,cpkkd.pol@kerala.gov.in,"SP/CP office, Kozhikode",true,false,https://keralapolice.gov.in + district sites + Jun 2026 IPS reshuffle,0.65,2026-06-26
2657,1315,,,,office_phone,0495-2722673,"SP/CP office, Kozhikode",true,false,https://keralapolice.gov.in + district sites + Jun 2026 IPS reshuffle,0.65,2026-06-26
2658,1327,,,,office_email,spwynd.pol@kerala.gov.in,"SP/CP office, Wayanad",true,false,https://keralapolice.gov.in + district sites + Jun 2026 IPS reshuffle,0.65,2026-06-26
2659,1327,,,,office_phone,04936-202525,"SP/CP office, Wayanad",true,false,https://keralapolice.gov.in + district sites + Jun 2026 IPS reshuffle,0.65,2026-06-26
2660,1307,,,,office_email,spknr.pol@kerala.gov.in,"SP/CP office, Kannur",true,false,https://keralapolice.gov.in + district sites + Jun 2026 IPS reshuffle,0.65,2026-06-26
2661,1307,,,,office_phone,0497-2763330,"SP/CP office, Kannur",true,false,https://keralapolice.gov.in + district sites + Jun 2026 IPS reshuffle,0.65,2026-06-26
2662,1309,,,,office_email,spkgd.pol@kerala.gov.in,"SP/CP office, Kasaragod",true,false,https://keralapolice.gov.in + district sites + Jun 2026 IPS reshuffle,0.65,2026-06-26
2663,1309,,,,office_phone,04994-255400,"SP/CP office, Kasaragod",true,false,https://keralapolice.gov.in + district sites + Jun 2026 IPS reshuffle,0.65,2026-06-26
2664,1167,,,,office_email,sp-bil-hp@nic.in,"SP/CP office, Bilaspur",true,false,https://citizenportal.hppolice.gov.in + district NIC + 2026 reshuffles,0.60,2026-06-26
2665,1169,,,,office_email,sp-cha-hp@nic.in,"SP/CP office, Chamba",true,false,https://citizenportal.hppolice.gov.in + district NIC + 2026 reshuffles,0.60,2026-06-26
2666,1171,,,,office_email,sp-ham-hp@nic.in,"SP/CP office, Hamirpur",true,false,https://citizenportal.hppolice.gov.in + district NIC + 2026 reshuffles,0.60,2026-06-26
2667,1173,,,,office_email,sp-kan-hp@nic.in,"SP/CP office, Kangra",true,false,https://citizenportal.hppolice.gov.in + district NIC + 2026 reshuffles,0.60,2026-06-26
2668,1173,,,,office_phone,0189-2224905,"SP/CP office, Kangra",true,false,https://citizenportal.hppolice.gov.in + district NIC + 2026 reshuffles,0.60,2026-06-26
2669,1175,,,,office_email,sp-kin-hp@nic.in,"SP/CP office, Kinnaur",true,false,https://citizenportal.hppolice.gov.in + district NIC + 2026 reshuffles,0.60,2026-06-26
2670,1175,,,,office_phone,01786-222270,"SP/CP office, Kinnaur",true,false,https://citizenportal.hppolice.gov.in + district NIC + 2026 reshuffles,0.60,2026-06-26
2671,1177,,,,office_email,sp-kul-hp@nic.in,"SP/CP office, Kullu",true,false,https://citizenportal.hppolice.gov.in + district NIC + 2026 reshuffles,0.60,2026-06-26
2672,1179,,,,office_email,sp-lah-hp@nic.in,"SP/CP office, Lahaul and Spiti",true,false,https://citizenportal.hppolice.gov.in + district NIC + 2026 reshuffles,0.60,2026-06-26
2673,1179,,,,office_phone,01900-222226,"SP/CP office, Lahaul and Spiti",true,false,https://citizenportal.hppolice.gov.in + district NIC + 2026 reshuffles,0.60,2026-06-26
2674,1181,,,,office_email,sp-mnd-hp@nic.in,"SP/CP office, Mandi",true,false,https://citizenportal.hppolice.gov.in + district NIC + 2026 reshuffles,0.60,2026-06-26
2675,1183,,,,office_email,sp-shi-hp@nic.in,"SP/CP office, Shimla",true,false,https://citizenportal.hppolice.gov.in + district NIC + 2026 reshuffles,0.60,2026-06-26
2676,1185,,,,office_email,sp-sir-hp@nic.in,"SP/CP office, Sirmaur",true,false,https://citizenportal.hppolice.gov.in + district NIC + 2026 reshuffles,0.60,2026-06-26
2677,1187,,,,office_email,sp-sol-hp@nic.in,"SP/CP office, Solan",true,false,https://citizenportal.hppolice.gov.in + district NIC + 2026 reshuffles,0.60,2026-06-26
2678,1189,,,,office_email,sp-una-hp@nic.in,"SP/CP office, Una",true,false,https://citizenportal.hppolice.gov.in + district NIC + 2026 reshuffles,0.60,2026-06-26
2679,1189,,,,office_phone,01975-225056,"SP/CP office, Una",true,false,https://citizenportal.hppolice.gov.in + district NIC + 2026 reshuffles,0.60,2026-06-26
2680,1989,,,,office_phone,0135-2655900,"SP/SSP office, Dehradun",true,false,https://uttarakhandpolice.uk.gov.in/whos_who_list + district NIC + Feb 2026 reshuffle,0.50,2026-06-26
2681,1991,,,,office_email,ssp-har-ua@nic.in,"SP/SSP office, Haridwar",true,false,https://uttarakhandpolice.uk.gov.in/whos_who_list + district NIC + Feb 2026 reshuffle,0.50,2026-06-26
2682,1991,,,,office_phone,01334-239109,"SP/SSP office, Haridwar",true,false,https://uttarakhandpolice.uk.gov.in/whos_who_list + district NIC + Feb 2026 reshuffle,0.50,2026-06-26
2683,2003,,,,office_email,ssp-usn-ua@nic.in,"SP/SSP office, Udham Singh Nagar",true,false,https://uttarakhandpolice.uk.gov.in/whos_who_list + district NIC + Feb 2026 reshuffle,0.50,2026-06-26
2684,2003,,,,office_phone,05944-250719,"SP/SSP office, Udham Singh Nagar",true,false,https://uttarakhandpolice.uk.gov.in/whos_who_list + district NIC + Feb 2026 reshuffle,0.50,2026-06-26
2685,1993,,,,office_email,ssp-nai-ua@nic.in,"SP/SSP office, Nainital",true,false,https://uttarakhandpolice.uk.gov.in/whos_who_list + district NIC + Feb 2026 reshuffle,0.50,2026-06-26
2686,1993,,,,office_phone,05942-235730,"SP/SSP office, Nainital",true,false,https://uttarakhandpolice.uk.gov.in/whos_who_list + district NIC + Feb 2026 reshuffle,0.50,2026-06-26
2687,1995,,,,office_phone,01368-222254,"SP/SSP office, Pauri Garhwal",true,false,https://uttarakhandpolice.uk.gov.in/whos_who_list + district NIC + Feb 2026 reshuffle,0.50,2026-06-26
2688,2001,,,,office_phone,01376-232162,"SP/SSP office, Tehri Garhwal",true,false,https://uttarakhandpolice.uk.gov.in/whos_who_list + district NIC + Feb 2026 reshuffle,0.50,2026-06-26
2689,1985,,,,office_phone,01372-252134,"SP/SSP office, Chamoli",true,false,https://uttarakhandpolice.uk.gov.in/whos_who_list + district NIC + Feb 2026 reshuffle,0.50,2026-06-26
2690,2005,,,,office_phone,01374-222116,"SP/SSP office, Uttarkashi",true,false,https://uttarakhandpolice.uk.gov.in/whos_who_list + district NIC + Feb 2026 reshuffle,0.50,2026-06-26
2691,1999,,,,office_phone,01364-233208,"SP/SSP office, Rudraprayag",true,false,https://uttarakhandpolice.uk.gov.in/whos_who_list + district NIC + Feb 2026 reshuffle,0.50,2026-06-26
2692,1997,,,,office_email,sp-pit-ua@nic.in,"SP/SSP office, Pithoragarh",true,false,https://uttarakhandpolice.uk.gov.in/whos_who_list + district NIC + Feb 2026 reshuffle,0.50,2026-06-26
2693,1981,,,,office_email,sp-ua-alm@nic.in,"SP/SSP office, Almora",true,false,https://uttarakhandpolice.uk.gov.in/whos_who_list + district NIC + Feb 2026 reshuffle,0.50,2026-06-26
2694,1981,,,,office_phone,05962-230007,"SP/SSP office, Almora",true,false,https://uttarakhandpolice.uk.gov.in/whos_who_list + district NIC + Feb 2026 reshuffle,0.50,2026-06-26
2695,1983,,,,office_email,sp-bag-ua@nic.in,"SP/SSP office, Bageshwar",true,false,https://uttarakhandpolice.uk.gov.in/whos_who_list + district NIC + Feb 2026 reshuffle,0.50,2026-06-26
2696,1983,,,,office_phone,05963-220017,"SP/SSP office, Bageshwar",true,false,https://uttarakhandpolice.uk.gov.in/whos_who_list + district NIC + Feb 2026 reshuffle,0.50,2026-06-26
2697,2245,,,,office_phone,0194-2506504,"SSP/SP office, Srinagar",true,false,https://www.jkpolice.gov.in/District-Headquarters + Apr 2026 reshuffle + district NIC,0.55,2026-06-26
2698,2225,,,,office_phone,0191-2544581,"SSP/SP office, Jammu",true,false,https://www.jkpolice.gov.in/District-Headquarters + Apr 2026 reshuffle + district NIC,0.55,2026-06-26
2699,2207,,,,office_email,dcp-newdelhi-dl@delhipolice.gov.in,"DCP office, New Delhi",true,false,https://delhipolice.gov.in Manual-9 directory (09.03.2026) + Mar 2026 reshuffle,0.60,2026-06-26
2700,2207,,,,office_phone,011-23344452,"DCP office, New Delhi",true,false,https://delhipolice.gov.in Manual-9 directory (09.03.2026) + Mar 2026 reshuffle,0.60,2026-06-26
2701,2203,,,,office_email,dcp-central-dl@delhipolice.gov.in,"DCP office, Central Delhi",true,false,https://delhipolice.gov.in Manual-9 directory (09.03.2026) + Mar 2026 reshuffle,0.60,2026-06-26
2702,2203,,,,office_phone,011-23261377,"DCP office, Central Delhi",true,false,https://delhipolice.gov.in Manual-9 directory (09.03.2026) + Mar 2026 reshuffle,0.60,2026-06-26
2703,2209,,,,office_email,dcp-north-dl@delhipolice.gov.in,"DCP office, North Delhi",true,false,https://delhipolice.gov.in Manual-9 directory (09.03.2026) + Mar 2026 reshuffle,0.60,2026-06-26
2704,2209,,,,office_phone,011-23937012,"DCP office, North Delhi",true,false,https://delhipolice.gov.in Manual-9 directory (09.03.2026) + Mar 2026 reshuffle,0.60,2026-06-26
2705,2217,,,,office_email,dcp-south-dl@delhipolice.gov.in,"DCP office, South Delhi",true,false,https://delhipolice.gov.in Manual-9 directory (09.03.2026) + Mar 2026 reshuffle,0.60,2026-06-26
2706,2205,,,,office_email,dcp-east-dl@delhipolice.gov.in,"DCP office, East Delhi",true,false,https://delhipolice.gov.in Manual-9 directory (09.03.2026) + Mar 2026 reshuffle,0.60,2026-06-26
2707,2223,,,,office_email,dcp-west-dl@delhipolice.gov.in,"DCP office, West Delhi",true,false,https://delhipolice.gov.in Manual-9 directory (09.03.2026) + Mar 2026 reshuffle,0.60,2026-06-26
2708,2211,,,,office_email,dcp-ne-dl@delhipolice.gov.in,"DCP office, North East Delhi",true,false,https://delhipolice.gov.in Manual-9 directory (09.03.2026) + Mar 2026 reshuffle,0.60,2026-06-26
2709,2211,,,,office_phone,9818099043,"DCP office, North East Delhi",true,false,https://delhipolice.gov.in Manual-9 directory (09.03.2026) + Mar 2026 reshuffle,0.60,2026-06-26
2710,2213,,,,office_email,dcp-nw-dl@delhipolice.gov.in,"DCP office, North West Delhi",true,false,https://delhipolice.gov.in Manual-9 directory (09.03.2026) + Mar 2026 reshuffle,0.60,2026-06-26
2711,2219,,,,office_email,dcp-se-dl@delhipolice.gov.in,"DCP office, South East Delhi",true,false,https://delhipolice.gov.in Manual-9 directory (09.03.2026) + Mar 2026 reshuffle,0.60,2026-06-26
2712,2219,,,,office_phone,9818097648,"DCP office, South East Delhi",true,false,https://delhipolice.gov.in Manual-9 directory (09.03.2026) + Mar 2026 reshuffle,0.60,2026-06-26
2713,2221,,,,office_email,dcp-sw-dl@delhipolice.gov.in,"DCP office, South West Delhi",true,false,https://delhipolice.gov.in Manual-9 directory (09.03.2026) + Mar 2026 reshuffle,0.60,2026-06-26
2714,2221,,,,office_phone,9818099054,"DCP office, South West Delhi",true,false,https://delhipolice.gov.in Manual-9 directory (09.03.2026) + Mar 2026 reshuffle,0.60,2026-06-26
2715,2215,,,,office_email,dcp-shahdara@delhipolice.gov.in,"DCP office, Shahdara",true,false,https://delhipolice.gov.in Manual-9 directory (09.03.2026) + Mar 2026 reshuffle,0.60,2026-06-26
2716,2215,,,,office_phone,7065036001,"DCP office, Shahdara",true,false,https://delhipolice.gov.in Manual-9 directory (09.03.2026) + Mar 2026 reshuffle,0.60,2026-06-26
2717,1049,,,,office_email,spn-pol.goa@nic.in,"SP office, North Goa",true,false,https://citizen.goapolice.gov.in/web/guest/sp + Goa Police directory,0.55,2026-06-26
2718,1049,,,,office_phone,0832-2416100,"SP office, North Goa",true,false,https://citizen.goapolice.gov.in/web/guest/sp + Goa Police directory,0.55,2026-06-26
2719,1051,,,,office_email,sps-pol.goa@nic.in,"SP office, South Goa",true,false,https://citizen.goapolice.gov.in/web/guest/sp + Goa Police directory,0.55,2026-06-26
2720,1051,,,,office_phone,0832-2732218,"SP office, South Goa",true,false,https://citizen.goapolice.gov.in/web/guest/sp + Goa Police directory,0.55,2026-06-26
2721,1811,,,,office_phone,03592-202681,"SP/SSP office, Gangtok",true,false,https://police.sikkim.gov.in + district NIC who's-who,0.55,2026-06-26
2722,1813,,,,office_phone,03592-234242,"SP/SSP office, Mangan",true,false,https://police.sikkim.gov.in + district NIC who's-who,0.55,2026-06-26
2723,1819,,,,office_phone,9046245044,"SP/SSP office, Namchi",true,false,https://police.sikkim.gov.in + district NIC who's-who,0.55,2026-06-26
2724,1821,,,,office_phone,03595-250888,"SP/SSP office, Gyalshing",true,false,https://police.sikkim.gov.in + district NIC who's-who,0.55,2026-06-26
2725,1817,,,,office_phone,9733400162,"SP/SSP office, Soreng",true,false,https://police.sikkim.gov.in + district NIC who's-who,0.55,2026-06-26
2726,2265,,,,office_phone,0413-2334006,"SP/SSP office, Puducherry",true,false,https://police.py.gov.in + dpar.py.gov.in + Jun 2025 reshuffle,0.55,2026-06-26
2727,2267,,,,office_phone,04368-223238,"SP/SSP office, Karaikal",true,false,https://police.py.gov.in + dpar.py.gov.in + Jun 2025 reshuffle,0.55,2026-06-26
2728,2269,,,,office_email,sp.police.mahe@py.gov.in,"SP/SSP office, Mahe",true,false,https://police.py.gov.in + dpar.py.gov.in + Jun 2025 reshuffle,0.55,2026-06-26
2729,2269,,,,office_phone,0490-2332513,"SP/SSP office, Mahe",true,false,https://police.py.gov.in + dpar.py.gov.in + Jun 2025 reshuffle,0.55,2026-06-26
2730,2271,,,,office_email,sp.yanam@nic.in,"SP/SSP office, Yanam",true,false,https://police.py.gov.in + dpar.py.gov.in + Jun 2025 reshuffle,0.55,2026-06-26
2731,2271,,,,office_phone,0884-2324800,"SP/SSP office, Yanam",true,false,https://police.py.gov.in + dpar.py.gov.in + Jun 2025 reshuffle,0.55,2026-06-26
2732,1979,,,,office_email,spwest@tripurapolice.nic.in,"SP office, West Tripura",true,false,state police sites (tripurapolice/manipurpolice/megpolice) + district NIC + 2026 IPS transfers,0.60,2026-06-26
2733,1979,,,,office_phone,0381-2323586,"SP office, West Tripura",true,false,state police sites (tripurapolice/manipurpolice/megpolice) + district NIC + 2026 IPS transfers,0.60,2026-06-26
2734,1973,,,,office_email,spspj@tripurapolice.nic.in,"SP office, Sipahijala",true,false,state police sites (tripurapolice/manipurpolice/megpolice) + district NIC + 2026 IPS transfers,0.60,2026-06-26
2735,1973,,,,office_phone,0381-2867333,"SP office, Sipahijala",true,false,state police sites (tripurapolice/manipurpolice/megpolice) + district NIC + 2026 IPS transfers,0.60,2026-06-26
2736,1969,,,,office_phone,03825-222081,"SP office, Khowai",true,false,state police sites (tripurapolice/manipurpolice/megpolice) + district NIC + 2026 IPS transfers,0.60,2026-06-26
2737,1967,,,,office_phone,03821-223551,"SP office, Gomati",true,false,state police sites (tripurapolice/manipurpolice/megpolice) + district NIC + 2026 IPS transfers,0.60,2026-06-26
2738,1975,,,,office_phone,03823-222218,"SP office, South Tripura",true,false,state police sites (tripurapolice/manipurpolice/megpolice) + district NIC + 2026 IPS transfers,0.60,2026-06-26
2739,1965,,,,office_email,spdli@tripurapolice.nic.in,"SP office, Dhalai",true,false,state police sites (tripurapolice/manipurpolice/megpolice) + district NIC + 2026 IPS transfers,0.60,2026-06-26
2740,1965,,,,office_phone,03826-267256,"SP office, Dhalai",true,false,state police sites (tripurapolice/manipurpolice/megpolice) + district NIC + 2026 IPS transfers,0.60,2026-06-26
2741,1977,,,,office_email,spunakoti-tr@nic.in,"SP office, Unakoti",true,false,state police sites (tripurapolice/manipurpolice/megpolice) + district NIC + 2026 IPS transfers,0.60,2026-06-26
2742,1977,,,,office_phone,03824-222392,"SP office, Unakoti",true,false,state police sites (tripurapolice/manipurpolice/megpolice) + district NIC + 2026 IPS transfers,0.60,2026-06-26
2743,1971,,,,office_email,spnorth@tripurapolice.nic.in,"SP office, North Tripura",true,false,state police sites (tripurapolice/manipurpolice/megpolice) + district NIC + 2026 IPS transfers,0.60,2026-06-26
2744,1971,,,,office_phone,03822-234466,"SP office, North Tripura",true,false,state police sites (tripurapolice/manipurpolice/megpolice) + district NIC + 2026 IPS transfers,0.60,2026-06-26
2745,1519,,,,office_email,sp.iw-mn@gov.in,"SP office, Imphal West",true,false,state police sites (tripurapolice/manipurpolice/megpolice) + district NIC + 2026 IPS transfers,0.55,2026-06-26
2746,1519,,,,office_phone,0385-2451585,"SP office, Imphal West",true,false,state police sites (tripurapolice/manipurpolice/megpolice) + district NIC + 2026 IPS transfers,0.55,2026-06-26
2747,1517,,,,office_email,sp-imphaleast@manipur.gov.in,"SP office, Imphal East",true,false,state police sites (tripurapolice/manipurpolice/megpolice) + district NIC + 2026 IPS transfers,0.55,2026-06-26
2748,1517,,,,office_phone,0385-2452669,"SP office, Imphal East",true,false,state police sites (tripurapolice/manipurpolice/megpolice) + district NIC + 2026 IPS transfers,0.55,2026-06-26
2749,1511,,,,office_email,sp-bpr-mn@nic.in,"SP office, Bishnupur",true,false,state police sites (tripurapolice/manipurpolice/megpolice) + district NIC + 2026 IPS transfers,0.55,2026-06-26
2750,1511,,,,office_phone,03874-222604,"SP office, Bishnupur",true,false,state police sites (tripurapolice/manipurpolice/megpolice) + district NIC + 2026 IPS transfers,0.55,2026-06-26
2751,1539,,,,office_email,sp-tbl-mn@nic.in,"SP office, Thoubal",true,false,state police sites (tripurapolice/manipurpolice/megpolice) + district NIC + 2026 IPS transfers,0.55,2026-06-26
2752,1539,,,,office_phone,03848-222415,"SP office, Thoubal",true,false,state police sites (tripurapolice/manipurpolice/megpolice) + district NIC + 2026 IPS transfers,0.55,2026-06-26
2753,1523,,,,office_email,sp.kak-mn@gov.in,"SP office, Kakching",true,false,state police sites (tripurapolice/manipurpolice/megpolice) + district NIC + 2026 IPS transfers,0.55,2026-06-26
2754,1523,,,,office_phone,9383280677,"SP office, Kakching",true,false,state police sites (tripurapolice/manipurpolice/megpolice) + district NIC + 2026 IPS transfers,0.55,2026-06-26
2755,1515,,,,office_phone,6909161233,"SP office, Churachandpur",true,false,state police sites (tripurapolice/manipurpolice/megpolice) + district NIC + 2026 IPS transfers,0.55,2026-06-26
2756,1531,,,,office_email,sp-pherzawl@gov.in,"SP office, Pherzawl",true,false,state police sites (tripurapolice/manipurpolice/megpolice) + district NIC + 2026 IPS transfers,0.55,2026-06-26
2757,1533,,,,office_email,sp.spt-mn@manipur.gov.in,"SP office, Senapati",true,false,state police sites (tripurapolice/manipurpolice/megpolice) + district NIC + 2026 IPS transfers,0.55,2026-06-26
2758,1533,,,,office_phone,03871-222100,"SP office, Senapati",true,false,state police sites (tripurapolice/manipurpolice/megpolice) + district NIC + 2026 IPS transfers,0.55,2026-06-26
2759,1535,,,,office_email,sp-tamenglong@gov.in,"SP office, Tamenglong",true,false,state police sites (tripurapolice/manipurpolice/megpolice) + district NIC + 2026 IPS transfers,0.55,2026-06-26
2760,1535,,,,office_phone,03877-267008,"SP office, Tamenglong",true,false,state police sites (tripurapolice/manipurpolice/megpolice) + district NIC + 2026 IPS transfers,0.55,2026-06-26
2761,1529,,,,office_phone,7640807395,"SP office, Noney",true,false,state police sites (tripurapolice/manipurpolice/megpolice) + district NIC + 2026 IPS transfers,0.55,2026-06-26
2762,1527,,,,office_email,sp-kangpokpi@gov.in,"SP office, Kangpokpi",true,false,state police sites (tripurapolice/manipurpolice/megpolice) + district NIC + 2026 IPS transfers,0.55,2026-06-26
2763,1527,,,,office_phone,9612700785,"SP office, Kangpokpi",true,false,state police sites (tripurapolice/manipurpolice/megpolice) + district NIC + 2026 IPS transfers,0.55,2026-06-26
2764,1541,,,,office_email,sp.ukl-mn@gov.in,"SP office, Ukhrul",true,false,state police sites (tripurapolice/manipurpolice/megpolice) + district NIC + 2026 IPS transfers,0.55,2026-06-26
2765,1541,,,,office_phone,03870-265922,"SP office, Ukhrul",true,false,state police sites (tripurapolice/manipurpolice/megpolice) + district NIC + 2026 IPS transfers,0.55,2026-06-26
2766,1525,,,,office_phone,7005496412,"SP office, Kamjong",true,false,state police sites (tripurapolice/manipurpolice/megpolice) + district NIC + 2026 IPS transfers,0.55,2026-06-26
2767,1513,,,,office_email,sp-chandel@manipur.gov.in,"SP office, Chandel",true,false,state police sites (tripurapolice/manipurpolice/megpolice) + district NIC + 2026 IPS transfers,0.55,2026-06-26
2768,1513,,,,office_phone,7629850205,"SP office, Chandel",true,false,state police sites (tripurapolice/manipurpolice/megpolice) + district NIC + 2026 IPS transfers,0.55,2026-06-26
2769,1537,,,,office_email,sp-tengnoupal@manipur.gov.in,"SP office, Tengnoupal",true,false,state police sites (tripurapolice/manipurpolice/megpolice) + district NIC + 2026 IPS transfers,0.55,2026-06-26
2770,1521,,,,office_email,sp-jiribam@manipur.gov.in,"SP office, Jiribam",true,false,state police sites (tripurapolice/manipurpolice/megpolice) + district NIC + 2026 IPS transfers,0.55,2026-06-26
2771,1557,,,,office_email,sp.ekh-meg@gov.in,"SP office, East Khasi Hills",true,false,state police sites (tripurapolice/manipurpolice/megpolice) + district NIC + 2026 IPS transfers,0.60,2026-06-26
2772,1557,,,,office_phone,0364-2224150,"SP office, East Khasi Hills",true,false,state police sites (tripurapolice/manipurpolice/megpolice) + district NIC + 2026 IPS transfers,0.60,2026-06-26
2773,1559,,,,office_email,sp.wkh-meg@nic.in,"SP office, West Khasi Hills",true,false,state police sites (tripurapolice/manipurpolice/megpolice) + district NIC + 2026 IPS transfers,0.60,2026-06-26
2774,1559,,,,office_phone,03654-280891,"SP office, West Khasi Hills",true,false,state police sites (tripurapolice/manipurpolice/megpolice) + district NIC + 2026 IPS transfers,0.60,2026-06-26
2775,1561,,,,office_phone,03656-290709,"SP office, South West Khasi Hills",true,false,state police sites (tripurapolice/manipurpolice/megpolice) + district NIC + 2026 IPS transfers,0.60,2026-06-26
2776,1565,,,,office_email,sp.rb-meg@nic.in,"SP office, Ri-Bhoi",true,false,state police sites (tripurapolice/manipurpolice/megpolice) + district NIC + 2026 IPS transfers,0.60,2026-06-26
2777,1565,,,,office_phone,03638-232304,"SP office, Ri-Bhoi",true,false,state police sites (tripurapolice/manipurpolice/megpolice) + district NIC + 2026 IPS transfers,0.60,2026-06-26
2778,1555,,,,office_phone,03655-230719,"SP office, East Jaintia Hills",true,false,state police sites (tripurapolice/manipurpolice/megpolice) + district NIC + 2026 IPS transfers,0.60,2026-06-26
2779,1553,,,,office_phone,03652-221907,"SP office, West Jaintia Hills",true,false,state police sites (tripurapolice/manipurpolice/megpolice) + district NIC + 2026 IPS transfers,0.60,2026-06-26
2780,1545,,,,office_email,sp.egh-meg@nic.in,"SP office, East Garo Hills",true,false,state police sites (tripurapolice/manipurpolice/megpolice) + district NIC + 2026 IPS transfers,0.60,2026-06-26
2781,1545,,,,office_phone,03658-220313,"SP office, East Garo Hills",true,false,state police sites (tripurapolice/manipurpolice/megpolice) + district NIC + 2026 IPS transfers,0.60,2026-06-26
2782,1549,,,,office_email,sp.wgh-meg@nic.in,"SP office, West Garo Hills",true,false,state police sites (tripurapolice/manipurpolice/megpolice) + district NIC + 2026 IPS transfers,0.60,2026-06-26
2783,1549,,,,office_phone,03651-223820,"SP office, West Garo Hills",true,false,state police sites (tripurapolice/manipurpolice/megpolice) + district NIC + 2026 IPS transfers,0.60,2026-06-26
2784,1543,,,,office_email,sp.ngh-meg@nic.in,"SP office, North Garo Hills",true,false,state police sites (tripurapolice/manipurpolice/megpolice) + district NIC + 2026 IPS transfers,0.60,2026-06-26
2785,1543,,,,office_phone,03659-295516,"SP office, North Garo Hills",true,false,state police sites (tripurapolice/manipurpolice/megpolice) + district NIC + 2026 IPS transfers,0.60,2026-06-26
2786,1547,,,,office_email,sp.sgh-meg@gov.in,"SP office, South Garo Hills",true,false,state police sites (tripurapolice/manipurpolice/megpolice) + district NIC + 2026 IPS transfers,0.60,2026-06-26
2787,1547,,,,office_phone,03639-234233,"SP office, South Garo Hills",true,false,state police sites (tripurapolice/manipurpolice/megpolice) + district NIC + 2026 IPS transfers,0.60,2026-06-26
2788,1551,,,,office_email,sp.swgh-meg@nic.in,"SP office, South West Garo Hills",true,false,state police sites (tripurapolice/manipurpolice/megpolice) + district NIC + 2026 IPS transfers,0.60,2026-06-26
2789,1551,,,,office_phone,03651-267233,"SP office, South West Garo Hills",true,false,state police sites (tripurapolice/manipurpolice/megpolice) + district NIC + 2026 IPS transfers,0.60,2026-06-26
2790,1595,,,,office_email,spkma-ngl@nic.in,"SP/CP office, Kohima",true,false,"nagapol/ipr.nagaland.gov.in, police.mizoram.gov.in, arunpol.nic.in + 2026 reshuffles",0.65,2026-06-26
2791,1595,,,,office_phone,6009308080,"SP/CP office, Kohima",true,false,"nagapol/ipr.nagaland.gov.in, police.mizoram.gov.in, arunpol.nic.in + 2026 reshuffles",0.65,2026-06-26
2792,1591,,,,office_email,cpdimapur-ngl@gov.in,"SP/CP office, Dimapur",true,false,"nagapol/ipr.nagaland.gov.in, police.mizoram.gov.in, arunpol.nic.in + 2026 reshuffles",0.65,2026-06-26
2793,1591,,,,office_phone,7085055001,"SP/CP office, Dimapur",true,false,"nagapol/ipr.nagaland.gov.in, police.mizoram.gov.in, arunpol.nic.in + 2026 reshuffles",0.65,2026-06-26
2794,1601,,,,office_email,spmok-ngl@nic.in,"SP/CP office, Mokokchung",true,false,"nagapol/ipr.nagaland.gov.in, police.mizoram.gov.in, arunpol.nic.in + 2026 reshuffles",0.65,2026-06-26
2795,1601,,,,office_phone,6009308097,"SP/CP office, Mokokchung",true,false,"nagapol/ipr.nagaland.gov.in, police.mizoram.gov.in, arunpol.nic.in + 2026 reshuffles",0.65,2026-06-26
2796,1615,,,,office_email,sptsg-ngl@nic.in,"SP/CP office, Tuensang",true,false,"nagapol/ipr.nagaland.gov.in, police.mizoram.gov.in, arunpol.nic.in + 2026 reshuffles",0.65,2026-06-26
2797,1615,,,,office_phone,6009308124,"SP/CP office, Tuensang",true,false,"nagapol/ipr.nagaland.gov.in, police.mizoram.gov.in, arunpol.nic.in + 2026 reshuffles",0.65,2026-06-26
2798,1603,,,,office_email,spmon-ngl@nic.in,"SP/CP office, Mon",true,false,"nagapol/ipr.nagaland.gov.in, police.mizoram.gov.in, arunpol.nic.in + 2026 reshuffles",0.65,2026-06-26
2799,1603,,,,office_phone,6009308134,"SP/CP office, Mon",true,false,"nagapol/ipr.nagaland.gov.in, police.mizoram.gov.in, arunpol.nic.in + 2026 reshuffles",0.65,2026-06-26
2800,1619,,,,office_email,spwok-ngl@nic.in,"SP/CP office, Wokha",true,false,"nagapol/ipr.nagaland.gov.in, police.mizoram.gov.in, arunpol.nic.in + 2026 reshuffles",0.65,2026-06-26
2801,1619,,,,office_phone,6009308203,"SP/CP office, Wokha",true,false,"nagapol/ipr.nagaland.gov.in, police.mizoram.gov.in, arunpol.nic.in + 2026 reshuffles",0.65,2026-06-26
2802,1621,,,,office_email,spzhb-ngl@nic.in,"SP/CP office, Zunheboto",true,false,"nagapol/ipr.nagaland.gov.in, police.mizoram.gov.in, arunpol.nic.in + 2026 reshuffles",0.65,2026-06-26
2803,1621,,,,office_phone,6009308112,"SP/CP office, Zunheboto",true,false,"nagapol/ipr.nagaland.gov.in, police.mizoram.gov.in, arunpol.nic.in + 2026 reshuffles",0.65,2026-06-26
2804,1611,,,,office_email,spphk-ngl@nic.in,"SP/CP office, Phek",true,false,"nagapol/ipr.nagaland.gov.in, police.mizoram.gov.in, arunpol.nic.in + 2026 reshuffles",0.65,2026-06-26
2805,1611,,,,office_phone,6009308160,"SP/CP office, Phek",true,false,"nagapol/ipr.nagaland.gov.in, police.mizoram.gov.in, arunpol.nic.in + 2026 reshuffles",0.65,2026-06-26
2806,1593,,,,office_email,spkip-ngl@nic.in,"SP/CP office, Kiphire",true,false,"nagapol/ipr.nagaland.gov.in, police.mizoram.gov.in, arunpol.nic.in + 2026 reshuffles",0.65,2026-06-26
2807,1593,,,,office_phone,6009308146,"SP/CP office, Kiphire",true,false,"nagapol/ipr.nagaland.gov.in, police.mizoram.gov.in, arunpol.nic.in + 2026 reshuffles",0.65,2026-06-26
2808,1597,,,,office_email,splong-ngl@nic.in,"SP/CP office, Longleng",true,false,"nagapol/ipr.nagaland.gov.in, police.mizoram.gov.in, arunpol.nic.in + 2026 reshuffles",0.65,2026-06-26
2809,1597,,,,office_phone,6009308171,"SP/CP office, Longleng",true,false,"nagapol/ipr.nagaland.gov.in, police.mizoram.gov.in, arunpol.nic.in + 2026 reshuffles",0.65,2026-06-26
2810,1609,,,,office_email,spperen-ngl@nic.in,"SP/CP office, Peren",true,false,"nagapol/ipr.nagaland.gov.in, police.mizoram.gov.in, arunpol.nic.in + 2026 reshuffles",0.65,2026-06-26
2811,1609,,,,office_phone,9436604220,"SP/CP office, Peren",true,false,"nagapol/ipr.nagaland.gov.in, police.mizoram.gov.in, arunpol.nic.in + 2026 reshuffles",0.65,2026-06-26
2812,1589,,,,office_phone,7085055003,"SP/CP office, Chumoukedima",true,false,"nagapol/ipr.nagaland.gov.in, police.mizoram.gov.in, arunpol.nic.in + 2026 reshuffles",0.65,2026-06-26
2813,1605,,,,office_phone,7085055047,"SP/CP office, Niuland",true,false,"nagapol/ipr.nagaland.gov.in, police.mizoram.gov.in, arunpol.nic.in + 2026 reshuffles",0.65,2026-06-26
2814,1617,,,,office_phone,6009308050,"SP/CP office, Tseminyu",true,false,"nagapol/ipr.nagaland.gov.in, police.mizoram.gov.in, arunpol.nic.in + 2026 reshuffles",0.65,2026-06-26
2815,1613,,,,office_phone,6009308052,"SP/CP office, Shamator",true,false,"nagapol/ipr.nagaland.gov.in, police.mizoram.gov.in, arunpol.nic.in + 2026 reshuffles",0.65,2026-06-26
2816,1607,,,,office_phone,6009108178,"SP/CP office, Noklak",true,false,"nagapol/ipr.nagaland.gov.in, police.mizoram.gov.in, arunpol.nic.in + 2026 reshuffles",0.65,2026-06-26
2817,1567,,,,office_email,sp-aizawl@mizoram.gov.in,"SP office, Aizawl",true,false,"nagapol/ipr.nagaland.gov.in, police.mizoram.gov.in, arunpol.nic.in + 2026 reshuffles",0.60,2026-06-26
2818,1567,,,,office_phone,0389-2322319,"SP office, Aizawl",true,false,"nagapol/ipr.nagaland.gov.in, police.mizoram.gov.in, arunpol.nic.in + 2026 reshuffles",0.60,2026-06-26
2819,1579,,,,office_email,sp-lunglei@mizoram.gov.in,"SP office, Lunglei",true,false,"nagapol/ipr.nagaland.gov.in, police.mizoram.gov.in, arunpol.nic.in + 2026 reshuffles",0.60,2026-06-26
2820,1579,,,,office_phone,9436154085,"SP office, Lunglei",true,false,"nagapol/ipr.nagaland.gov.in, police.mizoram.gov.in, arunpol.nic.in + 2026 reshuffles",0.60,2026-06-26
2821,1569,,,,office_email,sp-champhai@mizoram.gov.in,"SP office, Champhai",true,false,"nagapol/ipr.nagaland.gov.in, police.mizoram.gov.in, arunpol.nic.in + 2026 reshuffles",0.60,2026-06-26
2822,1569,,,,office_phone,6909316462,"SP office, Champhai",true,false,"nagapol/ipr.nagaland.gov.in, police.mizoram.gov.in, arunpol.nic.in + 2026 reshuffles",0.60,2026-06-26
2823,1575,,,,office_email,sp-kolasib@mizoram.gov.in,"SP office, Kolasib",true,false,"nagapol/ipr.nagaland.gov.in, police.mizoram.gov.in, arunpol.nic.in + 2026 reshuffles",0.60,2026-06-26
2824,1575,,,,office_phone,8787511081,"SP office, Kolasib",true,false,"nagapol/ipr.nagaland.gov.in, police.mizoram.gov.in, arunpol.nic.in + 2026 reshuffles",0.60,2026-06-26
2825,1587,,,,office_email,sp-serchhip@mizoram.gov.in,"SP office, Serchhip",true,false,"nagapol/ipr.nagaland.gov.in, police.mizoram.gov.in, arunpol.nic.in + 2026 reshuffles",0.60,2026-06-26
2826,1587,,,,office_phone,03838-222389,"SP office, Serchhip",true,false,"nagapol/ipr.nagaland.gov.in, police.mizoram.gov.in, arunpol.nic.in + 2026 reshuffles",0.60,2026-06-26
2827,1581,,,,office_email,sp.mamit@mizoram.gov.in,"SP office, Mamit",true,false,"nagapol/ipr.nagaland.gov.in, police.mizoram.gov.in, arunpol.nic.in + 2026 reshuffles",0.60,2026-06-26
2828,1581,,,,office_phone,0389-2565724,"SP office, Mamit",true,false,"nagapol/ipr.nagaland.gov.in, police.mizoram.gov.in, arunpol.nic.in + 2026 reshuffles",0.60,2026-06-26
2829,1577,,,,office_email,sp.lawngtlai@mizoram.gov.in,"SP office, Lawngtlai",true,false,"nagapol/ipr.nagaland.gov.in, police.mizoram.gov.in, arunpol.nic.in + 2026 reshuffles",0.60,2026-06-26
2830,1577,,,,office_phone,03835-232245,"SP office, Lawngtlai",true,false,"nagapol/ipr.nagaland.gov.in, police.mizoram.gov.in, arunpol.nic.in + 2026 reshuffles",0.60,2026-06-26
2831,1583,,,,office_email,sp-siaha@mizoram.gov.in,"SP office, Saiha",true,false,"nagapol/ipr.nagaland.gov.in, police.mizoram.gov.in, arunpol.nic.in + 2026 reshuffles",0.60,2026-06-26
2832,1583,,,,office_phone,03835-222045,"SP office, Saiha",true,false,"nagapol/ipr.nagaland.gov.in, police.mizoram.gov.in, arunpol.nic.in + 2026 reshuffles",0.60,2026-06-26
2833,1571,,,,office_email,hnahthial.sp-mz@mizoram.gov.in,"SP office, Hnahthial",true,false,"nagapol/ipr.nagaland.gov.in, police.mizoram.gov.in, arunpol.nic.in + 2026 reshuffles",0.60,2026-06-26
2834,1571,,,,office_phone,0372-2332648,"SP office, Hnahthial",true,false,"nagapol/ipr.nagaland.gov.in, police.mizoram.gov.in, arunpol.nic.in + 2026 reshuffles",0.60,2026-06-26
2835,1573,,,,office_email,sp-khawzawl@mizoram.gov.in,"SP office, Khawzawl",true,false,"nagapol/ipr.nagaland.gov.in, police.mizoram.gov.in, arunpol.nic.in + 2026 reshuffles",0.60,2026-06-26
2836,1573,,,,office_phone,7085116757,"SP office, Khawzawl",true,false,"nagapol/ipr.nagaland.gov.in, police.mizoram.gov.in, arunpol.nic.in + 2026 reshuffles",0.60,2026-06-26
2837,1585,,,,office_email,sp-saitual@mizoram.gov.in,"SP office, Saitual",true,false,"nagapol/ipr.nagaland.gov.in, police.mizoram.gov.in, arunpol.nic.in + 2026 reshuffles",0.60,2026-06-26
2838,785,,,,office_email,sptawang@rediffmail.com,"SP office, Tawang",true,false,"nagapol/ipr.nagaland.gov.in, police.mizoram.gov.in, arunpol.nic.in + 2026 reshuffles",0.60,2026-06-26
2839,785,,,,office_phone,03794-222231,"SP office, Tawang",true,false,"nagapol/ipr.nagaland.gov.in, police.mizoram.gov.in, arunpol.nic.in + 2026 reshuffles",0.60,2026-06-26
2840,787,,,,office_email,spbdl@arunpol.nic.in,"SP office, West Kameng",true,false,"nagapol/ipr.nagaland.gov.in, police.mizoram.gov.in, arunpol.nic.in + 2026 reshuffles",0.60,2026-06-26
2841,787,,,,office_phone,03782-222199,"SP office, West Kameng",true,false,"nagapol/ipr.nagaland.gov.in, police.mizoram.gov.in, arunpol.nic.in + 2026 reshuffles",0.60,2026-06-26
2842,789,,,,office_phone,03787-222211,"SP office, East Kameng",true,false,"nagapol/ipr.nagaland.gov.in, police.mizoram.gov.in, arunpol.nic.in + 2026 reshuffles",0.60,2026-06-26
2843,795,,,,office_phone,0360-2284997,"SP office, Papum Pare",true,false,"nagapol/ipr.nagaland.gov.in, police.mizoram.gov.in, arunpol.nic.in + 2026 reshuffles",0.60,2026-06-26
2844,793,,,,office_phone,03788-262211,"SP office, Kurung Kumey",true,false,"nagapol/ipr.nagaland.gov.in, police.mizoram.gov.in, arunpol.nic.in + 2026 reshuffles",0.60,2026-06-26
2845,799,,,,office_phone,03788-224341,"SP office, Lower Subansiri",true,false,"nagapol/ipr.nagaland.gov.in, police.mizoram.gov.in, arunpol.nic.in + 2026 reshuffles",0.60,2026-06-26
2846,805,,,,office_phone,03792-223255,"SP office, Upper Subansiri",true,false,"nagapol/ipr.nagaland.gov.in, police.mizoram.gov.in, arunpol.nic.in + 2026 reshuffles",0.60,2026-06-26
2847,809,,,,office_email,spalg@arunpol.nic.in,"SP office, West Siang",true,false,"nagapol/ipr.nagaland.gov.in, police.mizoram.gov.in, arunpol.nic.in + 2026 reshuffles",0.60,2026-06-26
2848,809,,,,office_phone,03783-222299,"SP office, West Siang",true,false,"nagapol/ipr.nagaland.gov.in, police.mizoram.gov.in, arunpol.nic.in + 2026 reshuffles",0.60,2026-06-26
2849,819,,,,office_phone,0368-2222211,"SP office, East Siang",true,false,"nagapol/ipr.nagaland.gov.in, police.mizoram.gov.in, arunpol.nic.in + 2026 reshuffles",0.60,2026-06-26
2850,817,,,,office_email,spykg@arunpol.nic.in,"SP office, Upper Siang",true,false,"nagapol/ipr.nagaland.gov.in, police.mizoram.gov.in, arunpol.nic.in + 2026 reshuffles",0.60,2026-06-26
2851,817,,,,office_phone,03777-222348,"SP office, Upper Siang",true,false,"nagapol/ipr.nagaland.gov.in, police.mizoram.gov.in, arunpol.nic.in + 2026 reshuffles",0.60,2026-06-26
2852,823,,,,office_email,sprng@arunpol.nic.in,"SP office, Lower Dibang Valley",true,false,"nagapol/ipr.nagaland.gov.in, police.mizoram.gov.in, arunpol.nic.in + 2026 reshuffles",0.60,2026-06-26
2853,823,,,,office_phone,03803-222208,"SP office, Lower Dibang Valley",true,false,"nagapol/ipr.nagaland.gov.in, police.mizoram.gov.in, arunpol.nic.in + 2026 reshuffles",0.60,2026-06-26
2854,827,,,,office_phone,03804-290607,"SP office, Anjaw",true,false,"nagapol/ipr.nagaland.gov.in, police.mizoram.gov.in, arunpol.nic.in + 2026 reshuffles",0.60,2026-06-26
2855,825,,,,office_email,sptzu@arunpol.nic.in,"SP office, Lohit",true,false,"nagapol/ipr.nagaland.gov.in, police.mizoram.gov.in, arunpol.nic.in + 2026 reshuffles",0.60,2026-06-26
2856,825,,,,office_phone,03804-222268,"SP office, Lohit",true,false,"nagapol/ipr.nagaland.gov.in, police.mizoram.gov.in, arunpol.nic.in + 2026 reshuffles",0.60,2026-06-26
2857,829,,,,office_phone,03806-2622220,"SP office, Namsai",true,false,"nagapol/ipr.nagaland.gov.in, police.mizoram.gov.in, arunpol.nic.in + 2026 reshuffles",0.60,2026-06-26
2858,831,,,,office_phone,03808-222271,"SP office, Changlang",true,false,"nagapol/ipr.nagaland.gov.in, police.mizoram.gov.in, arunpol.nic.in + 2026 reshuffles",0.60,2026-06-26
2859,833,,,,office_email,spksa@arunpol.nic.in,"SP office, Tirap",true,false,"nagapol/ipr.nagaland.gov.in, police.mizoram.gov.in, arunpol.nic.in + 2026 reshuffles",0.60,2026-06-26
2860,833,,,,office_phone,03786-222261,"SP office, Tirap",true,false,"nagapol/ipr.nagaland.gov.in, police.mizoram.gov.in, arunpol.nic.in + 2026 reshuffles",0.60,2026-06-26
2861,835,,,,office_phone,03786-243243,"SP office, Longding",true,false,"nagapol/ipr.nagaland.gov.in, police.mizoram.gov.in, arunpol.nic.in + 2026 reshuffles",0.60,2026-06-26
2862,2279,,,,office_email,pssput-chd@nic.in,"SSP office, Chandigarh",true,false,"UT police/admin sites + district NIC (chandigarhpolice, and.nic.in, police.ddd.gov.in, police.ladakh.gov.in, lakshadweeppolice)",0.65,2026-06-26
2863,2279,,,,office_phone,0172-2749003,"SSP office, Chandigarh",true,false,"UT police/admin sites + district NIC (chandigarhpolice, and.nic.in, police.ddd.gov.in, police.ladakh.gov.in, lakshadweeppolice)",0.65,2026-06-26
2864,2277,,,,office_email,spsa.and@nic.in,"SP office, South Andaman",true,false,"UT police/admin sites + district NIC (chandigarhpolice, and.nic.in, police.ddd.gov.in, police.ladakh.gov.in, lakshadweeppolice)",0.65,2026-06-26
2865,2277,,,,office_phone,03192-236641,"SP office, South Andaman",true,false,"UT police/admin sites + district NIC (chandigarhpolice, and.nic.in, police.ddd.gov.in, police.ladakh.gov.in, lakshadweeppolice)",0.65,2026-06-26
2866,2275,,,,office_phone,03192-273344,"SP office, North and Middle Andaman",true,false,"UT police/admin sites + district NIC (chandigarhpolice, and.nic.in, police.ddd.gov.in, police.ladakh.gov.in, lakshadweeppolice)",0.65,2026-06-26
2867,2273,,,,office_email,spcn.and@nic.in,"SP office, Nicobar",true,false,"UT police/admin sites + district NIC (chandigarhpolice, and.nic.in, police.ddd.gov.in, police.ladakh.gov.in, lakshadweeppolice)",0.65,2026-06-26
2868,2273,,,,office_phone,03193-265223,"SP office, Nicobar",true,false,"UT police/admin sites + district NIC (chandigarhpolice, and.nic.in, police.ddd.gov.in, police.ladakh.gov.in, lakshadweeppolice)",0.65,2026-06-26
2869,2285,,,,office_email,sp-sil-dnh@nic.in,"SP office, Dadra and Nagar Haveli",true,false,"UT police/admin sites + district NIC (chandigarhpolice, and.nic.in, police.ddd.gov.in, police.ladakh.gov.in, lakshadweeppolice)",0.65,2026-06-26
2870,2285,,,,office_phone,0260-2643022,"SP office, Dadra and Nagar Haveli",true,false,"UT police/admin sites + district NIC (chandigarhpolice, and.nic.in, police.ddd.gov.in, police.ladakh.gov.in, lakshadweeppolice)",0.65,2026-06-26
2871,2281,,,,office_email,sp-daman-dd@nic.in,"SP office, Daman",true,false,"UT police/admin sites + district NIC (chandigarhpolice, and.nic.in, police.ddd.gov.in, police.ladakh.gov.in, lakshadweeppolice)",0.65,2026-06-26
2872,2281,,,,office_phone,0260-2250942,"SP office, Daman",true,false,"UT police/admin sites + district NIC (chandigarhpolice, and.nic.in, police.ddd.gov.in, police.ladakh.gov.in, lakshadweeppolice)",0.65,2026-06-26
2873,2283,,,,office_email,sp-diu-dd@nic.in,"SP office, Diu",true,false,"UT police/admin sites + district NIC (chandigarhpolice, and.nic.in, police.ddd.gov.in, police.ladakh.gov.in, lakshadweeppolice)",0.65,2026-06-26
2874,2283,,,,office_phone,02875-253633,"SP office, Diu",true,false,"UT police/admin sites + district NIC (chandigarhpolice, and.nic.in, police.ddd.gov.in, police.ladakh.gov.in, lakshadweeppolice)",0.65,2026-06-26
2875,2287,,,,office_phone,01982-252200,"SSP office, Leh",true,false,"UT police/admin sites + district NIC (chandigarhpolice, and.nic.in, police.ddd.gov.in, police.ladakh.gov.in, lakshadweeppolice)",0.60,2026-06-26
2876,2289,,,,office_phone,01985-232645,"SSP office, Kargil",true,false,"UT police/admin sites + district NIC (chandigarhpolice, and.nic.in, police.ddd.gov.in, police.ladakh.gov.in, lakshadweeppolice)",0.60,2026-06-26
2877,2301,,,,office_email,lak-sop@nic.in,"SP office, Lakshadweep",true,false,"UT police/admin sites + district NIC (chandigarhpolice, and.nic.in, police.ddd.gov.in, police.ladakh.gov.in, lakshadweeppolice)",0.60,2026-06-26
2878,2301,,,,office_phone,04896-262258,"SP office, Lakshadweep",true,false,"UT police/admin sites + district NIC (chandigarhpolice, and.nic.in, police.ddd.gov.in, police.ladakh.gov.in, lakshadweeppolice)",0.60,2026-06-26
2879,,,168,,office_phone,1916,Brihanmumbai Municipal Corporation office,true,false,official corporation websites + 2026 Maharashtra municipal poll results (Jan 2026),0.60,2026-06-26
2880,,,169,,office_email,feedback@punecorporation.org,Pune Municipal Corporation office,true,false,official corporation websites + 2026 Maharashtra municipal poll results (Jan 2026),0.60,2026-06-26
2881,,,169,,office_phone,020-25501000,Pune Municipal Corporation office,true,false,official corporation websites + 2026 Maharashtra municipal poll results (Jan 2026),0.60,2026-06-26
2882,,,173,,office_email,egov@pcmcindia.gov.in,Pimpri Chinchwad Municipal Corporation office,true,false,official corporation websites + 2026 Maharashtra municipal poll results (Jan 2026),0.60,2026-06-26
2883,,,173,,office_phone,020-67333333,Pimpri Chinchwad Municipal Corporation office,true,false,official corporation websites + 2026 Maharashtra municipal poll results (Jan 2026),0.60,2026-06-26
2884,,,170,,office_email,mconagpur@gov.in,Nagpur Municipal Corporation office,true,false,official corporation websites + 2026 Maharashtra municipal poll results (Jan 2026),0.60,2026-06-26
2885,,,170,,office_phone,0712-2561584,Nagpur Municipal Corporation office,true,false,official corporation websites + 2026 Maharashtra municipal poll results (Jan 2026),0.60,2026-06-26
2886,,,172,,office_email,mc@thanecity.gov.in,Thane Municipal Corporation office,true,false,official corporation websites + 2026 Maharashtra municipal poll results (Jan 2026),0.60,2026-06-26
2887,,,172,,office_phone,022-25331211,Thane Municipal Corporation office,true,false,official corporation websites + 2026 Maharashtra municipal poll results (Jan 2026),0.60,2026-06-26
2888,,,171,,office_phone,0253-2575631,Nashik Municipal Corporation office,true,false,official corporation websites + 2026 Maharashtra municipal poll results (Jan 2026),0.60,2026-06-26
2889,,,177,,office_email,info@nmmconline.com,Navi Mumbai Municipal Corporation office,true,false,official corporation websites + 2026 Maharashtra municipal poll results (Jan 2026),0.60,2026-06-26
2890,,,177,,office_phone,022-27567070,Navi Mumbai Municipal Corporation office,true,false,official corporation websites + 2026 Maharashtra municipal poll results (Jan 2026),0.60,2026-06-26
2891,,,174,,office_email,commissionerkdmc@gmail.com,Kalyan-Dombivli Municipal Corporation office,true,false,official corporation websites + 2026 Maharashtra municipal poll results (Jan 2026),0.60,2026-06-26
2892,,,174,,office_phone,0251-2203621,Kalyan-Dombivli Municipal Corporation office,true,false,official corporation websites + 2026 Maharashtra municipal poll results (Jan 2026),0.60,2026-06-26
2893,,,175,,office_phone,0250-6630000,Vasai-Virar City Municipal Corporation office,true,false,official corporation websites + 2026 Maharashtra municipal poll results (Jan 2026),0.60,2026-06-26
2894,,,176,,office_email,contact@aurangabadmahapalika.org,Aurangabad Municipal Corporation office,true,false,official corporation websites + 2026 Maharashtra municipal poll results (Jan 2026),0.60,2026-06-26
2895,,,176,,office_phone,0240-2333536,Aurangabad Municipal Corporation office,true,false,official corporation websites + 2026 Maharashtra municipal poll results (Jan 2026),0.60,2026-06-26
2896,,,178,,office_phone,0217-2735293,Solapur Municipal Corporation office,true,false,official corporation websites + 2026 Maharashtra municipal poll results (Jan 2026),0.60,2026-06-26
2897,,,179,,office_phone,022-28192828,Mira-Bhayandar Municipal Corporation office,true,false,official corporation websites + 2026 Maharashtra municipal poll results (Jan 2026),0.60,2026-06-26
2898,,,180,,office_email,bnc.cd@gmail.com,Bhiwandi-Nizampur Municipal Corporation office,true,false,official corporation websites + 2026 Maharashtra municipal poll results (Jan 2026),0.60,2026-06-26
2899,,,180,,office_phone,02522-255314,Bhiwandi-Nizampur Municipal Corporation office,true,false,official corporation websites + 2026 Maharashtra municipal poll results (Jan 2026),0.60,2026-06-26
2900,,,181,,office_phone,0721-2576482,Amravati Municipal Corporation office,true,false,official corporation websites + 2026 Maharashtra municipal poll results (Jan 2026),0.60,2026-06-26
2901,,,182,,office_phone,02462-234405,Nanded-Waghala Municipal Corporation office,true,false,official corporation websites + 2026 Maharashtra municipal poll results (Jan 2026),0.60,2026-06-26
2902,,,183,,office_email,commissionerkmc@rediffmail.com,Kolhapur Municipal Corporation office,true,false,official corporation websites + 2026 Maharashtra municipal poll results (Jan 2026),0.60,2026-06-26
2903,,,183,,office_phone,0231-2540291,Kolhapur Municipal Corporation office,true,false,official corporation websites + 2026 Maharashtra municipal poll results (Jan 2026),0.60,2026-06-26
2904,,,184,,office_email,amcakola@yahoo.co.in,Akola Municipal Corporation office,true,false,official corporation websites + 2026 Maharashtra municipal poll results (Jan 2026),0.60,2026-06-26
2905,,,184,,office_phone,0724-2434412,Akola Municipal Corporation office,true,false,official corporation websites + 2026 Maharashtra municipal poll results (Jan 2026),0.60,2026-06-26
2906,,,186,,office_phone,0251-2720150,Ulhasnagar Municipal Corporation office,true,false,official corporation websites + 2026 Maharashtra municipal poll results (Jan 2026),0.60,2026-06-26
2907,,,188,,office_phone,02554-231593,Malegaon Municipal Corporation office,true,false,official corporation websites + 2026 Maharashtra municipal poll results (Jan 2026),0.60,2026-06-26
2908,,,189,,office_email,jcmcjalgaon@gmail.com,Jalgaon Municipal Corporation office,true,false,official corporation websites + 2026 Maharashtra municipal poll results (Jan 2026),0.60,2026-06-26
2909,,,189,,office_phone,0257-2222261,Jalgaon Municipal Corporation office,true,false,official corporation websites + 2026 Maharashtra municipal poll results (Jan 2026),0.60,2026-06-26
2910,,,190,,office_email,mclatur@gmail.com,Latur Municipal Corporation office,true,false,official corporation websites + 2026 Maharashtra municipal poll results (Jan 2026),0.60,2026-06-26
2911,,,190,,office_phone,02382-242803,Latur Municipal Corporation office,true,false,official corporation websites + 2026 Maharashtra municipal poll results (Jan 2026),0.60,2026-06-26
2912,,,191,,office_email,dhule_dmc@rediffmail.com,Dhule Municipal Corporation office,true,false,official corporation websites + 2026 Maharashtra municipal poll results (Jan 2026),0.60,2026-06-26
2913,,,191,,office_phone,02562-288310,Dhule Municipal Corporation office,true,false,official corporation websites + 2026 Maharashtra municipal poll results (Jan 2026),0.60,2026-06-26
2914,,,192,,office_phone,07172-250220,Chandrapur Municipal Corporation office,true,false,official corporation websites + 2026 Maharashtra municipal poll results (Jan 2026),0.60,2026-06-26
2915,,,193,,office_email,pcmcparbhani@gmail.com,Parbhani Municipal Corporation office,true,false,official corporation websites + 2026 Maharashtra municipal poll results (Jan 2026),0.60,2026-06-26
2916,,,193,,office_phone,02452-223638,Parbhani Municipal Corporation office,true,false,official corporation websites + 2026 Maharashtra municipal poll results (Jan 2026),0.60,2026-06-26
2917,,,185,,office_email,panvelcorporation@gmail.com,Panvel Municipal Corporation office,true,false,official corporation websites + 2026 Maharashtra municipal poll results (Jan 2026),0.60,2026-06-26
2918,,,185,,office_phone,022-27458040,Panvel Municipal Corporation office,true,false,official corporation websites + 2026 Maharashtra municipal poll results (Jan 2026),0.60,2026-06-26
2919,,,194,,office_email,comcjalna@gmail.com,Jalna Municipal Corporation office,true,false,official corporation websites + 2026 Maharashtra municipal poll results (Jan 2026),0.60,2026-06-26
2920,,,194,,office_phone,02482-230350,Jalna Municipal Corporation office,true,false,official corporation websites + 2026 Maharashtra municipal poll results (Jan 2026),0.60,2026-06-26
2921,,,228,,office_email,commr.coimbatore@tn.gov.in,Coimbatore Municipal Corporation office,true,false,official corporation sites + tnurbantree.tn.gov.in + cdma.telangana + kmc.wb.gov.in + mcdonline + 2026 news,0.60,2026-06-26
2922,,,228,,office_phone,+91-422-2390261,Coimbatore Municipal Corporation office,true,false,official corporation sites + tnurbantree.tn.gov.in + cdma.telangana + kmc.wb.gov.in + mcdonline + 2026 news,0.60,2026-06-26
2923,,,229,,office_email,commr.madurai@tn.gov.in,Madurai Municipal Corporation office,true,false,official corporation sites + tnurbantree.tn.gov.in + cdma.telangana + kmc.wb.gov.in + mcdonline + 2026 news,0.60,2026-06-26
2924,,,229,,office_phone,0452-2530521,Madurai Municipal Corporation office,true,false,official corporation sites + tnurbantree.tn.gov.in + cdma.telangana + kmc.wb.gov.in + mcdonline + 2026 news,0.60,2026-06-26
2925,,,230,,office_email,commr.trichy@tn.gov.in,Tiruchirappalli City Municipal Corporation office,true,false,official corporation sites + tnurbantree.tn.gov.in + cdma.telangana + kmc.wb.gov.in + mcdonline + 2026 news,0.60,2026-06-26
2926,,,230,,office_phone,+91-431-2412860,Tiruchirappalli City Municipal Corporation office,true,false,official corporation sites + tnurbantree.tn.gov.in + cdma.telangana + kmc.wb.gov.in + mcdonline + 2026 news,0.60,2026-06-26
2927,,,233,,office_email,commr.salem@tn.gov.in,Salem City Municipal Corporation office,true,false,official corporation sites + tnurbantree.tn.gov.in + cdma.telangana + kmc.wb.gov.in + mcdonline + 2026 news,0.60,2026-06-26
2928,,,233,,office_phone,0427-2213131,Salem City Municipal Corporation office,true,false,official corporation sites + tnurbantree.tn.gov.in + cdma.telangana + kmc.wb.gov.in + mcdonline + 2026 news,0.60,2026-06-26
2929,,,234,,office_email,commr.tirunelveli@tn.gov.in,Tirunelveli Municipal Corporation office,true,false,official corporation sites + tnurbantree.tn.gov.in + cdma.telangana + kmc.wb.gov.in + mcdonline + 2026 news,0.60,2026-06-26
2930,,,234,,office_phone,0462-2329329,Tirunelveli Municipal Corporation office,true,false,official corporation sites + tnurbantree.tn.gov.in + cdma.telangana + kmc.wb.gov.in + mcdonline + 2026 news,0.60,2026-06-26
2931,,,232,,office_email,commr.tiruppur@tn.gov.in,Tiruppur City Municipal Corporation office,true,false,official corporation sites + tnurbantree.tn.gov.in + cdma.telangana + kmc.wb.gov.in + mcdonline + 2026 news,0.60,2026-06-26
2932,,,232,,office_phone,0421-2242101,Tiruppur City Municipal Corporation office,true,false,official corporation sites + tnurbantree.tn.gov.in + cdma.telangana + kmc.wb.gov.in + mcdonline + 2026 news,0.60,2026-06-26
2933,,,235,,office_email,commr.vellore@tn.gov.in,Vellore Municipal Corporation office,true,false,official corporation sites + tnurbantree.tn.gov.in + cdma.telangana + kmc.wb.gov.in + mcdonline + 2026 news,0.60,2026-06-26
2934,,,235,,office_phone,0416-2220578,Vellore Municipal Corporation office,true,false,official corporation sites + tnurbantree.tn.gov.in + cdma.telangana + kmc.wb.gov.in + mcdonline + 2026 news,0.60,2026-06-26
2935,,,237,,office_email,commr.erode@tn.gov.in,Erode City Municipal Corporation office,true,false,official corporation sites + tnurbantree.tn.gov.in + cdma.telangana + kmc.wb.gov.in + mcdonline + 2026 news,0.60,2026-06-26
2936,,,237,,office_phone,0424-2251616,Erode City Municipal Corporation office,true,false,official corporation sites + tnurbantree.tn.gov.in + cdma.telangana + kmc.wb.gov.in + mcdonline + 2026 news,0.60,2026-06-26
2937,,,238,,office_email,commr.thoothukudi@tn.gov.in,Thoothukkudi City Municipal Corporation office,true,false,official corporation sites + tnurbantree.tn.gov.in + cdma.telangana + kmc.wb.gov.in + mcdonline + 2026 news,0.60,2026-06-26
2938,,,238,,office_phone,0461-2326650,Thoothukkudi City Municipal Corporation office,true,false,official corporation sites + tnurbantree.tn.gov.in + cdma.telangana + kmc.wb.gov.in + mcdonline + 2026 news,0.60,2026-06-26
2939,,,239,,office_email,commr.thanjavur@tn.gov.in,Thanjavur Municipal Corporation office,true,false,official corporation sites + tnurbantree.tn.gov.in + cdma.telangana + kmc.wb.gov.in + mcdonline + 2026 news,0.60,2026-06-26
2940,,,239,,office_phone,04362-231021,Thanjavur Municipal Corporation office,true,false,official corporation sites + tnurbantree.tn.gov.in + cdma.telangana + kmc.wb.gov.in + mcdonline + 2026 news,0.60,2026-06-26
2941,,,240,,office_email,commr.dindigul@tn.gov.in,Dindigul Municipal Corporation office,true,false,official corporation sites + tnurbantree.tn.gov.in + cdma.telangana + kmc.wb.gov.in + mcdonline + 2026 news,0.60,2026-06-26
2942,,,240,,office_phone,0451-2422019,Dindigul Municipal Corporation office,true,false,official corporation sites + tnurbantree.tn.gov.in + cdma.telangana + kmc.wb.gov.in + mcdonline + 2026 news,0.60,2026-06-26
2943,,,241,,office_email,commr.nagercoil@tn.gov.in,Nagercoil Municipal Corporation office,true,false,official corporation sites + tnurbantree.tn.gov.in + cdma.telangana + kmc.wb.gov.in + mcdonline + 2026 news,0.60,2026-06-26
2944,,,241,,office_phone,04652-231516,Nagercoil Municipal Corporation office,true,false,official corporation sites + tnurbantree.tn.gov.in + cdma.telangana + kmc.wb.gov.in + mcdonline + 2026 news,0.60,2026-06-26
2945,,,236,,office_email,commr.avadi@tn.gov.in,Avadi Municipal Corporation office,true,false,official corporation sites + tnurbantree.tn.gov.in + cdma.telangana + kmc.wb.gov.in + mcdonline + 2026 news,0.60,2026-06-26
2946,,,236,,office_phone,044-26555777,Avadi Municipal Corporation office,true,false,official corporation sites + tnurbantree.tn.gov.in + cdma.telangana + kmc.wb.gov.in + mcdonline + 2026 news,0.60,2026-06-26
2947,,,231,,office_email,commr.tambaram@tn.gov.in,Tambaram City Municipal Corporation office,true,false,official corporation sites + tnurbantree.tn.gov.in + cdma.telangana + kmc.wb.gov.in + mcdonline + 2026 news,0.60,2026-06-26
2948,,,231,,office_phone,044-22266206,Tambaram City Municipal Corporation office,true,false,official corporation sites + tnurbantree.tn.gov.in + cdma.telangana + kmc.wb.gov.in + mcdonline + 2026 news,0.60,2026-06-26
2949,,,242,,office_email,commr.cuddalore@tn.gov.in,Cuddalore Municipal Corporation office,true,false,official corporation sites + tnurbantree.tn.gov.in + cdma.telangana + kmc.wb.gov.in + mcdonline + 2026 news,0.60,2026-06-26
2950,,,242,,office_phone,04142-230021,Cuddalore Municipal Corporation office,true,false,official corporation sites + tnurbantree.tn.gov.in + cdma.telangana + kmc.wb.gov.in + mcdonline + 2026 news,0.60,2026-06-26
2951,,,246,,office_phone,+91-9849906694,Karimnagar Municipal Corporation office,true,false,official corporation sites + tnurbantree.tn.gov.in + cdma.telangana + kmc.wb.gov.in + mcdonline + 2026 news,0.60,2026-06-26
2952,,,245,,office_phone,+91-8143928581,Khammam Municipal Corporation office,true,false,official corporation sites + tnurbantree.tn.gov.in + cdma.telangana + kmc.wb.gov.in + mcdonline + 2026 news,0.60,2026-06-26
2953,,,247,,office_phone,+91-7815957085,Nizamabad Municipal Corporation office,true,false,official corporation sites + tnurbantree.tn.gov.in + cdma.telangana + kmc.wb.gov.in + mcdonline + 2026 news,0.60,2026-06-26
2954,,,248,,office_phone,+91-9849905878,Ramagundam Municipal Corporation office,true,false,official corporation sites + tnurbantree.tn.gov.in + cdma.telangana + kmc.wb.gov.in + mcdonline + 2026 news,0.60,2026-06-26
2955,,,249,,office_phone,+91-7331184222,Mahabubnagar Municipal Corporation office,true,false,official corporation sites + tnurbantree.tn.gov.in + cdma.telangana + kmc.wb.gov.in + mcdonline + 2026 news,0.60,2026-06-26
2956,,,250,,office_phone,+91-9849905911,Nalgonda Municipal Corporation office,true,false,official corporation sites + tnurbantree.tn.gov.in + cdma.telangana + kmc.wb.gov.in + mcdonline + 2026 news,0.60,2026-06-26
2957,,,275,,office_phone,033-22269909,Kolkata Municipal Corporation office,true,false,official corporation sites + tnurbantree.tn.gov.in + cdma.telangana + kmc.wb.gov.in + mcdonline + 2026 news,0.60,2026-06-26
2958,,,276,,office_email,commissioner@myhmc.in,Howrah Municipal Corporation office,true,false,official corporation sites + tnurbantree.tn.gov.in + cdma.telangana + kmc.wb.gov.in + mcdonline + 2026 news,0.60,2026-06-26
2959,,,276,,office_phone,033-26380061,Howrah Municipal Corporation office,true,false,official corporation sites + tnurbantree.tn.gov.in + cdma.telangana + kmc.wb.gov.in + mcdonline + 2026 news,0.60,2026-06-26
2960,,,279,,office_email,bidhannagar.corporation@gmail.com,Bidhannagar Municipal Corporation office,true,false,official corporation sites + tnurbantree.tn.gov.in + cdma.telangana + kmc.wb.gov.in + mcdonline + 2026 news,0.60,2026-06-26
2961,,,279,,office_phone,033-23340314,Bidhannagar Municipal Corporation office,true,false,official corporation sites + tnurbantree.tn.gov.in + cdma.telangana + kmc.wb.gov.in + mcdonline + 2026 news,0.60,2026-06-26
2962,,,278,,office_email,mayor.amc@gmail.com,Asansol Municipal Corporation office,true,false,official corporation sites + tnurbantree.tn.gov.in + cdma.telangana + kmc.wb.gov.in + mcdonline + 2026 news,0.60,2026-06-26
2963,,,278,,office_phone,0341-2309478,Asansol Municipal Corporation office,true,false,official corporation sites + tnurbantree.tn.gov.in + cdma.telangana + kmc.wb.gov.in + mcdonline + 2026 news,0.60,2026-06-26
2964,,,280,,office_email,smcwb@hotmail.com,Siliguri Municipal Corporation office,true,false,official corporation sites + tnurbantree.tn.gov.in + cdma.telangana + kmc.wb.gov.in + mcdonline + 2026 news,0.60,2026-06-26
2965,,,280,,office_phone,0353-2526780,Siliguri Municipal Corporation office,true,false,official corporation sites + tnurbantree.tn.gov.in + cdma.telangana + kmc.wb.gov.in + mcdonline + 2026 news,0.60,2026-06-26
2966,,,281,,office_email,chandernagorecorporation@yahoo.co.in,Chandernagore Municipal Corporation office,true,false,official corporation sites + tnurbantree.tn.gov.in + cdma.telangana + kmc.wb.gov.in + mcdonline + 2026 news,0.60,2026-06-26
2967,,,281,,office_phone,033-26832562,Chandernagore Municipal Corporation office,true,false,official corporation sites + tnurbantree.tn.gov.in + cdma.telangana + kmc.wb.gov.in + mcdonline + 2026 news,0.60,2026-06-26
2968,,,95,,office_email,mcd-ithelpdesk@mcd.nic.in,Municipal Corporation of Delhi office,true,false,official corporation sites + tnurbantree.tn.gov.in + cdma.telangana + kmc.wb.gov.in + mcdonline + 2026 news,0.60,2026-06-26
2969,,,95,,office_phone,011-23220016,Municipal Corporation of Delhi office,true,false,official corporation sites + tnurbantree.tn.gov.in + cdma.telangana + kmc.wb.gov.in + mcdonline + 2026 news,0.60,2026-06-26
2970,,,252,,office_email,nnlko@nic.in,Lucknow Municipal Corporation office,true,false,official Nagar Nigam sites + UP 2023 mayoral results + 2025-26 IAS transfers,0.60,2026-06-26
2971,,,252,,office_phone,1533,Lucknow Municipal Corporation office,true,false,official Nagar Nigam sites + UP 2023 mayoral results + 2025-26 IAS transfers,0.60,2026-06-26
2972,,,253,,office_email,mckanpur@yahoo.com,Kanpur Municipal Corporation office,true,false,official Nagar Nigam sites + UP 2023 mayoral results + 2025-26 IAS transfers,0.60,2026-06-26
2973,,,253,,office_phone,0512-2541258,Kanpur Municipal Corporation office,true,false,official Nagar Nigam sites + UP 2023 mayoral results + 2025-26 IAS transfers,0.60,2026-06-26
2974,,,254,,office_email,amcagra1@gmail.com,Agra Municipal Corporation office,true,false,official Nagar Nigam sites + UP 2023 mayoral results + 2025-26 IAS transfers,0.60,2026-06-26
2975,,,254,,office_phone,0562-2850670,Agra Municipal Corporation office,true,false,official Nagar Nigam sites + UP 2023 mayoral results + 2025-26 IAS transfers,0.60,2026-06-26
2976,,,256,,office_email,nagarnigamvns@gmail.com,Varanasi Municipal Corporation office,true,false,official Nagar Nigam sites + UP 2023 mayoral results + 2025-26 IAS transfers,0.60,2026-06-26
2977,,,256,,office_phone,0542-2221709,Varanasi Municipal Corporation office,true,false,official Nagar Nigam sites + UP 2023 mayoral results + 2025-26 IAS transfers,0.60,2026-06-26
2978,,,258,,office_email,osnagarnigam@rediffmail.com,Prayagraj Municipal Corporation office,true,false,official Nagar Nigam sites + UP 2023 mayoral results + 2025-26 IAS transfers,0.60,2026-06-26
2979,,,258,,office_phone,0532-2427221,Prayagraj Municipal Corporation office,true,false,official Nagar Nigam sites + UP 2023 mayoral results + 2025-26 IAS transfers,0.60,2026-06-26
2980,,,255,,office_email,gzb.nagar.nigam@gmail.com,Ghaziabad Municipal Corporation office,true,false,official Nagar Nigam sites + UP 2023 mayoral results + 2025-26 IAS transfers,0.60,2026-06-26
2981,,,255,,office_phone,0120-2790369,Ghaziabad Municipal Corporation office,true,false,official Nagar Nigam sites + UP 2023 mayoral results + 2025-26 IAS transfers,0.60,2026-06-26
2982,,,257,,office_email,nnmee@nic.in,Meerut Municipal Corporation office,true,false,official Nagar Nigam sites + UP 2023 mayoral results + 2025-26 IAS transfers,0.60,2026-06-26
2983,,,257,,office_phone,0121-2515133,Meerut Municipal Corporation office,true,false,official Nagar Nigam sites + UP 2023 mayoral results + 2025-26 IAS transfers,0.60,2026-06-26
2984,,,260,,office_phone,0581-2550074,Bareilly Municipal Corporation office,true,false,official Nagar Nigam sites + UP 2023 mayoral results + 2025-26 IAS transfers,0.60,2026-06-26
2985,,,259,,office_email,nnaligarh@gmail.com,Aligarh Municipal Corporation office,true,false,official Nagar Nigam sites + UP 2023 mayoral results + 2025-26 IAS transfers,0.60,2026-06-26
2986,,,259,,office_phone,0571-2405520,Aligarh Municipal Corporation office,true,false,official Nagar Nigam sites + UP 2023 mayoral results + 2025-26 IAS transfers,0.60,2026-06-26
2987,,,262,,office_email,Moradabadnagarnigam@gmail.com,Moradabad Municipal Corporation office,true,false,official Nagar Nigam sites + UP 2023 mayoral results + 2025-26 IAS transfers,0.60,2026-06-26
2988,,,262,,office_phone,0591-2424200,Moradabad Municipal Corporation office,true,false,official Nagar Nigam sites + UP 2023 mayoral results + 2025-26 IAS transfers,0.60,2026-06-26
2989,,,263,,office_email,nagarnigamsaharanpur@gmail.com,Saharanpur Municipal Corporation office,true,false,official Nagar Nigam sites + UP 2023 mayoral results + 2025-26 IAS transfers,0.60,2026-06-26
2990,,,263,,office_phone,0132-2648112,Saharanpur Municipal Corporation office,true,false,official Nagar Nigam sites + UP 2023 mayoral results + 2025-26 IAS transfers,0.60,2026-06-26
2991,,,264,,office_email,nagarnigamgkp@gmail.com,Gorakhpur Municipal Corporation office,true,false,official Nagar Nigam sites + UP 2023 mayoral results + 2025-26 IAS transfers,0.60,2026-06-26
2992,,,264,,office_phone,0551-2333015,Gorakhpur Municipal Corporation office,true,false,official Nagar Nigam sites + UP 2023 mayoral results + 2025-26 IAS transfers,0.60,2026-06-26
2993,,,265,,office_email,nagarnigamfzd@gmail.com,Firozabad Municipal Corporation office,true,false,official Nagar Nigam sites + UP 2023 mayoral results + 2025-26 IAS transfers,0.60,2026-06-26
2994,,,265,,office_phone,8958575575,Firozabad Municipal Corporation office,true,false,official Nagar Nigam sites + UP 2023 mayoral results + 2025-26 IAS transfers,0.60,2026-06-26
2995,,,266,,office_email,nagarayukta@jnnjhansi.com,Jhansi Municipal Corporation office,true,false,official Nagar Nigam sites + UP 2023 mayoral results + 2025-26 IAS transfers,0.60,2026-06-26
2996,,,266,,office_phone,0510-2332097,Jhansi Municipal Corporation office,true,false,official Nagar Nigam sites + UP 2023 mayoral results + 2025-26 IAS transfers,0.60,2026-06-26
2997,,,261,,office_email,nagarnigamayodhya@gmail.com,Ayodhya Municipal Corporation office,true,false,official Nagar Nigam sites + UP 2023 mayoral results + 2025-26 IAS transfers,0.60,2026-06-26
2998,,,261,,office_phone,1800-313-1277,Ayodhya Municipal Corporation office,true,false,official Nagar Nigam sites + UP 2023 mayoral results + 2025-26 IAS transfers,0.60,2026-06-26
2999,,,154,,office_email,commoffice@bmconline.gov.in,Bhopal Municipal Corporation office,true,false,official Nagar Nigam sites + MP 2022 mayoral results + 2025-26 IAS transfers,0.60,2026-06-26
3000,,,154,,office_phone,0755-2701222,Bhopal Municipal Corporation office,true,false,official Nagar Nigam sites + MP 2022 mayoral results + 2025-26 IAS transfers,0.60,2026-06-26
3001,,,153,,office_email,nn.indore@mpurban.gov.in,Indore Municipal Corporation office,true,false,official Nagar Nigam sites + MP 2022 mayoral results + 2025-26 IAS transfers,0.60,2026-06-26
3002,,,153,,office_phone,0731-4071717,Indore Municipal Corporation office,true,false,official Nagar Nigam sites + MP 2022 mayoral results + 2025-26 IAS transfers,0.60,2026-06-26
3003,,,155,,office_email,commjabalpur@mpurban.gov.in,Jabalpur Municipal Corporation office,true,false,official Nagar Nigam sites + MP 2022 mayoral results + 2025-26 IAS transfers,0.60,2026-06-26
3004,,,155,,office_phone,0761-2611451,Jabalpur Municipal Corporation office,true,false,official Nagar Nigam sites + MP 2022 mayoral results + 2025-26 IAS transfers,0.60,2026-06-26
3005,,,156,,office_email,nn.gwalior@mpurban.gov.in,Gwalior Municipal Corporation office,true,false,official Nagar Nigam sites + MP 2022 mayoral results + 2025-26 IAS transfers,0.60,2026-06-26
3006,,,156,,office_phone,0751-2438300,Gwalior Municipal Corporation office,true,false,official Nagar Nigam sites + MP 2022 mayoral results + 2025-26 IAS transfers,0.60,2026-06-26
3007,,,157,,office_email,commujjain@mpurban.gov.in,Ujjain Municipal Corporation office,true,false,official Nagar Nigam sites + MP 2022 mayoral results + 2025-26 IAS transfers,0.60,2026-06-26
3008,,,157,,office_phone,0734-2535244,Ujjain Municipal Corporation office,true,false,official Nagar Nigam sites + MP 2022 mayoral results + 2025-26 IAS transfers,0.60,2026-06-26
3009,,,158,,office_email,commsagar@mpurban.gov.in,Sagar Municipal Corporation office,true,false,official Nagar Nigam sites + MP 2022 mayoral results + 2025-26 IAS transfers,0.60,2026-06-26
3010,,,158,,office_phone,07582-229454,Sagar Municipal Corporation office,true,false,official Nagar Nigam sites + MP 2022 mayoral results + 2025-26 IAS transfers,0.60,2026-06-26
3011,,,160,,office_email,commdewas@mpurban.gov.in,Dewas Municipal Corporation office,true,false,official Nagar Nigam sites + MP 2022 mayoral results + 2025-26 IAS transfers,0.60,2026-06-26
3012,,,160,,office_phone,07272-220333,Dewas Municipal Corporation office,true,false,official Nagar Nigam sites + MP 2022 mayoral results + 2025-26 IAS transfers,0.60,2026-06-26
3013,,,161,,office_email,commsatna@mpurban.gov.in,Satna Municipal Corporation office,true,false,official Nagar Nigam sites + MP 2022 mayoral results + 2025-26 IAS transfers,0.60,2026-06-26
3014,,,161,,office_phone,18005724060,Satna Municipal Corporation office,true,false,official Nagar Nigam sites + MP 2022 mayoral results + 2025-26 IAS transfers,0.60,2026-06-26
3015,,,162,,office_email,commratlam@mpurban.gov.in,Ratlam Municipal Corporation office,true,false,official Nagar Nigam sites + MP 2022 mayoral results + 2025-26 IAS transfers,0.60,2026-06-26
3016,,,165,,office_email,commrewa@mpurban.gov.in,Rewa Municipal Corporation office,true,false,official Nagar Nigam sites + MP 2022 mayoral results + 2025-26 IAS transfers,0.60,2026-06-26
3017,,,165,,office_phone,07662-320105,Rewa Municipal Corporation office,true,false,official Nagar Nigam sites + MP 2022 mayoral results + 2025-26 IAS transfers,0.60,2026-06-26
3018,,,167,,office_email,commsingrauli@mpurban.gov.in,Singrauli Municipal Corporation office,true,false,official Nagar Nigam sites + MP 2022 mayoral results + 2025-26 IAS transfers,0.60,2026-06-26
3019,,,167,,office_phone,07805-233254,Singrauli Municipal Corporation office,true,false,official Nagar Nigam sites + MP 2022 mayoral results + 2025-26 IAS transfers,0.60,2026-06-26
3020,,,159,,office_email,commburhanpur@mpurban.gov.in,Burhanpur Municipal Corporation office,true,false,official Nagar Nigam sites + MP 2022 mayoral results + 2025-26 IAS transfers,0.60,2026-06-26
3021,,,159,,office_phone,07325-255270,Burhanpur Municipal Corporation office,true,false,official Nagar Nigam sites + MP 2022 mayoral results + 2025-26 IAS transfers,0.60,2026-06-26
3022,,,163,,office_email,commkhandwa@mpurban.gov.in,Khandwa Municipal Corporation office,true,false,official Nagar Nigam sites + MP 2022 mayoral results + 2025-26 IAS transfers,0.60,2026-06-26
3023,,,163,,office_phone,0733-2223523,Khandwa Municipal Corporation office,true,false,official Nagar Nigam sites + MP 2022 mayoral results + 2025-26 IAS transfers,0.60,2026-06-26
3024,,,166,,office_email,commmorena@mpurban.gov.in,Morena Municipal Corporation office,true,false,official Nagar Nigam sites + MP 2022 mayoral results + 2025-26 IAS transfers,0.60,2026-06-26
3025,,,166,,office_phone,07532-226387,Morena Municipal Corporation office,true,false,official Nagar Nigam sites + MP 2022 mayoral results + 2025-26 IAS transfers,0.60,2026-06-26
3026,,,78,,office_email,patnamc-bih@gov.in,Patna Municipal Corporation office,true,false,official Nagar Nigam sites + urban.bihar.gov.in + Jan 2026 IAS reshuffle,0.60,2026-06-26
3027,,,78,,office_phone,0612-2223791,Patna Municipal Corporation office,true,false,official Nagar Nigam sites + urban.bihar.gov.in + Jan 2026 IAS reshuffle,0.60,2026-06-26
3028,,,72,,office_email,mc.gayamc@gmail.com,Gaya Municipal Corporation office,true,false,official Nagar Nigam sites + urban.bihar.gov.in + Jan 2026 IAS reshuffle,0.60,2026-06-26
3029,,,72,,office_phone,9470488794,Gaya Municipal Corporation office,true,false,official Nagar Nigam sites + urban.bihar.gov.in + Jan 2026 IAS reshuffle,0.60,2026-06-26
3030,,,68,,office_phone,0612-3095555,Bhagalpur Municipal Corporation office,true,false,official Nagar Nigam sites + urban.bihar.gov.in + Jan 2026 IAS reshuffle,0.60,2026-06-26
3031,,,77,,office_email,mmc-muz-bih@nic.in,Muzaffarpur Municipal Corporation office,true,false,official Nagar Nigam sites + urban.bihar.gov.in + Jan 2026 IAS reshuffle,0.60,2026-06-26
3032,,,77,,office_phone,7488552120,Muzaffarpur Municipal Corporation office,true,false,official Nagar Nigam sites + urban.bihar.gov.in + Jan 2026 IAS reshuffle,0.60,2026-06-26
3033,,,71,,office_email,darbhanga.ulb@gmail.com,Darbhanga Municipal Corporation office,true,false,official Nagar Nigam sites + urban.bihar.gov.in + Jan 2026 IAS reshuffle,0.60,2026-06-26
3034,,,71,,office_phone,06272-221218,Darbhanga Municipal Corporation office,true,false,official Nagar Nigam sites + urban.bihar.gov.in + Jan 2026 IAS reshuffle,0.60,2026-06-26
3035,,,69,,office_email,comm.biharsharif@bihar.gov.in,Bihar Sharif Municipal Corporation office,true,false,official Nagar Nigam sites + urban.bihar.gov.in + Jan 2026 IAS reshuffle,0.60,2026-06-26
3036,,,69,,office_phone,06112-232271,Bihar Sharif Municipal Corporation office,true,false,official Nagar Nigam sites + urban.bihar.gov.in + Jan 2026 IAS reshuffle,0.60,2026-06-26
3037,,,65,,office_email,mucommissionerara@gmail.com,Arrah Municipal Corporation office,true,false,official Nagar Nigam sites + urban.bihar.gov.in + Jan 2026 IAS reshuffle,0.60,2026-06-26
3038,,,65,,office_phone,9431493468,Arrah Municipal Corporation office,true,false,official Nagar Nigam sites + urban.bihar.gov.in + Jan 2026 IAS reshuffle,0.60,2026-06-26
3039,,,66,,office_phone,06243-222095,Begusarai Municipal Corporation office,true,false,official Nagar Nigam sites + urban.bihar.gov.in + Jan 2026 IAS reshuffle,0.60,2026-06-26
3040,,,73,,office_email,kmckatihar@bihar.gov.in,Katihar Municipal Corporation office,true,false,official Nagar Nigam sites + urban.bihar.gov.in + Jan 2026 IAS reshuffle,0.60,2026-06-26
3041,,,73,,office_phone,06452-245305,Katihar Municipal Corporation office,true,false,official Nagar Nigam sites + urban.bihar.gov.in + Jan 2026 IAS reshuffle,0.60,2026-06-26
3042,,,76,,office_email,munger.ulb@gmail.com,Munger Municipal Corporation office,true,false,official Nagar Nigam sites + urban.bihar.gov.in + Jan 2026 IAS reshuffle,0.60,2026-06-26
3043,,,70,,office_email,ulbchapranagarnigam@gmail.com,Chhapra Municipal Corporation office,true,false,official Nagar Nigam sites + urban.bihar.gov.in + Jan 2026 IAS reshuffle,0.60,2026-06-26
3044,,,79,,office_phone,9905395939,Purnia Municipal Corporation office,true,false,official Nagar Nigam sites + urban.bihar.gov.in + Jan 2026 IAS reshuffle,0.60,2026-06-26
3045,,,80,,office_email,contact@saharsanagarnigam.in,Saharsa Municipal Corporation office,true,false,official Nagar Nigam sites + urban.bihar.gov.in + Jan 2026 IAS reshuffle,0.60,2026-06-26
3046,,,80,,office_phone,06478-291055,Saharsa Municipal Corporation office,true,false,official Nagar Nigam sites + urban.bihar.gov.in + Jan 2026 IAS reshuffle,0.60,2026-06-26
3047,,,82,,office_email,sasaramnagarnigam@gmail.com,Sasaram Municipal Corporation office,true,false,official Nagar Nigam sites + urban.bihar.gov.in + Jan 2026 IAS reshuffle,0.60,2026-06-26
3048,,,82,,office_phone,9263980740,Sasaram Municipal Corporation office,true,false,official Nagar Nigam sites + urban.bihar.gov.in + Jan 2026 IAS reshuffle,0.60,2026-06-26
3049,,,67,,office_email,npbettiahcity@gmail.com,Bettiah Municipal Corporation office,true,false,official Nagar Nigam sites + urban.bihar.gov.in + Jan 2026 IAS reshuffle,0.60,2026-06-26
3050,,,67,,office_phone,06254-244079,Bettiah Municipal Corporation office,true,false,official Nagar Nigam sites + urban.bihar.gov.in + Jan 2026 IAS reshuffle,0.60,2026-06-26
3051,,,75,,office_email,nagarparishadmotihari@gmail.com,Motihari Municipal Corporation office,true,false,official Nagar Nigam sites + urban.bihar.gov.in + Jan 2026 IAS reshuffle,0.60,2026-06-26
3052,,,75,,office_phone,06252-231388,Motihari Municipal Corporation office,true,false,official Nagar Nigam sites + urban.bihar.gov.in + Jan 2026 IAS reshuffle,0.60,2026-06-26
3053,,,83,,office_email,sitamarhi.ulb@gmail.com,Sitamarhi Municipal Corporation office,true,false,official Nagar Nigam sites + urban.bihar.gov.in + Jan 2026 IAS reshuffle,0.60,2026-06-26
3054,,,83,,office_phone,9631610432,Sitamarhi Municipal Corporation office,true,false,official Nagar Nigam sites + urban.bihar.gov.in + Jan 2026 IAS reshuffle,0.60,2026-06-26
3055,,,81,,office_phone,7070860921,Samastipur Municipal Corporation office,true,false,official Nagar Nigam sites + urban.bihar.gov.in + Jan 2026 IAS reshuffle,0.60,2026-06-26
3056,,,44,,office_email,commissioner_gvmc@yahoo.co.in,Greater Visakhapatnam Municipal Corporation office,true,false,"official corporation sites + cdma.ap.gov.in (AP corps under Special Officers per GO Rt 284, Mar 2026 - no elected mayors)",0.60,2026-06-26
3057,,,44,,office_phone,0891-2746301,Greater Visakhapatnam Municipal Corporation office,true,false,"official corporation sites + cdma.ap.gov.in (AP corps under Special Officers per GO Rt 284, Mar 2026 - no elected mayors)",0.60,2026-06-26
3058,,,45,,office_email,commissioner-vmc@ap.gov.in,Vijayawada Municipal Corporation office,true,false,"official corporation sites + cdma.ap.gov.in (AP corps under Special Officers per GO Rt 284, Mar 2026 - no elected mayors)",0.60,2026-06-26
3059,,,45,,office_phone,0866-2421058,Vijayawada Municipal Corporation office,true,false,"official corporation sites + cdma.ap.gov.in (AP corps under Special Officers per GO Rt 284, Mar 2026 - no elected mayors)",0.60,2026-06-26
3060,,,46,,office_email,commissioner@gunturcorporation.org,Guntur Municipal Corporation office,true,false,"official corporation sites + cdma.ap.gov.in (AP corps under Special Officers per GO Rt 284, Mar 2026 - no elected mayors)",0.60,2026-06-26
3061,,,46,,office_phone,0863-2224202,Guntur Municipal Corporation office,true,false,"official corporation sites + cdma.ap.gov.in (AP corps under Special Officers per GO Rt 284, Mar 2026 - no elected mayors)",0.60,2026-06-26
3062,,,47,,office_email,commissioner_nellore@yahoo.co.in,Nellore Municipal Corporation office,true,false,"official corporation sites + cdma.ap.gov.in (AP corps under Special Officers per GO Rt 284, Mar 2026 - no elected mayors)",0.60,2026-06-26
3063,,,47,,office_phone,0861-2316777,Nellore Municipal Corporation office,true,false,"official corporation sites + cdma.ap.gov.in (AP corps under Special Officers per GO Rt 284, Mar 2026 - no elected mayors)",0.60,2026-06-26
3064,,,48,,office_email,mc.kurnool@cdma.gov.in,Kurnool Municipal Corporation office,true,false,"official corporation sites + cdma.ap.gov.in (AP corps under Special Officers per GO Rt 284, Mar 2026 - no elected mayors)",0.60,2026-06-26
3065,,,52,,office_email,kkd_mplcorp@yahoo.com,Kakinada Municipal Corporation office,true,false,"official corporation sites + cdma.ap.gov.in (AP corps under Special Officers per GO Rt 284, Mar 2026 - no elected mayors)",0.60,2026-06-26
3066,,,52,,office_phone,0884-2373136,Kakinada Municipal Corporation office,true,false,"official corporation sites + cdma.ap.gov.in (AP corps under Special Officers per GO Rt 284, Mar 2026 - no elected mayors)",0.60,2026-06-26
3067,,,53,,office_email,mc.tirupathi@cdma.gov.in,Tirupati Municipal Corporation office,true,false,"official corporation sites + cdma.ap.gov.in (AP corps under Special Officers per GO Rt 284, Mar 2026 - no elected mayors)",0.60,2026-06-26
3068,,,53,,office_phone,0877-2220233,Tirupati Municipal Corporation office,true,false,"official corporation sites + cdma.ap.gov.in (AP corps under Special Officers per GO Rt 284, Mar 2026 - no elected mayors)",0.60,2026-06-26
3069,,,55,,office_email,mc.anantapur@cdma.gov.in,Anantapur Municipal Corporation office,true,false,"official corporation sites + cdma.ap.gov.in (AP corps under Special Officers per GO Rt 284, Mar 2026 - no elected mayors)",0.60,2026-06-26
3070,,,55,,office_phone,08554-274765,Anantapur Municipal Corporation office,true,false,"official corporation sites + cdma.ap.gov.in (AP corps under Special Officers per GO Rt 284, Mar 2026 - no elected mayors)",0.60,2026-06-26
3071,,,50,,office_email,mc.kadapa@cdma.gov.in,Kadapa Municipal Corporation office,true,false,"official corporation sites + cdma.ap.gov.in (AP corps under Special Officers per GO Rt 284, Mar 2026 - no elected mayors)",0.60,2026-06-26
3072,,,57,,office_email,mc.vizianagaram@cdma.gov.in,Vizianagaram Municipal Corporation office,true,false,"official corporation sites + cdma.ap.gov.in (AP corps under Special Officers per GO Rt 284, Mar 2026 - no elected mayors)",0.60,2026-06-26
3073,,,57,,office_phone,08922-222923,Vizianagaram Municipal Corporation office,true,false,"official corporation sites + cdma.ap.gov.in (AP corps under Special Officers per GO Rt 284, Mar 2026 - no elected mayors)",0.60,2026-06-26
3074,,,54,,office_email,mc.eluru@cdma.gov.in,Eluru Municipal Corporation office,true,false,"official corporation sites + cdma.ap.gov.in (AP corps under Special Officers per GO Rt 284, Mar 2026 - no elected mayors)",0.60,2026-06-26
3075,,,56,,office_email,mc.ongole@cdma.gov.in,Ongole Municipal Corporation office,true,false,"official corporation sites + cdma.ap.gov.in (AP corps under Special Officers per GO Rt 284, Mar 2026 - no elected mayors)",0.60,2026-06-26
3076,,,59,,office_email,mc.chittoor@cdma.gov.in,Chittoor Municipal Corporation office,true,false,"official corporation sites + cdma.ap.gov.in (AP corps under Special Officers per GO Rt 284, Mar 2026 - no elected mayors)",0.60,2026-06-26
3077,,,59,,office_phone,08572-232314,Chittoor Municipal Corporation office,true,false,"official corporation sites + cdma.ap.gov.in (AP corps under Special Officers per GO Rt 284, Mar 2026 - no elected mayors)",0.60,2026-06-26
3078,,,60,,office_email,mc.srikakulam@cdma.gov.in,Srikakulam Municipal Corporation office,true,false,"official corporation sites + cdma.ap.gov.in (AP corps under Special Officers per GO Rt 284, Mar 2026 - no elected mayors)",0.60,2026-06-26
3079,,,60,,office_phone,08942-222544,Srikakulam Municipal Corporation office,true,false,"official corporation sites + cdma.ap.gov.in (AP corps under Special Officers per GO Rt 284, Mar 2026 - no elected mayors)",0.60,2026-06-26
3080,,,58,,office_email,mc.machilipatnam@cdma.gov.in,Machilipatnam Municipal Corporation office,true,false,"official corporation sites + cdma.ap.gov.in (AP corps under Special Officers per GO Rt 284, Mar 2026 - no elected mayors)",0.60,2026-06-26
3081,,,282,,office_email,comm@bbmp.gov.in,Bruhat Bengaluru Mahanagara Palike office,true,false,bbmp.gov.in + dma.karnataka.gov.in + corporation mrc.gov.in sites + 2025-26 news,0.55,2026-06-26
3082,,,282,,office_phone,080-22660000,Bruhat Bengaluru Mahanagara Palike office,true,false,bbmp.gov.in + dma.karnataka.gov.in + corporation mrc.gov.in sites + 2025-26 news,0.55,2026-06-26
3083,,,283,,office_email,commissioner.hdmc@gmail.com,Hubballi-Dharwad Municipal Corporation office,true,false,bbmp.gov.in + dma.karnataka.gov.in + corporation mrc.gov.in sites + 2025-26 news,0.55,2026-06-26
3084,,,283,,office_phone,0836-2213888,Hubballi-Dharwad Municipal Corporation office,true,false,bbmp.gov.in + dma.karnataka.gov.in + corporation mrc.gov.in sites + 2025-26 news,0.55,2026-06-26
3085,,,136,,office_email,itstaff_ulb_mysore@yahoo.com,Greater Mysuru City Corporation office,true,false,bbmp.gov.in + dma.karnataka.gov.in + corporation mrc.gov.in sites + 2025-26 news,0.55,2026-06-26
3086,,,136,,office_phone,0821-2418800,Greater Mysuru City Corporation office,true,false,bbmp.gov.in + dma.karnataka.gov.in + corporation mrc.gov.in sites + 2025-26 news,0.55,2026-06-26
3087,,,137,,office_phone,0824-2220310,Mangaluru City Corporation office,true,false,bbmp.gov.in + dma.karnataka.gov.in + corporation mrc.gov.in sites + 2025-26 news,0.55,2026-06-26
3088,,,288,,office_email,commissioner_davanagere@yahoo.com,Davanagere-Harihar Municipal Corporation office,true,false,bbmp.gov.in + dma.karnataka.gov.in + corporation mrc.gov.in sites + 2025-26 news,0.55,2026-06-26
3089,,,288,,office_phone,08192-252899,Davanagere-Harihar Municipal Corporation office,true,false,bbmp.gov.in + dma.karnataka.gov.in + corporation mrc.gov.in sites + 2025-26 news,0.55,2026-06-26
