id,full_name,honorific,gender,party,photo_url,bio,education,date_of_birth,wikipedia_url,source_url,confidence,data_status,last_verified_at
1,Droupadi Murmu,Smt,female,,,15th President of India,,1958-06-20,https://en.wikipedia.org/wiki/Droupadi_Murmu,https://www.presidentofindia.gov.in/,0.90,verified,2026-06-26
2,C. P. Radhakrishnan,Shri,male,,,15th Vice President of India,,1957-10-04,https://en.wikipedia.org/wiki/C._P._Radhakrishnan,https://vicepresidentofindia.nic.in/,0.90,verified,2026-06-26
3,Narendra Modi,Shri,male,Bharatiya Janata Party,,Prime Minister of India,,1950-09-17,https://en.wikipedia.org/wiki/Narendra_Modi,https://www.pmindia.gov.in/en/,0.90,verified,2026-06-26
4,Amit Shah,Shri,male,Bharatiya Janata Party,,Union Minister of Home Affairs and Cooperation,,1964-10-22,https://en.wikipedia.org/wiki/Amit_Shah,https://www.india.gov.in/directory/whos-who/council-of-ministers,0.80,collected,2026-06-26
5,Rajnath Singh,Shri,male,Bharatiya Janata Party,,Union Minister of Defence,,1951-07-10,https://en.wikipedia.org/wiki/Rajnath_Singh,https://www.india.gov.in/directory/whos-who/council-of-ministers,0.80,collected,2026-06-26
6,Nirmala Sitharaman,Smt,female,Bharatiya Janata Party,,Union Minister of Finance and Corporate Affairs,,1959-08-18,https://en.wikipedia.org/wiki/Nirmala_Sitharaman,https://en.wikipedia.org/wiki/Third_Modi_ministry,0.85,verified,2026-06-26
7,Ashwini Vaishnaw,Shri,male,Bharatiya Janata Party,,"Union Minister of Railways, Information & Broadcasting, and Electronics & IT",,1970-07-18,https://en.wikipedia.org/wiki/Ashwini_Vaishnaw,https://www.india.gov.in/directory/whos-who/council-of-ministers,0.80,collected,2026-06-26
8,Dharmendra Pradhan,Shri,male,Bharatiya Janata Party,,Former Union Minister of Education; resigned from Union Council of Ministers on 2026-07-25,,1969-06-26,https://en.wikipedia.org/wiki/Dharmendra_Pradhan,https://www.thehindu.com/news/national/pralhad-joshi-appointed-union-education-minister/article71266932.ece,0.90,verified,2026-07-25
9,Nitin Gadkari,Shri,male,BJP,,"Cabinet Minister, Road Transport & Highways",,,,https://en.wikipedia.org/wiki/Third_Modi_ministry,0.80,collected,2026-06-26
10,Jagat Prakash Nadda,Shri,male,BJP,,Cabinet Minister; also Chemicals & Fertilizers,,,,https://en.wikipedia.org/wiki/Third_Modi_ministry,0.80,collected,2026-06-26
11,Shivraj Singh Chouhan,Shri,male,BJP,,Cabinet Minister; also Rural Development,,,,https://en.wikipedia.org/wiki/Third_Modi_ministry,0.80,collected,2026-06-26
12,Subrahmanyam Jaishankar,Dr,male,BJP,,"Cabinet Minister, External Affairs",,,,https://en.wikipedia.org/wiki/Third_Modi_ministry,0.80,collected,2026-06-26
13,Manohar Lal Khattar,Shri,male,BJP,,Cabinet Minister; also Housing & Urban Affairs,,,,https://en.wikipedia.org/wiki/Third_Modi_ministry,0.80,collected,2026-06-26
14,H. D. Kumaraswamy,Shri,male,JD(S),,Cabinet Minister; also Steel,,,,https://en.wikipedia.org/wiki/Third_Modi_ministry,0.80,collected,2026-06-26
15,Piyush Goyal,Shri,male,BJP,,"Cabinet Minister, Commerce & Industry",,,,https://en.wikipedia.org/wiki/Third_Modi_ministry,0.80,collected,2026-06-26
16,Jitan Ram Manjhi,Shri,male,HAM(S),,"Cabinet Minister, MSME",,,,https://en.wikipedia.org/wiki/Third_Modi_ministry,0.80,collected,2026-06-26
17,Lalan Singh,Shri,male,JD(U),,"Cabinet Minister; also Fisheries, Animal Husbandry & Dairying",,,,https://en.wikipedia.org/wiki/Third_Modi_ministry,0.80,collected,2026-06-26
18,Sarbananda Sonowal,Shri,male,BJP,,"Cabinet Minister, Ports/Shipping/Waterways",,,,https://en.wikipedia.org/wiki/Third_Modi_ministry,0.80,collected,2026-06-26
19,Virendra Kumar,Shri,male,BJP,,"Cabinet Minister, Social Justice & Empowerment",,,,https://en.wikipedia.org/wiki/Third_Modi_ministry,0.80,collected,2026-06-26
20,Kinjarapu Ram Mohan Naidu,Shri,male,TDP,,"Cabinet Minister, Civil Aviation",,,,https://en.wikipedia.org/wiki/Third_Modi_ministry,0.80,collected,2026-06-26
21,Pralhad Joshi,Shri,male,Bharatiya Janata Party,,"Union Cabinet Minister — Education (additional charge); Consumer Affairs, Food and Public Distribution; New and Renewable Energy",,1962-11-27,https://en.wikipedia.org/wiki/Pralhad_Joshi,https://www.thehindu.com/news/national/pralhad-joshi-appointed-union-education-minister/article71266932.ece,0.90,verified,2026-07-25
22,Jual Oram,Shri,male,BJP,,"Cabinet Minister, Tribal Affairs",,,,https://en.wikipedia.org/wiki/Third_Modi_ministry,0.80,collected,2026-06-26
23,Giriraj Singh,Shri,male,BJP,,"Cabinet Minister, Textiles",,,,https://en.wikipedia.org/wiki/Third_Modi_ministry,0.80,collected,2026-06-26
24,Jyotiraditya Scindia,Shri,male,BJP,,Cabinet Minister; also Development of North Eastern Region,,,,https://en.wikipedia.org/wiki/Third_Modi_ministry,0.80,collected,2026-06-26
25,Bhupender Yadav,Shri,male,BJP,,"Cabinet Minister, Environment/Forest/Climate",,,,https://en.wikipedia.org/wiki/Third_Modi_ministry,0.80,collected,2026-06-26
26,Gajendra Singh Shekhawat,Shri,male,BJP,,Cabinet Minister; also Tourism,,,,https://en.wikipedia.org/wiki/Third_Modi_ministry,0.80,collected,2026-06-26
27,Annpurna Devi,Smt,female,BJP,,"Cabinet Minister, Women & Child Development",,,,https://en.wikipedia.org/wiki/Third_Modi_ministry,0.80,collected,2026-06-26
28,Kiren Rijiju,Shri,male,BJP,,Cabinet Minister; also Minority Affairs,,,,https://en.wikipedia.org/wiki/Third_Modi_ministry,0.80,collected,2026-06-26
29,Hardeep Singh Puri,Shri,male,BJP,,"Cabinet Minister, Petroleum & Natural Gas",,,,https://en.wikipedia.org/wiki/Third_Modi_ministry,0.80,collected,2026-06-26
30,Mansukh Mandaviya,Shri,male,BJP,,Cabinet Minister; also Youth Affairs & Sports,,,,https://en.wikipedia.org/wiki/Third_Modi_ministry,0.80,collected,2026-06-26
31,G. Kishan Reddy,Shri,male,BJP,,Cabinet Minister; also Mines,,,,https://en.wikipedia.org/wiki/Third_Modi_ministry,0.80,collected,2026-06-26
32,Chirag Paswan,Shri,male,LJP(RV),,"Cabinet Minister, Food Processing Industries",,,,https://en.wikipedia.org/wiki/Third_Modi_ministry,0.80,collected,2026-06-26
33,C. R. Patil,Shri,male,BJP,,"Cabinet Minister, Jal Shakti",,,,https://en.wikipedia.org/wiki/Third_Modi_ministry,0.80,collected,2026-06-26
34,Rao Inderjit Singh,Shri,male,BJP,,MoS (IC); also Planning,,,,https://en.wikipedia.org/wiki/Third_Modi_ministry,0.80,collected,2026-06-26
35,Jitendra Singh,Dr,male,BJP,,"MoS (IC); also Earth Sciences, PMO, DoPT, Space, Atomic Energy",,,,https://en.wikipedia.org/wiki/Third_Modi_ministry,0.80,collected,2026-06-26
36,Arjun Ram Meghwal,Shri,male,BJP,,"MoS (IC), Law & Justice; also Parliamentary Affairs",,,,https://en.wikipedia.org/wiki/Third_Modi_ministry,0.80,collected,2026-06-26
37,Prataprao Ganpatrao Jadhav,Shri,male,SHS,,"MoS (IC), AYUSH; also Health & Family Welfare",,,,https://en.wikipedia.org/wiki/Third_Modi_ministry,0.80,collected,2026-06-26
38,Jayant Chaudhary,Shri,male,RLD,,MoS (IC); also Education,,,,https://en.wikipedia.org/wiki/Third_Modi_ministry,0.80,collected,2026-06-26
39,L. Murugan,Shri,male,BJP,,"MoS, Information & Broadcasting; also Fisheries, Animal Husbandry & Dairying",,,,https://en.wikipedia.org/wiki/Third_Modi_ministry,0.80,collected,2026-06-26
40,Anupriya Patel,Smt,female,AD(S),,"MoS, Health & Family Welfare; also Chemicals & Fertilizers",,,,https://en.wikipedia.org/wiki/Third_Modi_ministry,0.80,collected,2026-06-26
41,Sukanta Majumdar,Shri,male,BJP,,"MoS, Education; also Development of North Eastern Region",,,,https://en.wikipedia.org/wiki/Third_Modi_ministry,0.80,collected,2026-06-26
42,Jitin Prasada,Shri,male,BJP,,"MoS, Commerce & Industry; also Electronics & IT",,,,https://en.wikipedia.org/wiki/Third_Modi_ministry,0.80,collected,2026-06-26
43,Shripad Yesso Naik,Shri,male,BJP,,"MoS, Power; also New & Renewable Energy",,,,https://en.wikipedia.org/wiki/Third_Modi_ministry,0.80,collected,2026-06-26
44,Pankaj Chaudhary,Shri,male,BJP,,"MoS, Finance",,,,https://en.wikipedia.org/wiki/Third_Modi_ministry,0.80,collected,2026-06-26
45,Krishan Pal Gurjar,Shri,male,BJP,,"MoS, Co-operation",,,,https://en.wikipedia.org/wiki/Third_Modi_ministry,0.80,collected,2026-06-26
46,Ramdas Athawale,Shri,male,RPI(A),,"MoS, Social Justice & Empowerment",,,,https://en.wikipedia.org/wiki/Third_Modi_ministry,0.80,collected,2026-06-26
47,Ram Nath Thakur,Shri,male,JD(U),,"MoS, Agriculture & Farmers Welfare",,,,https://en.wikipedia.org/wiki/Third_Modi_ministry,0.80,collected,2026-06-26
48,Nityanand Rai,Shri,male,BJP,,"MoS, Home Affairs",,,,https://en.wikipedia.org/wiki/Third_Modi_ministry,0.80,collected,2026-06-26
49,V. Somanna,Shri,male,BJP,,"MoS, Jal Shakti; also Railways",,,,https://en.wikipedia.org/wiki/Third_Modi_ministry,0.80,collected,2026-06-26
50,Pemmasani Chandra Sekhar,Shri,male,TDP,,"MoS, Rural Development; also Communications",,,,https://en.wikipedia.org/wiki/Third_Modi_ministry,0.80,collected,2026-06-26
51,S. P. Singh Baghel,Shri,male,BJP,,"MoS, Fisheries, Animal Husbandry & Dairying; also Panchayati Raj",,,,https://en.wikipedia.org/wiki/Third_Modi_ministry,0.80,collected,2026-06-26
52,Shobha Karandlaje,Smt,female,BJP,,"MoS, MSME; also Labour & Employment",,,,https://en.wikipedia.org/wiki/Third_Modi_ministry,0.80,collected,2026-06-26
53,Kirti Vardhan Singh,Shri,male,BJP,,"MoS, Environment, Forest & Climate Change; also External Affairs",,,,https://en.wikipedia.org/wiki/Third_Modi_ministry,0.80,collected,2026-06-26
54,B. L. Verma,Shri,male,BJP,,"MoS, Consumer Affairs, Food & PD; also Social Justice",,,,https://en.wikipedia.org/wiki/Third_Modi_ministry,0.80,collected,2026-06-26
55,Shantanu Thakur,Shri,male,BJP,,"MoS, Ports, Shipping & Waterways",,,,https://en.wikipedia.org/wiki/Third_Modi_ministry,0.80,collected,2026-06-26
56,Suresh Gopi,Shri,male,BJP,,"MoS, Petroleum & Natural Gas; also Tourism",,,,https://en.wikipedia.org/wiki/Third_Modi_ministry,0.80,collected,2026-06-26
57,Ajay Tamta,Shri,male,BJP,,"MoS, Road Transport & Highways",,,,https://en.wikipedia.org/wiki/Third_Modi_ministry,0.80,collected,2026-06-26
58,Bandi Sanjay Kumar,Shri,male,BJP,,"MoS, Home Affairs",,,,https://en.wikipedia.org/wiki/Third_Modi_ministry,0.80,collected,2026-06-26
59,Kamlesh Paswan,Shri,male,BJP,,"MoS, Rural Development",,,,https://en.wikipedia.org/wiki/Third_Modi_ministry,0.80,collected,2026-06-26
60,Bhagirath Choudhary,Shri,male,BJP,,"MoS, Agriculture & Farmers Welfare",,,,https://en.wikipedia.org/wiki/Third_Modi_ministry,0.80,collected,2026-06-26
61,Satish Chandra Dubey,Shri,male,BJP,,"MoS, Coal; also Mines",,,,https://en.wikipedia.org/wiki/Third_Modi_ministry,0.80,collected,2026-06-26
62,Sanjay Seth,Shri,male,BJP,,"MoS, Defence",,,,https://en.wikipedia.org/wiki/Third_Modi_ministry,0.80,collected,2026-06-26
63,Ravneet Singh Bittu,Shri,male,BJP,,"MoS, Food Processing Industries; also Railways",,,,https://en.wikipedia.org/wiki/Third_Modi_ministry,0.80,collected,2026-06-26
64,Durga Das Uikey,Shri,male,BJP,,"MoS, Tribal Affairs",,,,https://en.wikipedia.org/wiki/Third_Modi_ministry,0.80,collected,2026-06-26
65,Raksha Khadse,Smt,female,BJP,,"MoS, Youth Affairs & Sports",,,,https://en.wikipedia.org/wiki/Third_Modi_ministry,0.80,collected,2026-06-26
66,Savitri Thakur,Smt,female,BJP,,"MoS, Women & Child Development",,,,https://en.wikipedia.org/wiki/Third_Modi_ministry,0.80,collected,2026-06-26
67,Tokhan Sahu,Shri,male,BJP,,"MoS, Housing & Urban Affairs",,,,https://en.wikipedia.org/wiki/Third_Modi_ministry,0.80,collected,2026-06-26
68,Bhupathi Raju Srinivasa Varma,Shri,male,BJP,,"MoS, Heavy Industries; also Steel",,,,https://en.wikipedia.org/wiki/Third_Modi_ministry,0.80,collected,2026-06-26
69,Harsh Malhotra,Shri,male,BJP,,"MoS, Corporate Affairs; also Road Transport & Highways",,,,https://en.wikipedia.org/wiki/Third_Modi_ministry,0.80,collected,2026-06-26
70,Murlidhar Mohol,Shri,male,BJP,,"MoS, Civil Aviation; also Co-operation",,,,https://en.wikipedia.org/wiki/Third_Modi_ministry,0.80,collected,2026-06-26
71,George Kurian,Shri,male,BJP,,"MoS, Minority Affairs; also Fisheries, Animal Husbandry & Dairying",,,,https://en.wikipedia.org/wiki/Third_Modi_ministry,0.80,collected,2026-06-26
72,Pabitra Margherita,Shri,male,BJP,,"MoS, External Affairs; also Textiles",,,,https://en.wikipedia.org/wiki/Third_Modi_ministry,0.80,collected,2026-06-26
73,Nimuben Bambhaniya,Smt,female,BJP,,"MoS, Consumer Affairs, Food & Public Distribution",,,,https://en.wikipedia.org/wiki/Third_Modi_ministry,0.80,collected,2026-06-26
74,Raj Bhushan Choudhary,Shri,male,BJP,,"MoS, Jal Shakti",,,,https://en.wikipedia.org/wiki/Third_Modi_ministry,0.80,collected,2026-06-26
75,Syed Abdul Nazeer,Shri,male,,,Governor of Andhra Pradesh,,,,https://en.wikipedia.org/wiki/List_of_current_Indian_governors,0.80,collected,2026-06-26
76,N. Chandrababu Naidu,Shri,male,TDP,,Chief Minister of Andhra Pradesh,,,,https://en.wikipedia.org/wiki/List_of_current_Indian_chief_ministers,0.80,collected,2026-06-26
77,Kaiwalya Trivikram Parnaik,Shri,male,,,Governor of Arunachal Pradesh,,,,https://en.wikipedia.org/wiki/List_of_current_Indian_governors,0.80,collected,2026-06-26
78,Pema Khandu,Shri,male,BJP,,Chief Minister of Arunachal Pradesh,,,,https://en.wikipedia.org/wiki/List_of_current_Indian_chief_ministers,0.80,collected,2026-06-26
79,Lakshman Acharya,Shri,male,,,Governor of Assam,,,,https://en.wikipedia.org/wiki/List_of_current_Indian_governors,0.80,collected,2026-06-26
80,Himanta Biswa Sarma,Shri,male,BJP,,Chief Minister of Assam,,,,https://en.wikipedia.org/wiki/List_of_current_Indian_chief_ministers,0.80,collected,2026-06-26
81,Arif Mohammad Khan,Shri,male,,,Governor of Bihar,,,,https://en.wikipedia.org/wiki/List_of_current_Indian_governors,0.80,collected,2026-06-26
82,Nitish Kumar,Shri,male,JD(U),,Chief Minister of Bihar,,,,https://en.wikipedia.org/wiki/List_of_current_Indian_chief_ministers,0.80,collected,2026-06-26
83,Ramen Deka,Shri,male,,,Governor of Chhattisgarh,,,,https://en.wikipedia.org/wiki/List_of_current_Indian_governors,0.80,collected,2026-06-26
84,Vishnu Deo Sai,Shri,male,BJP,,Chief Minister of Chhattisgarh,,,,https://en.wikipedia.org/wiki/List_of_current_Indian_chief_ministers,0.80,collected,2026-06-26
85,Ashok Gajapathi Raju,Shri,male,,,Governor of Goa,,,,https://en.wikipedia.org/wiki/List_of_current_Indian_governors,0.80,collected,2026-06-26
86,Pramod Sawant,Shri,male,BJP,,Chief Minister of Goa,,,,https://en.wikipedia.org/wiki/List_of_current_Indian_chief_ministers,0.80,collected,2026-06-26
87,Acharya Dev Vrat,Shri,male,,,Governor of Gujarat,,,,https://en.wikipedia.org/wiki/List_of_current_Indian_governors,0.80,collected,2026-06-26
88,Bhupendrabhai Patel,Shri,male,BJP,,Chief Minister of Gujarat,,,,https://en.wikipedia.org/wiki/List_of_current_Indian_chief_ministers,0.80,collected,2026-06-26
89,Ashim Kumar Ghosh,Shri,male,,,Governor of Haryana,,,,https://en.wikipedia.org/wiki/List_of_current_Indian_governors,0.80,collected,2026-06-26
90,Nayab Singh Saini,Shri,male,BJP,,Chief Minister of Haryana,,,,https://en.wikipedia.org/wiki/List_of_current_Indian_chief_ministers,0.80,collected,2026-06-26
91,Shiv Pratap Shukla,Shri,male,,,Governor of Himachal Pradesh,,,,https://en.wikipedia.org/wiki/List_of_current_Indian_governors,0.80,collected,2026-06-26
92,Sukhvinder Singh Sukhu,Shri,male,INC,,Chief Minister of Himachal Pradesh,,,,https://en.wikipedia.org/wiki/List_of_current_Indian_chief_ministers,0.80,collected,2026-06-26
93,Santosh Kumar Gangwar,Shri,male,,,Governor of Jharkhand,,,,https://en.wikipedia.org/wiki/List_of_current_Indian_governors,0.80,collected,2026-06-26
94,Hemant Soren,Shri,male,JMM,,Chief Minister of Jharkhand,,,,https://en.wikipedia.org/wiki/List_of_current_Indian_chief_ministers,0.80,collected,2026-06-26
95,Thawar Chand Gehlot,Shri,male,,,Governor of Karnataka,,,,https://en.wikipedia.org/wiki/List_of_current_Indian_governors,0.80,collected,2026-06-26
96,Siddaramaiah,Shri,male,INC,,Chief Minister of Karnataka,,,,https://en.wikipedia.org/wiki/List_of_current_Indian_chief_ministers,0.80,collected,2026-06-26
97,Rajendra Arlekar,Shri,male,,,Governor of Kerala,,,,https://en.wikipedia.org/wiki/List_of_current_Indian_governors,0.80,collected,2026-06-26
98,Pinarayi Vijayan,Shri,male,CPI(M),,Chief Minister of Kerala,,,,https://en.wikipedia.org/wiki/List_of_current_Indian_chief_ministers,0.80,collected,2026-06-26
99,Mangubhai Chhaganbhai Patel,Shri,male,,,Governor of Madhya Pradesh,,,,https://en.wikipedia.org/wiki/List_of_current_Indian_governors,0.80,collected,2026-06-26
100,Mohan Yadav,Shri,male,BJP,,Chief Minister of Madhya Pradesh,,,,https://en.wikipedia.org/wiki/List_of_current_Indian_chief_ministers,0.80,collected,2026-06-26
101,Devendra Fadnavis,Shri,male,BJP,,Chief Minister of Maharashtra,,,,https://en.wikipedia.org/wiki/List_of_current_Indian_chief_ministers,0.80,collected,2026-06-26
102,Ajay Kumar Bhalla,Shri,male,,,Governor of Manipur,,,,https://en.wikipedia.org/wiki/List_of_current_Indian_governors,0.80,collected,2026-06-26
103,Yumnam Khemchand Singh,Shri,male,BJP,,Chief Minister of Manipur,,,,https://en.wikipedia.org/wiki/List_of_current_Indian_chief_ministers,0.80,collected,2026-06-26
104,C. H. Vijayashankar,Shri,male,,,Governor of Meghalaya,,,,https://en.wikipedia.org/wiki/List_of_current_Indian_governors,0.80,collected,2026-06-26
105,Conrad Sangma,Shri,male,NPP,,Chief Minister of Meghalaya,,,,https://en.wikipedia.org/wiki/List_of_current_Indian_chief_ministers,0.80,collected,2026-06-26
106,V. K. Singh,Shri,male,,,Governor of Mizoram,,,,https://en.wikipedia.org/wiki/List_of_current_Indian_governors,0.80,collected,2026-06-26
107,Lalduhoma,Shri,male,ZPM,,Chief Minister of Mizoram,,,,https://en.wikipedia.org/wiki/List_of_current_Indian_chief_ministers,0.80,collected,2026-06-26
108,Neiphiu Rio,Shri,male,NPF,,Chief Minister of Nagaland,,,,https://en.wikipedia.org/wiki/List_of_current_Indian_chief_ministers,0.80,collected,2026-06-26
109,Kambhampati Hari Babu,Shri,male,,,Governor of Odisha,,,,https://en.wikipedia.org/wiki/List_of_current_Indian_governors,0.80,collected,2026-06-26
110,Mohan Charan Majhi,Shri,male,BJP,,Chief Minister of Odisha,,,,https://en.wikipedia.org/wiki/List_of_current_Indian_chief_ministers,0.80,collected,2026-06-26
111,Gulab Chand Kataria,Shri,male,,,Governor of Punjab,,,,https://en.wikipedia.org/wiki/List_of_current_Indian_governors,0.80,collected,2026-06-26
112,Bhagwant Mann,Shri,male,AAP,,Chief Minister of Punjab,,,,https://en.wikipedia.org/wiki/List_of_current_Indian_chief_ministers,0.80,collected,2026-06-26
113,Haribhau Bagade,Shri,male,,,Governor of Rajasthan,,,,https://en.wikipedia.org/wiki/List_of_current_Indian_governors,0.80,collected,2026-06-26
114,Bhajan Lal Sharma,Shri,male,BJP,,Chief Minister of Rajasthan,,,,https://en.wikipedia.org/wiki/List_of_current_Indian_chief_ministers,0.80,collected,2026-06-26
115,Om Prakash Mathur,Shri,male,,,Governor of Sikkim,,,,https://en.wikipedia.org/wiki/List_of_current_Indian_governors,0.80,collected,2026-06-26
116,Prem Singh Tamang,Shri,male,SKM,,Chief Minister of Sikkim,,,,https://en.wikipedia.org/wiki/List_of_current_Indian_chief_ministers,0.80,collected,2026-06-26
117,R. N. Ravi,Shri,male,,,Governor of Tamil Nadu,,,,https://en.wikipedia.org/wiki/List_of_current_Indian_governors,0.80,collected,2026-06-26
118,M. K. Stalin,Shri,male,DMK,,Chief Minister of Tamil Nadu,,,,https://en.wikipedia.org/wiki/List_of_current_Indian_chief_ministers,0.80,collected,2026-06-26
119,Jishnu Dev Varma,Shri,male,,,Governor of Telangana,,,,https://en.wikipedia.org/wiki/List_of_current_Indian_governors,0.80,collected,2026-06-26
120,Revanth Reddy,Shri,male,INC,,Chief Minister of Telangana,,,,https://en.wikipedia.org/wiki/List_of_current_Indian_chief_ministers,0.80,collected,2026-06-26
121,N. Indrasena Reddy,Shri,male,,,Governor of Tripura,,,,https://en.wikipedia.org/wiki/List_of_current_Indian_governors,0.80,collected,2026-06-26
122,Manik Saha,Shri,male,BJP,,Chief Minister of Tripura,,,,https://en.wikipedia.org/wiki/List_of_current_Indian_chief_ministers,0.80,collected,2026-06-26
123,Gurmit Singh,Shri,male,,,Governor of Uttarakhand,,,,https://en.wikipedia.org/wiki/List_of_current_Indian_governors,0.80,collected,2026-06-26
124,Pushkar Singh Dhami,Shri,male,BJP,,Chief Minister of Uttarakhand,,,,https://en.wikipedia.org/wiki/List_of_current_Indian_chief_ministers,0.80,collected,2026-06-26
125,Anandiben Patel,Smt,female,,,Governor of Uttar Pradesh,,,,https://en.wikipedia.org/wiki/List_of_current_Indian_governors,0.80,collected,2026-06-26
126,Yogi Adityanath,Shri,male,BJP,,Chief Minister of Uttar Pradesh,,,,https://en.wikipedia.org/wiki/List_of_current_Indian_chief_ministers,0.80,collected,2026-06-26
127,C. V. Ananda Bose,Shri,male,,,Governor of West Bengal,,,,https://en.wikipedia.org/wiki/List_of_current_Indian_governors,0.80,collected,2026-06-26
128,Mamata Banerjee,Smt,female,TMC,,Chief Minister of West Bengal,,,,https://en.wikipedia.org/wiki/List_of_current_Indian_chief_ministers,0.80,collected,2026-06-26
129,Rekha Gupta,Smt,female,BJP,,Chief Minister of Delhi (NCT),,,,https://en.wikipedia.org/wiki/List_of_current_Indian_chief_ministers,0.80,collected,2026-06-26
130,Omar Abdullah,Shri,male,JKNC,,Chief Minister of Jammu and Kashmir,,,,https://en.wikipedia.org/wiki/List_of_current_Indian_chief_ministers,0.80,collected,2026-06-26
131,N. Rangaswamy,Shri,male,AINRC,,Chief Minister of Puducherry,,,,https://en.wikipedia.org/wiki/List_of_current_Indian_chief_ministers,0.80,collected,2026-06-26
132,Vinai Kumar Saxena,Shri,male,,,Lieutenant Governor of Delhi,,,,https://en.wikipedia.org/wiki/List_of_current_Indian_lieutenant_governors_and_administrators,0.80,collected,2026-06-26
133,Manoj Sinha,Shri,male,,,Lieutenant Governor of Jammu and Kashmir,,,,https://en.wikipedia.org/wiki/List_of_current_Indian_lieutenant_governors_and_administrators,0.80,collected,2026-06-26
134,Kuniyil Kailashnathan,Shri,male,,,Lieutenant Governor of Puducherry,,,,https://en.wikipedia.org/wiki/List_of_current_Indian_lieutenant_governors_and_administrators,0.80,collected,2026-06-26
135,Kavinder Gupta,Shri,male,,,Lieutenant Governor of Ladakh,,,,https://en.wikipedia.org/wiki/List_of_current_Indian_lieutenant_governors_and_administrators,0.80,collected,2026-06-26
136,Praful Khoda Patel,Shri,male,,,Administrator of Dadra and Nagar Haveli and Daman and Diu,,,,https://en.wikipedia.org/wiki/List_of_current_Indian_lieutenant_governors_and_administrators,0.80,collected,2026-06-26
137,K. Pawan Kalyan,Shri,male,Janasena Party,,Deputy Chief Minister of Andhra Pradesh,,,,https://en.wikipedia.org/wiki/List_of_current_Indian_deputy_chief_ministers,0.80,collected,2026-06-26
138,Chowna Mein,Shri,male,BJP,,Deputy Chief Minister of Arunachal Pradesh,,,,https://en.wikipedia.org/wiki/List_of_current_Indian_deputy_chief_ministers,0.80,collected,2026-06-26
139,Bijendra Prasad Yadav,Shri,male,JD(U),,Deputy Chief Minister of Bihar,,,,https://en.wikipedia.org/wiki/Samrat_Choudhary,0.85,collected,2026-06-26
140,Vijay Kumar Chaudhary,Shri,male,,,Deputy Chief Minister of Bihar,,,,https://en.wikipedia.org/wiki/Samrat_Choudhary,0.85,collected,2026-06-26
141,Arun Sao,Shri,male,BJP,,Deputy Chief Minister of Chhattisgarh,,,,https://en.wikipedia.org/wiki/List_of_current_Indian_deputy_chief_ministers,0.80,collected,2026-06-26
142,Vijay Sharma,Shri,male,BJP,,Deputy Chief Minister of Chhattisgarh,,,,https://en.wikipedia.org/wiki/List_of_current_Indian_deputy_chief_ministers,0.80,collected,2026-06-26
143,Harsh Sanghavi,Shri,male,BJP,,Deputy Chief Minister of Gujarat,,,,https://en.wikipedia.org/wiki/List_of_current_Indian_deputy_chief_ministers,0.80,collected,2026-06-26
144,Mukesh Agnihotri,Shri,male,INC,,Deputy Chief Minister of Himachal Pradesh,,,,https://en.wikipedia.org/wiki/List_of_current_Indian_deputy_chief_ministers,0.80,collected,2026-06-26
145,Surinder Kumar Choudhary,Shri,male,JKNC,,Deputy Chief Minister of Jammu and Kashmir,,,,https://en.wikipedia.org/wiki/List_of_current_Indian_deputy_chief_ministers,0.80,collected,2026-06-26
146,D. K. Shivakumar,Shri,male,INC,,Deputy Chief Minister of Karnataka,,,,https://en.wikipedia.org/wiki/List_of_current_Indian_deputy_chief_ministers,0.80,collected,2026-06-26
147,Rajendra Shukla,Shri,male,BJP,,Deputy Chief Minister of Madhya Pradesh,,,,https://en.wikipedia.org/wiki/List_of_current_Indian_deputy_chief_ministers,0.80,collected,2026-06-26
148,Jagdish Devda,Shri,male,BJP,,Deputy Chief Minister of Madhya Pradesh,,,,https://en.wikipedia.org/wiki/List_of_current_Indian_deputy_chief_ministers,0.80,collected,2026-06-26
149,Eknath Shinde,Shri,male,Shiv Sena,,Deputy Chief Minister of Maharashtra,,,,https://en.wikipedia.org/wiki/List_of_current_Indian_deputy_chief_ministers,0.80,collected,2026-06-26
150,Sunetra Pawar,Smt,female,NCP,,Deputy Chief Minister of Maharashtra,,,,https://en.wikipedia.org/wiki/List_of_current_Indian_deputy_chief_ministers,0.80,collected,2026-06-26
151,Nemcha Kipgen,Smt,female,BJP,,Deputy Chief Minister of Manipur,,,,https://en.wikipedia.org/wiki/List_of_current_Indian_deputy_chief_ministers,0.80,collected,2026-06-26
152,Losii Dikho,Shri,male,NPF,,Deputy Chief Minister of Manipur,,,,https://en.wikipedia.org/wiki/List_of_current_Indian_deputy_chief_ministers,0.80,collected,2026-06-26
153,Prestone Tynsong,Shri,male,NPP,,Deputy Chief Minister of Meghalaya,,,,https://en.wikipedia.org/wiki/List_of_current_Indian_deputy_chief_ministers,0.80,collected,2026-06-26
154,Sniawbhalang Dhar,Shri,male,NPP,,Deputy Chief Minister of Meghalaya,,,,https://en.wikipedia.org/wiki/List_of_current_Indian_deputy_chief_ministers,0.80,collected,2026-06-26
155,Yanthungo Patton,Shri,male,BJP,,Deputy Chief Minister of Nagaland,,,,https://en.wikipedia.org/wiki/List_of_current_Indian_deputy_chief_ministers,0.80,collected,2026-06-26
156,T. R. Zeliang,Shri,male,NPF,,Deputy Chief Minister of Nagaland,,,,https://en.wikipedia.org/wiki/List_of_current_Indian_deputy_chief_ministers,0.80,collected,2026-06-26
157,Kanak Vardhan Singh Deo,Shri,male,BJP,,Deputy Chief Minister of Odisha,,,,https://en.wikipedia.org/wiki/List_of_current_Indian_deputy_chief_ministers,0.80,collected,2026-06-26
158,Pravati Parida,Smt,female,BJP,,Deputy Chief Minister of Odisha,,,,https://en.wikipedia.org/wiki/List_of_current_Indian_deputy_chief_ministers,0.80,collected,2026-06-26
159,Diya Kumari,Smt,female,BJP,,Deputy Chief Minister of Rajasthan,,,,https://en.wikipedia.org/wiki/List_of_current_Indian_deputy_chief_ministers,0.80,collected,2026-06-26
160,Prem Chand Bairwa,Shri,male,BJP,,Deputy Chief Minister of Rajasthan,,,,https://en.wikipedia.org/wiki/List_of_current_Indian_deputy_chief_ministers,0.80,collected,2026-06-26
161,Udhayanidhi Stalin,Shri,male,DMK,,Deputy Chief Minister of Tamil Nadu,,,,https://en.wikipedia.org/wiki/List_of_current_Indian_deputy_chief_ministers,0.80,collected,2026-06-26
162,Mallu Bhatti Vikramarka,Shri,male,INC,,Deputy Chief Minister of Telangana,,,,https://en.wikipedia.org/wiki/List_of_current_Indian_deputy_chief_ministers,0.80,collected,2026-06-26
163,Keshav Prasad Maurya,Shri,male,BJP,,Deputy Chief Minister of Uttar Pradesh,,,,https://en.wikipedia.org/wiki/List_of_current_Indian_deputy_chief_ministers,0.80,collected,2026-06-26
164,Brajesh Pathak,Shri,male,BJP,,Deputy Chief Minister of Uttar Pradesh,,,,https://en.wikipedia.org/wiki/List_of_current_Indian_deputy_chief_ministers,0.80,collected,2026-06-26
165,Surya Kant,Shri,male,,,53rd Chief Justice of India,,,,https://www.sci.gov.in/chief-justice-judges/,0.85,collected,2026-06-26
166,Gyanesh Kumar,Shri,male,,,Chief Election Commissioner,,,,https://en.wikipedia.org/wiki/Chief_Election_Commissioner_of_India,0.80,collected,2026-06-26
167,K. Sanjay Murthy,Shri,male,,,Comptroller and Auditor General,,,,https://en.wikipedia.org/wiki/List_of_office-holders_in_the_Government_of_India,0.80,collected,2026-06-26
168,R. Venkataramani,Shri,male,,,16th Attorney General for India,,,,https://en.wikipedia.org/wiki/List_of_office-holders_in_the_Government_of_India,0.80,collected,2026-06-26
169,Om Birla,Shri,male,,,Speaker of the 18th Lok Sabha,,,,https://www.pmindia.gov.in/en/news_updates/pm-congratulates-shri-om-birla-on-being-elected-as-speaker-of-lok-sabha/,0.85,collected,2026-06-26
170,T. V. Somanathan,Dr,male,,,Cabinet Secretary of India,,,,https://en.wikipedia.org/wiki/Cabinet_Secretary_(India),0.80,collected,2026-06-26
171,Pramod Kumar Mishra,Dr,male,,,Principal Secretary to the PM,,,,https://www.pmindia.gov.in/en/list-of-officers-pmo/,0.80,collected,2026-06-26
172,Shaktikanta Das,Shri,male,,,Principal Secretary-2 to the PM,,,,https://www.pmindia.gov.in/en/list-of-officers-pmo/,0.80,collected,2026-06-26
173,Suresh Kumar Khanna,Shri,male,,,"Minister, Govt of Uttar Pradesh",,,,https://en.wikipedia.org/wiki/Second_Yogi_Adityanath_ministry,0.75,collected,2026-06-26
174,Surya Pratap Shahi,Shri,male,,,"Minister, Govt of Uttar Pradesh",,,,https://en.wikipedia.org/wiki/Second_Yogi_Adityanath_ministry,0.75,collected,2026-06-26
175,Swatantra Dev Singh,Shri,male,,,"Minister, Govt of Uttar Pradesh",,,,https://en.wikipedia.org/wiki/Second_Yogi_Adityanath_ministry,0.75,collected,2026-06-26
176,Baby Rani Maurya,Smt,female,,,"Minister, Govt of Uttar Pradesh",,,,https://en.wikipedia.org/wiki/Second_Yogi_Adityanath_ministry,0.75,collected,2026-06-26
177,Laxmi Narayan Chaudhary,Shri,male,,,"Minister, Govt of Uttar Pradesh",,,,https://en.wikipedia.org/wiki/Second_Yogi_Adityanath_ministry,0.75,collected,2026-06-26
178,Jaiveer Singh,Shri,male,,,"Minister, Govt of Uttar Pradesh",,,,https://en.wikipedia.org/wiki/Second_Yogi_Adityanath_ministry,0.75,collected,2026-06-26
179,Dharmpal Singh,Shri,male,,,"Minister, Govt of Uttar Pradesh",,,,https://en.wikipedia.org/wiki/Second_Yogi_Adityanath_ministry,0.75,collected,2026-06-26
180,Om Prakash Rajbhar,Shri,male,,,"Minister, Govt of Uttar Pradesh",,,,https://en.wikipedia.org/wiki/Second_Yogi_Adityanath_ministry,0.75,collected,2026-06-26
181,Nand Gopal Gupta,Shri,male,,,"Minister, Govt of Uttar Pradesh",,,,https://en.wikipedia.org/wiki/Second_Yogi_Adityanath_ministry,0.75,collected,2026-06-26
182,Anil Rajbhar,Shri,male,,,"Minister, Govt of Uttar Pradesh",,,,https://en.wikipedia.org/wiki/Second_Yogi_Adityanath_ministry,0.75,collected,2026-06-26
183,Rakesh Sachan,Shri,male,,,"Minister, Govt of Uttar Pradesh",,,,https://en.wikipedia.org/wiki/Second_Yogi_Adityanath_ministry,0.75,collected,2026-06-26
184,A. K. Sharma,Shri,male,,,"Minister, Govt of Uttar Pradesh",,,,https://en.wikipedia.org/wiki/Second_Yogi_Adityanath_ministry,0.75,collected,2026-06-26
185,Yogendra Upadhyaya,Shri,male,,,"Minister, Govt of Uttar Pradesh",,,,https://en.wikipedia.org/wiki/Second_Yogi_Adityanath_ministry,0.75,collected,2026-06-26
186,Ashish Patel,Shri,male,,,"Minister, Govt of Uttar Pradesh",,,,https://en.wikipedia.org/wiki/Second_Yogi_Adityanath_ministry,0.75,collected,2026-06-26
187,Sanjay Nishad,Shri,male,,,"Minister, Govt of Uttar Pradesh",,,,https://en.wikipedia.org/wiki/Second_Yogi_Adityanath_ministry,0.75,collected,2026-06-26
188,Dara Singh Chauhan,Shri,male,,,"Minister of State (Independent Charge), Govt of Uttar Pradesh",,,,https://en.wikipedia.org/wiki/Second_Yogi_Adityanath_ministry,0.75,collected,2026-06-26
189,Nitin Agrawal,Shri,male,,,"Minister of State (Independent Charge), Govt of Uttar Pradesh",,,,https://en.wikipedia.org/wiki/Second_Yogi_Adityanath_ministry,0.75,collected,2026-06-26
190,Kapil Dev Agarwal,Shri,male,,,"Minister of State (Independent Charge), Govt of Uttar Pradesh",,,,https://en.wikipedia.org/wiki/Second_Yogi_Adityanath_ministry,0.75,collected,2026-06-26
191,Ravindra Jaiswal,Shri,male,,,"Minister of State (Independent Charge), Govt of Uttar Pradesh",,,,https://en.wikipedia.org/wiki/Second_Yogi_Adityanath_ministry,0.75,collected,2026-06-26
192,Sandeep Singh,Shri,male,,,"Minister of State (Independent Charge), Govt of Uttar Pradesh",,,,https://en.wikipedia.org/wiki/Second_Yogi_Adityanath_ministry,0.75,collected,2026-06-26
193,Gulabo Devi,Smt,female,,,"Minister of State (Independent Charge), Govt of Uttar Pradesh",,,,https://en.wikipedia.org/wiki/Second_Yogi_Adityanath_ministry,0.75,collected,2026-06-26
194,Girish Yadav,Shri,male,,,"Minister of State (Independent Charge), Govt of Uttar Pradesh",,,,https://en.wikipedia.org/wiki/Second_Yogi_Adityanath_ministry,0.75,collected,2026-06-26
195,Dharmveer Prajapati,Shri,male,,,"Minister of State (Independent Charge), Govt of Uttar Pradesh",,,,https://en.wikipedia.org/wiki/Second_Yogi_Adityanath_ministry,0.75,collected,2026-06-26
196,Asim Arun,Shri,male,,,"Minister of State (Independent Charge), Govt of Uttar Pradesh",,,,https://en.wikipedia.org/wiki/Second_Yogi_Adityanath_ministry,0.75,collected,2026-06-26
197,Jayendra Pratap Singh Rathore,Shri,male,,,"Minister of State (Independent Charge), Govt of Uttar Pradesh",,,,https://en.wikipedia.org/wiki/Second_Yogi_Adityanath_ministry,0.75,collected,2026-06-26
198,Daya Shankar Singh,Shri,male,,,"Minister of State (Independent Charge), Govt of Uttar Pradesh",,,,https://en.wikipedia.org/wiki/Second_Yogi_Adityanath_ministry,0.75,collected,2026-06-26
199,Narendra Kumar Kashyap,Shri,male,,,"Minister of State (Independent Charge), Govt of Uttar Pradesh",,,,https://en.wikipedia.org/wiki/Second_Yogi_Adityanath_ministry,0.75,collected,2026-06-26
200,Dinesh Pratap Singh,Shri,male,,,"Minister of State (Independent Charge), Govt of Uttar Pradesh",,,,https://en.wikipedia.org/wiki/Second_Yogi_Adityanath_ministry,0.75,collected,2026-06-26
201,Arun Saxena,Shri,male,,,"Minister of State (Independent Charge), Govt of Uttar Pradesh",,,,https://en.wikipedia.org/wiki/Second_Yogi_Adityanath_ministry,0.75,collected,2026-06-26
202,Daya Shankar Mishra,Shri,male,,,"Minister of State (Independent Charge), Govt of Uttar Pradesh",,,,https://en.wikipedia.org/wiki/Second_Yogi_Adityanath_ministry,0.75,collected,2026-06-26
203,Sunil Sharma,Shri,male,,,"Minister of State (Independent Charge), Govt of Uttar Pradesh",,,,https://en.wikipedia.org/wiki/Second_Yogi_Adityanath_ministry,0.75,collected,2026-06-26
204,Anil Kumar,Shri,male,,,"Minister of State (Independent Charge), Govt of Uttar Pradesh",,,,https://en.wikipedia.org/wiki/Second_Yogi_Adityanath_ministry,0.75,collected,2026-06-26
205,Mayankeshwar Singh,Shri,male,,,"Minister of State, Govt of Uttar Pradesh",,,,https://en.wikipedia.org/wiki/Second_Yogi_Adityanath_ministry,0.75,collected,2026-06-26
206,Dinesh Khatik,Shri,male,,,"Minister of State, Govt of Uttar Pradesh",,,,https://en.wikipedia.org/wiki/Second_Yogi_Adityanath_ministry,0.75,collected,2026-06-26
207,Sanjiv Gond,Shri,male,,,"Minister of State, Govt of Uttar Pradesh",,,,https://en.wikipedia.org/wiki/Second_Yogi_Adityanath_ministry,0.75,collected,2026-06-26
208,Baldev Singh Aulakh,Shri,male,,,"Minister of State, Govt of Uttar Pradesh",,,,https://en.wikipedia.org/wiki/Second_Yogi_Adityanath_ministry,0.75,collected,2026-06-26
209,Ajit Singh Pal,Shri,male,,,"Minister of State, Govt of Uttar Pradesh",,,,https://en.wikipedia.org/wiki/Second_Yogi_Adityanath_ministry,0.75,collected,2026-06-26
210,Jaswant Saini,Shri,male,,,"Minister of State, Govt of Uttar Pradesh",,,,https://en.wikipedia.org/wiki/Second_Yogi_Adityanath_ministry,0.75,collected,2026-06-26
211,Ramakesh Nishad,Shri,male,,,"Minister of State, Govt of Uttar Pradesh",,,,https://en.wikipedia.org/wiki/Second_Yogi_Adityanath_ministry,0.75,collected,2026-06-26
212,Manohar Lal Panth,Shri,male,,,"Minister of State, Govt of Uttar Pradesh",,,,https://en.wikipedia.org/wiki/Second_Yogi_Adityanath_ministry,0.75,collected,2026-06-26
213,Sanjay Singh Gangwar,Shri,male,,,"Minister of State, Govt of Uttar Pradesh",,,,https://en.wikipedia.org/wiki/Second_Yogi_Adityanath_ministry,0.75,collected,2026-06-26
214,Brijesh Singh,Shri,male,,,"Minister of State, Govt of Uttar Pradesh",,,,https://en.wikipedia.org/wiki/Second_Yogi_Adityanath_ministry,0.75,collected,2026-06-26
215,Krishnapal Malik,Shri,male,,,"Minister of State, Govt of Uttar Pradesh",,,,https://en.wikipedia.org/wiki/Second_Yogi_Adityanath_ministry,0.75,collected,2026-06-26
216,Suresh Rahi,Shri,male,,,"Minister of State, Govt of Uttar Pradesh",,,,https://en.wikipedia.org/wiki/Second_Yogi_Adityanath_ministry,0.75,collected,2026-06-26
217,Pratibha Shukla,Smt,female,,,"Minister of State, Govt of Uttar Pradesh",,,,https://en.wikipedia.org/wiki/Second_Yogi_Adityanath_ministry,0.75,collected,2026-06-26
218,Rakesh Rathour,Shri,male,,,"Minister of State, Govt of Uttar Pradesh",,,,https://en.wikipedia.org/wiki/Second_Yogi_Adityanath_ministry,0.75,collected,2026-06-26
219,Somendra Tomar,Shri,male,,,"Minister of State, Govt of Uttar Pradesh",,,,https://en.wikipedia.org/wiki/Second_Yogi_Adityanath_ministry,0.75,collected,2026-06-26
220,Rajani Tiwari,Smt,female,,,"Minister of State, Govt of Uttar Pradesh",,,,https://en.wikipedia.org/wiki/Second_Yogi_Adityanath_ministry,0.75,collected,2026-06-26
221,Satish Chandra Sharma,Shri,male,,,"Minister of State, Govt of Uttar Pradesh",,,,https://en.wikipedia.org/wiki/Second_Yogi_Adityanath_ministry,0.75,collected,2026-06-26
222,Danish Azad Ansari,Shri,male,,,"Minister of State, Govt of Uttar Pradesh",,,,https://en.wikipedia.org/wiki/Second_Yogi_Adityanath_ministry,0.75,collected,2026-06-26
223,Vijay Laxmi Gautam,Smt,female,,,"Minister of State, Govt of Uttar Pradesh",,,,https://en.wikipedia.org/wiki/Second_Yogi_Adityanath_ministry,0.75,collected,2026-06-26
224,K. Vijayanand,Shri,male,,,"Chief Secretary, Andhra Pradesh",,,,https://www.sarkaritel.com/chief-secretaries-of-states-union-territores/,0.80,collected,2026-06-26
225,Manish Kumar Gupta,Shri,male,,,"Chief Secretary, Arunachal Pradesh",,,,https://www.sarkaritel.com/chief-secretaries-of-states-union-territores/,0.80,collected,2026-06-26
226,Ravi Kota,Shri,male,,,"Chief Secretary, Assam",,,,https://www.sarkaritel.com/chief-secretaries-of-states-union-territores/,0.80,collected,2026-06-26
227,Pratyaya Amrit,Shri,male,,,"Chief Secretary, Bihar",,,,https://www.sarkaritel.com/chief-secretaries-of-states-union-territores/,0.80,collected,2026-06-26
228,Vikas Sheel,Shri,male,,,"Chief Secretary, Chhattisgarh",,,,https://www.sarkaritel.com/chief-secretaries-of-states-union-territores/,0.80,collected,2026-06-26
229,V. Candavelou,Shri,male,,,"Chief Secretary, Goa",,,,https://www.sarkaritel.com/chief-secretaries-of-states-union-territores/,0.80,collected,2026-06-26
230,Manoj Kumar Das,Shri,male,,,"Chief Secretary, Gujarat",,,,https://www.sarkaritel.com/chief-secretaries-of-states-union-territores/,0.80,collected,2026-06-26
231,Anurag Rastogi,Shri,male,,,"Chief Secretary, Haryana",,,,https://www.sarkaritel.com/chief-secretaries-of-states-union-territores/,0.80,collected,2026-06-26
232,Sanjay Gupta,Shri,male,,,"Chief Secretary, Himachal Pradesh",,,,https://www.sarkaritel.com/chief-secretaries-of-states-union-territores/,0.80,collected,2026-06-26
233,Avinash Kumar,Shri,male,,,"Chief Secretary, Jharkhand",,,,https://www.sarkaritel.com/chief-secretaries-of-states-union-territores/,0.80,collected,2026-06-26
234,Shalini Rajneesh,Smt,female,,,"Chief Secretary, Karnataka",,,,https://www.sarkaritel.com/chief-secretaries-of-states-union-territores/,0.80,collected,2026-06-26
235,A. Jayathilak,Shri,male,,,"Chief Secretary, Kerala",,,,https://www.sarkaritel.com/chief-secretaries-of-states-union-territores/,0.80,collected,2026-06-26
236,Anurag Jain,Shri,male,,,"Chief Secretary, Madhya Pradesh",,,,https://www.sarkaritel.com/chief-secretaries-of-states-union-territores/,0.80,collected,2026-06-26
237,Rajesh Aggarwal,Shri,male,,,"Chief Secretary, Maharashtra",,,,https://www.sarkaritel.com/chief-secretaries-of-states-union-territores/,0.80,collected,2026-06-26
238,Puneet Kumar Goel,Shri,male,,,"Chief Secretary, Manipur",,,,https://www.sarkaritel.com/chief-secretaries-of-states-union-territores/,0.80,collected,2026-06-26
239,Shakil P. Ahammed,Shri,male,,,"Chief Secretary, Meghalaya",,,,https://www.sarkaritel.com/chief-secretaries-of-states-union-territores/,0.80,collected,2026-06-26
240,Khilli Ram Meena,Shri,male,,,"Chief Secretary, Mizoram",,,,https://www.sarkaritel.com/chief-secretaries-of-states-union-territores/,0.80,collected,2026-06-26
241,Sentiyanger Imchen,Shri,male,,,"Chief Secretary, Nagaland",,,,https://www.sarkaritel.com/chief-secretaries-of-states-union-territores/,0.80,collected,2026-06-26
242,Anu Garg,Smt,female,,,"Chief Secretary, Odisha",,,,https://www.sarkaritel.com/chief-secretaries-of-states-union-territores/,0.80,collected,2026-06-26
243,K. A. Prasad Sinha,Shri,male,,,"Chief Secretary, Punjab",,,,https://www.sarkaritel.com/chief-secretaries-of-states-union-territores/,0.80,collected,2026-06-26
244,V. Srinivas,Shri,male,,,"Chief Secretary, Rajasthan",,,,https://www.sarkaritel.com/chief-secretaries-of-states-union-territores/,0.80,collected,2026-06-26
245,Ravindra Telang,Shri,male,,,"Chief Secretary, Sikkim",,,,https://www.sarkaritel.com/chief-secretaries-of-states-union-territores/,0.80,collected,2026-06-26
246,N. Muruganandam,Shri,male,,,"Chief Secretary, Tamil Nadu",,,,https://www.sarkaritel.com/chief-secretaries-of-states-union-territores/,0.80,collected,2026-06-26
247,K. Ramakrishna Rao,Shri,male,,,"Chief Secretary, Telangana",,,,https://www.sarkaritel.com/chief-secretaries-of-states-union-territores/,0.80,collected,2026-06-26
248,Jitendra Kumar Sinha,Shri,male,,,"Chief Secretary, Tripura",,,,https://www.sarkaritel.com/chief-secretaries-of-states-union-territores/,0.80,collected,2026-06-26
249,Anand Bardhan,Shri,male,,,"Chief Secretary, Uttarakhand",,,,https://www.sarkaritel.com/chief-secretaries-of-states-union-territores/,0.80,collected,2026-06-26
250,Shashi Prakash Goyal,Shri,male,,,"Chief Secretary, Uttar Pradesh",,,,https://www.sarkaritel.com/chief-secretaries-of-states-union-territores/,0.80,collected,2026-06-26
251,Manoj Agarwal,Shri,male,,,"Chief Secretary, West Bengal",,,,https://www.sarkaritel.com/chief-secretaries-of-states-union-territores/,0.80,collected,2026-06-26
252,Rajeev Verma,Shri,male,,,"Chief Secretary, Delhi (NCT)",,,,https://www.sarkaritel.com/chief-secretaries-of-states-union-territores/,0.80,collected,2026-06-26
253,Atal Dulloo,Shri,male,,,"Chief Secretary, Jammu and Kashmir",,,,https://www.sarkaritel.com/chief-secretaries-of-states-union-territores/,0.80,collected,2026-06-26
254,Sharat Chauhan,Shri,male,,,"Chief Secretary, Puducherry",,,,https://www.sarkaritel.com/chief-secretaries-of-states-union-territores/,0.80,collected,2026-06-26
255,Chandra Bhushan Kumar,Shri,male,,,"Chief Secretary, Andaman and Nicobar Islands",,,,https://www.sarkaritel.com/chief-secretaries-of-states-union-territores/,0.80,collected,2026-06-26
256,H. Rajesh Prasad,Shri,male,,,"Chief Secretary, Chandigarh",,,,https://www.sarkaritel.com/chief-secretaries-of-states-union-territores/,0.80,collected,2026-06-26
257,Amit Singla,Shri,male,,,"Chief Secretary, Dadra and Nagar Haveli and Daman and Diu",,,,https://www.sarkaritel.com/chief-secretaries-of-states-union-territores/,0.80,collected,2026-06-26
258,Ashish Kundra,Shri,male,,,"Chief Secretary, Ladakh",,,,https://www.sarkaritel.com/chief-secretaries-of-states-union-territores/,0.80,collected,2026-06-26
259,S.B. Deepak Kumar,Shri,male,,,"Chief Secretary, Lakshadweep",,,,https://www.sarkaritel.com/chief-secretaries-of-states-union-territores/,0.80,collected,2026-06-26
260,Samrat Choudhary,Shri,male,BJP,,24th Chief Minister of Bihar; first BJP CM of Bihar,,,,https://en.wikipedia.org/wiki/Samrat_Choudhary,0.85,verified,2026-06-26
261,Govind Mohan,Shri,male,,,"Union Home Secretary (IAS, Sikkim cadre 1989)",,,,https://en.wikipedia.org/wiki/Govind_Mohan,0.80,collected,2026-06-26
262,Devendra Kumar Joshi,Shri,male,,,"Lieutenant Governor of Andaman & Nicobar Islands (Admiral, Retd.)",,,,https://andamannicobar.gov.in/,0.75,collected,2026-06-26
263,Radhakrishna Vikhe Patil,Shri,male,,,"Minister, Govt of Maharashtra",,,,https://en.wikipedia.org/wiki/Third_Fadnavis_ministry,0.75,collected,2026-06-26
264,Chandrashekhar Bawankule,Shri,male,,,"Minister, Govt of Maharashtra",,,,https://en.wikipedia.org/wiki/Third_Fadnavis_ministry,0.75,collected,2026-06-26
265,Hasan Mushrif,Shri,male,,,"Minister, Govt of Maharashtra",,,,https://en.wikipedia.org/wiki/Third_Fadnavis_ministry,0.75,collected,2026-06-26
266,Chandrakant Patil,Shri,male,,,"Minister, Govt of Maharashtra",,,,https://en.wikipedia.org/wiki/Third_Fadnavis_ministry,0.75,collected,2026-06-26
267,Girish Mahajan,Shri,male,,,"Minister, Govt of Maharashtra",,,,https://en.wikipedia.org/wiki/Third_Fadnavis_ministry,0.75,collected,2026-06-26
268,Gulabrao Patil,Shri,male,,,"Minister, Govt of Maharashtra",,,,https://en.wikipedia.org/wiki/Third_Fadnavis_ministry,0.75,collected,2026-06-26
269,Ganesh Naik,Shri,male,,,"Minister, Govt of Maharashtra",,,,https://en.wikipedia.org/wiki/Third_Fadnavis_ministry,0.75,collected,2026-06-26
270,Dadaji Bhuse,Shri,male,,,"Minister, Govt of Maharashtra",,,,https://en.wikipedia.org/wiki/Third_Fadnavis_ministry,0.75,collected,2026-06-26
271,Sanjay Rathod,Shri,male,,,"Minister, Govt of Maharashtra",,,,https://en.wikipedia.org/wiki/Third_Fadnavis_ministry,0.75,collected,2026-06-26
272,Chhagan Bhujbal,Shri,male,,,"Minister, Govt of Maharashtra",,,,https://en.wikipedia.org/wiki/Third_Fadnavis_ministry,0.75,collected,2026-06-26
273,Mangal Prabhat Lodha,Shri,male,,,"Minister, Govt of Maharashtra",,,,https://en.wikipedia.org/wiki/Third_Fadnavis_ministry,0.75,collected,2026-06-26
274,Uday Samant,Shri,male,,,"Minister, Govt of Maharashtra",,,,https://en.wikipedia.org/wiki/Third_Fadnavis_ministry,0.75,collected,2026-06-26
275,Jayakumar Rawal,Shri,male,,,"Minister, Govt of Maharashtra",,,,https://en.wikipedia.org/wiki/Third_Fadnavis_ministry,0.75,collected,2026-06-26
276,Pankaja Munde,Smt,female,,,"Minister, Govt of Maharashtra",,,,https://en.wikipedia.org/wiki/Third_Fadnavis_ministry,0.75,collected,2026-06-26
277,Atul Save,Shri,male,,,"Minister, Govt of Maharashtra",,,,https://en.wikipedia.org/wiki/Third_Fadnavis_ministry,0.75,collected,2026-06-26
278,Ashok Uike,Shri,male,,,"Minister, Govt of Maharashtra",,,,https://en.wikipedia.org/wiki/Third_Fadnavis_ministry,0.75,collected,2026-06-26
279,Shambhuraj Desai,Shri,male,,,"Minister, Govt of Maharashtra",,,,https://en.wikipedia.org/wiki/Third_Fadnavis_ministry,0.75,collected,2026-06-26
280,Ashish Shelar,Shri,male,,,"Minister, Govt of Maharashtra",,,,https://en.wikipedia.org/wiki/Third_Fadnavis_ministry,0.75,collected,2026-06-26
281,Aditi Tatkare,Smt,female,,,"Minister, Govt of Maharashtra",,,,https://en.wikipedia.org/wiki/Third_Fadnavis_ministry,0.75,collected,2026-06-26
282,Shivendra Raje Bhosale,Shri,male,,,"Minister, Govt of Maharashtra",,,,https://en.wikipedia.org/wiki/Third_Fadnavis_ministry,0.75,collected,2026-06-26
283,Dattatray Bharne,Shri,male,,,"Minister, Govt of Maharashtra",,,,https://en.wikipedia.org/wiki/Third_Fadnavis_ministry,0.75,collected,2026-06-26
284,Jaykumar Gore,Shri,male,,,"Minister, Govt of Maharashtra",,,,https://en.wikipedia.org/wiki/Third_Fadnavis_ministry,0.75,collected,2026-06-26
285,Narhari Zirwal,Shri,male,,,"Minister, Govt of Maharashtra",,,,https://en.wikipedia.org/wiki/Third_Fadnavis_ministry,0.75,collected,2026-06-26
286,Sanjay Savkare,Shri,male,,,"Minister, Govt of Maharashtra",,,,https://en.wikipedia.org/wiki/Third_Fadnavis_ministry,0.75,collected,2026-06-26
287,Sanjay Shirsat,Shri,male,,,"Minister, Govt of Maharashtra",,,,https://en.wikipedia.org/wiki/Third_Fadnavis_ministry,0.75,collected,2026-06-26
288,Pratap Sarnaik,Shri,male,,,"Minister, Govt of Maharashtra",,,,https://en.wikipedia.org/wiki/Third_Fadnavis_ministry,0.75,collected,2026-06-26
289,Bharatshet Gogawale,Shri,male,,,"Minister, Govt of Maharashtra",,,,https://en.wikipedia.org/wiki/Third_Fadnavis_ministry,0.75,collected,2026-06-26
290,Makrand Jadhav-Patil,Shri,male,,,"Minister, Govt of Maharashtra",,,,https://en.wikipedia.org/wiki/Third_Fadnavis_ministry,0.75,collected,2026-06-26
291,Nitesh Rane,Shri,male,,,"Minister, Govt of Maharashtra",,,,https://en.wikipedia.org/wiki/Third_Fadnavis_ministry,0.75,collected,2026-06-26
292,Akash Fundkar,Shri,male,,,"Minister, Govt of Maharashtra",,,,https://en.wikipedia.org/wiki/Third_Fadnavis_ministry,0.75,collected,2026-06-26
293,Babasaheb Patil,Shri,male,,,"Minister, Govt of Maharashtra",,,,https://en.wikipedia.org/wiki/Third_Fadnavis_ministry,0.75,collected,2026-06-26
294,Prakashrao Abitkar,Shri,male,,,"Minister, Govt of Maharashtra",,,,https://en.wikipedia.org/wiki/Third_Fadnavis_ministry,0.75,collected,2026-06-26
295,Madhuri Misal,Smt,female,,,"Minister of State, Govt of Maharashtra",,,,https://en.wikipedia.org/wiki/Third_Fadnavis_ministry,0.75,collected,2026-06-26
296,Ashish Jaiswal,Shri,male,,,"Minister of State, Govt of Maharashtra",,,,https://en.wikipedia.org/wiki/Third_Fadnavis_ministry,0.75,collected,2026-06-26
297,Pankaj Bhoyar,Shri,male,,,"Minister of State, Govt of Maharashtra",,,,https://en.wikipedia.org/wiki/Third_Fadnavis_ministry,0.75,collected,2026-06-26
298,Meghana Bordikar,Smt,female,,,"Minister of State, Govt of Maharashtra",,,,https://en.wikipedia.org/wiki/Third_Fadnavis_ministry,0.75,collected,2026-06-26
299,Indranil Naik,Shri,male,,,"Minister of State, Govt of Maharashtra",,,,https://en.wikipedia.org/wiki/Third_Fadnavis_ministry,0.75,collected,2026-06-26
300,Yogesh Kadam,Shri,male,,,"Minister of State, Govt of Maharashtra",,,,https://en.wikipedia.org/wiki/Third_Fadnavis_ministry,0.75,collected,2026-06-26
301,Prahlad Singh Patel,Shri,male,,,"Minister, Govt of Madhya Pradesh",,,,https://en.wikipedia.org/wiki/Mohan_Yadav_ministry,0.75,collected,2026-06-26
302,Rakesh Singh,Shri,male,,,"Minister, Govt of Madhya Pradesh",,,,https://en.wikipedia.org/wiki/Mohan_Yadav_ministry,0.75,collected,2026-06-26
303,Uday Pratap Singh,Shri,male,,,"Minister, Govt of Madhya Pradesh",,,,https://en.wikipedia.org/wiki/Mohan_Yadav_ministry,0.75,collected,2026-06-26
304,Kailash Vijayvargiya,Shri,male,,,"Minister, Govt of Madhya Pradesh",,,,https://en.wikipedia.org/wiki/Mohan_Yadav_ministry,0.75,collected,2026-06-26
305,Vishvas Sarang,Shri,male,,,"Minister, Govt of Madhya Pradesh",,,,https://en.wikipedia.org/wiki/Mohan_Yadav_ministry,0.75,collected,2026-06-26
306,Pradhuman Singh Tomar,Shri,male,,,"Minister, Govt of Madhya Pradesh",,,,https://en.wikipedia.org/wiki/Mohan_Yadav_ministry,0.75,collected,2026-06-26
307,Tulsi Ram Silawat,Shri,male,,,"Minister, Govt of Madhya Pradesh",,,,https://en.wikipedia.org/wiki/Mohan_Yadav_ministry,0.75,collected,2026-06-26
308,Adal Singh Kansana,Shri,male,,,"Minister, Govt of Madhya Pradesh",,,,https://en.wikipedia.org/wiki/Mohan_Yadav_ministry,0.75,collected,2026-06-26
309,Narayan Singh Kushwah,Shri,male,,,"Minister, Govt of Madhya Pradesh",,,,https://en.wikipedia.org/wiki/Mohan_Yadav_ministry,0.75,collected,2026-06-26
310,Kunwar Vijay Shah,Shri,male,,,"Minister, Govt of Madhya Pradesh",,,,https://en.wikipedia.org/wiki/Mohan_Yadav_ministry,0.75,collected,2026-06-26
311,Karan Singh Verma,Shri,male,,,"Minister, Govt of Madhya Pradesh",,,,https://en.wikipedia.org/wiki/Mohan_Yadav_ministry,0.75,collected,2026-06-26
312,Sampatiya Uikey,Smt,female,,,"Minister, Govt of Madhya Pradesh",,,,https://en.wikipedia.org/wiki/Mohan_Yadav_ministry,0.75,collected,2026-06-26
313,Nirmala Bhuria,Smt,female,,,"Minister, Govt of Madhya Pradesh",,,,https://en.wikipedia.org/wiki/Mohan_Yadav_ministry,0.75,collected,2026-06-26
314,Govind Singh Rajput,Shri,male,,,"Minister, Govt of Madhya Pradesh",,,,https://en.wikipedia.org/wiki/Mohan_Yadav_ministry,0.75,collected,2026-06-26
315,Inder Singh Parmar,Shri,male,,,"Minister, Govt of Madhya Pradesh",,,,https://en.wikipedia.org/wiki/Mohan_Yadav_ministry,0.75,collected,2026-06-26
316,Nagar Singh Chouhan,Shri,male,,,"Minister, Govt of Madhya Pradesh",,,,https://en.wikipedia.org/wiki/Mohan_Yadav_ministry,0.75,collected,2026-06-26
317,Chetanya Kasyap,Shri,male,,,"Minister, Govt of Madhya Pradesh",,,,https://en.wikipedia.org/wiki/Mohan_Yadav_ministry,0.75,collected,2026-06-26
318,Rakesh Shukla,Shri,male,,,"Minister, Govt of Madhya Pradesh",,,,https://en.wikipedia.org/wiki/Mohan_Yadav_ministry,0.75,collected,2026-06-26
319,Krishna Gaur,Smt,female,,,"Minister, Govt of Madhya Pradesh",,,,https://en.wikipedia.org/wiki/Mohan_Yadav_ministry,0.75,collected,2026-06-26
320,Dharmendra Singh Lodhi,Shri,male,,,"Minister, Govt of Madhya Pradesh",,,,https://en.wikipedia.org/wiki/Mohan_Yadav_ministry,0.75,collected,2026-06-26
321,Dilip Jaiswal,Shri,male,,,"Minister, Govt of Madhya Pradesh",,,,https://en.wikipedia.org/wiki/Mohan_Yadav_ministry,0.75,collected,2026-06-26
322,Gautam Tetwal,Shri,male,,,"Minister, Govt of Madhya Pradesh",,,,https://en.wikipedia.org/wiki/Mohan_Yadav_ministry,0.75,collected,2026-06-26
323,Lakhan Patel,Shri,male,,,"Minister, Govt of Madhya Pradesh",,,,https://en.wikipedia.org/wiki/Mohan_Yadav_ministry,0.75,collected,2026-06-26
324,Narayan Singh Panwar,Shri,male,,,"Minister, Govt of Madhya Pradesh",,,,https://en.wikipedia.org/wiki/Mohan_Yadav_ministry,0.75,collected,2026-06-26
325,Kirodi Lal Meena,Shri,male,,,"Minister, Govt of Rajasthan",,,,https://en.wikipedia.org/wiki/Bhajan_Lal_Sharma_ministry,0.75,collected,2026-06-26
326,Gajendra Singh Khimsar,Shri,male,,,"Minister, Govt of Rajasthan",,,,https://en.wikipedia.org/wiki/Bhajan_Lal_Sharma_ministry,0.75,collected,2026-06-26
327,Rajyavardhan Singh Rathore,Shri,male,,,"Minister, Govt of Rajasthan",,,,https://en.wikipedia.org/wiki/Bhajan_Lal_Sharma_ministry,0.75,collected,2026-06-26
328,Babulal Kharadi,Shri,male,,,"Minister, Govt of Rajasthan",,,,https://en.wikipedia.org/wiki/Bhajan_Lal_Sharma_ministry,0.75,collected,2026-06-26
329,Jogaram Patel,Shri,male,,,"Minister, Govt of Rajasthan",,,,https://en.wikipedia.org/wiki/Bhajan_Lal_Sharma_ministry,0.75,collected,2026-06-26
330,Suresh Singh Rawat,Shri,male,,,"Minister, Govt of Rajasthan",,,,https://en.wikipedia.org/wiki/Bhajan_Lal_Sharma_ministry,0.75,collected,2026-06-26
331,Madan Dilawar,Shri,male,,,"Minister, Govt of Rajasthan",,,,https://en.wikipedia.org/wiki/Bhajan_Lal_Sharma_ministry,0.75,collected,2026-06-26
332,Avinash Gehlot,Shri,male,,,"Minister, Govt of Rajasthan",,,,https://en.wikipedia.org/wiki/Bhajan_Lal_Sharma_ministry,0.75,collected,2026-06-26
333,Joraram Kumawat,Shri,male,,,"Minister, Govt of Rajasthan",,,,https://en.wikipedia.org/wiki/Bhajan_Lal_Sharma_ministry,0.75,collected,2026-06-26
334,Hemant Meena,Shri,male,,,"Minister, Govt of Rajasthan",,,,https://en.wikipedia.org/wiki/Bhajan_Lal_Sharma_ministry,0.75,collected,2026-06-26
335,Sumit Godara,Shri,male,,,"Minister, Govt of Rajasthan",,,,https://en.wikipedia.org/wiki/Bhajan_Lal_Sharma_ministry,0.75,collected,2026-06-26
336,Kanhaiya Lal Choudhary,Shri,male,,,"Minister, Govt of Rajasthan",,,,https://en.wikipedia.org/wiki/Bhajan_Lal_Sharma_ministry,0.75,collected,2026-06-26
337,Sanjay Sharma,Shri,male,,,"Minister, Govt of Rajasthan",,,,https://en.wikipedia.org/wiki/Bhajan_Lal_Sharma_ministry,0.75,collected,2026-06-26
338,Gautam Kumar,Shri,male,,,"Minister, Govt of Rajasthan",,,,https://en.wikipedia.org/wiki/Bhajan_Lal_Sharma_ministry,0.75,collected,2026-06-26
339,Jhabar Singh Kharra,Shri,male,,,"Minister, Govt of Rajasthan",,,,https://en.wikipedia.org/wiki/Bhajan_Lal_Sharma_ministry,0.75,collected,2026-06-26
340,Heeralal Nagar,Shri,male,,,"Minister, Govt of Rajasthan",,,,https://en.wikipedia.org/wiki/Bhajan_Lal_Sharma_ministry,0.75,collected,2026-06-26
341,Otaram Dewasi,Shri,male,,,"Minister of State, Govt of Rajasthan",,,,https://en.wikipedia.org/wiki/Bhajan_Lal_Sharma_ministry,0.75,collected,2026-06-26
342,Manju Baghmar,Smt,female,,,"Minister of State, Govt of Rajasthan",,,,https://en.wikipedia.org/wiki/Bhajan_Lal_Sharma_ministry,0.75,collected,2026-06-26
343,Vijay Singh Chaudhary,Shri,male,,,"Minister of State, Govt of Rajasthan",,,,https://en.wikipedia.org/wiki/Bhajan_Lal_Sharma_ministry,0.75,collected,2026-06-26
344,KK Vishnoi,Shri,male,,,"Minister of State, Govt of Rajasthan",,,,https://en.wikipedia.org/wiki/Bhajan_Lal_Sharma_ministry,0.75,collected,2026-06-26
345,Jawahar Singh Bedham,Shri,male,,,"Minister of State, Govt of Rajasthan",,,,https://en.wikipedia.org/wiki/Bhajan_Lal_Sharma_ministry,0.75,collected,2026-06-26
346,Kanubhai Desai,Shri,male,,,"Minister, Govt of Gujarat",,,,https://en.wikipedia.org/wiki/Second_Bhupendrabhai_Patel_ministry,0.75,collected,2026-06-26
347,Rushikesh Patel,Shri,male,,,"Minister, Govt of Gujarat",,,,https://en.wikipedia.org/wiki/Second_Bhupendrabhai_Patel_ministry,0.75,collected,2026-06-26
348,Arjun Modhwadia,Shri,male,,,"Minister, Govt of Gujarat",,,,https://en.wikipedia.org/wiki/Second_Bhupendrabhai_Patel_ministry,0.75,collected,2026-06-26
349,Jitu Vaghani,Shri,male,,,"Minister, Govt of Gujarat",,,,https://en.wikipedia.org/wiki/Second_Bhupendrabhai_Patel_ministry,0.75,collected,2026-06-26
350,Kunwarjibhai Bavaliya,Shri,male,,,"Minister, Govt of Gujarat",,,,https://en.wikipedia.org/wiki/Second_Bhupendrabhai_Patel_ministry,0.75,collected,2026-06-26
351,Naresh Patel,Shri,male,,,"Minister, Govt of Gujarat",,,,https://en.wikipedia.org/wiki/Second_Bhupendrabhai_Patel_ministry,0.75,collected,2026-06-26
352,Ramanbhai Solanki,Shri,male,,,"Minister, Govt of Gujarat",,,,https://en.wikipedia.org/wiki/Second_Bhupendrabhai_Patel_ministry,0.75,collected,2026-06-26
353,Pradyuman Vaja,Shri,male,,,"Minister, Govt of Gujarat",,,,https://en.wikipedia.org/wiki/Second_Bhupendrabhai_Patel_ministry,0.75,collected,2026-06-26
354,Praful Pansheriya,Shri,male,,,"Minister of State, Govt of Gujarat",,,,https://en.wikipedia.org/wiki/Second_Bhupendrabhai_Patel_ministry,0.75,collected,2026-06-26
355,Ishwarsinh Patel,Shri,male,,,"Minister of State, Govt of Gujarat",,,,https://en.wikipedia.org/wiki/Second_Bhupendrabhai_Patel_ministry,0.75,collected,2026-06-26
356,Manisha Vakil,Smt,female,,,"Minister of State, Govt of Gujarat",,,,https://en.wikipedia.org/wiki/Second_Bhupendrabhai_Patel_ministry,0.75,collected,2026-06-26
357,Trikam Changa Ahir,Shri,male,,,"Minister of State, Govt of Gujarat",,,,https://en.wikipedia.org/wiki/Second_Bhupendrabhai_Patel_ministry,0.75,collected,2026-06-26
358,Kamleshbhai Patel,Shri,male,,,"Minister of State, Govt of Gujarat",,,,https://en.wikipedia.org/wiki/Second_Bhupendrabhai_Patel_ministry,0.75,collected,2026-06-26
359,Jayram Gamit,Shri,male,,,"Minister of State, Govt of Gujarat",,,,https://en.wikipedia.org/wiki/Second_Bhupendrabhai_Patel_ministry,0.75,collected,2026-06-26
360,Swarupji Thakor,Shri,male,,,"Minister of State, Govt of Gujarat",,,,https://en.wikipedia.org/wiki/Second_Bhupendrabhai_Patel_ministry,0.75,collected,2026-06-26
361,Parshottambhai Solanki,Shri,male,,,"Minister of State, Govt of Gujarat",,,,https://en.wikipedia.org/wiki/Second_Bhupendrabhai_Patel_ministry,0.75,collected,2026-06-26
362,Ramesh Katara,Shri,male,,,"Minister of State, Govt of Gujarat",,,,https://en.wikipedia.org/wiki/Second_Bhupendrabhai_Patel_ministry,0.75,collected,2026-06-26
363,Sanjaysinh Mahida,Shri,male,,,"Minister of State, Govt of Gujarat",,,,https://en.wikipedia.org/wiki/Second_Bhupendrabhai_Patel_ministry,0.75,collected,2026-06-26
364,Pravinkumar Gordhanji Mali,Shri,male,,,"Minister of State, Govt of Gujarat",,,,https://en.wikipedia.org/wiki/Second_Bhupendrabhai_Patel_ministry,0.75,collected,2026-06-26
365,Kaushik Kantibhai Vekariya,Shri,male,,,"Minister of State, Govt of Gujarat",,,,https://en.wikipedia.org/wiki/Second_Bhupendrabhai_Patel_ministry,0.75,collected,2026-06-26
366,Rivaba Jadeja,Smt,female,,,"Minister of State, Govt of Gujarat",,,,https://en.wikipedia.org/wiki/Second_Bhupendrabhai_Patel_ministry,0.75,collected,2026-06-26
367,Punamchand Baranda,Shri,male,,,"Minister of State, Govt of Gujarat",,,,https://en.wikipedia.org/wiki/Second_Bhupendrabhai_Patel_ministry,0.75,collected,2026-06-26
368,Kantilal Amrutiya,Shri,male,,,"Minister of State, Govt of Gujarat",,,,https://en.wikipedia.org/wiki/Second_Bhupendrabhai_Patel_ministry,0.75,collected,2026-06-26
369,Darshna Vaghela,Smt,female,,,"Minister of State, Govt of Gujarat",,,,https://en.wikipedia.org/wiki/Second_Bhupendrabhai_Patel_ministry,0.75,collected,2026-06-26
370,G. Parameshwara,Shri,male,,,"Minister, Govt of Karnataka",,,,https://en.wikipedia.org/wiki/Second_Siddaramaiah_ministry,0.75,collected,2026-06-26
371,H. K. Patil,Shri,male,,,"Minister, Govt of Karnataka",,,,https://en.wikipedia.org/wiki/Second_Siddaramaiah_ministry,0.75,collected,2026-06-26
372,K. H. Muniyappa,Shri,male,,,"Minister, Govt of Karnataka",,,,https://en.wikipedia.org/wiki/Second_Siddaramaiah_ministry,0.75,collected,2026-06-26
373,K. J. George,Shri,male,,,"Minister, Govt of Karnataka",,,,https://en.wikipedia.org/wiki/Second_Siddaramaiah_ministry,0.75,collected,2026-06-26
374,M. B. Patil,Shri,male,,,"Minister, Govt of Karnataka",,,,https://en.wikipedia.org/wiki/Second_Siddaramaiah_ministry,0.75,collected,2026-06-26
375,Ramalinga Reddy,Shri,male,,,"Minister, Govt of Karnataka",,,,https://en.wikipedia.org/wiki/Second_Siddaramaiah_ministry,0.75,collected,2026-06-26
376,Satish Jarkiholi,Shri,male,,,"Minister, Govt of Karnataka",,,,https://en.wikipedia.org/wiki/Second_Siddaramaiah_ministry,0.75,collected,2026-06-26
377,Priyank Kharge,Shri,male,,,"Minister, Govt of Karnataka",,,,https://en.wikipedia.org/wiki/Second_Siddaramaiah_ministry,0.75,collected,2026-06-26
378,B. Z. Zameer Ahmed Khan,Shri,male,,,"Minister, Govt of Karnataka",,,,https://en.wikipedia.org/wiki/Second_Siddaramaiah_ministry,0.75,collected,2026-06-26
379,Krishna Byre Gowda,Shri,male,,,"Minister, Govt of Karnataka",,,,https://en.wikipedia.org/wiki/Second_Siddaramaiah_ministry,0.75,collected,2026-06-26
380,Dinesh Gundu Rao,Shri,male,,,"Minister, Govt of Karnataka",,,,https://en.wikipedia.org/wiki/Second_Siddaramaiah_ministry,0.75,collected,2026-06-26
381,N. Chaluvaraya Swamy,Shri,male,,,"Minister, Govt of Karnataka",,,,https://en.wikipedia.org/wiki/Second_Siddaramaiah_ministry,0.75,collected,2026-06-26
382,K. Venkatesh,Shri,male,,,"Minister, Govt of Karnataka",,,,https://en.wikipedia.org/wiki/Second_Siddaramaiah_ministry,0.75,collected,2026-06-26
383,H. C. Mahadevappa,Shri,male,,,"Minister, Govt of Karnataka",,,,https://en.wikipedia.org/wiki/Second_Siddaramaiah_ministry,0.75,collected,2026-06-26
384,Eshwara Khandre,Shri,male,,,"Minister, Govt of Karnataka",,,,https://en.wikipedia.org/wiki/Second_Siddaramaiah_ministry,0.75,collected,2026-06-26
385,Sharanabasappa Darshanapur,Shri,male,,,"Minister, Govt of Karnataka",,,,https://en.wikipedia.org/wiki/Second_Siddaramaiah_ministry,0.75,collected,2026-06-26
386,Shivanand Patil,Shri,male,,,"Minister, Govt of Karnataka",,,,https://en.wikipedia.org/wiki/Second_Siddaramaiah_ministry,0.75,collected,2026-06-26
387,R. B. Timmapur,Shri,male,,,"Minister, Govt of Karnataka",,,,https://en.wikipedia.org/wiki/Second_Siddaramaiah_ministry,0.75,collected,2026-06-26
388,S. S. Mallikarjun,Shri,male,,,"Minister, Govt of Karnataka",,,,https://en.wikipedia.org/wiki/Second_Siddaramaiah_ministry,0.75,collected,2026-06-26
389,Shivaraj Tangadagi,Shri,male,,,"Minister, Govt of Karnataka",,,,https://en.wikipedia.org/wiki/Second_Siddaramaiah_ministry,0.75,collected,2026-06-26
390,Sharan Prakash Patil,Shri,male,,,"Minister, Govt of Karnataka",,,,https://en.wikipedia.org/wiki/Second_Siddaramaiah_ministry,0.75,collected,2026-06-26
391,M. S. Vaidya,Shri,male,,,"Minister, Govt of Karnataka",,,,https://en.wikipedia.org/wiki/Second_Siddaramaiah_ministry,0.75,collected,2026-06-26
392,Lakshmi Hebbalkar,Smt,female,,,"Minister, Govt of Karnataka",,,,https://en.wikipedia.org/wiki/Second_Siddaramaiah_ministry,0.75,collected,2026-06-26
393,Rahim Khan,Shri,male,,,"Minister, Govt of Karnataka",,,,https://en.wikipedia.org/wiki/Second_Siddaramaiah_ministry,0.75,collected,2026-06-26
394,D. Sudhakar,Shri,male,,,"Minister, Govt of Karnataka",,,,https://en.wikipedia.org/wiki/Second_Siddaramaiah_ministry,0.75,collected,2026-06-26
395,Santosh Lad,Shri,male,,,"Minister, Govt of Karnataka",,,,https://en.wikipedia.org/wiki/Second_Siddaramaiah_ministry,0.75,collected,2026-06-26
396,N. S. Boseraju,Shri,male,,,"Minister, Govt of Karnataka",,,,https://en.wikipedia.org/wiki/Second_Siddaramaiah_ministry,0.75,collected,2026-06-26
397,Byrathi Suresh,Shri,male,,,"Minister, Govt of Karnataka",,,,https://en.wikipedia.org/wiki/Second_Siddaramaiah_ministry,0.75,collected,2026-06-26
398,Madhu Bangarappa,Shri,male,,,"Minister, Govt of Karnataka",,,,https://en.wikipedia.org/wiki/Second_Siddaramaiah_ministry,0.75,collected,2026-06-26
399,M. C. Sudhakar,Shri,male,,,"Minister, Govt of Karnataka",,,,https://en.wikipedia.org/wiki/Second_Siddaramaiah_ministry,0.75,collected,2026-06-26
400,Shrawan Kumar,Shri,male,,,"Minister, Govt of Bihar",,,,https://en.wikipedia.org/wiki/Choudhary_ministry,0.75,collected,2026-06-26
401,Vijay Kumar Sinha,Shri,male,,,"Minister, Govt of Bihar",,,,https://en.wikipedia.org/wiki/Choudhary_ministry,0.75,collected,2026-06-26
402,Dilip Jaiswal,Shri,male,,,"Minister, Govt of Bihar",,,,https://en.wikipedia.org/wiki/Choudhary_ministry,0.75,collected,2026-06-26
403,Nishant Kumar,Shri,male,,,"Minister, Govt of Bihar",,,,https://en.wikipedia.org/wiki/Choudhary_ministry,0.75,collected,2026-06-26
404,Leshi Singh,Smt,female,,,"Minister, Govt of Bihar",,,,https://en.wikipedia.org/wiki/Choudhary_ministry,0.75,collected,2026-06-26
405,Ram Kripal Yadav,Shri,male,,,"Minister, Govt of Bihar",,,,https://en.wikipedia.org/wiki/Choudhary_ministry,0.75,collected,2026-06-26
406,Nitish Mishra,Shri,male,,,"Minister, Govt of Bihar",,,,https://en.wikipedia.org/wiki/Choudhary_ministry,0.75,collected,2026-06-26
407,Damodar Rawat,Shri,male,,,"Minister, Govt of Bihar",,,,https://en.wikipedia.org/wiki/Choudhary_ministry,0.75,collected,2026-06-26
408,Sanjay Singh Tiger,Shri,male,,,"Minister, Govt of Bihar",,,,https://en.wikipedia.org/wiki/Choudhary_ministry,0.75,collected,2026-06-26
409,Ashok Choudhary,Shri,male,,,"Minister, Govt of Bihar",,,,https://en.wikipedia.org/wiki/Choudhary_ministry,0.75,collected,2026-06-26
410,Bhagwan Singh Kushwaha,Shri,male,,,"Minister, Govt of Bihar",,,,https://en.wikipedia.org/wiki/Choudhary_ministry,0.75,collected,2026-06-26
411,Arun Shankar Prasad,Shri,male,,,"Minister, Govt of Bihar",,,,https://en.wikipedia.org/wiki/Choudhary_ministry,0.75,collected,2026-06-26
412,Madan Sahni,Shri,male,,,"Minister, Govt of Bihar",,,,https://en.wikipedia.org/wiki/Choudhary_ministry,0.75,collected,2026-06-26
413,Santosh Kumar Suman,Shri,male,,,"Minister, Govt of Bihar",,,,https://en.wikipedia.org/wiki/Choudhary_ministry,0.75,collected,2026-06-26
414,Rama Nishad,Smt,female,,,"Minister, Govt of Bihar",,,,https://en.wikipedia.org/wiki/Choudhary_ministry,0.75,collected,2026-06-26
415,Ratnesh Sada,Shri,male,,,"Minister, Govt of Bihar",,,,https://en.wikipedia.org/wiki/Choudhary_ministry,0.75,collected,2026-06-26
416,Kumar Shailendra,Shri,male,,,"Minister, Govt of Bihar",,,,https://en.wikipedia.org/wiki/Choudhary_ministry,0.75,collected,2026-06-26
417,Sheela Mandal,Smt,female,,,"Minister, Govt of Bihar",,,,https://en.wikipedia.org/wiki/Choudhary_ministry,0.75,collected,2026-06-26
418,Kedar Prasad Gupta,Shri,male,,,"Minister, Govt of Bihar",,,,https://en.wikipedia.org/wiki/Choudhary_ministry,0.75,collected,2026-06-26
419,Lakhendra Raushan,Shri,male,,,"Minister, Govt of Bihar",,,,https://en.wikipedia.org/wiki/Choudhary_ministry,0.75,collected,2026-06-26
420,Sunil Kumar,Shri,male,,,"Minister, Govt of Bihar",,,,https://en.wikipedia.org/wiki/Choudhary_ministry,0.75,collected,2026-06-26
421,Shreyashi Singh,Smt,female,,,"Minister, Govt of Bihar",,,,https://en.wikipedia.org/wiki/Choudhary_ministry,0.75,collected,2026-06-26
422,Mohd Zama Khan,Shri,male,,,"Minister, Govt of Bihar",,,,https://en.wikipedia.org/wiki/Choudhary_ministry,0.75,collected,2026-06-26
423,Nand Kishor Ram,Shri,male,,,"Minister, Govt of Bihar",,,,https://en.wikipedia.org/wiki/Choudhary_ministry,0.75,collected,2026-06-26
424,Shailesh Kumar Mandal,Shri,male,,,"Minister, Govt of Bihar",,,,https://en.wikipedia.org/wiki/Choudhary_ministry,0.75,collected,2026-06-26
425,Pramod Kumar Chandravanshi,Shri,male,,,"Minister, Govt of Bihar",,,,https://en.wikipedia.org/wiki/Choudhary_ministry,0.75,collected,2026-06-26
426,Shweta Gupta,Smt,female,,,"Minister, Govt of Bihar",,,,https://en.wikipedia.org/wiki/Choudhary_ministry,0.75,collected,2026-06-26
427,Mithlesh Tiwari,Shri,male,,,"Minister, Govt of Bihar",,,,https://en.wikipedia.org/wiki/Choudhary_ministry,0.75,collected,2026-06-26
428,Ramchandra Prasad,Shri,male,,,"Minister, Govt of Bihar",,,,https://en.wikipedia.org/wiki/Choudhary_ministry,0.75,collected,2026-06-26
429,Sanjay Kumar Singh,Shri,male,,,"Minister, Govt of Bihar",,,,https://en.wikipedia.org/wiki/Choudhary_ministry,0.75,collected,2026-06-26
430,Sanjay Kumar Paswan,Shri,male,,,"Minister, Govt of Bihar",,,,https://en.wikipedia.org/wiki/Choudhary_ministry,0.75,collected,2026-06-26
431,Deepak Prakash,Shri,male,,,"Minister, Govt of Bihar",,,,https://en.wikipedia.org/wiki/Choudhary_ministry,0.75,collected,2026-06-26
432,Durai Murugan,Shri,male,,,"Minister, Govt of Tamil Nadu",,,,https://en.wikipedia.org/wiki/M._K._Stalin_ministry,0.75,collected,2026-06-26
433,K. N. Nehru,Shri,male,,,"Minister, Govt of Tamil Nadu",,,,https://en.wikipedia.org/wiki/M._K._Stalin_ministry,0.75,collected,2026-06-26
434,I. Periyasamy,Shri,male,,,"Minister, Govt of Tamil Nadu",,,,https://en.wikipedia.org/wiki/M._K._Stalin_ministry,0.75,collected,2026-06-26
435,E. V. Velu,Shri,male,,,"Minister, Govt of Tamil Nadu",,,,https://en.wikipedia.org/wiki/M._K._Stalin_ministry,0.75,collected,2026-06-26
436,M. R. K. Panneerselvam,Shri,male,,,"Minister, Govt of Tamil Nadu",,,,https://en.wikipedia.org/wiki/M._K._Stalin_ministry,0.75,collected,2026-06-26
437,K. K. S. S. R. Ramachandran,Shri,male,,,"Minister, Govt of Tamil Nadu",,,,https://en.wikipedia.org/wiki/M._K._Stalin_ministry,0.75,collected,2026-06-26
438,Thangam Thennarasu,Shri,male,,,"Minister, Govt of Tamil Nadu",,,,https://en.wikipedia.org/wiki/M._K._Stalin_ministry,0.75,collected,2026-06-26
439,S. Regupathy,Shri,male,,,"Minister, Govt of Tamil Nadu",,,,https://en.wikipedia.org/wiki/M._K._Stalin_ministry,0.75,collected,2026-06-26
440,S. Muthusamy,Shri,male,,,"Minister, Govt of Tamil Nadu",,,,https://en.wikipedia.org/wiki/M._K._Stalin_ministry,0.75,collected,2026-06-26
441,K. R. Periyakaruppan,Shri,male,,,"Minister, Govt of Tamil Nadu",,,,https://en.wikipedia.org/wiki/M._K._Stalin_ministry,0.75,collected,2026-06-26
442,T. M. Anbarasan,Shri,male,,,"Minister, Govt of Tamil Nadu",,,,https://en.wikipedia.org/wiki/M._K._Stalin_ministry,0.75,collected,2026-06-26
443,M. P. Saminathan,Shri,male,,,"Minister, Govt of Tamil Nadu",,,,https://en.wikipedia.org/wiki/M._K._Stalin_ministry,0.75,collected,2026-06-26
444,P. Geetha Jeevan,Smt,female,,,"Minister, Govt of Tamil Nadu",,,,https://en.wikipedia.org/wiki/M._K._Stalin_ministry,0.75,collected,2026-06-26
445,Anitha R. Radhakrishnan,Smt,female,,,"Minister, Govt of Tamil Nadu",,,,https://en.wikipedia.org/wiki/M._K._Stalin_ministry,0.75,collected,2026-06-26
446,Raja Kannappan,Shri,male,,,"Minister, Govt of Tamil Nadu",,,,https://en.wikipedia.org/wiki/M._K._Stalin_ministry,0.75,collected,2026-06-26
447,R. Rajendran,Shri,male,,,"Minister, Govt of Tamil Nadu",,,,https://en.wikipedia.org/wiki/M._K._Stalin_ministry,0.75,collected,2026-06-26
448,R. Sakkarapani,Shri,male,,,"Minister, Govt of Tamil Nadu",,,,https://en.wikipedia.org/wiki/M._K._Stalin_ministry,0.75,collected,2026-06-26
449,R. Gandhi,Shri,male,,,"Minister, Govt of Tamil Nadu",,,,https://en.wikipedia.org/wiki/M._K._Stalin_ministry,0.75,collected,2026-06-26
450,Ma. Subramanian,Shri,male,,,"Minister, Govt of Tamil Nadu",,,,https://en.wikipedia.org/wiki/M._K._Stalin_ministry,0.75,collected,2026-06-26
451,P. Moorthy,Shri,male,,,"Minister, Govt of Tamil Nadu",,,,https://en.wikipedia.org/wiki/M._K._Stalin_ministry,0.75,collected,2026-06-26
452,S. S. Sivasankar,Shri,male,,,"Minister, Govt of Tamil Nadu",,,,https://en.wikipedia.org/wiki/M._K._Stalin_ministry,0.75,collected,2026-06-26
453,P. K. Sekar Babu,Shri,male,,,"Minister, Govt of Tamil Nadu",,,,https://en.wikipedia.org/wiki/M._K._Stalin_ministry,0.75,collected,2026-06-26
454,Govi. Chezhian,Shri,male,,,"Minister, Govt of Tamil Nadu",,,,https://en.wikipedia.org/wiki/M._K._Stalin_ministry,0.75,collected,2026-06-26
455,Palanivel Thiagarajan,Shri,male,,,"Minister, Govt of Tamil Nadu",,,,https://en.wikipedia.org/wiki/M._K._Stalin_ministry,0.75,collected,2026-06-26
456,S. M. Nasar,Shri,male,,,"Minister, Govt of Tamil Nadu",,,,https://en.wikipedia.org/wiki/M._K._Stalin_ministry,0.75,collected,2026-06-26
457,Anbil Mahesh Poyyamozhi,Shri,male,,,"Minister, Govt of Tamil Nadu",,,,https://en.wikipedia.org/wiki/M._K._Stalin_ministry,0.75,collected,2026-06-26
458,Siva V. Meyyanathan,Shri,male,,,"Minister, Govt of Tamil Nadu",,,,https://en.wikipedia.org/wiki/M._K._Stalin_ministry,0.75,collected,2026-06-26
459,C. V. Ganesan,Shri,male,,,"Minister, Govt of Tamil Nadu",,,,https://en.wikipedia.org/wiki/M._K._Stalin_ministry,0.75,collected,2026-06-26
460,Mano Thangaraj,Shri,male,,,"Minister, Govt of Tamil Nadu",,,,https://en.wikipedia.org/wiki/M._K._Stalin_ministry,0.75,collected,2026-06-26
461,T.R.B. Rajaa,Shri,male,,,"Minister, Govt of Tamil Nadu",,,,https://en.wikipedia.org/wiki/M._K._Stalin_ministry,0.75,collected,2026-06-26
462,M. Mathiventhan,Shri,male,,,"Minister, Govt of Tamil Nadu",,,,https://en.wikipedia.org/wiki/M._K._Stalin_ministry,0.75,collected,2026-06-26
463,N. Kayalvizhi,Smt,female,,,"Minister, Govt of Tamil Nadu",,,,https://en.wikipedia.org/wiki/M._K._Stalin_ministry,0.75,collected,2026-06-26
464,K. Ponmudy,Shri,male,,,"Minister, Govt of Tamil Nadu",,,,https://en.wikipedia.org/wiki/M._K._Stalin_ministry,0.75,collected,2026-06-26
465,Satya Kumar Yadav,Shri,male,,,"Minister, Govt of Andhra Pradesh",,,,https://en.wikipedia.org/wiki/Fourth_N._Chandrababu_Naidu_ministry,0.75,collected,2026-06-26
466,Kinjarapu Atchannaidu,Shri,male,,,"Minister, Govt of Andhra Pradesh",,,,https://en.wikipedia.org/wiki/Fourth_N._Chandrababu_Naidu_ministry,0.75,collected,2026-06-26
467,Kollu Ravindra,Shri,male,,,"Minister, Govt of Andhra Pradesh",,,,https://en.wikipedia.org/wiki/Fourth_N._Chandrababu_Naidu_ministry,0.75,collected,2026-06-26
468,Nadendla Manohar,Shri,male,,,"Minister, Govt of Andhra Pradesh",,,,https://en.wikipedia.org/wiki/Fourth_N._Chandrababu_Naidu_ministry,0.75,collected,2026-06-26
469,Ponguru Narayana,Shri,male,,,"Minister, Govt of Andhra Pradesh",,,,https://en.wikipedia.org/wiki/Fourth_N._Chandrababu_Naidu_ministry,0.75,collected,2026-06-26
470,Vangalapudi Anitha,Smt,female,,,"Minister, Govt of Andhra Pradesh",,,,https://en.wikipedia.org/wiki/Fourth_N._Chandrababu_Naidu_ministry,0.75,collected,2026-06-26
471,Nara Lokesh,Shri,male,,,"Minister, Govt of Andhra Pradesh",,,,https://en.wikipedia.org/wiki/Fourth_N._Chandrababu_Naidu_ministry,0.75,collected,2026-06-26
472,Nimmala Rama Naidu,Shri,male,,,"Minister, Govt of Andhra Pradesh",,,,https://en.wikipedia.org/wiki/Fourth_N._Chandrababu_Naidu_ministry,0.75,collected,2026-06-26
473,Nasyam Mohammed Farooq,Shri,male,,,"Minister, Govt of Andhra Pradesh",,,,https://en.wikipedia.org/wiki/Fourth_N._Chandrababu_Naidu_ministry,0.75,collected,2026-06-26
474,Anam Ramanarayana Reddy,Shri,male,,,"Minister, Govt of Andhra Pradesh",,,,https://en.wikipedia.org/wiki/Fourth_N._Chandrababu_Naidu_ministry,0.75,collected,2026-06-26
475,Payyavula Keshav,Shri,male,,,"Minister, Govt of Andhra Pradesh",,,,https://en.wikipedia.org/wiki/Fourth_N._Chandrababu_Naidu_ministry,0.75,collected,2026-06-26
476,Anagani Satya Prasad,Shri,male,,,"Minister, Govt of Andhra Pradesh",,,,https://en.wikipedia.org/wiki/Fourth_N._Chandrababu_Naidu_ministry,0.75,collected,2026-06-26
477,Kolusu Parthasarathy,Shri,male,,,"Minister, Govt of Andhra Pradesh",,,,https://en.wikipedia.org/wiki/Fourth_N._Chandrababu_Naidu_ministry,0.75,collected,2026-06-26
478,Dola Sree Bala Veeranjaneya Swamy,Shri,male,,,"Minister, Govt of Andhra Pradesh",,,,https://en.wikipedia.org/wiki/Fourth_N._Chandrababu_Naidu_ministry,0.75,collected,2026-06-26
479,Gottipati Ravi Kumar,Shri,male,,,"Minister, Govt of Andhra Pradesh",,,,https://en.wikipedia.org/wiki/Fourth_N._Chandrababu_Naidu_ministry,0.75,collected,2026-06-26
480,Kandula Durgesh,Shri,male,,,"Minister, Govt of Andhra Pradesh",,,,https://en.wikipedia.org/wiki/Fourth_N._Chandrababu_Naidu_ministry,0.75,collected,2026-06-26
481,Gummadi Sandhya Rani,Smt,female,,,"Minister, Govt of Andhra Pradesh",,,,https://en.wikipedia.org/wiki/Fourth_N._Chandrababu_Naidu_ministry,0.75,collected,2026-06-26
482,B. C. Janardhan Reddy,Shri,male,,,"Minister, Govt of Andhra Pradesh",,,,https://en.wikipedia.org/wiki/Fourth_N._Chandrababu_Naidu_ministry,0.75,collected,2026-06-26
483,T. G. Bharath,Shri,male,,,"Minister, Govt of Andhra Pradesh",,,,https://en.wikipedia.org/wiki/Fourth_N._Chandrababu_Naidu_ministry,0.75,collected,2026-06-26
484,S. Savitha,Smt,female,,,"Minister, Govt of Andhra Pradesh",,,,https://en.wikipedia.org/wiki/Fourth_N._Chandrababu_Naidu_ministry,0.75,collected,2026-06-26
485,Vasamsetti Subhash,Shri,male,,,"Minister, Govt of Andhra Pradesh",,,,https://en.wikipedia.org/wiki/Fourth_N._Chandrababu_Naidu_ministry,0.75,collected,2026-06-26
486,Kondapalli Srinivas,Shri,male,,,"Minister, Govt of Andhra Pradesh",,,,https://en.wikipedia.org/wiki/Fourth_N._Chandrababu_Naidu_ministry,0.75,collected,2026-06-26
487,Mandipalli Ramprasad Reddy,Shri,male,,,"Minister, Govt of Andhra Pradesh",,,,https://en.wikipedia.org/wiki/Fourth_N._Chandrababu_Naidu_ministry,0.75,collected,2026-06-26
488,Nalamada Uttam Kumar Reddy,Shri,male,,,"Minister, Govt of Telangana",,,,https://en.wikipedia.org/wiki/Revanth_Reddy_ministry,0.75,collected,2026-06-26
489,Ponnam Prabhakar,Shri,male,,,"Minister, Govt of Telangana",,,,https://en.wikipedia.org/wiki/Revanth_Reddy_ministry,0.75,collected,2026-06-26
490,Komatireddy Venkat Reddy,Shri,male,,,"Minister, Govt of Telangana",,,,https://en.wikipedia.org/wiki/Revanth_Reddy_ministry,0.75,collected,2026-06-26
491,Konda Surekha,Smt,female,,,"Minister, Govt of Telangana",,,,https://en.wikipedia.org/wiki/Revanth_Reddy_ministry,0.75,collected,2026-06-26
492,Dansari Anasuya Seethakka,Smt,female,,,"Minister, Govt of Telangana",,,,https://en.wikipedia.org/wiki/Revanth_Reddy_ministry,0.75,collected,2026-06-26
493,Duddilla Sridhar Babu,Shri,male,,,"Minister, Govt of Telangana",,,,https://en.wikipedia.org/wiki/Revanth_Reddy_ministry,0.75,collected,2026-06-26
494,Ponguleti Srinivasa Reddy,Shri,male,,,"Minister, Govt of Telangana",,,,https://en.wikipedia.org/wiki/Revanth_Reddy_ministry,0.75,collected,2026-06-26
495,Thummala Nageswara Rao,Shri,male,,,"Minister, Govt of Telangana",,,,https://en.wikipedia.org/wiki/Revanth_Reddy_ministry,0.75,collected,2026-06-26
496,Cilarapu Damodar Raja Narasimha,Shri,male,,,"Minister, Govt of Telangana",,,,https://en.wikipedia.org/wiki/Revanth_Reddy_ministry,0.75,collected,2026-06-26
497,Jupally Krishna Rao,Shri,male,,,"Minister, Govt of Telangana",,,,https://en.wikipedia.org/wiki/Revanth_Reddy_ministry,0.75,collected,2026-06-26
498,Gaddam Vivekanand,Shri,male,,,"Minister, Govt of Telangana",,,,https://en.wikipedia.org/wiki/Revanth_Reddy_ministry,0.75,collected,2026-06-26
499,Adluri Laxman Kumar,Shri,male,,,"Minister, Govt of Telangana",,,,https://en.wikipedia.org/wiki/Revanth_Reddy_ministry,0.75,collected,2026-06-26
500,Vakiti Srihari,Shri,male,,,"Minister, Govt of Telangana",,,,https://en.wikipedia.org/wiki/Revanth_Reddy_ministry,0.75,collected,2026-06-26
501,Mohammad Azharuddin,Shri,male,,,"Minister, Govt of Telangana",,,,https://en.wikipedia.org/wiki/Revanth_Reddy_ministry,0.75,collected,2026-06-26
502,Suvendu Adhikari,Shri,male,BJP,,Chief Minister of West Bengal (first BJP CM); sworn in 9 May 2026,,,,https://en.wikipedia.org/wiki/Suvendu_Adhikari_ministry,0.85,verified,2026-06-26
503,Dilip Ghosh,Shri,male,BJP,,"Minister, Govt of West Bengal",,,,https://en.wikipedia.org/wiki/Suvendu_Adhikari_ministry,0.80,collected,2026-06-26
504,Agnimitra Paul,Smt,female,BJP,,"Minister, Govt of West Bengal",,,,https://en.wikipedia.org/wiki/Suvendu_Adhikari_ministry,0.80,collected,2026-06-26
505,Ashok Kirtania,Shri,male,BJP,,"Minister, Govt of West Bengal",,,,https://en.wikipedia.org/wiki/Suvendu_Adhikari_ministry,0.80,collected,2026-06-26
506,Kshudiram Tudu,Shri,male,BJP,,"Minister, Govt of West Bengal",,,,https://en.wikipedia.org/wiki/Suvendu_Adhikari_ministry,0.80,collected,2026-06-26
507,Nisith Pramanik,Shri,male,BJP,,"Minister, Govt of West Bengal",,,,https://en.wikipedia.org/wiki/Suvendu_Adhikari_ministry,0.80,collected,2026-06-26
508,Tapas Roy,Shri,male,BJP,,"Minister, Govt of West Bengal",,,,https://en.wikipedia.org/wiki/Suvendu_Adhikari_ministry,0.80,collected,2026-06-26
509,Swapan Dasgupta,Shri,male,BJP,,"Minister, Govt of West Bengal",,,,https://en.wikipedia.org/wiki/Suvendu_Adhikari_ministry,0.80,collected,2026-06-26
510,Shankar Ghosh,Shri,male,BJP,,"Minister, Govt of West Bengal",,,,https://en.wikipedia.org/wiki/Suvendu_Adhikari_ministry,0.80,collected,2026-06-26
511,Gouri Shankar Ghosh,Shri,male,BJP,,"Minister, Govt of West Bengal",,,,https://en.wikipedia.org/wiki/Suvendu_Adhikari_ministry,0.80,collected,2026-06-26
512,Dipak Barman,Shri,male,BJP,,"Minister, Govt of West Bengal",,,,https://en.wikipedia.org/wiki/Suvendu_Adhikari_ministry,0.80,collected,2026-06-26
513,Manoj Kumar Oraon,Shri,male,BJP,,"Minister, Govt of West Bengal",,,,https://en.wikipedia.org/wiki/Suvendu_Adhikari_ministry,0.80,collected,2026-06-26
514,Jagannath Chattopadhyay,Shri,male,BJP,,"Minister, Govt of West Bengal",,,,https://en.wikipedia.org/wiki/Suvendu_Adhikari_ministry,0.80,collected,2026-06-26
515,Dudh Kumar Mondal,Shri,male,BJP,,"Minister, Govt of West Bengal",,,,https://en.wikipedia.org/wiki/Suvendu_Adhikari_ministry,0.80,collected,2026-06-26
516,Saradwat Mukhopadhyay,Shri,male,BJP,,"Minister, Govt of West Bengal",,,,https://en.wikipedia.org/wiki/Suvendu_Adhikari_ministry,0.80,collected,2026-06-26
517,Arup Kumar Das,Shri,male,BJP,,"Minister, Govt of West Bengal",,,,https://en.wikipedia.org/wiki/Suvendu_Adhikari_ministry,0.80,collected,2026-06-26
518,Ajay Kumar Poddar,Shri,male,BJP,,"Minister, Govt of West Bengal",,,,https://en.wikipedia.org/wiki/Suvendu_Adhikari_ministry,0.80,collected,2026-06-26
519,Kalyan Chakraborty,Shri,male,BJP,,"Minister, Govt of West Bengal",,,,https://en.wikipedia.org/wiki/Suvendu_Adhikari_ministry,0.80,collected,2026-06-26
520,Arjun Singh,Shri,male,BJP,,"Minister, Govt of West Bengal",,,,https://en.wikipedia.org/wiki/Suvendu_Adhikari_ministry,0.80,collected,2026-06-26
521,Malati Rava Roy,Smt,female,BJP,,"Minister of State, Govt of West Bengal",,,,https://en.wikipedia.org/wiki/Suvendu_Adhikari_ministry,0.80,collected,2026-06-26
522,Indranil Khan,Shri,male,BJP,,"Minister of State, Govt of West Bengal",,,,https://en.wikipedia.org/wiki/Suvendu_Adhikari_ministry,0.80,collected,2026-06-26
523,Rajesh Mahata,Shri,male,BJP,,"Minister of State, Govt of West Bengal",,,,https://en.wikipedia.org/wiki/Suvendu_Adhikari_ministry,0.80,collected,2026-06-26
524,Ashok Dinda,Shri,male,BJP,,"Minister of State, Govt of West Bengal",,,,https://en.wikipedia.org/wiki/Suvendu_Adhikari_ministry,0.80,collected,2026-06-26
525,Umesh Rai,Shri,male,BJP,,"Minister of State, Govt of West Bengal",,,,https://en.wikipedia.org/wiki/Suvendu_Adhikari_ministry,0.80,collected,2026-06-26
526,Koushik Chowdhury,Shri,male,BJP,,"Minister of State, Govt of West Bengal",,,,https://en.wikipedia.org/wiki/Suvendu_Adhikari_ministry,0.80,collected,2026-06-26
527,Kalita Maji,Smt,female,BJP,,"Minister of State, Govt of West Bengal",,,,https://en.wikipedia.org/wiki/Suvendu_Adhikari_ministry,0.80,collected,2026-06-26
528,Moumita Biswas Mishra,Smt,female,BJP,,"Minister of State, Govt of West Bengal",,,,https://en.wikipedia.org/wiki/Suvendu_Adhikari_ministry,0.80,collected,2026-06-26
529,Gargi Das Ghosh,Smt,female,BJP,,"Minister of State, Govt of West Bengal",,,,https://en.wikipedia.org/wiki/Suvendu_Adhikari_ministry,0.80,collected,2026-06-26
530,Dipankar Jana,Shri,male,BJP,,"Minister of State, Govt of West Bengal",,,,https://en.wikipedia.org/wiki/Suvendu_Adhikari_ministry,0.80,collected,2026-06-26
531,Purnima Chakraborty,Smt,female,BJP,,"Minister of State, Govt of West Bengal",,,,https://en.wikipedia.org/wiki/Suvendu_Adhikari_ministry,0.80,collected,2026-06-26
532,Bishal Lama,Shri,male,BJP,,"Minister of State, Govt of West Bengal",,,,https://en.wikipedia.org/wiki/Suvendu_Adhikari_ministry,0.80,collected,2026-06-26
533,Hare Krishna Bera,Shri,male,BJP,,"Minister of State, Govt of West Bengal",,,,https://en.wikipedia.org/wiki/Suvendu_Adhikari_ministry,0.80,collected,2026-06-26
534,Anandamoy Barman,Shri,male,BJP,,"Minister of State, Govt of West Bengal",,,,https://en.wikipedia.org/wiki/Suvendu_Adhikari_ministry,0.80,collected,2026-06-26
535,Shantanu Pramanik,Shri,male,BJP,,"Minister of State, Govt of West Bengal",,,,https://en.wikipedia.org/wiki/Suvendu_Adhikari_ministry,0.80,collected,2026-06-26
536,Biraj Biswas,Shri,male,BJP,,"Minister of State, Govt of West Bengal",,,,https://en.wikipedia.org/wiki/Suvendu_Adhikari_ministry,0.80,collected,2026-06-26
537,Amiya Kisku,Shri,male,BJP,,"Minister of State, Govt of West Bengal",,,,https://en.wikipedia.org/wiki/Suvendu_Adhikari_ministry,0.80,collected,2026-06-26
538,Joyel Murmu,Shri,male,BJP,,"Minister of State, Govt of West Bengal",,,,https://en.wikipedia.org/wiki/Suvendu_Adhikari_ministry,0.80,collected,2026-06-26
539,Bhaskar Bhattacharya,Shri,male,BJP,,"Minister of State, Govt of West Bengal",,,,https://en.wikipedia.org/wiki/Suvendu_Adhikari_ministry,0.80,collected,2026-06-26
540,Dibakar Gharami,Shri,male,BJP,,"Minister of State, Govt of West Bengal",,,,https://en.wikipedia.org/wiki/Suvendu_Adhikari_ministry,0.80,collected,2026-06-26
541,Sumana Sarkar,Smt,female,BJP,,"Minister of State, Govt of West Bengal",,,,https://en.wikipedia.org/wiki/Suvendu_Adhikari_ministry,0.80,collected,2026-06-26
542,Nadiar Chand Bouri,Shri,male,BJP,,"Minister of State, Govt of West Bengal",,,,https://en.wikipedia.org/wiki/Suvendu_Adhikari_ministry,0.80,collected,2026-06-26
543,Suresh Pujari,Shri,male,,,"Minister, Govt of Odisha",,,,https://en.wikipedia.org/wiki/Mohan_Charan_Majhi_ministry,0.75,collected,2026-06-26
544,Rabi Narayan Naik,Shri,male,,,"Minister, Govt of Odisha",,,,https://en.wikipedia.org/wiki/Mohan_Charan_Majhi_ministry,0.75,collected,2026-06-26
545,Nityananda Gond,Shri,male,,,"Minister, Govt of Odisha",,,,https://en.wikipedia.org/wiki/Mohan_Charan_Majhi_ministry,0.75,collected,2026-06-26
546,Krushna Chandra Patra,Shri,male,,,"Minister, Govt of Odisha",,,,https://en.wikipedia.org/wiki/Mohan_Charan_Majhi_ministry,0.75,collected,2026-06-26
547,Prithviraj Harichandan,Shri,male,,,"Minister, Govt of Odisha",,,,https://en.wikipedia.org/wiki/Mohan_Charan_Majhi_ministry,0.75,collected,2026-06-26
548,Mukesh Mahaling,Shri,male,,,"Minister, Govt of Odisha",,,,https://en.wikipedia.org/wiki/Mohan_Charan_Majhi_ministry,0.75,collected,2026-06-26
549,Bibhuti Bhusan Jena,Shri,male,,,"Minister, Govt of Odisha",,,,https://en.wikipedia.org/wiki/Mohan_Charan_Majhi_ministry,0.75,collected,2026-06-26
550,Krushna Chandra Mohapatra,Shri,male,,,"Minister, Govt of Odisha",,,,https://en.wikipedia.org/wiki/Mohan_Charan_Majhi_ministry,0.75,collected,2026-06-26
551,Ganesh Ram Singh Khuntia,Shri,male,,,"Minister of State, Govt of Odisha",,,,https://en.wikipedia.org/wiki/Mohan_Charan_Majhi_ministry,0.75,collected,2026-06-26
552,Suryabanshi Suraj,Shri,male,,,"Minister of State, Govt of Odisha",,,,https://en.wikipedia.org/wiki/Mohan_Charan_Majhi_ministry,0.75,collected,2026-06-26
553,Pradeep Bal Samanta,Shri,male,,,"Minister of State, Govt of Odisha",,,,https://en.wikipedia.org/wiki/Mohan_Charan_Majhi_ministry,0.75,collected,2026-06-26
554,Gokula Nanda Mallik,Shri,male,,,"Minister of State, Govt of Odisha",,,,https://en.wikipedia.org/wiki/Mohan_Charan_Majhi_ministry,0.75,collected,2026-06-26
555,Sampad Chandra Swain,Shri,male,,,"Minister of State, Govt of Odisha",,,,https://en.wikipedia.org/wiki/Mohan_Charan_Majhi_ministry,0.75,collected,2026-06-26
556,Radha Krishna Kishore,Shri,male,,,"Minister, Govt of Jharkhand",,,,https://en.wikipedia.org/wiki/Fourth_Hemant_Soren_ministry,0.75,collected,2026-06-26
557,Sanjay Prasad Yadav,Shri,male,,,"Minister, Govt of Jharkhand",,,,https://en.wikipedia.org/wiki/Fourth_Hemant_Soren_ministry,0.75,collected,2026-06-26
558,Deepak Birua,Shri,male,,,"Minister, Govt of Jharkhand",,,,https://en.wikipedia.org/wiki/Fourth_Hemant_Soren_ministry,0.75,collected,2026-06-26
559,Chamra Linda,Shri,male,,,"Minister, Govt of Jharkhand",,,,https://en.wikipedia.org/wiki/Fourth_Hemant_Soren_ministry,0.75,collected,2026-06-26
560,Irfan Ansari,Shri,male,,,"Minister, Govt of Jharkhand",,,,https://en.wikipedia.org/wiki/Fourth_Hemant_Soren_ministry,0.75,collected,2026-06-26
561,Hafizul Hasan,Shri,male,,,"Minister, Govt of Jharkhand",,,,https://en.wikipedia.org/wiki/Fourth_Hemant_Soren_ministry,0.75,collected,2026-06-26
562,Dipika Pandey Singh,Smt,female,,,"Minister, Govt of Jharkhand",,,,https://en.wikipedia.org/wiki/Fourth_Hemant_Soren_ministry,0.75,collected,2026-06-26
563,Yogendra Prasad,Shri,male,,,"Minister, Govt of Jharkhand",,,,https://en.wikipedia.org/wiki/Fourth_Hemant_Soren_ministry,0.75,collected,2026-06-26
564,Sudivya Kumar,Shri,male,,,"Minister, Govt of Jharkhand",,,,https://en.wikipedia.org/wiki/Fourth_Hemant_Soren_ministry,0.75,collected,2026-06-26
565,Shilpi Neha Tirkey,Smt,female,,,"Minister, Govt of Jharkhand",,,,https://en.wikipedia.org/wiki/Fourth_Hemant_Soren_ministry,0.75,collected,2026-06-26
566,Harpal Singh Cheema,Shri,male,,,"Minister, Govt of Punjab",,,,https://en.wikipedia.org/wiki/Bhagwant_Mann_ministry,0.75,collected,2026-06-26
567,Baljit Kaur,Smt,female,,,"Minister, Govt of Punjab",,,,https://en.wikipedia.org/wiki/Bhagwant_Mann_ministry,0.75,collected,2026-06-26
568,Aman Arora,Shri,male,,,"Minister, Govt of Punjab",,,,https://en.wikipedia.org/wiki/Bhagwant_Mann_ministry,0.75,collected,2026-06-26
569,Balbir Singh,Shri,male,,,"Minister, Govt of Punjab",,,,https://en.wikipedia.org/wiki/Bhagwant_Mann_ministry,0.75,collected,2026-06-26
570,Harbhajan Singh ETO,Shri,male,,,"Minister, Govt of Punjab",,,,https://en.wikipedia.org/wiki/Bhagwant_Mann_ministry,0.75,collected,2026-06-26
571,Lal Chand,Shri,male,,,"Minister, Govt of Punjab",,,,https://en.wikipedia.org/wiki/Bhagwant_Mann_ministry,0.75,collected,2026-06-26
572,Laljit Singh Bhullar,Shri,male,,,"Minister, Govt of Punjab",,,,https://en.wikipedia.org/wiki/Bhagwant_Mann_ministry,0.75,collected,2026-06-26
573,Harjot Singh Bains,Shri,male,,,"Minister, Govt of Punjab",,,,https://en.wikipedia.org/wiki/Bhagwant_Mann_ministry,0.75,collected,2026-06-26
574,Gurmeet Singh Khuddian,Shri,male,,,"Minister, Govt of Punjab",,,,https://en.wikipedia.org/wiki/Bhagwant_Mann_ministry,0.75,collected,2026-06-26
575,Barinder Kumar Goyal,Shri,male,,,"Minister, Govt of Punjab",,,,https://en.wikipedia.org/wiki/Bhagwant_Mann_ministry,0.75,collected,2026-06-26
576,Tarunpreet Singh Sond,Shri,male,,,"Minister, Govt of Punjab",,,,https://en.wikipedia.org/wiki/Bhagwant_Mann_ministry,0.75,collected,2026-06-26
577,Ravjot Singh,Shri,male,,,"Minister, Govt of Punjab",,,,https://en.wikipedia.org/wiki/Bhagwant_Mann_ministry,0.75,collected,2026-06-26
578,Hardeep Singh Mundian,Shri,male,,,"Minister, Govt of Punjab",,,,https://en.wikipedia.org/wiki/Bhagwant_Mann_ministry,0.75,collected,2026-06-26
579,Mohinder Bhagat,Shri,male,,,"Minister, Govt of Punjab",,,,https://en.wikipedia.org/wiki/Bhagwant_Mann_ministry,0.75,collected,2026-06-26
580,Sanjeev Arora,Shri,male,,,"Minister, Govt of Punjab",,,,https://en.wikipedia.org/wiki/Bhagwant_Mann_ministry,0.75,collected,2026-06-26
581,Ramvichar Netam,Shri,male,,,"Minister, Govt of Chhattisgarh",,,,https://www.thehitavada.com/Encyc/2025/8/21/portfolios-allocated-to-all-cabinet-ministers.html,0.75,collected,2026-06-26
582,Dayal Das Baghel,Shri,male,,,"Minister, Govt of Chhattisgarh",,,,https://www.thehitavada.com/Encyc/2025/8/21/portfolios-allocated-to-all-cabinet-ministers.html,0.75,collected,2026-06-26
583,Kedar Kashyap,Shri,male,,,"Minister, Govt of Chhattisgarh",,,,https://www.thehitavada.com/Encyc/2025/8/21/portfolios-allocated-to-all-cabinet-ministers.html,0.75,collected,2026-06-26
584,Lakhan Lal Dewangan,Shri,male,,,"Minister, Govt of Chhattisgarh",,,,https://www.thehitavada.com/Encyc/2025/8/21/portfolios-allocated-to-all-cabinet-ministers.html,0.75,collected,2026-06-26
585,Shyam Bihari Jaiswal,Shri,male,,,"Minister, Govt of Chhattisgarh",,,,https://www.thehitavada.com/Encyc/2025/8/21/portfolios-allocated-to-all-cabinet-ministers.html,0.75,collected,2026-06-26
586,O. P. Choudhary,Shri,male,,,"Minister, Govt of Chhattisgarh",,,,https://www.thehitavada.com/Encyc/2025/8/21/portfolios-allocated-to-all-cabinet-ministers.html,0.75,collected,2026-06-26
587,Laxmi Rajwade,Smt,female,,,"Minister, Govt of Chhattisgarh",,,,https://www.thehitavada.com/Encyc/2025/8/21/portfolios-allocated-to-all-cabinet-ministers.html,0.75,collected,2026-06-26
588,Tankram Verma,Shri,male,,,"Minister, Govt of Chhattisgarh",,,,https://www.thehitavada.com/Encyc/2025/8/21/portfolios-allocated-to-all-cabinet-ministers.html,0.75,collected,2026-06-26
589,Gajendra Yadav,Shri,male,,,"Minister, Govt of Chhattisgarh",,,,https://www.thehitavada.com/Encyc/2025/8/21/portfolios-allocated-to-all-cabinet-ministers.html,0.75,collected,2026-06-26
590,Guru Khushwant Saheb,Shri,male,,,"Minister, Govt of Chhattisgarh",,,,https://www.thehitavada.com/Encyc/2025/8/21/portfolios-allocated-to-all-cabinet-ministers.html,0.75,collected,2026-06-26
591,Rajesh Agrawal,Shri,male,,,"Minister, Govt of Chhattisgarh",,,,https://www.thehitavada.com/Encyc/2025/8/21/portfolios-allocated-to-all-cabinet-ministers.html,0.75,collected,2026-06-26
592,Anil Vij,Shri,male,,,"Minister, Govt of Haryana",,,,https://www.indiatvnews.com/haryana/haryana-polls-2024-cm-nayab-saini-cabinet,0.75,collected,2026-06-26
593,Krishan Lal Panwar,Shri,male,,,"Minister, Govt of Haryana",,,,https://www.indiatvnews.com/haryana/haryana-polls-2024-cm-nayab-saini-cabinet,0.75,collected,2026-06-26
594,Rao Narbir Singh,Shri,male,,,"Minister, Govt of Haryana",,,,https://www.indiatvnews.com/haryana/haryana-polls-2024-cm-nayab-saini-cabinet,0.75,collected,2026-06-26
595,Mahipal Dhanda,Shri,male,,,"Minister, Govt of Haryana",,,,https://www.indiatvnews.com/haryana/haryana-polls-2024-cm-nayab-saini-cabinet,0.75,collected,2026-06-26
596,Arvind Sharma,Shri,male,,,"Minister, Govt of Haryana",,,,https://www.indiatvnews.com/haryana/haryana-polls-2024-cm-nayab-saini-cabinet,0.75,collected,2026-06-26
597,Vipul Goel,Shri,male,,,"Minister, Govt of Haryana",,,,https://www.indiatvnews.com/haryana/haryana-polls-2024-cm-nayab-saini-cabinet,0.75,collected,2026-06-26
598,Shyam Singh Rana,Shri,male,,,"Minister, Govt of Haryana",,,,https://www.indiatvnews.com/haryana/haryana-polls-2024-cm-nayab-saini-cabinet,0.75,collected,2026-06-26
599,Ranbir Gangwa,Shri,male,,,"Minister, Govt of Haryana",,,,https://www.indiatvnews.com/haryana/haryana-polls-2024-cm-nayab-saini-cabinet,0.75,collected,2026-06-26
600,Kishan Kumar,Shri,male,,,"Minister, Govt of Haryana",,,,https://www.indiatvnews.com/haryana/haryana-polls-2024-cm-nayab-saini-cabinet,0.75,collected,2026-06-26
601,Shruti Choudhry,Smt,female,,,"Minister, Govt of Haryana",,,,https://www.indiatvnews.com/haryana/haryana-polls-2024-cm-nayab-saini-cabinet,0.75,collected,2026-06-26
602,Arti Singh Rao,Smt,female,,,"Minister, Govt of Haryana",,,,https://www.indiatvnews.com/haryana/haryana-polls-2024-cm-nayab-saini-cabinet,0.75,collected,2026-06-26
603,Rajesh Nagar,Shri,male,,,"Minister of State, Govt of Haryana",,,,https://www.indiatvnews.com/haryana/haryana-polls-2024-cm-nayab-saini-cabinet,0.75,collected,2026-06-26
604,Gaurav Gautam,Shri,male,,,"Minister of State, Govt of Haryana",,,,https://www.indiatvnews.com/haryana/haryana-polls-2024-cm-nayab-saini-cabinet,0.75,collected,2026-06-26
605,Ranjeet Kumar Dass,Shri,male,,,"Minister, Govt of Assam",,,,https://en.wikipedia.org/wiki/Himanta_Biswa_Sarma_ministry,0.75,collected,2026-06-26
606,Atul Bora,Shri,male,,,"Minister, Govt of Assam",,,,https://en.wikipedia.org/wiki/Himanta_Biswa_Sarma_ministry,0.75,collected,2026-06-26
607,Keshab Mahanta,Shri,male,,,"Minister, Govt of Assam",,,,https://en.wikipedia.org/wiki/Himanta_Biswa_Sarma_ministry,0.75,collected,2026-06-26
608,Urkhao Gwra Brahma,Shri,male,,,"Minister, Govt of Assam",,,,https://en.wikipedia.org/wiki/Himanta_Biswa_Sarma_ministry,0.75,collected,2026-06-26
609,Chandra Mohan Patowary,Shri,male,,,"Minister, Govt of Assam",,,,https://en.wikipedia.org/wiki/Himanta_Biswa_Sarma_ministry,0.75,collected,2026-06-26
610,Ranoj Pegu,Shri,male,,,"Minister, Govt of Assam",,,,https://en.wikipedia.org/wiki/Himanta_Biswa_Sarma_ministry,0.75,collected,2026-06-26
611,Ashok Singhal,Shri,male,,,"Minister, Govt of Assam",,,,https://en.wikipedia.org/wiki/Himanta_Biswa_Sarma_ministry,0.75,collected,2026-06-26
612,Jogen Mohan,Shri,male,,,"Minister, Govt of Assam",,,,https://en.wikipedia.org/wiki/Himanta_Biswa_Sarma_ministry,0.75,collected,2026-06-26
613,Ajanta Neog,Smt,female,,,"Minister, Govt of Assam",,,,https://en.wikipedia.org/wiki/Himanta_Biswa_Sarma_ministry,0.75,collected,2026-06-26
614,Pijush Hazarika,Shri,male,,,"Minister, Govt of Assam",,,,https://en.wikipedia.org/wiki/Himanta_Biswa_Sarma_ministry,0.75,collected,2026-06-26
615,Bimal Bora,Shri,male,,,"Minister, Govt of Assam",,,,https://en.wikipedia.org/wiki/Himanta_Biswa_Sarma_ministry,0.75,collected,2026-06-26
616,Nandita Garlosa,Smt,female,,,"Minister, Govt of Assam",,,,https://en.wikipedia.org/wiki/Himanta_Biswa_Sarma_ministry,0.75,collected,2026-06-26
617,Jayanta Malla Baruah,Shri,male,,,"Minister, Govt of Assam",,,,https://en.wikipedia.org/wiki/Himanta_Biswa_Sarma_ministry,0.75,collected,2026-06-26
618,Prasanta Phukan,Shri,male,,,"Minister, Govt of Assam",,,,https://en.wikipedia.org/wiki/Himanta_Biswa_Sarma_ministry,0.75,collected,2026-06-26
619,Kaushik Rai,Shri,male,,,"Minister, Govt of Assam",,,,https://en.wikipedia.org/wiki/Himanta_Biswa_Sarma_ministry,0.75,collected,2026-06-26
620,Krishnendu Paul,Shri,male,,,"Minister, Govt of Assam",,,,https://en.wikipedia.org/wiki/Himanta_Biswa_Sarma_ministry,0.75,collected,2026-06-26
621,Rupesh Gowala,Shri,male,,,"Minister, Govt of Assam",,,,https://en.wikipedia.org/wiki/Himanta_Biswa_Sarma_ministry,0.75,collected,2026-06-26
622,Charan Boro,Shri,male,,,"Minister, Govt of Assam",,,,https://en.wikipedia.org/wiki/Himanta_Biswa_Sarma_ministry,0.75,collected,2026-06-26
623,Joseph Vijay,Shri,male,Tamilaga Vettri Kazhagam (TVK),,Chief Minister of Tamil Nadu after TVK win in 2026 election,,,,https://www.britannica.com/topic/2026-State-Elections-in-India,0.75,collected,2026-06-26
624,V. D. Satheesan,Shri,male,Indian National Congress,,Chief Minister of Kerala after UDF win in 2026 election,,,,https://www.britannica.com/topic/2026-State-Elections-in-India,0.75,collected,2026-06-26
625,Parvesh Verma,Shri,male,,,"Minister, Govt of Delhi (NCT)",,,,https://en.wikipedia.org/wiki/Rekha_Gupta_ministry,0.75,collected,2026-06-26
626,Ashish Sood,Shri,male,,,"Minister, Govt of Delhi (NCT)",,,,https://en.wikipedia.org/wiki/Rekha_Gupta_ministry,0.75,collected,2026-06-26
627,Manjinder Singh Sirsa,Shri,male,,,"Minister, Govt of Delhi (NCT)",,,,https://en.wikipedia.org/wiki/Rekha_Gupta_ministry,0.75,collected,2026-06-26
628,Ravinder Indraj Singh,Shri,male,,,"Minister, Govt of Delhi (NCT)",,,,https://en.wikipedia.org/wiki/Rekha_Gupta_ministry,0.75,collected,2026-06-26
629,Kapil Mishra,Shri,male,,,"Minister, Govt of Delhi (NCT)",,,,https://en.wikipedia.org/wiki/Rekha_Gupta_ministry,0.75,collected,2026-06-26
630,Pankaj Kumar Singh,Shri,male,,,"Minister, Govt of Delhi (NCT)",,,,https://en.wikipedia.org/wiki/Rekha_Gupta_ministry,0.75,collected,2026-06-26
631,Dhani Ram Shandil,Shri,male,,,"Minister, Govt of Himachal Pradesh",,,,https://en.wikipedia.org/wiki/Sukhu_ministry,0.75,collected,2026-06-26
632,Chander Kumar,Shri,male,,,"Minister, Govt of Himachal Pradesh",,,,https://en.wikipedia.org/wiki/Sukhu_ministry,0.75,collected,2026-06-26
633,Harshwardhan Chauhan,Shri,male,,,"Minister, Govt of Himachal Pradesh",,,,https://en.wikipedia.org/wiki/Sukhu_ministry,0.75,collected,2026-06-26
634,Jagat Singh Negi,Shri,male,,,"Minister, Govt of Himachal Pradesh",,,,https://en.wikipedia.org/wiki/Sukhu_ministry,0.75,collected,2026-06-26
635,Rohit Thakur,Shri,male,,,"Minister, Govt of Himachal Pradesh",,,,https://en.wikipedia.org/wiki/Sukhu_ministry,0.75,collected,2026-06-26
636,Anirudh Singh,Shri,male,,,"Minister, Govt of Himachal Pradesh",,,,https://en.wikipedia.org/wiki/Sukhu_ministry,0.75,collected,2026-06-26
637,Vikramaditya Singh,Shri,male,,,"Minister, Govt of Himachal Pradesh",,,,https://en.wikipedia.org/wiki/Sukhu_ministry,0.75,collected,2026-06-26
638,Rajesh Dharmani,Shri,male,,,"Minister, Govt of Himachal Pradesh",,,,https://en.wikipedia.org/wiki/Sukhu_ministry,0.75,collected,2026-06-26
639,Yadvinder Goma,Shri,male,,,"Minister, Govt of Himachal Pradesh",,,,https://en.wikipedia.org/wiki/Sukhu_ministry,0.75,collected,2026-06-26
640,Satpal Maharaj,Shri,male,,,"Minister, Govt of Uttarakhand",,,,https://en.wikipedia.org/wiki/Second_Dhami_ministry,0.75,collected,2026-06-26
641,Ganesh Joshi,Shri,male,,,"Minister, Govt of Uttarakhand",,,,https://en.wikipedia.org/wiki/Second_Dhami_ministry,0.75,collected,2026-06-26
642,Dhan Singh Rawat,Shri,male,,,"Minister, Govt of Uttarakhand",,,,https://en.wikipedia.org/wiki/Second_Dhami_ministry,0.75,collected,2026-06-26
643,Subodh Uniyal,Shri,male,,,"Minister, Govt of Uttarakhand",,,,https://en.wikipedia.org/wiki/Second_Dhami_ministry,0.75,collected,2026-06-26
644,Rekha Arya,Smt,female,,,"Minister, Govt of Uttarakhand",,,,https://en.wikipedia.org/wiki/Second_Dhami_ministry,0.75,collected,2026-06-26
645,Saurabh Bahuguna,Shri,male,,,"Minister, Govt of Uttarakhand",,,,https://en.wikipedia.org/wiki/Second_Dhami_ministry,0.75,collected,2026-06-26
646,Madan Kaushik,Shri,male,,,"Minister, Govt of Uttarakhand",,,,https://en.wikipedia.org/wiki/Second_Dhami_ministry,0.75,collected,2026-06-26
647,Bharat Singh Chaudhary,Shri,male,,,"Minister, Govt of Uttarakhand",,,,https://en.wikipedia.org/wiki/Second_Dhami_ministry,0.75,collected,2026-06-26
648,Pradip Batra,Shri,male,,,"Minister, Govt of Uttarakhand",,,,https://en.wikipedia.org/wiki/Second_Dhami_ministry,0.75,collected,2026-06-26
649,Khajan Dass,Shri,male,,,"Minister, Govt of Uttarakhand",,,,https://en.wikipedia.org/wiki/Second_Dhami_ministry,0.75,collected,2026-06-26
650,Ram Singh Kaira,Shri,male,,,"Minister, Govt of Uttarakhand",,,,https://en.wikipedia.org/wiki/Second_Dhami_ministry,0.75,collected,2026-06-26
651,Vishwajit Pratapsingh Rane,Shri,male,,,"Minister, Govt of Goa",,,,https://en.wikipedia.org/wiki/Second_Pramod_Sawant_ministry,0.75,collected,2026-06-26
652,Subhash Shirodkar,Shri,male,,,"Minister, Govt of Goa",,,,https://en.wikipedia.org/wiki/Second_Pramod_Sawant_ministry,0.75,collected,2026-06-26
653,Mauvin Godinho,Shri,male,,,"Minister, Govt of Goa",,,,https://en.wikipedia.org/wiki/Second_Pramod_Sawant_ministry,0.75,collected,2026-06-26
654,Rohan Khaunte,Shri,male,,,"Minister, Govt of Goa",,,,https://en.wikipedia.org/wiki/Second_Pramod_Sawant_ministry,0.75,collected,2026-06-26
655,Atanasio Monserrate,Shri,male,,,"Minister, Govt of Goa",,,,https://en.wikipedia.org/wiki/Second_Pramod_Sawant_ministry,0.75,collected,2026-06-26
656,Subhash Phal Desai,Shri,male,,,"Minister, Govt of Goa",,,,https://en.wikipedia.org/wiki/Second_Pramod_Sawant_ministry,0.75,collected,2026-06-26
657,Sudin Dhavalikar,Shri,male,,,"Minister, Govt of Goa",,,,https://en.wikipedia.org/wiki/Second_Pramod_Sawant_ministry,0.75,collected,2026-06-26
658,Nilkanth Halarnkar,Shri,male,,,"Minister, Govt of Goa",,,,https://en.wikipedia.org/wiki/Second_Pramod_Sawant_ministry,0.75,collected,2026-06-26
659,Digambar Kamat,Shri,male,,,"Minister, Govt of Goa",,,,https://en.wikipedia.org/wiki/Second_Pramod_Sawant_ministry,0.75,collected,2026-06-26
660,Ramesh Tawadkar,Shri,male,,,"Minister, Govt of Goa",,,,https://en.wikipedia.org/wiki/Second_Pramod_Sawant_ministry,0.75,collected,2026-06-26
661,Sakina Itoo,Smt,female,,,"Minister, Govt of Jammu and Kashmir",,,,https://en.wikipedia.org/wiki/Second_Omar_Abdullah_ministry,0.75,collected,2026-06-26
662,Javid Ahmad Dar,Shri,male,,,"Minister, Govt of Jammu and Kashmir",,,,https://en.wikipedia.org/wiki/Second_Omar_Abdullah_ministry,0.75,collected,2026-06-26
663,Javed Ahmed Rana,Shri,male,,,"Minister, Govt of Jammu and Kashmir",,,,https://en.wikipedia.org/wiki/Second_Omar_Abdullah_ministry,0.75,collected,2026-06-26
664,Satish Sharma,Shri,male,,,"Minister, Govt of Jammu and Kashmir",,,,https://en.wikipedia.org/wiki/Second_Omar_Abdullah_ministry,0.75,collected,2026-06-26
665,Ratan Lal Nath,Shri,male,,,"Minister, Govt of Tripura",,,,https://en.wikipedia.org/wiki/Second_Saha_ministry,0.75,collected,2026-06-26
666,Pranjit Singha Roy,Shri,male,,,"Minister, Govt of Tripura",,,,https://en.wikipedia.org/wiki/Second_Saha_ministry,0.75,collected,2026-06-26
667,Santana Chakma,Smt,female,,,"Minister, Govt of Tripura",,,,https://en.wikipedia.org/wiki/Second_Saha_ministry,0.75,collected,2026-06-26
668,Sushanta Chowdhury,Shri,male,,,"Minister, Govt of Tripura",,,,https://en.wikipedia.org/wiki/Second_Saha_ministry,0.75,collected,2026-06-26
669,Tinku Roy,Shri,male,,,"Minister, Govt of Tripura",,,,https://en.wikipedia.org/wiki/Second_Saha_ministry,0.75,collected,2026-06-26
670,Bikash Debbarma,Shri,male,,,"Minister, Govt of Tripura",,,,https://en.wikipedia.org/wiki/Second_Saha_ministry,0.75,collected,2026-06-26
671,Sudhangshu Das,Shri,male,,,"Minister, Govt of Tripura",,,,https://en.wikipedia.org/wiki/Second_Saha_ministry,0.75,collected,2026-06-26
672,Sukla Charan Noatia,Smt,female,,,"Minister, Govt of Tripura",,,,https://en.wikipedia.org/wiki/Second_Saha_ministry,0.75,collected,2026-06-26
673,Animesh Debbarma,Shri,male,,,"Minister, Govt of Tripura",,,,https://en.wikipedia.org/wiki/Second_Saha_ministry,0.75,collected,2026-06-26
674,Kishor Barman,Shri,male,,,"Minister, Govt of Tripura",,,,https://en.wikipedia.org/wiki/Second_Saha_ministry,0.75,collected,2026-06-26
675,Brishaketu Debbarma,Shri,male,,,"Minister of State, Govt of Tripura",,,,https://en.wikipedia.org/wiki/Second_Saha_ministry,0.75,collected,2026-06-26
676,Marcuise Marak,Shri,male,,,"Minister, Govt of Meghalaya",,,,https://en.wikipedia.org/wiki/Second_Conrad_Sangma_ministry,0.75,collected,2026-06-26
677,Sanbor Shullai,Shri,male,,,"Minister, Govt of Meghalaya",,,,https://en.wikipedia.org/wiki/Second_Conrad_Sangma_ministry,0.75,collected,2026-06-26
678,Sosthenes Sohtun,Shri,male,,,"Minister, Govt of Meghalaya",,,,https://en.wikipedia.org/wiki/Second_Conrad_Sangma_ministry,0.75,collected,2026-06-26
679,Timothy Shira,Shri,male,,,"Minister, Govt of Meghalaya",,,,https://en.wikipedia.org/wiki/Second_Conrad_Sangma_ministry,0.75,collected,2026-06-26
680,Wailadmiki Shylla,Shri,male,,,"Minister, Govt of Meghalaya",,,,https://en.wikipedia.org/wiki/Second_Conrad_Sangma_ministry,0.75,collected,2026-06-26
681,Lahkmen Rymbui,Shri,male,,,"Minister, Govt of Meghalaya",,,,https://en.wikipedia.org/wiki/Second_Conrad_Sangma_ministry,0.75,collected,2026-06-26
682,Metbah Lyngdoh,Shri,male,,,"Minister, Govt of Meghalaya",,,,https://en.wikipedia.org/wiki/Second_Conrad_Sangma_ministry,0.75,collected,2026-06-26
683,Methodius Dkhar,Shri,male,,,"Minister, Govt of Meghalaya",,,,https://en.wikipedia.org/wiki/Second_Conrad_Sangma_ministry,0.75,collected,2026-06-26
684,Brening Sangma,Shri,male,,,"Minister, Govt of Meghalaya",,,,https://en.wikipedia.org/wiki/Second_Conrad_Sangma_ministry,0.75,collected,2026-06-26
685,A. Namassivayam,Shri,male,,,"Minister, Govt of Puducherry",,,,https://py.gov.in/ministers,0.75,collected,2026-06-26
686,Malladi Krishna Rao,Shri,male,,,"Minister, Govt of Puducherry",,,,https://py.gov.in/ministers,0.75,collected,2026-06-26
687,P. Rajavelu,Shri,male,,,"Minister, Govt of Puducherry",,,,https://py.gov.in/ministers,0.75,collected,2026-06-26
688,V.P. Sivakolundhu,Shri,male,,,"Minister, Govt of Puducherry",,,,https://py.gov.in/ministers,0.75,collected,2026-06-26
689,G.N.S. Rajasekaran,Shri,male,,,"Minister, Govt of Puducherry",,,,https://py.gov.in/ministers,0.75,collected,2026-06-26
690,Konthoujam Govindas Singh,Shri,male,,,"Minister, Govt of Manipur",,,,https://assembly.mn.gov.in/council-of-ministers,0.75,collected,2026-06-26
691,Khurajam Loken Singh,Shri,male,,,"Minister, Govt of Manipur",,,,https://assembly.mn.gov.in/council-of-ministers,0.75,collected,2026-06-26
692,C. L. John,Shri,male,,,"Minister, Govt of Nagaland",,,,https://en.wikipedia.org/wiki/Fifth_Rio_ministry,0.75,collected,2026-06-26
693,G. Kaito Aye,Shri,male,,,"Minister, Govt of Nagaland",,,,https://en.wikipedia.org/wiki/Fifth_Rio_ministry,0.75,collected,2026-06-26
694,Jacob Zhimomi,Shri,male,,,"Minister, Govt of Nagaland",,,,https://en.wikipedia.org/wiki/Fifth_Rio_ministry,0.75,collected,2026-06-26
695,K. G. Kenye,Shri,male,,,"Minister, Govt of Nagaland",,,,https://en.wikipedia.org/wiki/Fifth_Rio_ministry,0.75,collected,2026-06-26
696,Metsubo Jamir,Shri,male,,,"Minister, Govt of Nagaland",,,,https://en.wikipedia.org/wiki/Fifth_Rio_ministry,0.75,collected,2026-06-26
697,P. Bashangmongba Chang,Shri,male,,,"Minister, Govt of Nagaland",,,,https://en.wikipedia.org/wiki/Fifth_Rio_ministry,0.75,collected,2026-06-26
698,P. Paiwang Konyak,Shri,male,,,"Minister, Govt of Nagaland",,,,https://en.wikipedia.org/wiki/Fifth_Rio_ministry,0.75,collected,2026-06-26
699,Salhoutuonuo Kruse,Smt,female,,,"Minister, Govt of Nagaland",,,,https://en.wikipedia.org/wiki/Fifth_Rio_ministry,0.75,collected,2026-06-26
700,Temjen Imna Along,Shri,male,,,"Minister, Govt of Nagaland",,,,https://en.wikipedia.org/wiki/Fifth_Rio_ministry,0.75,collected,2026-06-26
701,Ojing Tasing,Shri,male,,,"Minister, Govt of Arunachal Pradesh",,,,https://en.wikipedia.org/wiki/Fifth_Pema_Khandu_ministry,0.75,collected,2026-06-26
702,Kento Jini,Shri,male,,,"Minister, Govt of Arunachal Pradesh",,,,https://en.wikipedia.org/wiki/Fifth_Pema_Khandu_ministry,0.75,collected,2026-06-26
703,Balo Raja,Shri,male,,,"Minister, Govt of Arunachal Pradesh",,,,https://en.wikipedia.org/wiki/Fifth_Pema_Khandu_ministry,0.75,collected,2026-06-26
704,Mama Natung,Shri,male,,,"Minister, Govt of Arunachal Pradesh",,,,https://en.wikipedia.org/wiki/Fifth_Pema_Khandu_ministry,0.75,collected,2026-06-26
705,Dasanglu Pul,Smt,female,,,"Minister, Govt of Arunachal Pradesh",,,,https://en.wikipedia.org/wiki/Fifth_Pema_Khandu_ministry,0.75,collected,2026-06-26
706,Pasang Dorjee Sona,Shri,male,,,"Minister, Govt of Arunachal Pradesh",,,,https://en.wikipedia.org/wiki/Fifth_Pema_Khandu_ministry,0.75,collected,2026-06-26
707,Gabriel Denwang Wangsu,Shri,male,,,"Minister, Govt of Arunachal Pradesh",,,,https://en.wikipedia.org/wiki/Fifth_Pema_Khandu_ministry,0.75,collected,2026-06-26
708,Wangki Lowang,Shri,male,,,"Minister, Govt of Arunachal Pradesh",,,,https://en.wikipedia.org/wiki/Fifth_Pema_Khandu_ministry,0.75,collected,2026-06-26
709,Nyato Dukam,Shri,male,,,"Minister, Govt of Arunachal Pradesh",,,,https://en.wikipedia.org/wiki/Fifth_Pema_Khandu_ministry,0.75,collected,2026-06-26
710,Biyuram Wahge,Shri,male,,,"Minister, Govt of Arunachal Pradesh",,,,https://en.wikipedia.org/wiki/Fifth_Pema_Khandu_ministry,0.75,collected,2026-06-26
711,Vanlalhlana,Shri,male,,,"Minister, Govt of Mizoram",,,,https://en.wikipedia.org/wiki/Lalduhoma_ministry,0.75,collected,2026-06-26
712,C. Lalsawivunga,Shri,male,,,"Minister, Govt of Mizoram",,,,https://en.wikipedia.org/wiki/Lalduhoma_ministry,0.75,collected,2026-06-26
713,Lalthansanga,Shri,male,,,"Minister, Govt of Mizoram",,,,https://en.wikipedia.org/wiki/Lalduhoma_ministry,0.75,collected,2026-06-26
714,Vanlalthlana,Shri,male,,,"Minister, Govt of Mizoram",,,,https://en.wikipedia.org/wiki/Lalduhoma_ministry,0.75,collected,2026-06-26
715,P. C. Vanlalruata,Shri,male,,,"Minister, Govt of Mizoram",,,,https://en.wikipedia.org/wiki/Lalduhoma_ministry,0.75,collected,2026-06-26
716,Lalrinpuii,Smt,female,,,"Minister, Govt of Mizoram",,,,https://en.wikipedia.org/wiki/Lalduhoma_ministry,0.75,collected,2026-06-26
717,F. Rodingliana,Shri,male,,,"Minister of State, Govt of Mizoram",,,,https://en.wikipedia.org/wiki/Lalduhoma_ministry,0.75,collected,2026-06-26
718,B. Lalchhanzova,Shri,male,,,"Minister of State, Govt of Mizoram",,,,https://en.wikipedia.org/wiki/Lalduhoma_ministry,0.75,collected,2026-06-26
719,Lalnilawma,Shri,male,,,"Minister of State, Govt of Mizoram",,,,https://en.wikipedia.org/wiki/Lalduhoma_ministry,0.75,collected,2026-06-26
720,Lalnghinglova Hmar,Shri,male,,,"Minister of State, Govt of Mizoram",,,,https://en.wikipedia.org/wiki/Lalduhoma_ministry,0.75,collected,2026-06-26
721,Sonam Lama,Shri,male,,,"Minister, Govt of Sikkim",,,,https://en.wikipedia.org/wiki/Second_Tamang_ministry,0.75,collected,2026-06-26
722,Arun Kumar Upreti,Shri,male,,,"Minister, Govt of Sikkim",,,,https://en.wikipedia.org/wiki/Second_Tamang_ministry,0.75,collected,2026-06-26
723,Samdup Lepcha,Shri,male,,,"Minister, Govt of Sikkim",,,,https://en.wikipedia.org/wiki/Second_Tamang_ministry,0.75,collected,2026-06-26
724,Bhim Hang Limboo,Shri,male,,,"Minister, Govt of Sikkim",,,,https://en.wikipedia.org/wiki/Second_Tamang_ministry,0.75,collected,2026-06-26
725,Bhoj Raj Rai,Shri,male,,,"Minister, Govt of Sikkim",,,,https://en.wikipedia.org/wiki/Second_Tamang_ministry,0.75,collected,2026-06-26
726,G.T. Dhungel,Shri,male,,,"Minister, Govt of Sikkim",,,,https://en.wikipedia.org/wiki/Second_Tamang_ministry,0.75,collected,2026-06-26
727,Puran Kumar Gurung,Shri,male,,,"Minister, Govt of Sikkim",,,,https://en.wikipedia.org/wiki/Second_Tamang_ministry,0.75,collected,2026-06-26
728,Pintso Namgyal Lepcha,Shri,male,,,"Minister, Govt of Sikkim",,,,https://en.wikipedia.org/wiki/Second_Tamang_ministry,0.75,collected,2026-06-26
729,Nar Bahadur Dahal,Shri,male,,,"Minister, Govt of Sikkim",,,,https://en.wikipedia.org/wiki/Second_Tamang_ministry,0.75,collected,2026-06-26
730,Raju Basnet,Shri,male,,,"Minister, Govt of Sikkim",,,,https://en.wikipedia.org/wiki/Second_Tamang_ministry,0.75,collected,2026-06-26
731,Tshering Thendup Bhutia,Shri,male,,,"Minister, Govt of Sikkim",,,,https://en.wikipedia.org/wiki/Second_Tamang_ministry,0.75,collected,2026-06-26
732,N. Anand,Shri,male,,,"Minister, Govt of Tamil Nadu",,,,https://en.wikipedia.org/wiki/C._Joseph_Vijay_ministry,0.75,collected,2026-06-26
733,Aadhav Arjuna,Shri,male,,,"Minister, Govt of Tamil Nadu",,,,https://en.wikipedia.org/wiki/C._Joseph_Vijay_ministry,0.75,collected,2026-06-26
734,K. G. Arunraj,Shri,male,,,"Minister, Govt of Tamil Nadu",,,,https://en.wikipedia.org/wiki/C._Joseph_Vijay_ministry,0.75,collected,2026-06-26
735,K. A. Sengottaiyan,Shri,male,,,"Minister, Govt of Tamil Nadu",,,,https://en.wikipedia.org/wiki/C._Joseph_Vijay_ministry,0.75,collected,2026-06-26
736,P. Venkataramanan,Shri,male,,,"Minister, Govt of Tamil Nadu",,,,https://en.wikipedia.org/wiki/C._Joseph_Vijay_ministry,0.75,collected,2026-06-26
737,C. T. R. Nirmal Kumar,Shri,male,,,"Minister, Govt of Tamil Nadu",,,,https://en.wikipedia.org/wiki/C._Joseph_Vijay_ministry,0.75,collected,2026-06-26
738,Rajmohan Arumugam,Shri,male,,,"Minister, Govt of Tamil Nadu",,,,https://en.wikipedia.org/wiki/C._Joseph_Vijay_ministry,0.75,collected,2026-06-26
739,T. K. Prabhu,Shri,male,,,"Minister, Govt of Tamil Nadu",,,,https://en.wikipedia.org/wiki/C._Joseph_Vijay_ministry,0.75,collected,2026-06-26
740,S. Keerthana,Smt,female,,,"Minister, Govt of Tamil Nadu",,,,https://en.wikipedia.org/wiki/C._Joseph_Vijay_ministry,0.75,collected,2026-06-26
741,Srinath,Shri,male,,,"Minister, Govt of Tamil Nadu",,,,https://en.wikipedia.org/wiki/C._Joseph_Vijay_ministry,0.75,collected,2026-06-26
742,Kamali. S.,Smt,female,,,"Minister, Govt of Tamil Nadu",,,,https://en.wikipedia.org/wiki/C._Joseph_Vijay_ministry,0.75,collected,2026-06-26
743,C. Vijayalakshmi,Smt,female,,,"Minister, Govt of Tamil Nadu",,,,https://en.wikipedia.org/wiki/C._Joseph_Vijay_ministry,0.75,collected,2026-06-26
744,R. V. Ranjithkumar,Shri,male,,,"Minister, Govt of Tamil Nadu",,,,https://en.wikipedia.org/wiki/C._Joseph_Vijay_ministry,0.75,collected,2026-06-26
745,Vinoth,Shri,male,,,"Minister, Govt of Tamil Nadu",,,,https://en.wikipedia.org/wiki/C._Joseph_Vijay_ministry,0.75,collected,2026-06-26
746,Rajeev,Shri,male,,,"Minister, Govt of Tamil Nadu",,,,https://en.wikipedia.org/wiki/C._Joseph_Vijay_ministry,0.75,collected,2026-06-26
747,B. Rajkumar,Shri,male,,,"Minister, Govt of Tamil Nadu",,,,https://en.wikipedia.org/wiki/C._Joseph_Vijay_ministry,0.75,collected,2026-06-26
748,V. Gandhiraj,Shri,male,,,"Minister, Govt of Tamil Nadu",,,,https://en.wikipedia.org/wiki/C._Joseph_Vijay_ministry,0.75,collected,2026-06-26
749,P. Mathanraja,Shri,male,,,"Minister, Govt of Tamil Nadu",,,,https://en.wikipedia.org/wiki/C._Joseph_Vijay_ministry,0.75,collected,2026-06-26
750,Jegadeshwari. K.,Smt,female,,,"Minister, Govt of Tamil Nadu",,,,https://en.wikipedia.org/wiki/C._Joseph_Vijay_ministry,0.75,collected,2026-06-26
751,M. Vijay Balaji,Shri,male,,,"Minister, Govt of Tamil Nadu",,,,https://en.wikipedia.org/wiki/C._Joseph_Vijay_ministry,0.75,collected,2026-06-26
752,Logesh Tamilselvan,Shri,male,,,"Minister, Govt of Tamil Nadu",,,,https://en.wikipedia.org/wiki/C._Joseph_Vijay_ministry,0.75,collected,2026-06-26
753,Vijay Tamilan Parthiban,Shri,male,,,"Minister, Govt of Tamil Nadu",,,,https://en.wikipedia.org/wiki/C._Joseph_Vijay_ministry,0.75,collected,2026-06-26
754,S. Ramesh,Shri,male,,,"Minister, Govt of Tamil Nadu",,,,https://en.wikipedia.org/wiki/C._Joseph_Vijay_ministry,0.75,collected,2026-06-26
755,R. Kumar,Shri,male,,,"Minister, Govt of Tamil Nadu",,,,https://en.wikipedia.org/wiki/C._Joseph_Vijay_ministry,0.75,collected,2026-06-26
756,Thennarasu. K.,Shri,male,,,"Minister, Govt of Tamil Nadu",,,,https://en.wikipedia.org/wiki/C._Joseph_Vijay_ministry,0.75,collected,2026-06-26
757,V. Sampath Kumar,Shri,male,,,"Minister, Govt of Tamil Nadu",,,,https://en.wikipedia.org/wiki/C._Joseph_Vijay_ministry,0.75,collected,2026-06-26
758,J. Mohamed Farvas,Shri,male,,,"Minister, Govt of Tamil Nadu",,,,https://en.wikipedia.org/wiki/C._Joseph_Vijay_ministry,0.75,collected,2026-06-26
759,D. Sarathkumar,Shri,male,,,"Minister, Govt of Tamil Nadu",,,,https://en.wikipedia.org/wiki/C._Joseph_Vijay_ministry,0.75,collected,2026-06-26
760,N. Marie Wilson,Shri,male,,,"Minister, Govt of Tamil Nadu",,,,https://en.wikipedia.org/wiki/C._Joseph_Vijay_ministry,0.75,collected,2026-06-26
761,K. Vignesh,Shri,male,,,"Minister, Govt of Tamil Nadu",,,,https://en.wikipedia.org/wiki/C._Joseph_Vijay_ministry,0.75,collected,2026-06-26
762,S. Rajeshkumar,Shri,male,,,"Minister, Govt of Tamil Nadu",,,,https://en.wikipedia.org/wiki/C._Joseph_Vijay_ministry,0.75,collected,2026-06-26
763,P. Viswanathan,Shri,male,,,"Minister, Govt of Tamil Nadu",,,,https://en.wikipedia.org/wiki/C._Joseph_Vijay_ministry,0.75,collected,2026-06-26
764,A. M. Shahjahan,Shri,male,,,"Minister, Govt of Tamil Nadu",,,,https://en.wikipedia.org/wiki/C._Joseph_Vijay_ministry,0.75,collected,2026-06-26
765,Vanni Arasu,Shri,male,,,"Minister, Govt of Tamil Nadu",,,,https://en.wikipedia.org/wiki/C._Joseph_Vijay_ministry,0.75,collected,2026-06-26
766,Ramesh Chennithala,Shri,male,,,"Minister, Govt of Kerala",,,,https://en.wikipedia.org/wiki/Satheesan_ministry,0.75,collected,2026-06-26
767,K. Muraleedharan,Shri,male,,,"Minister, Govt of Kerala",,,,https://en.wikipedia.org/wiki/Satheesan_ministry,0.75,collected,2026-06-26
768,Sunny Joseph,Shri,male,,,"Minister, Govt of Kerala",,,,https://en.wikipedia.org/wiki/Satheesan_ministry,0.75,collected,2026-06-26
769,Shibu Baby John,Shri,male,,,"Minister, Govt of Kerala",,,,https://en.wikipedia.org/wiki/Satheesan_ministry,0.75,collected,2026-06-26
770,Mons Joseph,Shri,male,,,"Minister, Govt of Kerala",,,,https://en.wikipedia.org/wiki/Satheesan_ministry,0.75,collected,2026-06-26
771,Anoop Jacob,Shri,male,,,"Minister, Govt of Kerala",,,,https://en.wikipedia.org/wiki/Satheesan_ministry,0.75,collected,2026-06-26
772,P. K. Kunhalikutty,Shri,male,,,"Minister, Govt of Kerala",,,,https://en.wikipedia.org/wiki/Satheesan_ministry,0.75,collected,2026-06-26
773,C. P. John,Shri,male,,,"Minister, Govt of Kerala",,,,https://en.wikipedia.org/wiki/Satheesan_ministry,0.75,collected,2026-06-26
774,A. P. Anil Kumar,Shri,male,,,"Minister, Govt of Kerala",,,,https://en.wikipedia.org/wiki/Satheesan_ministry,0.75,collected,2026-06-26
775,N. Samsudheen,Shri,male,,,"Minister, Govt of Kerala",,,,https://en.wikipedia.org/wiki/Satheesan_ministry,0.75,collected,2026-06-26
776,Roji M. John,Shri,male,,,"Minister, Govt of Kerala",,,,https://en.wikipedia.org/wiki/Satheesan_ministry,0.75,collected,2026-06-26
777,P. C. Vishnunadh,Shri,male,,,"Minister, Govt of Kerala",,,,https://en.wikipedia.org/wiki/Satheesan_ministry,0.75,collected,2026-06-26
778,Bindhu Krishna,Smt,female,,,"Minister, Govt of Kerala",,,,https://en.wikipedia.org/wiki/Satheesan_ministry,0.75,collected,2026-06-26
779,M. Liju,Shri,male,,,"Minister, Govt of Kerala",,,,https://en.wikipedia.org/wiki/Satheesan_ministry,0.75,collected,2026-06-26
780,K. M. Shaji,Shri,male,,,"Minister, Govt of Kerala",,,,https://en.wikipedia.org/wiki/Satheesan_ministry,0.75,collected,2026-06-26
781,P. K. Basheer,Shri,male,,,"Minister, Govt of Kerala",,,,https://en.wikipedia.org/wiki/Satheesan_ministry,0.75,collected,2026-06-26
782,V. E. Abdul Gafoor,Shri,male,,,"Minister, Govt of Kerala",,,,https://en.wikipedia.org/wiki/Satheesan_ministry,0.75,collected,2026-06-26
783,T. Siddique,Shri,male,,,"Minister, Govt of Kerala",,,,https://en.wikipedia.org/wiki/Satheesan_ministry,0.75,collected,2026-06-26
784,K. A. Thulasi,Smt,female,,,"Minister, Govt of Kerala",,,,https://en.wikipedia.org/wiki/Satheesan_ministry,0.75,collected,2026-06-26
785,O. J. Janeesh,Shri,male,,,"Minister, Govt of Kerala",,,,https://en.wikipedia.org/wiki/Satheesan_ministry,0.75,collected,2026-06-26
786,Aanchal Goyal,Shri,male,,,"District Magistrate / Collector, Mumbai City, Maharashtra (IAS)",,,,https://www.sarkaritel.com/divisional-commissioner-collectors-government-of-maharashtra/,0.70,collected,2026-06-26
787,Saurabh Katiyar,Shri,male,,,"District Magistrate / Collector, Mumbai Suburban, Maharashtra (IAS)",,,,https://www.sarkaritel.com/divisional-commissioner-collectors-government-of-maharashtra/,0.70,collected,2026-06-26
788,Shrikrishna Panchal,Dr,male,,,"District Magistrate / Collector, Thane, Maharashtra (IAS)",,,,https://www.sarkaritel.com/divisional-commissioner-collectors-government-of-maharashtra/,0.70,collected,2026-06-26
789,Indu Rani Jakhar,Dr,male,,,"District Magistrate / Collector, Palghar, Maharashtra (IAS)",,,,https://www.sarkaritel.com/divisional-commissioner-collectors-government-of-maharashtra/,0.70,collected,2026-06-26
790,Kishan Narayanrao Jawale,Shri,male,,,"District Magistrate / Collector, Raigad, Maharashtra (IAS)",,,,https://www.sarkaritel.com/divisional-commissioner-collectors-government-of-maharashtra/,0.70,collected,2026-06-26
791,Manuj Jindal,Shri,male,,,"District Magistrate / Collector, Ratnagiri, Maharashtra (IAS)",,,,https://www.sarkaritel.com/divisional-commissioner-collectors-government-of-maharashtra/,0.70,collected,2026-06-26
792,Anil A. Patil,Shri,male,,,"District Magistrate / Collector, Sindhudurg, Maharashtra (IAS)",,,,https://www.sarkaritel.com/divisional-commissioner-collectors-government-of-maharashtra/,0.70,collected,2026-06-26
793,Jitendra Dudi,Shri,male,,,"District Magistrate / Collector, Pune, Maharashtra (IAS)",,,,https://www.sarkaritel.com/divisional-commissioner-collectors-government-of-maharashtra/,0.70,collected,2026-06-26
794,Santosh Patil,Shri,male,,,"District Magistrate / Collector, Satara, Maharashtra (IAS)",,,,https://www.sarkaritel.com/divisional-commissioner-collectors-government-of-maharashtra/,0.70,collected,2026-06-26
795,Ashok Kakade,Shri,male,,,"District Magistrate / Collector, Sangli, Maharashtra (IAS)",,,,https://www.sarkaritel.com/divisional-commissioner-collectors-government-of-maharashtra/,0.70,collected,2026-06-26
796,Kumar Ashirwad,Shri,male,,,"District Magistrate / Collector, Solapur, Maharashtra (IAS)",,,,https://www.sarkaritel.com/divisional-commissioner-collectors-government-of-maharashtra/,0.70,collected,2026-06-26
797,Amol Yedage,Shri,male,,,"District Magistrate / Collector, Kolhapur, Maharashtra (IAS)",,,,https://www.sarkaritel.com/divisional-commissioner-collectors-government-of-maharashtra/,0.70,collected,2026-06-26
798,Ayush Prasad,Shri,male,,,"District Magistrate / Collector, Nashik, Maharashtra (IAS)",,,,https://www.sarkaritel.com/divisional-commissioner-collectors-government-of-maharashtra/,0.70,collected,2026-06-26
799,Bhagyashree Vispute,Smt,female,,,"District Magistrate / Collector, Dhule, Maharashtra (IAS)",,,,https://www.sarkaritel.com/divisional-commissioner-collectors-government-of-maharashtra/,0.70,collected,2026-06-26
800,Mittali Sethi,Dr,male,,,"District Magistrate / Collector, Nandurbar, Maharashtra (IAS)",,,,https://www.sarkaritel.com/divisional-commissioner-collectors-government-of-maharashtra/,0.70,collected,2026-06-26
801,Rohan Ghuge,Shri,male,,,"District Magistrate / Collector, Jalgaon, Maharashtra (IAS)",,,,https://www.sarkaritel.com/divisional-commissioner-collectors-government-of-maharashtra/,0.70,collected,2026-06-26
802,Pankaj Ashiya,Dr,male,,,"District Magistrate / Collector, Ahmednagar, Maharashtra (IAS)",,,,https://www.sarkaritel.com/divisional-commissioner-collectors-government-of-maharashtra/,0.70,collected,2026-06-26
803,Vinay Gowda G. C.,Shri,male,,,"District Magistrate / Collector, Aurangabad, Maharashtra (IAS)",,,,https://www.sarkaritel.com/divisional-commissioner-collectors-government-of-maharashtra/,0.70,collected,2026-06-26
804,Ashima Mittal,Smt,female,,,"District Magistrate / Collector, Jalna, Maharashtra (IAS)",,,,https://www.sarkaritel.com/divisional-commissioner-collectors-government-of-maharashtra/,0.70,collected,2026-06-26
805,Vivek Johnson,Shri,male,,,"District Magistrate / Collector, Beed, Maharashtra (IAS)",,,,https://www.sarkaritel.com/divisional-commissioner-collectors-government-of-maharashtra/,0.70,collected,2026-06-26
806,Varsha Thakur,Smt,female,,,"District Magistrate / Collector, Latur, Maharashtra (IAS)",,,,https://www.sarkaritel.com/divisional-commissioner-collectors-government-of-maharashtra/,0.70,collected,2026-06-26
807,Keerthi Kiran Pujar,Shri,male,,,"District Magistrate / Collector, Osmanabad, Maharashtra (IAS)",,,,https://www.sarkaritel.com/divisional-commissioner-collectors-government-of-maharashtra/,0.70,collected,2026-06-26
808,Rahul Kardile,Shri,male,,,"District Magistrate / Collector, Nanded, Maharashtra (IAS)",,,,https://www.sarkaritel.com/divisional-commissioner-collectors-government-of-maharashtra/,0.70,collected,2026-06-26
809,Raghunath Gawade,Shri,male,,,"District Magistrate / Collector, Parbhani, Maharashtra (IAS)",,,,https://www.sarkaritel.com/divisional-commissioner-collectors-government-of-maharashtra/,0.70,collected,2026-06-26
810,Rahul Gupta,Shri,male,,,"District Magistrate / Collector, Hingoli, Maharashtra (IAS)",,,,https://www.sarkaritel.com/divisional-commissioner-collectors-government-of-maharashtra/,0.70,collected,2026-06-26
811,Ravindra H. Thakare,Shri,male,,,"District Magistrate / Collector, Nagpur, Maharashtra (IAS)",,,,https://www.sarkaritel.com/divisional-commissioner-collectors-government-of-maharashtra/,0.70,collected,2026-06-26
812,Vanmathi C.,Smt,female,,,"District Magistrate / Collector, Wardha, Maharashtra (IAS)",,,,https://www.sarkaritel.com/divisional-commissioner-collectors-government-of-maharashtra/,0.70,collected,2026-06-26
813,Sawan Kumar,Shri,male,,,"District Magistrate / Collector, Bhandara, Maharashtra (IAS)",,,,https://www.sarkaritel.com/divisional-commissioner-collectors-government-of-maharashtra/,0.70,collected,2026-06-26
814,Mangesh Gondavale,Shri,male,,,"District Magistrate / Collector, Gondia, Maharashtra (IAS)",,,,https://www.sarkaritel.com/divisional-commissioner-collectors-government-of-maharashtra/,0.70,collected,2026-06-26
815,Vasumana Pant,Smt,female,,,"District Magistrate / Collector, Chandrapur, Maharashtra (IAS)",,,,https://www.sarkaritel.com/divisional-commissioner-collectors-government-of-maharashtra/,0.70,collected,2026-06-26
816,Avishyant Panda,Shri,male,,,"District Magistrate / Collector, Gadchiroli, Maharashtra (IAS)",,,,https://www.sarkaritel.com/divisional-commissioner-collectors-government-of-maharashtra/,0.70,collected,2026-06-26
817,Ashish Yerekar,Shri,male,,,"District Magistrate / Collector, Amravati, Maharashtra (IAS)",,,,https://www.sarkaritel.com/divisional-commissioner-collectors-government-of-maharashtra/,0.70,collected,2026-06-26
818,Varsha Meena,Shri,male,,,"District Magistrate / Collector, Akola, Maharashtra (IAS)",,,,https://www.sarkaritel.com/divisional-commissioner-collectors-government-of-maharashtra/,0.70,collected,2026-06-26
819,Yogesh Kumbhejkar,Shri,male,,,"District Magistrate / Collector, Washim, Maharashtra (IAS)",,,,https://www.sarkaritel.com/divisional-commissioner-collectors-government-of-maharashtra/,0.70,collected,2026-06-26
820,Pravinkumar Deore,Dr,male,,,"District Magistrate / Collector, Buldhana, Maharashtra (IAS)",,,,https://www.sarkaritel.com/divisional-commissioner-collectors-government-of-maharashtra/,0.70,collected,2026-06-26
821,Vikas Meena,Shri,male,,,"District Magistrate / Collector, Yavatmal, Maharashtra (IAS)",,,,https://www.sarkaritel.com/divisional-commissioner-collectors-government-of-maharashtra/,0.70,collected,2026-06-26
822,Sujeet Kumar,Shri,male,,,"District Magistrate / Collector, Ahmedabad, Gujarat (IAS)",,,,https://www.sarkaritel.com/collector-gujarat-government/,0.70,collected,2026-06-26
823,Vikalp Bhardwaj,Shri,male,,,"District Magistrate / Collector, Amreli, Gujarat (IAS)",,,,https://www.sarkaritel.com/collector-gujarat-government/,0.70,collected,2026-06-26
824,Dilip Kumar Rana,Shri,male,,,"District Magistrate / Collector, Anand, Gujarat (IAS)",,,,https://www.sarkaritel.com/collector-gujarat-government/,0.70,collected,2026-06-26
825,Milind Bapna,Shri,male,,,"District Magistrate / Collector, Aravalli, Gujarat (IAS)",,,,https://www.sarkaritel.com/collector-gujarat-government/,0.70,collected,2026-06-26
826,Mihir Pravinkumar Patel,Shri,male,,,"District Magistrate / Collector, Banaskantha, Gujarat (IAS)",,,,https://www.sarkaritel.com/collector-gujarat-government/,0.70,collected,2026-06-26
827,Navnath Kondiba Gavhane,Dr,male,,,"District Magistrate / Collector, Bharuch, Gujarat (IAS)",,,,https://www.sarkaritel.com/collector-gujarat-government/,0.70,collected,2026-06-26
828,Manish Kumar,Dr,male,,,"District Magistrate / Collector, Bhavnagar, Gujarat (IAS)",,,,https://www.sarkaritel.com/collector-gujarat-government/,0.70,collected,2026-06-26
829,H.M. Vora,Shri,male,,,"District Magistrate / Collector, Botad, Gujarat (IAS)",,,,https://www.sarkaritel.com/collector-gujarat-government/,0.70,collected,2026-06-26
830,Gargi Jain,Smt,female,,,"District Magistrate / Collector, Chhota Udaipur, Gujarat (IAS)",,,,https://www.sarkaritel.com/collector-gujarat-government/,0.70,collected,2026-06-26
831,Surabhi Gautam,Smt,female,,,"District Magistrate / Collector, Dahod, Gujarat (IAS)",,,,https://www.sarkaritel.com/collector-gujarat-government/,0.70,collected,2026-06-26
832,N.D. Parmar,Shri,male,,,"District Magistrate / Collector, Dang, Gujarat (IAS)",,,,https://www.sarkaritel.com/collector-gujarat-government/,0.70,collected,2026-06-26
833,R. M. Tanna,Shri,male,,,"District Magistrate / Collector, Devbhoomi Dwarka, Gujarat (IAS)",,,,https://www.sarkaritel.com/collector-gujarat-government/,0.70,collected,2026-06-26
834,Mehul K. Dave,Shri,male,,,"District Magistrate / Collector, Gandhinagar, Gujarat (IAS)",,,,https://www.sarkaritel.com/collector-gujarat-government/,0.70,collected,2026-06-26
835,N. V. Upadhyay,Shri,male,,,"District Magistrate / Collector, Gir Somnath, Gujarat (IAS)",,,,https://www.sarkaritel.com/collector-gujarat-government/,0.70,collected,2026-06-26
836,B. K. Pandya,Shri,male,,,"District Magistrate / Collector, Jamnagar, Gujarat (IAS)",,,,https://www.sarkaritel.com/collector-gujarat-government/,0.70,collected,2026-06-26
837,Anand Patel,Shri,male,,,"District Magistrate / Collector, Kutch, Gujarat (IAS)",,,,https://www.sarkaritel.com/collector-gujarat-government/,0.70,collected,2026-06-26
838,Amit Prakash Yadav,Shri,male,,,"District Magistrate / Collector, Kheda, Gujarat (IAS)",,,,https://www.sarkaritel.com/collector-gujarat-government/,0.70,collected,2026-06-26
839,S. K. Prajapati,Shri,male,,,"District Magistrate / Collector, Mehsana, Gujarat (IAS)",,,,https://www.sarkaritel.com/collector-gujarat-government/,0.70,collected,2026-06-26
840,K. B. Jhaveri,Shri,male,,,"District Magistrate / Collector, Morbi, Gujarat (IAS)",,,,https://www.sarkaritel.com/collector-gujarat-government/,0.70,collected,2026-06-26
841,Sweta Teotia,Shri,male,,,"District Magistrate / Collector, Narmada, Gujarat (IAS)",,,,https://www.sarkaritel.com/collector-gujarat-government/,0.70,collected,2026-06-26
842,Kshipra S. Agre,Smt,female,,,"District Magistrate / Collector, Navsari, Gujarat (IAS)",,,,https://www.sarkaritel.com/collector-gujarat-government/,0.70,collected,2026-06-26
843,Ashish Kumar,Shri,male,,,"District Magistrate / Collector, Panchmahal, Gujarat (IAS)",,,,https://www.sarkaritel.com/collector-gujarat-government/,0.70,collected,2026-06-26
844,Tushar kumar Y. Bhatt,Shri,male,,,"District Magistrate / Collector, Patan, Gujarat (IAS)",,,,https://www.sarkaritel.com/collector-gujarat-government/,0.70,collected,2026-06-26
845,S. D. Dhanani,Shri,male,,,"District Magistrate / Collector, Porbandar, Gujarat (IAS)",,,,https://www.sarkaritel.com/collector-gujarat-government/,0.70,collected,2026-06-26
846,Om Prakash,Dr,male,,,"District Magistrate / Collector, Rajkot, Gujarat (IAS)",,,,https://www.sarkaritel.com/collector-gujarat-government/,0.70,collected,2026-06-26
847,Lalit Narayan Singh Sandu,Shri,male,,,"District Magistrate / Collector, Sabarkantha, Gujarat (IAS)",,,,https://www.sarkaritel.com/collector-gujarat-government/,0.70,collected,2026-06-26
848,Rajendrakumar Patel,Shri,male,,,"District Magistrate / Collector, Surendranagar, Gujarat (IAS)",,,,https://www.sarkaritel.com/collector-gujarat-government/,0.70,collected,2026-06-26
849,Vipin Garg,Dr,male,,,"District Magistrate / Collector, Tapi, Gujarat (IAS)",,,,https://www.sarkaritel.com/collector-gujarat-government/,0.70,collected,2026-06-26
850,Anil Dhameliya,Shri,male,,,"District Magistrate / Collector, Vadodara, Gujarat (IAS)",,,,https://www.sarkaritel.com/collector-gujarat-government/,0.70,collected,2026-06-26
851,J. S. Prajapati,Shri,male,,,"District Magistrate / Collector, Vav-Tharad, Gujarat (IAS)",,,,https://www.sarkaritel.com/collector-gujarat-government/,0.70,collected,2026-06-26
852,Lok Bandhu,Shri,male,,,"District Magistrate / Collector, Ajmer, Rajasthan (IAS)",,,,https://election.rajasthan.gov.in/ (Collector & ADM list 14.05.2026) + district NIC sites,0.65,collected,2026-06-26
853,Artika Shukla,Smt,female,,,"District Magistrate / Collector, Alwar, Rajasthan (IAS)",,,,https://election.rajasthan.gov.in/ (Collector & ADM list 14.05.2026) + district NIC sites,0.65,collected,2026-06-26
854,Sushil Kumar,Shri,male,,,"District Magistrate / Collector, Balotra, Rajasthan (IAS)",,,,https://election.rajasthan.gov.in/ (Collector & ADM list 14.05.2026) + district NIC sites,0.65,collected,2026-06-26
855,Inderjeet Yadav,Dr,male,,,"District Magistrate / Collector, Banswara, Rajasthan (IAS)",,,,https://election.rajasthan.gov.in/ (Collector & ADM list 14.05.2026) + district NIC sites,0.65,collected,2026-06-26
856,Bal Mukund Asawa,Shri,male,,,"District Magistrate / Collector, Baran, Rajasthan (IAS)",,,,https://election.rajasthan.gov.in/ (Collector & ADM list 14.05.2026) + district NIC sites,0.65,collected,2026-06-26
857,Chinmayee Gopal,Shri,male,,,"District Magistrate / Collector, Barmer, Rajasthan (IAS)",,,,https://election.rajasthan.gov.in/ (Collector & ADM list 14.05.2026) + district NIC sites,0.65,collected,2026-06-26
858,Kamal Ram Meena,Shri,male,,,"District Magistrate / Collector, Beawar, Rajasthan (IAS)",,,,https://election.rajasthan.gov.in/ (Collector & ADM list 14.05.2026) + district NIC sites,0.65,collected,2026-06-26
859,Qummer Ul Zaman Choudhary,Shri,male,,,"District Magistrate / Collector, Bharatpur, Rajasthan (IAS)",,,,https://election.rajasthan.gov.in/ (Collector & ADM list 14.05.2026) + district NIC sites,0.65,collected,2026-06-26
860,Jasmeet Singh Sandhu,Shri,male,,,"District Magistrate / Collector, Bhilwara, Rajasthan (IAS)",,,,https://election.rajasthan.gov.in/ (Collector & ADM list 14.05.2026) + district NIC sites,0.65,collected,2026-06-26
861,Nishant Jain,Dr,male,,,"District Magistrate / Collector, Bikaner, Rajasthan (IAS)",,,,https://election.rajasthan.gov.in/ (Collector & ADM list 14.05.2026) + district NIC sites,0.65,collected,2026-06-26
862,Harphool Singh Yadav,Shri,male,,,"District Magistrate / Collector, Bundi, Rajasthan (IAS)",,,,https://election.rajasthan.gov.in/ (Collector & ADM list 14.05.2026) + district NIC sites,0.65,collected,2026-06-26
863,Manju,Smt,female,,,"District Magistrate / Collector, Chittorgarh, Rajasthan (IAS)",,,,https://election.rajasthan.gov.in/ (Collector & ADM list 14.05.2026) + district NIC sites,0.65,collected,2026-06-26
864,Abhishek Surana,Shri,male,,,"District Magistrate / Collector, Churu, Rajasthan (IAS)",,,,https://election.rajasthan.gov.in/ (Collector & ADM list 14.05.2026) + district NIC sites,0.65,collected,2026-06-26
865,Saumya Jha,Smt,female,,,"District Magistrate / Collector, Dausa, Rajasthan (IAS)",,,,https://election.rajasthan.gov.in/ (Collector & ADM list 14.05.2026) + district NIC sites,0.65,collected,2026-06-26
866,Mayank Manish,Shri,male,,,"District Magistrate / Collector, Deeg, Rajasthan (IAS)",,,,https://election.rajasthan.gov.in/ (Collector & ADM list 14.05.2026) + district NIC sites,0.65,collected,2026-06-26
867,Avdesh Meena,Shri,male,,,"District Magistrate / Collector, Didwana-Kuchaman, Rajasthan (IAS)",,,,https://election.rajasthan.gov.in/ (Collector & ADM list 14.05.2026) + district NIC sites,0.65,collected,2026-06-26
868,Shreenidhi BT,Shri,male,,,"District Magistrate / Collector, Dholpur, Rajasthan (IAS)",,,,https://election.rajasthan.gov.in/ (Collector & ADM list 14.05.2026) + district NIC sites,0.65,collected,2026-06-26
869,Deshal Dan,Shri,male,,,"District Magistrate / Collector, Dungarpur, Rajasthan (IAS)",,,,https://election.rajasthan.gov.in/ (Collector & ADM list 14.05.2026) + district NIC sites,0.65,collected,2026-06-26
870,Khushal Yadav,Dr,male,,,"District Magistrate / Collector, Hanumangarh, Rajasthan (IAS)",,,,https://election.rajasthan.gov.in/ (Collector & ADM list 14.05.2026) + district NIC sites,0.65,collected,2026-06-26
871,Sandesh Nayak,Shri,male,,,"District Magistrate / Collector, Jaipur, Rajasthan (IAS)",,,,https://election.rajasthan.gov.in/ (Collector & ADM list 14.05.2026) + district NIC sites,0.65,collected,2026-06-26
872,Anupama Jorwal,Smt,female,,,"District Magistrate / Collector, Jaisalmer, Rajasthan (IAS)",,,,https://election.rajasthan.gov.in/ (Collector & ADM list 14.05.2026) + district NIC sites,0.65,collected,2026-06-26
873,Pradeep K. Gawande,Dr,male,,,"District Magistrate / Collector, Jalore, Rajasthan (IAS)",,,,https://election.rajasthan.gov.in/ (Collector & ADM list 14.05.2026) + district NIC sites,0.65,collected,2026-06-26
874,Ajay Singh Rathore,Shri,male,,,"District Magistrate / Collector, Jhalawar, Rajasthan (IAS)",,,,https://election.rajasthan.gov.in/ (Collector & ADM list 14.05.2026) + district NIC sites,0.65,collected,2026-06-26
875,Arun Garg,Dr,male,,,"District Magistrate / Collector, Jhunjhunu, Rajasthan (IAS)",,,,https://election.rajasthan.gov.in/ (Collector & ADM list 14.05.2026) + district NIC sites,0.65,collected,2026-06-26
876,Alok Ranjan,Shri,male,,,"District Magistrate / Collector, Jodhpur, Rajasthan (IAS)",,,,https://election.rajasthan.gov.in/ (Collector & ADM list 14.05.2026) + district NIC sites,0.65,collected,2026-06-26
877,Akshay Godara,Shri,male,,,"District Magistrate / Collector, Karauli, Rajasthan (IAS)",,,,https://election.rajasthan.gov.in/ (Collector & ADM list 14.05.2026) + district NIC sites,0.65,collected,2026-06-26
878,Atul Prakash,Shri,male,,,"District Magistrate / Collector, Khairthal-Tijara, Rajasthan (IAS)",,,,https://election.rajasthan.gov.in/ (Collector & ADM list 14.05.2026) + district NIC sites,0.65,collected,2026-06-26
879,Piyush Samaria,Shri,male,,,"District Magistrate / Collector, Kota, Rajasthan (IAS)",,,,https://election.rajasthan.gov.in/ (Collector & ADM list 14.05.2026) + district NIC sites,0.65,collected,2026-06-26
880,Aparna Gupta,Shri,male,,,"District Magistrate / Collector, Kotputli-Behror, Rajasthan (IAS)",,,,https://election.rajasthan.gov.in/ (Collector & ADM list 14.05.2026) + district NIC sites,0.65,collected,2026-06-26
881,Devendra Kumar,Shri,male,,,"District Magistrate / Collector, Nagaur, Rajasthan (IAS)",,,,https://election.rajasthan.gov.in/ (Collector & ADM list 14.05.2026) + district NIC sites,0.65,collected,2026-06-26
882,Ravindra Goswami,Dr,male,,,"District Magistrate / Collector, Pali, Rajasthan (IAS)",,,,https://election.rajasthan.gov.in/ (Collector & ADM list 14.05.2026) + district NIC sites,0.65,collected,2026-06-26
883,Ankit K. Singh,Shri,male,,,"District Magistrate / Collector, Phalodi, Rajasthan (IAS)",,,,https://election.rajasthan.gov.in/ (Collector & ADM list 14.05.2026) + district NIC sites,0.65,collected,2026-06-26
884,Shubham Chaudhary,Shri,male,,,"District Magistrate / Collector, Pratapgarh, Rajasthan (IAS)",,,,https://election.rajasthan.gov.in/ (Collector & ADM list 14.05.2026) + district NIC sites,0.65,collected,2026-06-26
885,Mukesh Kumar Meena,Shri,male,,,"District Magistrate / Collector, Rajsamand, Rajasthan (IAS)",,,,https://election.rajasthan.gov.in/ (Collector & ADM list 14.05.2026) + district NIC sites,0.65,collected,2026-06-26
886,Mohammed Junaid P.P.,Shri,male,,,"District Magistrate / Collector, Salumbar, Rajasthan (IAS)",,,,https://election.rajasthan.gov.in/ (Collector & ADM list 14.05.2026) + district NIC sites,0.65,collected,2026-06-26
887,Kana Ram,Shri,male,,,"District Magistrate / Collector, Sawai Madhopur, Rajasthan (IAS)",,,,https://election.rajasthan.gov.in/ (Collector & ADM list 14.05.2026) + district NIC sites,0.65,collected,2026-06-26
888,Ashish Modi,Shri,male,,,"District Magistrate / Collector, Sikar, Rajasthan (IAS)",,,,https://election.rajasthan.gov.in/ (Collector & ADM list 14.05.2026) + district NIC sites,0.65,collected,2026-06-26
889,Rohitash Singh Tomar,Shri,male,,,"District Magistrate / Collector, Sirohi, Rajasthan (IAS)",,,,https://election.rajasthan.gov.in/ (Collector & ADM list 14.05.2026) + district NIC sites,0.65,collected,2026-06-26
890,Amit Yadav,Shri,male,,,"District Magistrate / Collector, Sri Ganganagar, Rajasthan (IAS)",,,,https://election.rajasthan.gov.in/ (Collector & ADM list 14.05.2026) + district NIC sites,0.65,collected,2026-06-26
891,Tina Dabi,Smt,female,,,"District Magistrate / Collector, Tonk, Rajasthan (IAS)",,,,https://election.rajasthan.gov.in/ (Collector & ADM list 14.05.2026) + district NIC sites,0.65,collected,2026-06-26
892,Gaurav Agrawal,Shri,male,,,"District Magistrate / Collector, Udaipur, Rajasthan (IAS)",,,,https://election.rajasthan.gov.in/ (Collector & ADM list 14.05.2026) + district NIC sites,0.65,collected,2026-06-26
893,Priyank Mishra,Shri,male,,,"District Magistrate / Collector, Bhopal, Madhya Pradesh (IAS)",,,,https://www.sarkaritel.com/ MP collectors + district NIC sites,0.65,collected,2026-06-26
894,Shivam Verma,Shri,male,,,"District Magistrate / Collector, Indore, Madhya Pradesh (IAS)",,,,https://www.sarkaritel.com/ MP collectors + district NIC sites,0.65,collected,2026-06-26
895,Raghvendra Singh,Shri,male,,,"District Magistrate / Collector, Jabalpur, Madhya Pradesh (IAS)",,,,https://www.sarkaritel.com/ MP collectors + district NIC sites,0.65,collected,2026-06-26
896,Pratibha Pal,Smt,female,,,"District Magistrate / Collector, Sagar, Madhya Pradesh (IAS)",,,,https://www.sarkaritel.com/ MP collectors + district NIC sites,0.65,collected,2026-06-26
897,Narendra Kumar Suryavanshi,Shri,male,,,"District Magistrate / Collector, Rewa, Madhya Pradesh (IAS)",,,,https://www.sarkaritel.com/ MP collectors + district NIC sites,0.65,collected,2026-06-26
898,Satish Kumar S.,Shri,male,,,"District Magistrate / Collector, Satna, Madhya Pradesh (IAS)",,,,https://www.sarkaritel.com/ MP collectors + district NIC sites,0.65,collected,2026-06-26
899,Rajeev Ranjan Meena,Shri,male,,,"District Magistrate / Collector, Dhar, Madhya Pradesh (IAS)",,,,https://www.sarkaritel.com/ MP collectors + district NIC sites,0.65,collected,2026-06-26
900,Misha Singh,Smt,female,,,"District Magistrate / Collector, Ratlam, Madhya Pradesh (IAS)",,,,https://www.sarkaritel.com/ MP collectors + district NIC sites,0.65,collected,2026-06-26
901,Karmveer Sharma,Shri,male,,,"District Magistrate / Collector, Khargone, Madhya Pradesh (IAS)",,,,https://www.sarkaritel.com/ MP collectors + district NIC sites,0.65,collected,2026-06-26
902,Harendra Narayan,Shri,male,,,"District Magistrate / Collector, Chhindwara, Madhya Pradesh (IAS)",,,,https://www.sarkaritel.com/ MP collectors + district NIC sites,0.65,collected,2026-06-26
903,Anshul Gupta,Shri,male,,,"District Magistrate / Collector, Vidisha, Madhya Pradesh (IAS)",,,,https://www.sarkaritel.com/ MP collectors + district NIC sites,0.65,collected,2026-06-26
904,Balaguru K.,Shri,male,,,"District Magistrate / Collector, Sehore, Madhya Pradesh (IAS)",,,,https://www.sarkaritel.com/ MP collectors + district NIC sites,0.65,collected,2026-06-26
905,Arun Kumar Vishwakarma,Shri,male,,,"District Magistrate / Collector, Raisen, Madhya Pradesh (IAS)",,,,https://www.sarkaritel.com/ MP collectors + district NIC sites,0.65,collected,2026-06-26
906,Girish Kumar Mishra,Shri,male,,,"District Magistrate / Collector, Rajgarh, Madhya Pradesh (IAS)",,,,https://www.sarkaritel.com/ MP collectors + district NIC sites,0.65,collected,2026-06-26
907,Saurabh Sanjay Sonawane,Shri,male,,,"District Magistrate / Collector, Betul, Madhya Pradesh (IAS)",,,,https://www.sarkaritel.com/ MP collectors + district NIC sites,0.65,collected,2026-06-26
908,Somesh Mishra,Shri,male,,,"District Magistrate / Collector, Narmadapuram, Madhya Pradesh (IAS)",,,,https://www.sarkaritel.com/ MP collectors + district NIC sites,0.65,collected,2026-06-26
909,Siddharth Jain,Shri,male,,,"District Magistrate / Collector, Harda, Madhya Pradesh (IAS)",,,,https://www.sarkaritel.com/ MP collectors + district NIC sites,0.65,collected,2026-06-26
910,Rishav Gupta,Shri,male,,,"District Magistrate / Collector, Khandwa, Madhya Pradesh (IAS)",,,,https://www.sarkaritel.com/ MP collectors + district NIC sites,0.65,collected,2026-06-26
911,Harsh Singh,Shri,male,,,"District Magistrate / Collector, Burhanpur, Madhya Pradesh (IAS)",,,,https://www.sarkaritel.com/ MP collectors + district NIC sites,0.65,collected,2026-06-26
912,Jayati Singh,Smt,female,,,"District Magistrate / Collector, Barwani, Madhya Pradesh (IAS)",,,,https://www.sarkaritel.com/ MP collectors + district NIC sites,0.65,collected,2026-06-26
913,Neha Meena,Smt,female,,,"District Magistrate / Collector, Jhabua, Madhya Pradesh (IAS)",,,,https://www.sarkaritel.com/ MP collectors + district NIC sites,0.65,collected,2026-06-26
914,Aditi Garg,Smt,female,,,"District Magistrate / Collector, Mandsaur, Madhya Pradesh (IAS)",,,,https://www.sarkaritel.com/ MP collectors + district NIC sites,0.65,collected,2026-06-26
915,Himanshu Chandra,Shri,male,,,"District Magistrate / Collector, Neemuch, Madhya Pradesh (IAS)",,,,https://www.sarkaritel.com/ MP collectors + district NIC sites,0.65,collected,2026-06-26
916,Riju Bafna,Smt,female,,,"District Magistrate / Collector, Shajapur, Madhya Pradesh (IAS)",,,,https://www.sarkaritel.com/ MP collectors + district NIC sites,0.65,collected,2026-06-26
917,Preeti Yadav,Smt,female,,,"District Magistrate / Collector, Agar Malwa, Madhya Pradesh (IAS)",,,,https://www.sarkaritel.com/ MP collectors + district NIC sites,0.65,collected,2026-06-26
918,Lokesh Kumar Jangid,Shri,male,,,"District Magistrate / Collector, Morena, Madhya Pradesh (IAS)",,,,https://www.sarkaritel.com/ MP collectors + district NIC sites,0.65,collected,2026-06-26
919,Kirodi Lal Meena,Shri,male,,,"District Magistrate / Collector, Bhind, Madhya Pradesh (IAS)",,,,https://www.sarkaritel.com/ MP collectors + district NIC sites,0.65,collected,2026-06-26
920,Sheela Dahima,Smt,female,,,"District Magistrate / Collector, Sheopur, Madhya Pradesh (IAS)",,,,https://www.sarkaritel.com/ MP collectors + district NIC sites,0.65,collected,2026-06-26
921,Arpit Verma,Shri,male,,,"District Magistrate / Collector, Shivpuri, Madhya Pradesh (IAS)",,,,https://www.sarkaritel.com/ MP collectors + district NIC sites,0.65,collected,2026-06-26
922,Kishore Kumar Kanyal,Shri,male,,,"District Magistrate / Collector, Guna, Madhya Pradesh (IAS)",,,,https://www.sarkaritel.com/ MP collectors + district NIC sites,0.65,collected,2026-06-26
923,Saket Malviya,Shri,male,,,"District Magistrate / Collector, Ashoknagar, Madhya Pradesh (IAS)",,,,https://www.sarkaritel.com/ MP collectors + district NIC sites,0.65,collected,2026-06-26
924,Swapnil Wankhade,Shri,male,,,"District Magistrate / Collector, Datia, Madhya Pradesh (IAS)",,,,https://www.sarkaritel.com/ MP collectors + district NIC sites,0.65,collected,2026-06-26
925,Vivek Shrotriya,Shri,male,,,"District Magistrate / Collector, Tikamgarh, Madhya Pradesh (IAS)",,,,https://www.sarkaritel.com/ MP collectors + district NIC sites,0.65,collected,2026-06-26
926,Jamuna Bhide,Smt,female,,,"District Magistrate / Collector, Niwari, Madhya Pradesh (IAS)",,,,https://www.sarkaritel.com/ MP collectors + district NIC sites,0.65,collected,2026-06-26
927,Parth Jaiswal,Shri,male,,,"District Magistrate / Collector, Chhatarpur, Madhya Pradesh (IAS)",,,,https://www.sarkaritel.com/ MP collectors + district NIC sites,0.65,collected,2026-06-26
928,Usha Parmar,Smt,female,,,"District Magistrate / Collector, Panna, Madhya Pradesh (IAS)",,,,https://www.sarkaritel.com/ MP collectors + district NIC sites,0.65,collected,2026-06-26
929,Pratap Narayan Yadav,Shri,male,,,"District Magistrate / Collector, Damoh, Madhya Pradesh (IAS)",,,,https://www.sarkaritel.com/ MP collectors + district NIC sites,0.65,collected,2026-06-26
930,Vikas Mishra,Shri,male,,,"District Magistrate / Collector, Sidhi, Madhya Pradesh (IAS)",,,,https://www.sarkaritel.com/ MP collectors + district NIC sites,0.65,collected,2026-06-26
931,Gaurav Benal,Shri,male,,,"District Magistrate / Collector, Singrauli, Madhya Pradesh (IAS)",,,,https://www.sarkaritel.com/ MP collectors + district NIC sites,0.65,collected,2026-06-26
932,Dileep Kumar Yadav,Shri,male,,,"District Magistrate / Collector, Katni, Madhya Pradesh (IAS)",,,,https://www.sarkaritel.com/ MP collectors + district NIC sites,0.65,collected,2026-06-26
933,Rajni Singh,Smt,female,,,"District Magistrate / Collector, Narsinghpur, Madhya Pradesh (IAS)",,,,https://www.sarkaritel.com/ MP collectors + district NIC sites,0.65,collected,2026-06-26
934,Neha Meena,Smt,female,,,"District Magistrate / Collector, Seoni, Madhya Pradesh (IAS)",,,,https://www.sarkaritel.com/ MP collectors + district NIC sites,0.65,collected,2026-06-26
935,Anju Pawan Bhadoria,Shri,male,,,"District Magistrate / Collector, Dindori, Madhya Pradesh (IAS)",,,,https://www.sarkaritel.com/ MP collectors + district NIC sites,0.65,collected,2026-06-26
936,Mrinal Meena,Smt,female,,,"District Magistrate / Collector, Balaghat, Madhya Pradesh (IAS)",,,,https://www.sarkaritel.com/ MP collectors + district NIC sites,0.65,collected,2026-06-26
937,Rakhi Sahay,Smt,female,,,"District Magistrate / Collector, Umaria, Madhya Pradesh (IAS)",,,,https://www.sarkaritel.com/ MP collectors + district NIC sites,0.65,collected,2026-06-26
938,Tarun Bhatnagar,Shri,male,,,"District Magistrate / Collector, Shahdol, Madhya Pradesh (IAS)",,,,https://www.sarkaritel.com/ MP collectors + district NIC sites,0.65,collected,2026-06-26
939,Harshal Pancholi,Shri,male,,,"District Magistrate / Collector, Anuppur, Madhya Pradesh (IAS)",,,,https://www.sarkaritel.com/ MP collectors + district NIC sites,0.65,collected,2026-06-26
940,Bidisha Mukherjee,Smt,female,,,"District Magistrate / Collector, Maihar, Madhya Pradesh (IAS)",,,,https://www.sarkaritel.com/ MP collectors + district NIC sites,0.65,collected,2026-06-26
941,Ajay Shrivastava,Shri,male,,,"District Magistrate / Collector, Mauganj, Madhya Pradesh (IAS)",,,,https://www.sarkaritel.com/ MP collectors + district NIC sites,0.65,collected,2026-06-26
942,Ajay Dev Sharma,Shri,male,,,"District Magistrate / Collector, Pandhurna, Madhya Pradesh (IAS)",,,,https://www.sarkaritel.com/ MP collectors + district NIC sites,0.65,collected,2026-06-26
943,Sangappa,Shri,male,,,"District Magistrate / Collector, Bagalkote, Karnataka (IAS)",,,,https://www.sarkaritel.com/ Karnataka DC directory + district NIC sites + ceg.karnataka.gov.in,0.65,collected,2026-06-26
944,K Nagendraprasad,Shri,male,,,"District Magistrate / Collector, Ballari, Karnataka (IAS)",,,,https://www.sarkaritel.com/ Karnataka DC directory + district NIC sites + ceg.karnataka.gov.in,0.65,collected,2026-06-26
945,Mohammad Roshan,Shri,male,,,"District Magistrate / Collector, Belagavi, Karnataka (IAS)",,,,https://www.sarkaritel.com/ Karnataka DC directory + district NIC sites + ceg.karnataka.gov.in,0.65,collected,2026-06-26
946,Kantharaju P S,Shri,male,,,"District Magistrate / Collector, Bengaluru Urban, Karnataka (IAS)",,,,https://www.sarkaritel.com/ Karnataka DC directory + district NIC sites + ceg.karnataka.gov.in,0.65,collected,2026-06-26
947,Shilpa Sharma,Smt,female,,,"District Magistrate / Collector, Bidar, Karnataka (IAS)",,,,https://www.sarkaritel.com/ Karnataka DC directory + district NIC sites + ceg.karnataka.gov.in,0.65,collected,2026-06-26
948,Shreeroopa,Smt,female,,,"District Magistrate / Collector, Chamarajanagara, Karnataka (IAS)",,,,https://www.sarkaritel.com/ Karnataka DC directory + district NIC sites + ceg.karnataka.gov.in,0.65,collected,2026-06-26
949,Ravindra P.N,Shri,male,,,"District Magistrate / Collector, Chikkaballapura, Karnataka (IAS)",,,,https://www.sarkaritel.com/ Karnataka DC directory + district NIC sites + ceg.karnataka.gov.in,0.65,collected,2026-06-26
950,Bhanwar Singh Meena,Shri,male,,,"District Magistrate / Collector, Chikkamagaluru, Karnataka (IAS)",,,,https://www.sarkaritel.com/ Karnataka DC directory + district NIC sites + ceg.karnataka.gov.in,0.65,collected,2026-06-26
951,Venkatesh T,Shri,male,,,"District Magistrate / Collector, Chitradurga, Karnataka (IAS)",,,,https://www.sarkaritel.com/ Karnataka DC directory + district NIC sites + ceg.karnataka.gov.in,0.65,collected,2026-06-26
952,Darshan H V,Shri,male,,,"District Magistrate / Collector, Dakshina Kannada, Karnataka (IAS)",,,,https://www.sarkaritel.com/ Karnataka DC directory + district NIC sites + ceg.karnataka.gov.in,0.65,collected,2026-06-26
953,Venkatesh M.V,Dr,male,,,"District Magistrate / Collector, Davanagere, Karnataka (IAS)",,,,https://www.sarkaritel.com/ Karnataka DC directory + district NIC sites + ceg.karnataka.gov.in,0.65,collected,2026-06-26
954,Snehal R,Smt,female,,,"District Magistrate / Collector, Dharwad, Karnataka (IAS)",,,,https://www.sarkaritel.com/ Karnataka DC directory + district NIC sites + ceg.karnataka.gov.in,0.65,collected,2026-06-26
955,Vyshali M. L.,Smt,female,,,"District Magistrate / Collector, Gadag, Karnataka (IAS)",,,,https://www.sarkaritel.com/ Karnataka DC directory + district NIC sites + ceg.karnataka.gov.in,0.65,collected,2026-06-26
956,R. Girish,Shri,male,,,"District Magistrate / Collector, Hassan, Karnataka (IAS)",,,,https://www.sarkaritel.com/ Karnataka DC directory + district NIC sites + ceg.karnataka.gov.in,0.65,collected,2026-06-26
957,Vijaymahantesh B. Danammanavar,Dr,male,,,"District Magistrate / Collector, Haveri, Karnataka (IAS)",,,,https://www.sarkaritel.com/ Karnataka DC directory + district NIC sites + ceg.karnataka.gov.in,0.65,collected,2026-06-26
958,Mohammed Ikramulla Shariff,Shri,male,,,"District Magistrate / Collector, Kalaburagi, Karnataka (IAS)",,,,https://www.sarkaritel.com/ Karnataka DC directory + district NIC sites + ceg.karnataka.gov.in,0.65,collected,2026-06-26
959,Somashekar S.J.,Shri,male,,,"District Magistrate / Collector, Kodagu, Karnataka (IAS)",,,,https://www.sarkaritel.com/ Karnataka DC directory + district NIC sites + ceg.karnataka.gov.in,0.65,collected,2026-06-26
960,M R Ravi,Dr,male,,,"District Magistrate / Collector, Kolar, Karnataka (IAS)",,,,https://www.sarkaritel.com/ Karnataka DC directory + district NIC sites + ceg.karnataka.gov.in,0.65,collected,2026-06-26
961,Suresh B Itnal,Dr,male,,,"District Magistrate / Collector, Koppal, Karnataka (IAS)",,,,https://www.sarkaritel.com/ Karnataka DC directory + district NIC sites + ceg.karnataka.gov.in,0.65,collected,2026-06-26
962,N. Manjushree,Shri,male,,,"District Magistrate / Collector, Mandya, Karnataka (IAS)",,,,https://www.sarkaritel.com/ Karnataka DC directory + district NIC sites + ceg.karnataka.gov.in,0.65,collected,2026-06-26
963,G. Lakshmikanth Reddy,Shri,male,,,"District Magistrate / Collector, Mysuru, Karnataka (IAS)",,,,https://www.sarkaritel.com/ Karnataka DC directory + district NIC sites + ceg.karnataka.gov.in,0.65,collected,2026-06-26
964,Nitish K,Shri,male,,,"District Magistrate / Collector, Raichur, Karnataka (IAS)",,,,https://www.sarkaritel.com/ Karnataka DC directory + district NIC sites + ceg.karnataka.gov.in,0.65,collected,2026-06-26
965,Prabhuling Kavalikatti,Shri,male,,,"District Magistrate / Collector, Shivamogga, Karnataka (IAS)",,,,https://www.sarkaritel.com/ Karnataka DC directory + district NIC sites + ceg.karnataka.gov.in,0.65,collected,2026-06-26
966,Subha Kalyan,Smt,female,,,"District Magistrate / Collector, Tumakuru, Karnataka (IAS)",,,,https://www.sarkaritel.com/ Karnataka DC directory + district NIC sites + ceg.karnataka.gov.in,0.65,collected,2026-06-26
967,Swaroopa T.K,Smt,female,,,"District Magistrate / Collector, Udupi, Karnataka (IAS)",,,,https://www.sarkaritel.com/ Karnataka DC directory + district NIC sites + ceg.karnataka.gov.in,0.65,collected,2026-06-26
968,Lakshmi Priya K,Smt,female,,,"District Magistrate / Collector, Uttara Kannada, Karnataka (IAS)",,,,https://www.sarkaritel.com/ Karnataka DC directory + district NIC sites + ceg.karnataka.gov.in,0.65,collected,2026-06-26
969,Anandh K,Dr,male,,,"District Magistrate / Collector, Vijayapura, Karnataka (IAS)",,,,https://www.sarkaritel.com/ Karnataka DC directory + district NIC sites + ceg.karnataka.gov.in,0.65,collected,2026-06-26
970,Kavitha S Mannikeri,Smt,female,,,"District Magistrate / Collector, Vijayanagara, Karnataka (IAS)",,,,https://www.sarkaritel.com/ Karnataka DC directory + district NIC sites + ceg.karnataka.gov.in,0.65,collected,2026-06-26
971,Harshal Bhoyar,Shri,male,,,"District Magistrate / Collector, Yadgiri, Karnataka (IAS)",,,,https://www.sarkaritel.com/ Karnataka DC directory + district NIC sites + ceg.karnataka.gov.in,0.65,collected,2026-06-26
972,Manish Bansal,Shri,male,,,"District Magistrate / Collector, Agra, Uttar Pradesh (IAS)",,,,https://www.sarkaritel.com/divisional-commissioner-district-magistrate-government-of-uttar-pradesh/ + district NIC sites,0.65,collected,2026-06-26
973,Ramesh Ranjan,Shri,male,,,"District Magistrate / Collector, Firozabad, Uttar Pradesh (IAS)",,,,https://www.sarkaritel.com/divisional-commissioner-district-magistrate-government-of-uttar-pradesh/ + district NIC sites,0.65,collected,2026-06-26
974,Indramani Tripathi,Shri,male,,,"District Magistrate / Collector, Mainpuri, Uttar Pradesh (IAS)",,,,https://www.sarkaritel.com/divisional-commissioner-district-magistrate-government-of-uttar-pradesh/ + district NIC sites,0.65,collected,2026-06-26
975,Chandra Prakash Singh,Shri,male,,,"District Magistrate / Collector, Mathura, Uttar Pradesh (IAS)",,,,https://www.sarkaritel.com/divisional-commissioner-district-magistrate-government-of-uttar-pradesh/ + district NIC sites,0.65,collected,2026-06-26
976,Avinash Kumar,Shri,male,,,"District Magistrate / Collector, Aligarh, Uttar Pradesh (IAS)",,,,https://www.sarkaritel.com/divisional-commissioner-district-magistrate-government-of-uttar-pradesh/ + district NIC sites,0.65,collected,2026-06-26
977,Atul Vats,Shri,male,,,"District Magistrate / Collector, Hathras, Uttar Pradesh (IAS)",,,,https://www.sarkaritel.com/divisional-commissioner-district-magistrate-government-of-uttar-pradesh/ + district NIC sites,0.65,collected,2026-06-26
978,Pranay Singh,Shri,male,,,"District Magistrate / Collector, Kasganj, Uttar Pradesh (IAS)",,,,https://www.sarkaritel.com/divisional-commissioner-district-magistrate-government-of-uttar-pradesh/ + district NIC sites,0.65,collected,2026-06-26
979,Arvind Singh,Shri,male,,,"District Magistrate / Collector, Etah, Uttar Pradesh (IAS)",,,,https://www.sarkaritel.com/divisional-commissioner-district-magistrate-government-of-uttar-pradesh/ + district NIC sites,0.65,collected,2026-06-26
980,Manish Kumar Verma,Shri,male,,,"District Magistrate / Collector, Prayagraj, Uttar Pradesh (IAS)",,,,https://www.sarkaritel.com/divisional-commissioner-district-magistrate-government-of-uttar-pradesh/ + district NIC sites,0.65,collected,2026-06-26
981,Amit Pal,Shri,male,,,"District Magistrate / Collector, Kaushambi, Uttar Pradesh (IAS)",,,,https://www.sarkaritel.com/divisional-commissioner-district-magistrate-government-of-uttar-pradesh/ + district NIC sites,0.65,collected,2026-06-26
982,Nidhi Gupta Vats,Smt,female,,,"District Magistrate / Collector, Fatehpur, Uttar Pradesh (IAS)",,,,https://www.sarkaritel.com/divisional-commissioner-district-magistrate-government-of-uttar-pradesh/ + district NIC sites,0.65,collected,2026-06-26
983,Abhishek Pandey,Shri,male,,,"District Magistrate / Collector, Pratapgarh, Uttar Pradesh (IAS)",,,,https://www.sarkaritel.com/divisional-commissioner-district-magistrate-government-of-uttar-pradesh/ + district NIC sites,0.65,collected,2026-06-26
984,Jitendra Pratap Singh,Shri,male,,,"District Magistrate / Collector, Kanpur Nagar, Uttar Pradesh (IAS)",,,,https://www.sarkaritel.com/divisional-commissioner-district-magistrate-government-of-uttar-pradesh/ + district NIC sites,0.65,collected,2026-06-26
985,Kapil Singh,Shri,male,,,"District Magistrate / Collector, Kanpur Dehat, Uttar Pradesh (IAS)",,,,https://www.sarkaritel.com/divisional-commissioner-district-magistrate-government-of-uttar-pradesh/ + district NIC sites,0.65,collected,2026-06-26
986,Shubhrant Kumar Shukla,Shri,male,,,"District Magistrate / Collector, Etawah, Uttar Pradesh (IAS)",,,,https://www.sarkaritel.com/divisional-commissioner-district-magistrate-government-of-uttar-pradesh/ + district NIC sites,0.65,collected,2026-06-26
987,Brijesh Kumar,Shri,male,,,"District Magistrate / Collector, Auraiya, Uttar Pradesh (IAS)",,,,https://www.sarkaritel.com/divisional-commissioner-district-magistrate-government-of-uttar-pradesh/ + district NIC sites,0.65,collected,2026-06-26
988,Anuj Lathar,Shri,male,,,"District Magistrate / Collector, Farrukhabad, Uttar Pradesh (IAS)",,,,https://www.sarkaritel.com/divisional-commissioner-district-magistrate-government-of-uttar-pradesh/ + district NIC sites,0.65,collected,2026-06-26
989,Ashutosh Mohan Agnihotri,Shri,male,,,"District Magistrate / Collector, Kannauj, Uttar Pradesh (IAS)",,,,https://www.sarkaritel.com/divisional-commissioner-district-magistrate-government-of-uttar-pradesh/ + district NIC sites,0.65,collected,2026-06-26
990,Shashank Tripathi,Shri,male,,,"District Magistrate / Collector, Ayodhya, Uttar Pradesh (IAS)",,,,https://www.sarkaritel.com/divisional-commissioner-district-magistrate-government-of-uttar-pradesh/ + district NIC sites,0.65,collected,2026-06-26
991,Isha Priya,Smt,female,,,"District Magistrate / Collector, Ambedkar Nagar, Uttar Pradesh (IAS)",,,,https://www.sarkaritel.com/divisional-commissioner-district-magistrate-government-of-uttar-pradesh/ + district NIC sites,0.65,collected,2026-06-26
992,Gyan Pratap Singh,Shri,male,,,"District Magistrate / Collector, Barabanki, Uttar Pradesh (IAS)",,,,https://www.sarkaritel.com/divisional-commissioner-district-magistrate-government-of-uttar-pradesh/ + district NIC sites,0.65,collected,2026-06-26
993,Inderjit Singh,Shri,male,,,"District Magistrate / Collector, Sultanpur, Uttar Pradesh (IAS)",,,,https://www.sarkaritel.com/divisional-commissioner-district-magistrate-government-of-uttar-pradesh/ + district NIC sites,0.65,collected,2026-06-26
994,Sanjay Chauhan,Shri,male,,,"District Magistrate / Collector, Amethi, Uttar Pradesh (IAS)",,,,https://www.sarkaritel.com/divisional-commissioner-district-magistrate-government-of-uttar-pradesh/ + district NIC sites,0.65,collected,2026-06-26
995,Deepak Meena,Shri,male,,,"District Magistrate / Collector, Gorakhpur, Uttar Pradesh (IAS)",,,,https://www.sarkaritel.com/divisional-commissioner-district-magistrate-government-of-uttar-pradesh/ + district NIC sites,0.65,collected,2026-06-26
996,Divya Mittal,Smt,female,,,"District Magistrate / Collector, Deoria, Uttar Pradesh (IAS)",,,,https://www.sarkaritel.com/divisional-commissioner-district-magistrate-government-of-uttar-pradesh/ + district NIC sites,0.65,collected,2026-06-26
997,Ujwal Kumar,Shri,male,,,"District Magistrate / Collector, Maharajganj, Uttar Pradesh (IAS)",,,,https://www.sarkaritel.com/divisional-commissioner-district-magistrate-government-of-uttar-pradesh/ + district NIC sites,0.65,collected,2026-06-26
998,Mahendra Singh Tawar,Shri,male,,,"District Magistrate / Collector, Kushinagar, Uttar Pradesh (IAS)",,,,https://www.sarkaritel.com/divisional-commissioner-district-magistrate-government-of-uttar-pradesh/ + district NIC sites,0.65,collected,2026-06-26
999,Gaurang Rathi,Shri,male,,,"District Magistrate / Collector, Jhansi, Uttar Pradesh (IAS)",,,,https://www.sarkaritel.com/divisional-commissioner-district-magistrate-government-of-uttar-pradesh/ + district NIC sites,0.65,collected,2026-06-26
1000,Rajesh Kumar Pandey,Shri,male,,,"District Magistrate / Collector, Jalaun, Uttar Pradesh (IAS)",,,,https://www.sarkaritel.com/divisional-commissioner-district-magistrate-government-of-uttar-pradesh/ + district NIC sites,0.65,collected,2026-06-26
1001,Yogendra Shukla,Shri,male,,,"District Magistrate / Collector, Lalitpur, Uttar Pradesh (IAS)",,,,https://www.sarkaritel.com/divisional-commissioner-district-magistrate-government-of-uttar-pradesh/ + district NIC sites,0.65,collected,2026-06-26
1002,Amit Awasthi,Shri,male,,,"District Magistrate / Collector, Banda, Uttar Pradesh (IAS)",,,,https://www.sarkaritel.com/divisional-commissioner-district-magistrate-government-of-uttar-pradesh/ + district NIC sites,0.65,collected,2026-06-26
1003,Shivasharanappa G N,Shri,male,,,"District Magistrate / Collector, Chitrakoot, Uttar Pradesh (IAS)",,,,https://www.sarkaritel.com/divisional-commissioner-district-magistrate-government-of-uttar-pradesh/ + district NIC sites,0.65,collected,2026-06-26
1004,Abhishek Goyal,Shri,male,,,"District Magistrate / Collector, Hamirpur, Uttar Pradesh (IAS)",,,,https://www.sarkaritel.com/divisional-commissioner-district-magistrate-government-of-uttar-pradesh/ + district NIC sites,0.65,collected,2026-06-26
1005,Gazal Bharadwaj,Smt,female,,,"District Magistrate / Collector, Mahoba, Uttar Pradesh (IAS)",,,,https://www.sarkaritel.com/divisional-commissioner-district-magistrate-government-of-uttar-pradesh/ + district NIC sites,0.65,collected,2026-06-26
1006,Priyanka Niranjan,Smt,female,,,"District Magistrate / Collector, Gonda, Uttar Pradesh (IAS)",,,,https://www.sarkaritel.com/divisional-commissioner-district-magistrate-government-of-uttar-pradesh/ + district NIC sites,0.65,collected,2026-06-26
1007,Akshay Tripathi,Shri,male,,,"District Magistrate / Collector, Bahraich, Uttar Pradesh (IAS)",,,,https://www.sarkaritel.com/divisional-commissioner-district-magistrate-government-of-uttar-pradesh/ + district NIC sites,0.65,collected,2026-06-26
1008,Vipin Kumar Jain,Shri,male,,,"District Magistrate / Collector, Balrampur, Uttar Pradesh (IAS)",,,,https://www.sarkaritel.com/divisional-commissioner-district-magistrate-government-of-uttar-pradesh/ + district NIC sites,0.65,collected,2026-06-26
1009,Annapurna Garg,Smt,female,,,"District Magistrate / Collector, Shravasti, Uttar Pradesh (IAS)",,,,https://www.sarkaritel.com/divisional-commissioner-district-magistrate-government-of-uttar-pradesh/ + district NIC sites,0.65,collected,2026-06-26
1010,Arvind Kumar Chauhan,Shri,male,,,"District Magistrate / Collector, Saharanpur, Uttar Pradesh (IAS)",,,,https://www.sarkaritel.com/divisional-commissioner-district-magistrate-government-of-uttar-pradesh/ + district NIC sites,0.65,collected,2026-06-26
1011,Umesh Mishra,Shri,male,,,"District Magistrate / Collector, Muzaffarnagar, Uttar Pradesh (IAS)",,,,https://www.sarkaritel.com/divisional-commissioner-district-magistrate-government-of-uttar-pradesh/ + district NIC sites,0.65,collected,2026-06-26
1012,Alok Yadav,Shri,male,,,"District Magistrate / Collector, Shamli, Uttar Pradesh (IAS)",,,,https://www.sarkaritel.com/divisional-commissioner-district-magistrate-government-of-uttar-pradesh/ + district NIC sites,0.65,collected,2026-06-26
1013,Vishak G,Shri,male,,,"District Magistrate / Collector, Lucknow, Uttar Pradesh (IAS)",,,,https://www.sarkaritel.com/divisional-commissioner-district-magistrate-government-of-uttar-pradesh/ + district NIC sites,0.65,collected,2026-06-26
1014,Anunaya Jha,Shri,male,,,"District Magistrate / Collector, Hardoi, Uttar Pradesh (IAS)",,,,https://www.sarkaritel.com/divisional-commissioner-district-magistrate-government-of-uttar-pradesh/ + district NIC sites,0.65,collected,2026-06-26
1015,Anjani Kumar Singh,Shri,male,,,"District Magistrate / Collector, Lakhimpur Kheri, Uttar Pradesh (IAS)",,,,https://www.sarkaritel.com/divisional-commissioner-district-magistrate-government-of-uttar-pradesh/ + district NIC sites,0.65,collected,2026-06-26
1016,Harshita Mathur,Smt,female,,,"District Magistrate / Collector, Rae Bareli, Uttar Pradesh (IAS)",,,,https://www.sarkaritel.com/divisional-commissioner-district-magistrate-government-of-uttar-pradesh/ + district NIC sites,0.65,collected,2026-06-26
1017,Rajaganapathy R,Shri,male,,,"District Magistrate / Collector, Sitapur, Uttar Pradesh (IAS)",,,,https://www.sarkaritel.com/divisional-commissioner-district-magistrate-government-of-uttar-pradesh/ + district NIC sites,0.65,collected,2026-06-26
1018,Ghanshyam Meena,Shri,male,,,"District Magistrate / Collector, Unnao, Uttar Pradesh (IAS)",,,,https://www.sarkaritel.com/divisional-commissioner-district-magistrate-government-of-uttar-pradesh/ + district NIC sites,0.65,collected,2026-06-26
1019,Vijay Kumar Singh,Shri,male,,,"District Magistrate / Collector, Meerut, Uttar Pradesh (IAS)",,,,https://www.sarkaritel.com/divisional-commissioner-district-magistrate-government-of-uttar-pradesh/ + district NIC sites,0.65,collected,2026-06-26
1020,Medha Roopam,Smt,female,,,"District Magistrate / Collector, Gautam Buddha Nagar, Uttar Pradesh (IAS)",,,,https://www.sarkaritel.com/divisional-commissioner-district-magistrate-government-of-uttar-pradesh/ + district NIC sites,0.65,collected,2026-06-26
1021,Asmita Lal,Smt,female,,,"District Magistrate / Collector, Bagpat, Uttar Pradesh (IAS)",,,,https://www.sarkaritel.com/divisional-commissioner-district-magistrate-government-of-uttar-pradesh/ + district NIC sites,0.65,collected,2026-06-26
1022,Kumar Harsh,Shri,male,,,"District Magistrate / Collector, Bulandshahr, Uttar Pradesh (IAS)",,,,https://www.sarkaritel.com/divisional-commissioner-district-magistrate-government-of-uttar-pradesh/ + district NIC sites,0.65,collected,2026-06-26
1023,Ravindra Kumar Mandar,Shri,male,,,"District Magistrate / Collector, Ghaziabad, Uttar Pradesh (IAS)",,,,https://www.sarkaritel.com/divisional-commissioner-district-magistrate-government-of-uttar-pradesh/ + district NIC sites,0.65,collected,2026-06-26
1024,Kavita Meena,Smt,female,,,"District Magistrate / Collector, Hapur, Uttar Pradesh (IAS)",,,,https://www.sarkaritel.com/divisional-commissioner-district-magistrate-government-of-uttar-pradesh/ + district NIC sites,0.65,collected,2026-06-26
1025,Avinash Singh,Shri,male,,,"District Magistrate / Collector, Bareilly, Uttar Pradesh (IAS)",,,,https://www.sarkaritel.com/divisional-commissioner-district-magistrate-government-of-uttar-pradesh/ + district NIC sites,0.65,collected,2026-06-26
1026,Avanish Rai,Shri,male,,,"District Magistrate / Collector, Budaun, Uttar Pradesh (IAS)",,,,https://www.sarkaritel.com/divisional-commissioner-district-magistrate-government-of-uttar-pradesh/ + district NIC sites,0.65,collected,2026-06-26
1027,Gyanendra Singh,Shri,male,,,"District Magistrate / Collector, Pilibhit, Uttar Pradesh (IAS)",,,,https://www.sarkaritel.com/divisional-commissioner-district-magistrate-government-of-uttar-pradesh/ + district NIC sites,0.65,collected,2026-06-26
1028,Dharmendra Pratap Singh,Shri,male,,,"District Magistrate / Collector, Shahjahanpur, Uttar Pradesh (IAS)",,,,https://www.sarkaritel.com/divisional-commissioner-district-magistrate-government-of-uttar-pradesh/ + district NIC sites,0.65,collected,2026-06-26
1029,Anuj Singh,Shri,male,,,"District Magistrate / Collector, Moradabad, Uttar Pradesh (IAS)",,,,https://www.sarkaritel.com/divisional-commissioner-district-magistrate-government-of-uttar-pradesh/ + district NIC sites,0.65,collected,2026-06-26
1030,Nitin Gaud,Shri,male,,,"District Magistrate / Collector, Amroha, Uttar Pradesh (IAS)",,,,https://www.sarkaritel.com/divisional-commissioner-district-magistrate-government-of-uttar-pradesh/ + district NIC sites,0.65,collected,2026-06-26
1031,Joginder Singh,Shri,male,,,"District Magistrate / Collector, Rampur, Uttar Pradesh (IAS)",,,,https://www.sarkaritel.com/divisional-commissioner-district-magistrate-government-of-uttar-pradesh/ + district NIC sites,0.65,collected,2026-06-26
1032,Jasjit Kaur,Smt,female,,,"District Magistrate / Collector, Bijnor, Uttar Pradesh (IAS)",,,,https://www.sarkaritel.com/divisional-commissioner-district-magistrate-government-of-uttar-pradesh/ + district NIC sites,0.65,collected,2026-06-26
1033,Rajender Pensiya,Shri,male,,,"District Magistrate / Collector, Sambhal, Uttar Pradesh (IAS)",,,,https://www.sarkaritel.com/divisional-commissioner-district-magistrate-government-of-uttar-pradesh/ + district NIC sites,0.65,collected,2026-06-26
1034,Satyendra Kumar,Shri,male,,,"District Magistrate / Collector, Varanasi, Uttar Pradesh (IAS)",,,,https://www.sarkaritel.com/divisional-commissioner-district-magistrate-government-of-uttar-pradesh/ + district NIC sites,0.65,collected,2026-06-26
1035,Chandra Mohan Garg,Shri,male,,,"District Magistrate / Collector, Chandauli, Uttar Pradesh (IAS)",,,,https://www.sarkaritel.com/divisional-commissioner-district-magistrate-government-of-uttar-pradesh/ + district NIC sites,0.65,collected,2026-06-26
1036,Dinesh Chandra,Shri,male,,,"District Magistrate / Collector, Jaunpur, Uttar Pradesh (IAS)",,,,https://www.sarkaritel.com/divisional-commissioner-district-magistrate-government-of-uttar-pradesh/ + district NIC sites,0.65,collected,2026-06-26
1037,Avinash Kumar,Shri,male,,,"District Magistrate / Collector, Ghazipur, Uttar Pradesh (IAS)",,,,https://www.sarkaritel.com/divisional-commissioner-district-magistrate-government-of-uttar-pradesh/ + district NIC sites,0.65,collected,2026-06-26
1038,Ravindra Kumar,Shri,male,,,"District Magistrate / Collector, Azamgarh, Uttar Pradesh (IAS)",,,,https://www.sarkaritel.com/divisional-commissioner-district-magistrate-government-of-uttar-pradesh/ + district NIC sites,0.65,collected,2026-06-26
1039,Mangla Prasad Singh,Shri,male,,,"District Magistrate / Collector, Ballia, Uttar Pradesh (IAS)",,,,https://www.sarkaritel.com/divisional-commissioner-district-magistrate-government-of-uttar-pradesh/ + district NIC sites,0.65,collected,2026-06-26
1040,Praveen Mishra,Shri,male,,,"District Magistrate / Collector, Mau, Uttar Pradesh (IAS)",,,,https://www.sarkaritel.com/divisional-commissioner-district-magistrate-government-of-uttar-pradesh/ + district NIC sites,0.65,collected,2026-06-26
1041,Pawan Kumar Gangwar,Shri,male,,,"District Magistrate / Collector, Mirzapur, Uttar Pradesh (IAS)",,,,https://www.sarkaritel.com/divisional-commissioner-district-magistrate-government-of-uttar-pradesh/ + district NIC sites,0.65,collected,2026-06-26
1042,Shailesh Kumar,Shri,male,,,"District Magistrate / Collector, Bhadohi, Uttar Pradesh (IAS)",,,,https://www.sarkaritel.com/divisional-commissioner-district-magistrate-government-of-uttar-pradesh/ + district NIC sites,0.65,collected,2026-06-26
1043,Badrinath Singh,Shri,male,,,"District Magistrate / Collector, Sonbhadra, Uttar Pradesh (IAS)",,,,https://www.sarkaritel.com/divisional-commissioner-district-magistrate-government-of-uttar-pradesh/ + district NIC sites,0.65,collected,2026-06-26
1044,Krittika Jyotsna,Smt,female,,,"District Magistrate / Collector, Basti, Uttar Pradesh (IAS)",,,,https://www.sarkaritel.com/divisional-commissioner-district-magistrate-government-of-uttar-pradesh/ + district NIC sites,0.65,collected,2026-06-26
1045,Alok Kumar,Shri,male,,,"District Magistrate / Collector, Sant Kabir Nagar, Uttar Pradesh (IAS)",,,,https://www.sarkaritel.com/divisional-commissioner-district-magistrate-government-of-uttar-pradesh/ + district NIC sites,0.65,collected,2026-06-26
1046,Rajaganapathy R,Shri,male,,,"District Magistrate / Collector, Siddharthnagar, Uttar Pradesh (IAS)",,,,https://www.sarkaritel.com/divisional-commissioner-district-magistrate-government-of-uttar-pradesh/ + district NIC sites,0.65,collected,2026-06-26
1047,Kundan Kumar,Shri,male,,,"District Magistrate / Collector, Patna, Bihar (IAS)",,,,https://sarkaritel.com Bihar DM directory + district NIC sites,0.60,collected,2026-06-26
1048,Shashank Shubhankar,Shri,male,,,"District Magistrate / Collector, Gaya, Bihar (IAS)",,,,https://sarkaritel.com Bihar DM directory + district NIC sites,0.60,collected,2026-06-26
1049,Udita Singh,Smt,female,,,"District Magistrate / Collector, Nalanda, Bihar (IAS)",,,,https://sarkaritel.com Bihar DM directory + district NIC sites,0.60,collected,2026-06-26
1050,Tanai Sultania,Shri,male,,,"District Magistrate / Collector, Bhojpur, Bihar (IAS)",,,,https://sarkaritel.com Bihar DM directory + district NIC sites,0.60,collected,2026-06-26
1051,Sahila,Smt,female,,,"District Magistrate / Collector, Buxar, Bihar (IAS)",,,,https://sarkaritel.com Bihar DM directory + district NIC sites,0.60,collected,2026-06-26
1052,Deepak Kumar Mishra,Shri,male,,,"District Magistrate / Collector, Rohtas, Bihar (IAS)",,,,https://sarkaritel.com Bihar DM directory + district NIC sites,0.60,collected,2026-06-26
1053,Nitin Kumar Singh,Shri,male,,,"District Magistrate / Collector, Kaimur, Bihar (IAS)",,,,https://sarkaritel.com Bihar DM directory + district NIC sites,0.60,collected,2026-06-26
1054,Chhiring Y. Bhutia,Shri,male,,,"District Magistrate / Collector, Jehanabad, Bihar (IAS)",,,,https://sarkaritel.com Bihar DM directory + district NIC sites,0.60,collected,2026-06-26
1055,Kumar Gaurav,Shri,male,,,"District Magistrate / Collector, Arwal, Bihar (IAS)",,,,https://sarkaritel.com Bihar DM directory + district NIC sites,0.60,collected,2026-06-26
1056,Ravi Prakash,Shri,male,,,"District Magistrate / Collector, Nawada, Bihar (IAS)",,,,https://sarkaritel.com Bihar DM directory + district NIC sites,0.60,collected,2026-06-26
1057,Subrat Kumar Sen,Shri,male,,,"District Magistrate / Collector, Muzaffarpur, Bihar (IAS)",,,,https://sarkaritel.com Bihar DM directory + district NIC sites,0.60,collected,2026-06-26
1058,Varsha Singh,Smt,female,,,"District Magistrate / Collector, Vaishali, Bihar (IAS)",,,,https://sarkaritel.com Bihar DM directory + district NIC sites,0.60,collected,2026-06-26
1059,Richie Pandey,Smt,female,,,"District Magistrate / Collector, Sitamarhi, Bihar (IAS)",,,,https://sarkaritel.com Bihar DM directory + district NIC sites,0.60,collected,2026-06-26
1060,Vivek Ranjan Maitrey,Shri,male,,,"District Magistrate / Collector, Sheohar, Bihar (IAS)",,,,https://sarkaritel.com Bihar DM directory + district NIC sites,0.60,collected,2026-06-26
1061,Saurabh Jorwal,Shri,male,,,"District Magistrate / Collector, East Champaran, Bihar (IAS)",,,,https://sarkaritel.com Bihar DM directory + district NIC sites,0.60,collected,2026-06-26
1062,Deore Nilesh Ramchandra,Shri,male,,,"District Magistrate / Collector, West Champaran, Bihar (IAS)",,,,https://sarkaritel.com Bihar DM directory + district NIC sites,0.60,collected,2026-06-26
1063,Kaushal Kumar,Shri,male,,,"District Magistrate / Collector, Darbhanga, Bihar (IAS)",,,,https://sarkaritel.com Bihar DM directory + district NIC sites,0.60,collected,2026-06-26
1064,Roshan Kushwaha,Shri,male,,,"District Magistrate / Collector, Samastipur, Bihar (IAS)",,,,https://sarkaritel.com Bihar DM directory + district NIC sites,0.60,collected,2026-06-26
1065,Shrikant Shastree,Shri,male,,,"District Magistrate / Collector, Begusarai, Bihar (IAS)",,,,https://sarkaritel.com Bihar DM directory + district NIC sites,0.60,collected,2026-06-26
1066,Vaibhava Srivastava,Shri,male,,,"District Magistrate / Collector, Saran, Bihar (IAS)",,,,https://sarkaritel.com Bihar DM directory + district NIC sites,0.60,collected,2026-06-26
1067,Vivek Ranjan Maitrey,Shri,male,,,"District Magistrate / Collector, Siwan, Bihar (IAS)",,,,https://sarkaritel.com Bihar DM directory + district NIC sites,0.60,collected,2026-06-26
1068,Samir Saurabh,Shri,male,,,"District Magistrate / Collector, Gopalganj, Bihar (IAS)",,,,https://sarkaritel.com Bihar DM directory + district NIC sites,0.60,collected,2026-06-26
1069,Alankrita Pandey,Smt,female,,,"District Magistrate / Collector, Bhagalpur, Bihar (IAS)",,,,https://sarkaritel.com Bihar DM directory + district NIC sites,0.60,collected,2026-06-26
1070,Anshul Agrawal,Shri,male,,,"District Magistrate / Collector, Banka, Bihar (IAS)",,,,https://sarkaritel.com Bihar DM directory + district NIC sites,0.60,collected,2026-06-26
1071,Arvind Kumar Verma,Shri,male,,,"District Magistrate / Collector, Munger, Bihar (IAS)",,,,https://sarkaritel.com Bihar DM directory + district NIC sites,0.60,collected,2026-06-26
1072,Mithilesh Mishra,Shri,male,,,"District Magistrate / Collector, Lakhisarai, Bihar (IAS)",,,,https://sarkaritel.com Bihar DM directory + district NIC sites,0.60,collected,2026-06-26
1073,Shekhar Anand,Shri,male,,,"District Magistrate / Collector, Sheikhpura, Bihar (IAS)",,,,https://sarkaritel.com Bihar DM directory + district NIC sites,0.60,collected,2026-06-26
1074,Navin,Shri,male,,,"District Magistrate / Collector, Jamui, Bihar (IAS)",,,,https://sarkaritel.com Bihar DM directory + district NIC sites,0.60,collected,2026-06-26
1075,Deepesh Kumar,Shri,male,,,"District Magistrate / Collector, Saharsa, Bihar (IAS)",,,,https://sarkaritel.com Bihar DM directory + district NIC sites,0.60,collected,2026-06-26
1076,Kaushal Kumar,Shri,male,,,"District Magistrate / Collector, Supaul, Bihar (IAS)",,,,https://sarkaritel.com Bihar DM directory + district NIC sites,0.60,collected,2026-06-26
1077,Abhishek Ranjan,Shri,male,,,"District Magistrate / Collector, Madhepura, Bihar (IAS)",,,,https://sarkaritel.com Bihar DM directory + district NIC sites,0.60,collected,2026-06-26
1078,Anshul Kumar,Shri,male,,,"District Magistrate / Collector, Purnia, Bihar (IAS)",,,,https://sarkaritel.com Bihar DM directory + district NIC sites,0.60,collected,2026-06-26
1079,Ashutosh Dwivedi,Shri,male,,,"District Magistrate / Collector, Katihar, Bihar (IAS)",,,,https://sarkaritel.com Bihar DM directory + district NIC sites,0.60,collected,2026-06-26
1080,Vinod Singh Gunjiyal,Shri,male,,,"District Magistrate / Collector, Araria, Bihar (IAS)",,,,https://sarkaritel.com Bihar DM directory + district NIC sites,0.60,collected,2026-06-26
1081,Vishal Raj,Shri,male,,,"District Magistrate / Collector, Kishanganj, Bihar (IAS)",,,,https://sarkaritel.com Bihar DM directory + district NIC sites,0.60,collected,2026-06-26
1082,Navin Kumar,Shri,male,,,"District Magistrate / Collector, Khagaria, Bihar (IAS)",,,,https://sarkaritel.com Bihar DM directory + district NIC sites,0.60,collected,2026-06-26
1083,Saurabh Jorawal,Shri,male,,,"District Magistrate / Collector, Aurangabad, Bihar (IAS)",,,,https://sarkaritel.com Bihar DM directory + district NIC sites,0.60,collected,2026-06-26
1084,N. Mirunalini,Shri,male,,,"District Magistrate / Collector, Ariyalur, Tamil Nadu (IAS)",,,,https://www.tn.gov.in/collectors + district NIC sites,0.60,collected,2026-06-26
1085,S. Malathi Helen,Shri,male,,,"District Magistrate / Collector, Chennai, Tamil Nadu (IAS)",,,,https://www.tn.gov.in/collectors + district NIC sites,0.60,collected,2026-06-26
1086,Pavankumar G. Giriyappanavar,Shri,male,,,"District Magistrate / Collector, Coimbatore, Tamil Nadu (IAS)",,,,https://www.tn.gov.in/collectors + district NIC sites,0.60,collected,2026-06-26
1087,Sibi Adhithya Senthil Kumar,Shri,male,,,"District Magistrate / Collector, Cuddalore, Tamil Nadu (IAS)",,,,https://www.tn.gov.in/collectors + district NIC sites,0.60,collected,2026-06-26
1088,V. Saravanan,Shri,male,,,"District Magistrate / Collector, Dharmapuri, Tamil Nadu (IAS)",,,,https://www.tn.gov.in/collectors + district NIC sites,0.60,collected,2026-06-26
1089,S. Saravanan,Shri,male,,,"District Magistrate / Collector, Dindigul, Tamil Nadu (IAS)",,,,https://www.tn.gov.in/collectors + district NIC sites,0.60,collected,2026-06-26
1090,S. Kandasamy,Shri,male,,,"District Magistrate / Collector, Erode, Tamil Nadu (IAS)",,,,https://www.tn.gov.in/collectors + district NIC sites,0.60,collected,2026-06-26
1091,D. Sneha,Shri,male,,,"District Magistrate / Collector, Kancheepuram, Tamil Nadu (IAS)",,,,https://www.tn.gov.in/collectors + district NIC sites,0.60,collected,2026-06-26
1092,M. Prathap,Shri,male,,,"District Magistrate / Collector, Kanyakumari, Tamil Nadu (IAS)",,,,https://www.tn.gov.in/collectors + district NIC sites,0.60,collected,2026-06-26
1093,C. Muthukumaran,Shri,male,,,"District Magistrate / Collector, Karur, Tamil Nadu (IAS)",,,,https://www.tn.gov.in/collectors + district NIC sites,0.60,collected,2026-06-26
1094,C. Dinesh Kumar,Shri,male,,,"District Magistrate / Collector, Krishnagiri, Tamil Nadu (IAS)",,,,https://www.tn.gov.in/collectors + district NIC sites,0.60,collected,2026-06-26
1095,K.J. Praveenkumar,Shri,male,,,"District Magistrate / Collector, Madurai, Tamil Nadu (IAS)",,,,https://www.tn.gov.in/collectors + district NIC sites,0.60,collected,2026-06-26
1096,H.S. Srikanth,Shri,male,,,"District Magistrate / Collector, Mayiladuthurai, Tamil Nadu (IAS)",,,,https://www.tn.gov.in/collectors + district NIC sites,0.60,collected,2026-06-26
1097,P. Akash,Shri,male,,,"District Magistrate / Collector, Nagapattinam, Tamil Nadu (IAS)",,,,https://www.tn.gov.in/collectors + district NIC sites,0.60,collected,2026-06-26
1098,Durgamoorthi,Shri,male,,,"District Magistrate / Collector, Namakkal, Tamil Nadu (IAS)",,,,https://www.tn.gov.in/collectors + district NIC sites,0.60,collected,2026-06-26
1099,Sharanya Ari,Smt,female,,,"District Magistrate / Collector, Perambalur, Tamil Nadu (IAS)",,,,https://www.tn.gov.in/collectors + district NIC sites,0.60,collected,2026-06-26
1100,M. Aruna,Shri,male,,,"District Magistrate / Collector, Pudukkottai, Tamil Nadu (IAS)",,,,https://www.tn.gov.in/collectors + district NIC sites,0.60,collected,2026-06-26
1101,M. Sivaguru Prabhakaran,Shri,male,,,"District Magistrate / Collector, Ramanathapuram, Tamil Nadu (IAS)",,,,https://www.tn.gov.in/collectors + district NIC sites,0.60,collected,2026-06-26
1102,J.U. ChandraKala,Shri,male,,,"District Magistrate / Collector, Ranipet, Tamil Nadu (IAS)",,,,https://www.tn.gov.in/collectors + district NIC sites,0.60,collected,2026-06-26
1103,K. Elambahavath,Shri,male,,,"District Magistrate / Collector, Salem, Tamil Nadu (IAS)",,,,https://www.tn.gov.in/collectors + district NIC sites,0.60,collected,2026-06-26
1104,S. Malarvizhi,Shri,male,,,"District Magistrate / Collector, Sivaganga, Tamil Nadu (IAS)",,,,https://www.tn.gov.in/collectors + district NIC sites,0.60,collected,2026-06-26
1105,Deepak Jacob,Shri,male,,,"District Magistrate / Collector, Thanjavur, Tamil Nadu (IAS)",,,,https://www.tn.gov.in/collectors + district NIC sites,0.60,collected,2026-06-26
1106,R. Vaithinathan,Shri,male,,,"District Magistrate / Collector, Theni, Tamil Nadu (IAS)",,,,https://www.tn.gov.in/collectors + district NIC sites,0.60,collected,2026-06-26
1107,Lakshmi Bhavya Tanneeru,Smt,female,,,"District Magistrate / Collector, Nilgiris, Tamil Nadu (IAS)",,,,https://www.tn.gov.in/collectors + district NIC sites,0.60,collected,2026-06-26
1108,Vishu Mahajan,Smt,female,,,"District Magistrate / Collector, Thoothukudi, Tamil Nadu (IAS)",,,,https://www.tn.gov.in/collectors + district NIC sites,0.60,collected,2026-06-26
1109,Pratik Tayal,Shri,male,,,"District Magistrate / Collector, Tiruchirappalli, Tamil Nadu (IAS)",,,,https://www.tn.gov.in/collectors + district NIC sites,0.60,collected,2026-06-26
1110,Anand Mohan,Shri,male,,,"District Magistrate / Collector, Tirunelveli, Tamil Nadu (IAS)",,,,https://www.tn.gov.in/collectors + district NIC sites,0.60,collected,2026-06-26
1111,K. Sivasoundaravalli,Shri,male,,,"District Magistrate / Collector, Tirupathur, Tamil Nadu (IAS)",,,,https://www.tn.gov.in/collectors + district NIC sites,0.60,collected,2026-06-26
1112,Narnaware Manish Shankarrao,Shri,male,,,"District Magistrate / Collector, Tiruppur, Tamil Nadu (IAS)",,,,https://www.tn.gov.in/collectors + district NIC sites,0.60,collected,2026-06-26
1113,S. Kavitha,Shri,male,,,"District Magistrate / Collector, Tiruvallur, Tamil Nadu (IAS)",,,,https://www.tn.gov.in/collectors + district NIC sites,0.60,collected,2026-06-26
1114,C. Sureshkumar,Shri,male,,,"District Magistrate / Collector, Tiruvannamalai, Tamil Nadu (IAS)",,,,https://www.tn.gov.in/collectors + district NIC sites,0.60,collected,2026-06-26
1115,V. Mohanachandran,Shri,male,,,"District Magistrate / Collector, Tiruvarur, Tamil Nadu (IAS)",,,,https://www.tn.gov.in/collectors + district NIC sites,0.60,collected,2026-06-26
1116,P.S. Leela Alex,Shri,male,,,"District Magistrate / Collector, Vellore, Tamil Nadu (IAS)",,,,https://www.tn.gov.in/collectors + district NIC sites,0.60,collected,2026-06-26
1117,S. Sheik Abdul Rahaman,Shri,male,,,"District Magistrate / Collector, Viluppuram, Tamil Nadu (IAS)",,,,https://www.tn.gov.in/collectors + district NIC sites,0.60,collected,2026-06-26
1118,Rajarshi Shah,Shri,male,,,"District Magistrate / Collector, Adilabad, Telangana (IAS)",,,,https://www.telangana.gov.in/contacts/district-officials/ + district NIC sites,0.60,collected,2026-06-26
1119,Ankit,Shri,male,,,"District Magistrate / Collector, Bhadradri Kothagudem, Telangana (IAS)",,,,https://www.telangana.gov.in/contacts/district-officials/ + district NIC sites,0.60,collected,2026-06-26
1120,Chahat Bajpai,Smt,female,,,"District Magistrate / Collector, Hanumakonda, Telangana (IAS)",,,,https://www.telangana.gov.in/contacts/district-officials/ + district NIC sites,0.60,collected,2026-06-26
1121,Priyanka Ala,Smt,female,,,"District Magistrate / Collector, Hyderabad, Telangana (IAS)",,,,https://www.telangana.gov.in/contacts/district-officials/ + district NIC sites,0.60,collected,2026-06-26
1122,B. Satya Prasad,Shri,male,,,"District Magistrate / Collector, Jagtial, Telangana (IAS)",,,,https://www.telangana.gov.in/contacts/district-officials/ + district NIC sites,0.60,collected,2026-06-26
1123,Sandeep Kumar Jha,Shri,male,,,"District Magistrate / Collector, Jangaon, Telangana (IAS)",,,,https://www.telangana.gov.in/contacts/district-officials/ + district NIC sites,0.60,collected,2026-06-26
1124,Rahul Sharma,Shri,male,,,"District Magistrate / Collector, Jayashankar Bhupalpally, Telangana (IAS)",,,,https://www.telangana.gov.in/contacts/district-officials/ + district NIC sites,0.60,collected,2026-06-26
1125,Rizwanbasha Shaik,Shri,male,,,"District Magistrate / Collector, Jogulamba Gadwal, Telangana (IAS)",,,,https://www.telangana.gov.in/contacts/district-officials/ + district NIC sites,0.60,collected,2026-06-26
1126,Ashish Sangwan,Shri,male,,,"District Magistrate / Collector, Kamareddy, Telangana (IAS)",,,,https://www.telangana.gov.in/contacts/district-officials/ + district NIC sites,0.60,collected,2026-06-26
1127,Chitra Mishra,Smt,female,,,"District Magistrate / Collector, Karimnagar, Telangana (IAS)",,,,https://www.telangana.gov.in/contacts/district-officials/ + district NIC sites,0.60,collected,2026-06-26
1128,Anudeep Durishetty,Shri,male,,,"District Magistrate / Collector, Khammam, Telangana (IAS)",,,,https://www.telangana.gov.in/contacts/district-officials/ + district NIC sites,0.60,collected,2026-06-26
1129,K. Haritha,Shri,male,,,"District Magistrate / Collector, Kumuram Bheem Asifabad, Telangana (IAS)",,,,https://www.telangana.gov.in/contacts/district-officials/ + district NIC sites,0.60,collected,2026-06-26
1130,Sneha Shabarish,Smt,female,,,"District Magistrate / Collector, Mahabubabad, Telangana (IAS)",,,,https://www.telangana.gov.in/contacts/district-officials/ + district NIC sites,0.60,collected,2026-06-26
1131,Khushboo Gupta,Smt,female,,,"District Magistrate / Collector, Mahabubnagar, Telangana (IAS)",,,,https://www.telangana.gov.in/contacts/district-officials/ + district NIC sites,0.60,collected,2026-06-26
1132,Kumar Deepak,Shri,male,,,"District Magistrate / Collector, Mancherial, Telangana (IAS)",,,,https://www.telangana.gov.in/contacts/district-officials/ + district NIC sites,0.60,collected,2026-06-26
1133,Pratima Singh,Smt,female,,,"District Magistrate / Collector, Medak, Telangana (IAS)",,,,https://www.telangana.gov.in/contacts/district-officials/ + district NIC sites,0.60,collected,2026-06-26
1134,Mikkilineni Manu Choudary,Shri,male,,,"District Magistrate / Collector, Medchal-Malkajgiri, Telangana (IAS)",,,,https://www.telangana.gov.in/contacts/district-officials/ + district NIC sites,0.60,collected,2026-06-26
1135,Divakara T S,Shri,male,,,"District Magistrate / Collector, Mulugu, Telangana (IAS)",,,,https://www.telangana.gov.in/contacts/district-officials/ + district NIC sites,0.60,collected,2026-06-26
1136,Hemanta Keshav Patil,Shri,male,,,"District Magistrate / Collector, Nagarkurnool, Telangana (IAS)",,,,https://www.telangana.gov.in/contacts/district-officials/ + district NIC sites,0.60,collected,2026-06-26
1137,Chandrashekar Badugu,Shri,male,,,"District Magistrate / Collector, Nalgonda, Telangana (IAS)",,,,https://www.telangana.gov.in/contacts/district-officials/ + district NIC sites,0.60,collected,2026-06-26
1138,Chekka Priyanka,Smt,female,,,"District Magistrate / Collector, Narayanpet, Telangana (IAS)",,,,https://www.telangana.gov.in/contacts/district-officials/ + district NIC sites,0.60,collected,2026-06-26
1139,Bhavesh Mishra,Shri,male,,,"District Magistrate / Collector, Nirmal, Telangana (IAS)",,,,https://www.telangana.gov.in/contacts/district-officials/ + district NIC sites,0.60,collected,2026-06-26
1140,Ila Tripathi,Smt,female,,,"District Magistrate / Collector, Nizamabad, Telangana (IAS)",,,,https://www.telangana.gov.in/contacts/district-officials/ + district NIC sites,0.60,collected,2026-06-26
1141,Koya Sriharsha,Shri,male,,,"District Magistrate / Collector, Peddapalli, Telangana (IAS)",,,,https://www.telangana.gov.in/contacts/district-officials/ + district NIC sites,0.60,collected,2026-06-26
1142,Garima Agrawal,Smt,female,,,"District Magistrate / Collector, Rajanna Sircilla, Telangana (IAS)",,,,https://www.telangana.gov.in/contacts/district-officials/ + district NIC sites,0.60,collected,2026-06-26
1143,C. Narayana Reddy,Shri,male,,,"District Magistrate / Collector, Ranga Reddy, Telangana (IAS)",,,,https://www.telangana.gov.in/contacts/district-officials/ + district NIC sites,0.60,collected,2026-06-26
1144,P. Pravinya,Shri,male,,,"District Magistrate / Collector, Sangareddy, Telangana (IAS)",,,,https://www.telangana.gov.in/contacts/district-officials/ + district NIC sites,0.60,collected,2026-06-26
1145,Katta Haimavati,Shri,male,,,"District Magistrate / Collector, Siddipet, Telangana (IAS)",,,,https://www.telangana.gov.in/contacts/district-officials/ + district NIC sites,0.60,collected,2026-06-26
1146,Tejas Nandlal Pawar,Shri,male,,,"District Magistrate / Collector, Suryapet, Telangana (IAS)",,,,https://www.telangana.gov.in/contacts/district-officials/ + district NIC sites,0.60,collected,2026-06-26
1147,Deepak Tewari,Shri,male,,,"District Magistrate / Collector, Vikarabad, Telangana (IAS)",,,,https://www.telangana.gov.in/contacts/district-officials/ + district NIC sites,0.60,collected,2026-06-26
1148,Adarsh Surabhi,Smt,female,,,"District Magistrate / Collector, Wanaparthy, Telangana (IAS)",,,,https://www.telangana.gov.in/contacts/district-officials/ + district NIC sites,0.60,collected,2026-06-26
1149,Satya Sharada Devi,Dr,male,,,"District Magistrate / Collector, Warangal, Telangana (IAS)",,,,https://www.telangana.gov.in/contacts/district-officials/ + district NIC sites,0.60,collected,2026-06-26
1150,M. Hanumantha Rao,Shri,male,,,"District Magistrate / Collector, Yadadri Bhuvanagiri, Telangana (IAS)",,,,https://www.telangana.gov.in/contacts/district-officials/ + district NIC sites,0.60,collected,2026-06-26
1151,Swapnil Dinkar Pundkar,Shri,male,,,"District Magistrate / Collector, Srikakulam, Andhra Pradesh (IAS)",,,,https://www.sarkaritel.com/collectors-of-andhra-pradesh-district-wise-list/ + district NIC sites,0.60,collected,2026-06-26
1152,N. Prabhakara Reddy,Dr,male,,,"District Magistrate / Collector, Parvathipuram Manyam, Andhra Pradesh (IAS)",,,,https://www.sarkaritel.com/collectors-of-andhra-pradesh-district-wise-list/ + district NIC sites,0.60,collected,2026-06-26
1153,M. Abhishikth Kishore,Shri,male,,,"District Magistrate / Collector, Visakhapatnam, Andhra Pradesh (IAS)",,,,https://www.sarkaritel.com/collectors-of-andhra-pradesh-district-wise-list/ + district NIC sites,0.60,collected,2026-06-26
1154,Nishanti T,Smt,female,,,"District Magistrate / Collector, Alluri Sitharama Raju, Andhra Pradesh (IAS)",,,,https://www.sarkaritel.com/collectors-of-andhra-pradesh-district-wise-list/ + district NIC sites,0.60,collected,2026-06-26
1155,Vijaya Krishnan,Smt,female,,,"District Magistrate / Collector, Anakapalli, Andhra Pradesh (IAS)",,,,https://www.sarkaritel.com/collectors-of-andhra-pradesh-district-wise-list/ + district NIC sites,0.60,collected,2026-06-26
1156,M. N. Harendhira Prasad,Shri,male,,,"District Magistrate / Collector, Kakinada, Andhra Pradesh (IAS)",,,,https://www.sarkaritel.com/collectors-of-andhra-pradesh-district-wise-list/ + district NIC sites,0.60,collected,2026-06-26
1157,Kirti Chekuri,Smt,female,,,"District Magistrate / Collector, East Godavari, Andhra Pradesh (IAS)",,,,https://www.sarkaritel.com/collectors-of-andhra-pradesh-district-wise-list/ + district NIC sites,0.60,collected,2026-06-26
1158,Mahesh Kumar Ravirala,Dr,male,,,"District Magistrate / Collector, Dr. B. R. Ambedkar Konaseema, Andhra Pradesh (IAS)",,,,https://www.sarkaritel.com/collectors-of-andhra-pradesh-district-wise-list/ + district NIC sites,0.60,collected,2026-06-26
1159,K. Vetri Selvi,Shri,male,,,"District Magistrate / Collector, Eluru, Andhra Pradesh (IAS)",,,,https://www.sarkaritel.com/collectors-of-andhra-pradesh-district-wise-list/ + district NIC sites,0.60,collected,2026-06-26
1160,C. Nagarani,Shri,male,,,"District Magistrate / Collector, West Godavari, Andhra Pradesh (IAS)",,,,https://www.sarkaritel.com/collectors-of-andhra-pradesh-district-wise-list/ + district NIC sites,0.60,collected,2026-06-26
1161,G. Lakshmisha,Dr,male,,,"District Magistrate / Collector, NTR, Andhra Pradesh (IAS)",,,,https://www.sarkaritel.com/collectors-of-andhra-pradesh-district-wise-list/ + district NIC sites,0.60,collected,2026-06-26
1162,D. K. Balaji,Shri,male,,,"District Magistrate / Collector, Krishna, Andhra Pradesh (IAS)",,,,https://www.sarkaritel.com/collectors-of-andhra-pradesh-district-wise-list/ + district NIC sites,0.60,collected,2026-06-26
1163,Kritika Shukla,Smt,female,,,"District Magistrate / Collector, Palnadu, Andhra Pradesh (IAS)",,,,https://www.sarkaritel.com/collectors-of-andhra-pradesh-district-wise-list/ + district NIC sites,0.60,collected,2026-06-26
1164,A. Thameem Ansariya,Shri,male,,,"District Magistrate / Collector, Guntur, Andhra Pradesh (IAS)",,,,https://www.sarkaritel.com/collectors-of-andhra-pradesh-district-wise-list/ + district NIC sites,0.60,collected,2026-06-26
1165,V. Vinod Kumar,Dr,male,,,"District Magistrate / Collector, Bapatla, Andhra Pradesh (IAS)",,,,https://www.sarkaritel.com/collectors-of-andhra-pradesh-district-wise-list/ + district NIC sites,0.60,collected,2026-06-26
1166,P. Raja Babu,Shri,male,,,"District Magistrate / Collector, Prakasam, Andhra Pradesh (IAS)",,,,https://www.sarkaritel.com/collectors-of-andhra-pradesh-district-wise-list/ + district NIC sites,0.60,collected,2026-06-26
1167,Himanshu Shukla,Shri,male,,,"District Magistrate / Collector, Sri Potti Sriramulu Nellore, Andhra Pradesh (IAS)",,,,https://www.sarkaritel.com/collectors-of-andhra-pradesh-district-wise-list/ + district NIC sites,0.60,collected,2026-06-26
1168,A. Siri,Dr,male,,,"District Magistrate / Collector, Kurnool, Andhra Pradesh (IAS)",,,,https://www.sarkaritel.com/collectors-of-andhra-pradesh-district-wise-list/ + district NIC sites,0.60,collected,2026-06-26
1169,Rajakumari Ganiya,Smt,female,,,"District Magistrate / Collector, Nandyal, Andhra Pradesh (IAS)",,,,https://www.sarkaritel.com/collectors-of-andhra-pradesh-district-wise-list/ + district NIC sites,0.60,collected,2026-06-26
1170,O. Anand,Shri,male,,,"District Magistrate / Collector, Ananthapuramu, Andhra Pradesh (IAS)",,,,https://www.sarkaritel.com/collectors-of-andhra-pradesh-district-wise-list/ + district NIC sites,0.60,collected,2026-06-26
1171,A. Shyam Prasad,Shri,male,,,"District Magistrate / Collector, Sri Sathya Sai, Andhra Pradesh (IAS)",,,,https://www.sarkaritel.com/collectors-of-andhra-pradesh-district-wise-list/ + district NIC sites,0.60,collected,2026-06-26
1172,Sreedhar Cherukuri,Dr,male,,,"District Magistrate / Collector, YSR Kadapa, Andhra Pradesh (IAS)",,,,https://www.sarkaritel.com/collectors-of-andhra-pradesh-district-wise-list/ + district NIC sites,0.60,collected,2026-06-26
1173,Nishant Kumar,Smt,female,,,"District Magistrate / Collector, Annamayya, Andhra Pradesh (IAS)",,,,https://www.sarkaritel.com/collectors-of-andhra-pradesh-district-wise-list/ + district NIC sites,0.60,collected,2026-06-26
1174,S. Venkateswar,Dr,male,,,"District Magistrate / Collector, Tirupati, Andhra Pradesh (IAS)",,,,https://www.sarkaritel.com/collectors-of-andhra-pradesh-district-wise-list/ + district NIC sites,0.60,collected,2026-06-26
1175,Sumit Kumar,Shri,male,,,"District Magistrate / Collector, Chittoor, Andhra Pradesh (IAS)",,,,https://www.sarkaritel.com/collectors-of-andhra-pradesh-district-wise-list/ + district NIC sites,0.60,collected,2026-06-26
1176,Mayuri Vasu,Smt,female,,,"District Magistrate / Collector, Alipurduar, West Bengal (IAS)",,,,https://wb.gov.in/pdf/List of District Magistrate.pdf,0.60,collected,2026-06-26
1177,Siyad N,Shri,male,,,"District Magistrate / Collector, Bankura, West Bengal (IAS)",,,,https://wb.gov.in/pdf/List of District Magistrate.pdf,0.60,collected,2026-06-26
1178,Dhaval Jain,Shri,male,,,"District Magistrate / Collector, Birbhum, West Bengal (IAS)",,,,https://wb.gov.in/pdf/List of District Magistrate.pdf,0.60,collected,2026-06-26
1179,Jitin Yadav,Shri,male,,,"District Magistrate / Collector, Cooch Behar, West Bengal (IAS)",,,,https://wb.gov.in/pdf/List of District Magistrate.pdf,0.60,collected,2026-06-26
1180,Balasubramanian T.,Shri,male,,,"District Magistrate / Collector, Dakshin Dinajpur, West Bengal (IAS)",,,,https://wb.gov.in/pdf/List of District Magistrate.pdf,0.60,collected,2026-06-26
1181,Harishanker Panicker,Shri,male,,,"District Magistrate / Collector, Darjeeling, West Bengal (IAS)",,,,https://wb.gov.in/pdf/List of District Magistrate.pdf,0.60,collected,2026-06-26
1182,Khursheed Ali Qadri,Shri,male,,,"District Magistrate / Collector, Hooghly, West Bengal (IAS)",,,,https://wb.gov.in/pdf/List of District Magistrate.pdf,0.60,collected,2026-06-26
1183,Deepap Priya P.,Smt,female,,,"District Magistrate / Collector, Howrah, West Bengal (IAS)",,,,https://wb.gov.in/pdf/List of District Magistrate.pdf,0.60,collected,2026-06-26
1184,Sandeep Kumar Ghosh,Shri,male,,,"District Magistrate / Collector, Jalpaiguri, West Bengal (IAS)",,,,https://wb.gov.in/pdf/List of District Magistrate.pdf,0.60,collected,2026-06-26
1185,Akanksha Bhaskar,Smt,female,,,"District Magistrate / Collector, Jhargram, West Bengal (IAS)",,,,https://wb.gov.in/pdf/List of District Magistrate.pdf,0.60,collected,2026-06-26
1186,Kuhuk Bhushan,Smt,female,,,"District Magistrate / Collector, Kalimpong, West Bengal (IAS)",,,,https://wb.gov.in/pdf/List of District Magistrate.pdf,0.60,collected,2026-06-26
1187,Rajanvir Singh Kapur,Shri,male,,,"District Magistrate / Collector, Malda, West Bengal (IAS)",,,,https://wb.gov.in/pdf/List of District Magistrate.pdf,0.60,collected,2026-06-26
1188,R. Arjun,Shri,male,,,"District Magistrate / Collector, Murshidabad, West Bengal (IAS)",,,,https://wb.gov.in/pdf/List of District Magistrate.pdf,0.60,collected,2026-06-26
1189,Srikanth Palli,Shri,male,,,"District Magistrate / Collector, Nadia, West Bengal (IAS)",,,,https://wb.gov.in/pdf/List of District Magistrate.pdf,0.60,collected,2026-06-26
1190,Shilpa Gourisaria,Smt,female,,,"District Magistrate / Collector, North 24 Parganas, West Bengal (IAS)",,,,https://wb.gov.in/pdf/List of District Magistrate.pdf,0.60,collected,2026-06-26
1191,Ponnambalam S.,Shri,male,,,"District Magistrate / Collector, Paschim Bardhaman, West Bengal (IAS)",,,,https://wb.gov.in/pdf/List of District Magistrate.pdf,0.60,collected,2026-06-26
1192,Bijan Krishna,Shri,male,,,"District Magistrate / Collector, Paschim Medinipur, West Bengal (IAS)",,,,https://wb.gov.in/pdf/List of District Magistrate.pdf,0.60,collected,2026-06-26
1193,Sweta Agarwal,Smt,female,,,"District Magistrate / Collector, Purba Bardhaman, West Bengal (IAS)",,,,https://wb.gov.in/pdf/List of District Magistrate.pdf,0.60,collected,2026-06-26
1194,Niranjan Kumar,Shri,male,,,"District Magistrate / Collector, Purba Medinipur, West Bengal (IAS)",,,,https://wb.gov.in/pdf/List of District Magistrate.pdf,0.60,collected,2026-06-26
1195,Kontham Sudhir,Shri,male,,,"District Magistrate / Collector, Purulia, West Bengal (IAS)",,,,https://wb.gov.in/pdf/List of District Magistrate.pdf,0.60,collected,2026-06-26
1196,Abhishek Kumar Tiwary,Shri,male,,,"District Magistrate / Collector, South 24 Parganas, West Bengal (IAS)",,,,https://wb.gov.in/pdf/List of District Magistrate.pdf,0.60,collected,2026-06-26
1197,Vivek Kumar,Shri,male,,,"District Magistrate / Collector, Uttar Dinajpur, West Bengal (IAS)",,,,https://wb.gov.in/pdf/List of District Magistrate.pdf,0.60,collected,2026-06-26
1198,Siddharth Shankar Swain,Shri,male,,,"District Magistrate / Collector, Angul, Odisha (IAS)",,,,https://odisha.gov.in/en/state-portal-district-officials + district NIC sites,0.60,collected,2026-06-26
1199,Gaurav Shivaji Isalwar,Shri,male,,,"District Magistrate / Collector, Balangir, Odisha (IAS)",,,,https://odisha.gov.in/en/state-portal-district-officials + district NIC sites,0.60,collected,2026-06-26
1200,Suryawanshi Mayur Vikas,Shri,male,,,"District Magistrate / Collector, Balasore, Odisha (IAS)",,,,https://odisha.gov.in/en/state-portal-district-officials + district NIC sites,0.60,collected,2026-06-26
1201,Aditya Goyal,Shri,male,,,"District Magistrate / Collector, Bargarh, Odisha (IAS)",,,,https://odisha.gov.in/en/state-portal-district-officials + district NIC sites,0.60,collected,2026-06-26
1202,Dilip Routrai,Shri,male,,,"District Magistrate / Collector, Bhadrak, Odisha (IAS)",,,,https://odisha.gov.in/en/state-portal-district-officials + district NIC sites,0.60,collected,2026-06-26
1203,Bibhuti Bhusan Nayak,Shri,male,,,"District Magistrate / Collector, Boudh, Odisha (IAS)",,,,https://odisha.gov.in/en/state-portal-district-officials + district NIC sites,0.60,collected,2026-06-26
1204,Dattatraya Bhausaheb Shinde,Shri,male,,,"District Magistrate / Collector, Cuttack, Odisha (IAS)",,,,https://odisha.gov.in/en/state-portal-district-officials + district NIC sites,0.60,collected,2026-06-26
1205,Kabindra Kumar Sahoo,Shri,male,,,"District Magistrate / Collector, Deogarh, Odisha (IAS)",,,,https://odisha.gov.in/en/state-portal-district-officials + district NIC sites,0.60,collected,2026-06-26
1206,Amrit Ruturaj,Shri,male,,,"District Magistrate / Collector, Dhenkanal, Odisha (IAS)",,,,https://odisha.gov.in/en/state-portal-district-officials + district NIC sites,0.60,collected,2026-06-26
1207,Madhumita,Smt,female,,,"District Magistrate / Collector, Gajapati, Odisha (IAS)",,,,https://odisha.gov.in/en/state-portal-district-officials + district NIC sites,0.60,collected,2026-06-26
1208,Keerthi Vasan V,Shri,male,,,"District Magistrate / Collector, Ganjam, Odisha (IAS)",,,,https://odisha.gov.in/en/state-portal-district-officials + district NIC sites,0.60,collected,2026-06-26
1209,J Sonal,Shri,male,,,"District Magistrate / Collector, Jagatsinghpur, Odisha (IAS)",,,,https://odisha.gov.in/en/state-portal-district-officials + district NIC sites,0.60,collected,2026-06-26
1210,Ambar Kumar Kar,Shri,male,,,"District Magistrate / Collector, Jajpur, Odisha (IAS)",,,,https://odisha.gov.in/en/state-portal-district-officials + district NIC sites,0.60,collected,2026-06-26
1211,Chavan Kunal Motiram,Shri,male,,,"District Magistrate / Collector, Jharsuguda, Odisha (IAS)",,,,https://odisha.gov.in/en/state-portal-district-officials + district NIC sites,0.60,collected,2026-06-26
1212,Sachin Pawar,Shri,male,,,"District Magistrate / Collector, Kalahandi, Odisha (IAS)",,,,https://odisha.gov.in/en/state-portal-district-officials + district NIC sites,0.60,collected,2026-06-26
1213,Vedbhushan,Shri,male,,,"District Magistrate / Collector, Kandhamal, Odisha (IAS)",,,,https://odisha.gov.in/en/state-portal-district-officials + district NIC sites,0.60,collected,2026-06-26
1214,Raghuram R. Iyer,Shri,male,,,"District Magistrate / Collector, Kendrapara, Odisha (IAS)",,,,https://odisha.gov.in/en/state-portal-district-officials + district NIC sites,0.60,collected,2026-06-26
1215,Vishal Singh,Shri,male,,,"District Magistrate / Collector, Kendujhar, Odisha (IAS)",,,,https://odisha.gov.in/en/state-portal-district-officials + district NIC sites,0.60,collected,2026-06-26
1216,Amrit Ruturaj,Shri,male,,,"District Magistrate / Collector, Khordha, Odisha (IAS)",,,,https://odisha.gov.in/en/state-portal-district-officials + district NIC sites,0.60,collected,2026-06-26
1217,Manoj Satyawan Mahajan,Shri,male,,,"District Magistrate / Collector, Koraput, Odisha (IAS)",,,,https://odisha.gov.in/en/state-portal-district-officials + district NIC sites,0.60,collected,2026-06-26
1218,Somesh Kumar Upadhyay,Shri,male,,,"District Magistrate / Collector, Malkangiri, Odisha (IAS)",,,,https://odisha.gov.in/en/state-portal-district-officials + district NIC sites,0.60,collected,2026-06-26
1219,Hema Kanta Say,Smt,female,,,"District Magistrate / Collector, Mayurbhanj, Odisha (IAS)",,,,https://odisha.gov.in/en/state-portal-district-officials + district NIC sites,0.60,collected,2026-06-26
1220,Maheswar Swain,Dr,male,,,"District Magistrate / Collector, Nabarangpur, Odisha (IAS)",,,,https://odisha.gov.in/en/state-portal-district-officials + district NIC sites,0.60,collected,2026-06-26
1221,Madhumita Rath,Smt,female,,,"District Magistrate / Collector, Nayagarh, Odisha (IAS)",,,,https://odisha.gov.in/en/state-portal-district-officials + district NIC sites,0.60,collected,2026-06-26
1222,Amritpal Singh,Shri,male,,,"District Magistrate / Collector, Nuapada, Odisha (IAS)",,,,https://odisha.gov.in/en/state-portal-district-officials + district NIC sites,0.60,collected,2026-06-26
1223,Dibya Jyoti Parida,Shri,male,,,"District Magistrate / Collector, Puri, Odisha (IAS)",,,,https://odisha.gov.in/en/state-portal-district-officials + district NIC sites,0.60,collected,2026-06-26
1224,Ashutosh Kulkarni,Shri,male,,,"District Magistrate / Collector, Rayagada, Odisha (IAS)",,,,https://odisha.gov.in/en/state-portal-district-officials + district NIC sites,0.60,collected,2026-06-26
1225,Mukesh Kumar Bhamoo,Shri,male,,,"District Magistrate / Collector, Sambalpur, Odisha (IAS)",,,,https://odisha.gov.in/en/state-portal-district-officials + district NIC sites,0.60,collected,2026-06-26
1226,Nruparaj Sahu,Shri,male,,,"District Magistrate / Collector, Subarnapur, Odisha (IAS)",,,,https://odisha.gov.in/en/state-portal-district-officials + district NIC sites,0.60,collected,2026-06-26
1227,Subhankar Mohapatra,Dr,male,,,"District Magistrate / Collector, Sundargarh, Odisha (IAS)",,,,https://odisha.gov.in/en/state-portal-district-officials + district NIC sites,0.60,collected,2026-06-26
1228,Dalwinderjit Singh,Shri,male,,,"District Magistrate / Collector, Amritsar, Punjab (IAS)",,,,https://www.sarkaritel.com PB DC directory + district NIC sites,0.60,collected,2026-06-26
1229,Harpreet Singh,Shri,male,,,"District Magistrate / Collector, Barnala, Punjab (IAS)",,,,https://www.sarkaritel.com PB DC directory + district NIC sites,0.60,collected,2026-06-26
1230,Showkat Ahmad Parray,Shri,male,,,"District Magistrate / Collector, Bathinda, Punjab (IAS)",,,,https://www.sarkaritel.com PB DC directory + district NIC sites,0.60,collected,2026-06-26
1231,Rahul Chaba,Shri,male,,,"District Magistrate / Collector, Faridkot, Punjab (IAS)",,,,https://www.sarkaritel.com PB DC directory + district NIC sites,0.60,collected,2026-06-26
1232,Sona Thind,Smt,female,,,"District Magistrate / Collector, Fatehgarh Sahib, Punjab (IAS)",,,,https://www.sarkaritel.com PB DC directory + district NIC sites,0.60,collected,2026-06-26
1233,Amarpreet Kaur Sandhu,Smt,female,,,"District Magistrate / Collector, Fazilka, Punjab (IAS)",,,,https://www.sarkaritel.com PB DC directory + district NIC sites,0.60,collected,2026-06-26
1234,Deepshikha Sharma,Smt,female,,,"District Magistrate / Collector, Firozpur, Punjab (IAS)",,,,https://www.sarkaritel.com PB DC directory + district NIC sites,0.60,collected,2026-06-26
1235,Aditya Uppal,Shri,male,,,"District Magistrate / Collector, Gurdaspur, Punjab (IAS)",,,,https://www.sarkaritel.com PB DC directory + district NIC sites,0.60,collected,2026-06-26
1236,Aashika Jain,Smt,female,,,"District Magistrate / Collector, Hoshiarpur, Punjab (IAS)",,,,https://www.sarkaritel.com PB DC directory + district NIC sites,0.60,collected,2026-06-26
1237,Varinder Kumar Sharma,Shri,male,,,"District Magistrate / Collector, Jalandhar, Punjab (IAS)",,,,https://www.sarkaritel.com PB DC directory + district NIC sites,0.60,collected,2026-06-26
1238,Aakash Bansal,Shri,male,,,"District Magistrate / Collector, Kapurthala, Punjab (IAS)",,,,https://www.sarkaritel.com PB DC directory + district NIC sites,0.60,collected,2026-06-26
1239,Himanshu Jain,Shri,male,,,"District Magistrate / Collector, Ludhiana, Punjab (IAS)",,,,https://www.sarkaritel.com PB DC directory + district NIC sites,0.60,collected,2026-06-26
1240,Viraj Shyamkarn Tidke,Shri,male,,,"District Magistrate / Collector, Malerkotla, Punjab (IAS)",,,,https://www.sarkaritel.com PB DC directory + district NIC sites,0.60,collected,2026-06-26
1241,Kulwant Singh,Shri,male,,,"District Magistrate / Collector, Mansa, Punjab (IAS)",,,,https://www.sarkaritel.com PB DC directory + district NIC sites,0.60,collected,2026-06-26
1242,Sagar Setia,Shri,male,,,"District Magistrate / Collector, Moga, Punjab (IAS)",,,,https://www.sarkaritel.com PB DC directory + district NIC sites,0.60,collected,2026-06-26
1243,Pallavi,Smt,female,,,"District Magistrate / Collector, Pathankot, Punjab (IAS)",,,,https://www.sarkaritel.com PB DC directory + district NIC sites,0.60,collected,2026-06-26
1244,Preeti Yadav,Smt,female,,,"District Magistrate / Collector, Patiala, Punjab (IAS)",,,,https://www.sarkaritel.com PB DC directory + district NIC sites,0.60,collected,2026-06-26
1245,Aaditya Dachalwal,Shri,male,,,"District Magistrate / Collector, Rupnagar, Punjab (IAS)",,,,https://www.sarkaritel.com PB DC directory + district NIC sites,0.60,collected,2026-06-26
1246,Poonamdeep Kaur,Smt,female,,,"District Magistrate / Collector, Sangrur, Punjab (IAS)",,,,https://www.sarkaritel.com PB DC directory + district NIC sites,0.60,collected,2026-06-26
1247,Gulpreet Singh Aulakh,Shri,male,,,"District Magistrate / Collector, Shaheed Bhagat Singh Nagar, Punjab (IAS)",,,,https://www.sarkaritel.com PB DC directory + district NIC sites,0.60,collected,2026-06-26
1248,Amit Kumar Panchal,Shri,male,,,"District Magistrate / Collector, Sri Muktsar Sahib, Punjab (IAS)",,,,https://www.sarkaritel.com PB DC directory + district NIC sites,0.60,collected,2026-06-26
1249,Komal Mittal,Smt,female,,,"District Magistrate / Collector, Sahibzada Ajit Singh Nagar, Punjab (IAS)",,,,https://www.sarkaritel.com PB DC directory + district NIC sites,0.60,collected,2026-06-26
1250,Rahul,Shri,male,,,"District Magistrate / Collector, Tarn Taran, Punjab (IAS)",,,,https://www.sarkaritel.com PB DC directory + district NIC sites,0.60,collected,2026-06-26
1251,Sharandeep Kaur Brar,Smt,female,,,"District Magistrate / Collector, Ambala, Haryana (IAS)",,,,https://www.sarkaritel.com HR DC directory + district NIC sites,0.60,collected,2026-06-26
1252,Sahil Gupta,Shri,male,,,"District Magistrate / Collector, Bhiwani, Haryana (IAS)",,,,https://www.sarkaritel.com HR DC directory + district NIC sites,0.60,collected,2026-06-26
1253,Mandeep Kaur,Smt,female,,,"District Magistrate / Collector, Charkhi Dadri, Haryana (IAS)",,,,https://www.sarkaritel.com HR DC directory + district NIC sites,0.60,collected,2026-06-26
1254,Ayush Sinha,Shri,male,,,"District Magistrate / Collector, Faridabad, Haryana (IAS)",,,,https://www.sarkaritel.com HR DC directory + district NIC sites,0.60,collected,2026-06-26
1255,Mahavir Kaushik,Shri,male,,,"District Magistrate / Collector, Fatehabad, Haryana (IAS)",,,,https://www.sarkaritel.com HR DC directory + district NIC sites,0.60,collected,2026-06-26
1256,Uttam Singh,Shri,male,,,"District Magistrate / Collector, Gurugram, Haryana (IAS)",,,,https://www.sarkaritel.com HR DC directory + district NIC sites,0.60,collected,2026-06-26
1257,Anish Yadav,Shri,male,,,"District Magistrate / Collector, Hisar, Haryana (IAS)",,,,https://www.sarkaritel.com HR DC directory + district NIC sites,0.60,collected,2026-06-26
1258,Varsha Khangwal,Smt,female,,,"District Magistrate / Collector, Jhajjar, Haryana (IAS)",,,,https://www.sarkaritel.com HR DC directory + district NIC sites,0.60,collected,2026-06-26
1259,Vaishali Sharma,Smt,female,,,"District Magistrate / Collector, Jind, Haryana (IAS)",,,,https://www.sarkaritel.com HR DC directory + district NIC sites,0.60,collected,2026-06-26
1260,Aparajita,Smt,female,,,"District Magistrate / Collector, Kaithal, Haryana (IAS)",,,,https://www.sarkaritel.com HR DC directory + district NIC sites,0.60,collected,2026-06-26
1261,Anand Kumar Sharma,Shri,male,,,"District Magistrate / Collector, Karnal, Haryana (IAS)",,,,https://www.sarkaritel.com HR DC directory + district NIC sites,0.60,collected,2026-06-26
1262,Vishram Kumar Meena,Shri,male,,,"District Magistrate / Collector, Kurukshetra, Haryana (IAS)",,,,https://www.sarkaritel.com HR DC directory + district NIC sites,0.60,collected,2026-06-26
1263,Anupama Anjali,Smt,female,,,"District Magistrate / Collector, Mahendragarh, Haryana (IAS)",,,,https://www.sarkaritel.com HR DC directory + district NIC sites,0.60,collected,2026-06-26
1264,Ajay Kumar,Shri,male,,,"District Magistrate / Collector, Nuh, Haryana (IAS)",,,,https://www.sarkaritel.com HR DC directory + district NIC sites,0.60,collected,2026-06-26
1265,Harish Vashisht,Shri,male,,,"District Magistrate / Collector, Palwal, Haryana (IAS)",,,,https://www.sarkaritel.com HR DC directory + district NIC sites,0.60,collected,2026-06-26
1266,Yash Garg,Dr,male,,,"District Magistrate / Collector, Panchkula, Haryana (IAS)",,,,https://www.sarkaritel.com HR DC directory + district NIC sites,0.60,collected,2026-06-26
1267,Harish Kumar Vashishth,Dr,male,,,"District Magistrate / Collector, Panipat, Haryana (IAS)",,,,https://www.sarkaritel.com HR DC directory + district NIC sites,0.60,collected,2026-06-26
1268,Abhishek Meena,Shri,male,,,"District Magistrate / Collector, Rewari, Haryana (IAS)",,,,https://www.sarkaritel.com HR DC directory + district NIC sites,0.60,collected,2026-06-26
1269,Sachin Gupta,Shri,male,,,"District Magistrate / Collector, Rohtak, Haryana (IAS)",,,,https://www.sarkaritel.com HR DC directory + district NIC sites,0.60,collected,2026-06-26
1270,Lakshit Sareen,Shri,male,,,"District Magistrate / Collector, Sirsa, Haryana (IAS)",,,,https://www.sarkaritel.com HR DC directory + district NIC sites,0.60,collected,2026-06-26
1271,Sushil Sarwan,Shri,male,,,"District Magistrate / Collector, Sonipat, Haryana (IAS)",,,,https://www.sarkaritel.com HR DC directory + district NIC sites,0.60,collected,2026-06-26
1272,Preeti,Smt,female,,,"District Magistrate / Collector, Yamunanagar, Haryana (IAS)",,,,https://www.sarkaritel.com HR DC directory + district NIC sites,0.60,collected,2026-06-26
1273,Manjunath Bhajantri,Shri,male,,,"District Magistrate / Collector, Ranchi, Jharkhand (IAS)",,,,https://sec.jharkhand.gov.in/Images/contacts.pdf + district NIC sites,0.60,collected,2026-06-26
1274,Karn Satyarthi,Shri,male,,,"District Magistrate / Collector, East Singhbhum, Jharkhand (IAS)",,,,https://sec.jharkhand.gov.in/Images/contacts.pdf + district NIC sites,0.60,collected,2026-06-26
1275,Manish Kumar,Shri,male,,,"District Magistrate / Collector, West Singhbhum, Jharkhand (IAS)",,,,https://sec.jharkhand.gov.in/Images/contacts.pdf + district NIC sites,0.60,collected,2026-06-26
1276,Nitish Kumar Singh,Shri,male,,,"District Magistrate / Collector, Saraikela-Kharsawan, Jharkhand (IAS)",,,,https://sec.jharkhand.gov.in/Images/contacts.pdf + district NIC sites,0.60,collected,2026-06-26
1277,Aditya Ranjan,Shri,male,,,"District Magistrate / Collector, Dhanbad, Jharkhand (IAS)",,,,https://sec.jharkhand.gov.in/Images/contacts.pdf + district NIC sites,0.60,collected,2026-06-26
1278,Ajay Nath Jha,Shri,male,,,"District Magistrate / Collector, Bokaro, Jharkhand (IAS)",,,,https://sec.jharkhand.gov.in/Images/contacts.pdf + district NIC sites,0.60,collected,2026-06-26
1279,Aditya Kumar Anand,Shri,male,,,"District Magistrate / Collector, Hazaribagh, Jharkhand (IAS)",,,,https://sec.jharkhand.gov.in/Images/contacts.pdf + district NIC sites,0.60,collected,2026-06-26
1280,Ravi Anand,Shri,male,,,"District Magistrate / Collector, Chatra, Jharkhand (IAS)",,,,https://sec.jharkhand.gov.in/Images/contacts.pdf + district NIC sites,0.60,collected,2026-06-26
1281,Utkarsh Gupta,Shri,male,,,"District Magistrate / Collector, Koderma, Jharkhand (IAS)",,,,https://sec.jharkhand.gov.in/Images/contacts.pdf + district NIC sites,0.60,collected,2026-06-26
1282,Rituraj,Shri,male,,,"District Magistrate / Collector, Ramgarh, Jharkhand (IAS)",,,,https://sec.jharkhand.gov.in/Images/contacts.pdf + district NIC sites,0.60,collected,2026-06-26
1283,Naman Priyesh Lakra,Shri,male,,,"District Magistrate / Collector, Deoghar, Jharkhand (IAS)",,,,https://sec.jharkhand.gov.in/Images/contacts.pdf + district NIC sites,0.60,collected,2026-06-26
1284,Abhijeet Sinha,Shri,male,,,"District Magistrate / Collector, Dumka, Jharkhand (IAS)",,,,https://sec.jharkhand.gov.in/Images/contacts.pdf + district NIC sites,0.60,collected,2026-06-26
1285,Deepak Kumar Dubey,Shri,male,,,"District Magistrate / Collector, Sahibganj, Jharkhand (IAS)",,,,https://sec.jharkhand.gov.in/Images/contacts.pdf + district NIC sites,0.60,collected,2026-06-26
1286,Megha Bhardwaj,Smt,female,,,"District Magistrate / Collector, Pakur, Jharkhand (IAS)",,,,https://sec.jharkhand.gov.in/Images/contacts.pdf + district NIC sites,0.60,collected,2026-06-26
1287,Lokesh Mishra,Shri,male,,,"District Magistrate / Collector, Godda, Jharkhand (IAS)",,,,https://sec.jharkhand.gov.in/Images/contacts.pdf + district NIC sites,0.60,collected,2026-06-26
1288,Dilip Pratap Singh Shekhawat,Shri,male,,,"District Magistrate / Collector, Palamu, Jharkhand (IAS)",,,,https://sec.jharkhand.gov.in/Images/contacts.pdf + district NIC sites,0.60,collected,2026-06-26
1289,Sandeep Kumar,Shri,male,,,"District Magistrate / Collector, Latehar, Jharkhand (IAS)",,,,https://sec.jharkhand.gov.in/Images/contacts.pdf + district NIC sites,0.60,collected,2026-06-26
1290,Ananya Mittal,Smt,female,,,"District Magistrate / Collector, Garhwa, Jharkhand (IAS)",,,,https://sec.jharkhand.gov.in/Images/contacts.pdf + district NIC sites,0.60,collected,2026-06-26
1291,Sandeep Kumar Meena,Shri,male,,,"District Magistrate / Collector, Lohardaga, Jharkhand (IAS)",,,,https://sec.jharkhand.gov.in/Images/contacts.pdf + district NIC sites,0.60,collected,2026-06-26
1292,Dileshwar Mahato,Shri,male,,,"District Magistrate / Collector, Gumla, Jharkhand (IAS)",,,,https://sec.jharkhand.gov.in/Images/contacts.pdf + district NIC sites,0.60,collected,2026-06-26
1293,Kanchan Singh,Smt,female,,,"District Magistrate / Collector, Simdega, Jharkhand (IAS)",,,,https://sec.jharkhand.gov.in/Images/contacts.pdf + district NIC sites,0.60,collected,2026-06-26
1294,R. Ronita,Shri,male,,,"District Magistrate / Collector, Khunti, Jharkhand (IAS)",,,,https://sec.jharkhand.gov.in/Images/contacts.pdf + district NIC sites,0.60,collected,2026-06-26
1295,Saurabh Kumar,Shri,male,,,"District Magistrate / Collector, Bilaspur, Chhattisgarh (IAS)",,,,https://www.sarkaritel.com CG collectors + district NIC sites,0.60,collected,2026-06-26
1296,Santosh Kumar Devangan,Shri,male,,,"District Magistrate / Collector, Gaurella-Pendra-Marwahi, Chhattisgarh (IAS)",,,,https://www.sarkaritel.com CG collectors + district NIC sites,0.60,collected,2026-06-26
1297,Janmejay Mahobe,Shri,male,,,"District Magistrate / Collector, Janjgir-Champa, Chhattisgarh (IAS)",,,,https://www.sarkaritel.com CG collectors + district NIC sites,0.60,collected,2026-06-26
1298,Kunal Dudawat,Shri,male,,,"District Magistrate / Collector, Korba, Chhattisgarh (IAS)",,,,https://www.sarkaritel.com CG collectors + district NIC sites,0.60,collected,2026-06-26
1299,Kundan Kumar,Shri,male,,,"District Magistrate / Collector, Mungeli, Chhattisgarh (IAS)",,,,https://www.sarkaritel.com CG collectors + district NIC sites,0.60,collected,2026-06-26
1300,Mayank Chaturvedi,Shri,male,,,"District Magistrate / Collector, Raigarh, Chhattisgarh (IAS)",,,,https://www.sarkaritel.com CG collectors + district NIC sites,0.60,collected,2026-06-26
1301,Amrit Vikas Topno,Shri,male,,,"District Magistrate / Collector, Sakti, Chhattisgarh (IAS)",,,,https://www.sarkaritel.com CG collectors + district NIC sites,0.60,collected,2026-06-26
1302,Sanjay Kannoje,Dr,male,,,"District Magistrate / Collector, Sarangarh-Bilaigarh, Chhattisgarh (IAS)",,,,https://www.sarkaritel.com CG collectors + district NIC sites,0.60,collected,2026-06-26
1303,Vinay Kumar Langeh,Shri,male,,,"District Magistrate / Collector, Raipur, Chhattisgarh (IAS)",,,,https://www.sarkaritel.com CG collectors + district NIC sites,0.60,collected,2026-06-26
1304,Kuldeep Sharma,Shri,male,,,"District Magistrate / Collector, Baloda Bazar-Bhatapara, Chhattisgarh (IAS)",,,,https://www.sarkaritel.com CG collectors + district NIC sites,0.60,collected,2026-06-26
1305,Abinash Mishra,Shri,male,,,"District Magistrate / Collector, Dhamtari, Chhattisgarh (IAS)",,,,https://www.sarkaritel.com CG collectors + district NIC sites,0.60,collected,2026-06-26
1306,Bhagwan Singh Uikey,Shri,male,,,"District Magistrate / Collector, Gariaband, Chhattisgarh (IAS)",,,,https://www.sarkaritel.com CG collectors + district NIC sites,0.60,collected,2026-06-26
1307,Vinay Kumar Langeh,Shri,male,,,"District Magistrate / Collector, Mahasamund, Chhattisgarh (IAS)",,,,https://www.sarkaritel.com CG collectors + district NIC sites,0.60,collected,2026-06-26
1308,Vilas Bhoskar,Shri,male,,,"District Magistrate / Collector, Surguja, Chhattisgarh (IAS)",,,,https://www.sarkaritel.com CG collectors + district NIC sites,0.60,collected,2026-06-26
1309,Chandan Sanjay Tripathi,Shri,male,,,"District Magistrate / Collector, Balrampur, Chhattisgarh (IAS)",,,,https://www.sarkaritel.com CG collectors + district NIC sites,0.60,collected,2026-06-26
1310,D. Rahul Venkat,Shri,male,,,"District Magistrate / Collector, Manendragarh-Chirmiri-Bharatpur, Chhattisgarh (IAS)",,,,https://www.sarkaritel.com CG collectors + district NIC sites,0.60,collected,2026-06-26
1311,S. Jayavardhan,Shri,male,,,"District Magistrate / Collector, Surajpur, Chhattisgarh (IAS)",,,,https://www.sarkaritel.com CG collectors + district NIC sites,0.60,collected,2026-06-26
1312,Abhijeet Singh,Shri,male,,,"District Magistrate / Collector, Durg, Chhattisgarh (IAS)",,,,https://www.sarkaritel.com CG collectors + district NIC sites,0.60,collected,2026-06-26
1313,Divya Umesh Mishra,Smt,female,,,"District Magistrate / Collector, Balod, Chhattisgarh (IAS)",,,,https://www.sarkaritel.com CG collectors + district NIC sites,0.60,collected,2026-06-26
1314,Pratishtha Mamgain,Smt,female,,,"District Magistrate / Collector, Bemetara, Chhattisgarh (IAS)",,,,https://www.sarkaritel.com CG collectors + district NIC sites,0.60,collected,2026-06-26
1315,Gopal Verma,Shri,male,,,"District Magistrate / Collector, Kabirdham, Chhattisgarh (IAS)",,,,https://www.sarkaritel.com CG collectors + district NIC sites,0.60,collected,2026-06-26
1316,Indrajeet S Chandrawal,Shri,male,,,"District Magistrate / Collector, Khairagarh-Chhuikhadan-Gandai, Chhattisgarh (IAS)",,,,https://www.sarkaritel.com CG collectors + district NIC sites,0.60,collected,2026-06-26
1317,Tulika Prajapati,Smt,female,,,"District Magistrate / Collector, Mohla-Manpur-Ambagarh Chowki, Chhattisgarh (IAS)",,,,https://www.sarkaritel.com CG collectors + district NIC sites,0.60,collected,2026-06-26
1318,Jitender Yadav,Shri,male,,,"District Magistrate / Collector, Rajnandgaon, Chhattisgarh (IAS)",,,,https://www.sarkaritel.com CG collectors + district NIC sites,0.60,collected,2026-06-26
1319,Haris S,Shri,male,,,"District Magistrate / Collector, Bastar, Chhattisgarh (IAS)",,,,https://www.sarkaritel.com CG collectors + district NIC sites,0.60,collected,2026-06-26
1320,Sambit Mishra,Shri,male,,,"District Magistrate / Collector, Bijapur, Chhattisgarh (IAS)",,,,https://www.sarkaritel.com CG collectors + district NIC sites,0.60,collected,2026-06-26
1321,Devesh Kumar Dhruv,Shri,male,,,"District Magistrate / Collector, Dantewada, Chhattisgarh (IAS)",,,,https://www.sarkaritel.com CG collectors + district NIC sites,0.60,collected,2026-06-26
1322,Nilesh Kumar Mahadev Kshirsagar,Shri,male,,,"District Magistrate / Collector, Kanker, Chhattisgarh (IAS)",,,,https://www.sarkaritel.com CG collectors + district NIC sites,0.60,collected,2026-06-26
1323,Nupur Rashi Panna,Smt,female,,,"District Magistrate / Collector, Kondagaon, Chhattisgarh (IAS)",,,,https://www.sarkaritel.com CG collectors + district NIC sites,0.60,collected,2026-06-26
1324,Namrata Jain,Smt,female,,,"District Magistrate / Collector, Narayanpur, Chhattisgarh (IAS)",,,,https://www.sarkaritel.com CG collectors + district NIC sites,0.60,collected,2026-06-26
1325,Amit Kumar,Shri,male,,,"District Magistrate / Collector, Sukma, Chhattisgarh (IAS)",,,,https://www.sarkaritel.com CG collectors + district NIC sites,0.60,collected,2026-06-26
1326,Swapnil Paul,Shri,male,,,"District Magistrate / Collector, Kamrup Metropolitan, Assam",,,,https://cm.assam.gov.in/deputy-commissioners + district NIC sites,0.60,collected,2026-06-26
1327,Deba Kumar Mishra,Shri,male,,,"District Magistrate / Collector, Kamrup, Assam",,,,https://cm.assam.gov.in/deputy-commissioners + district NIC sites,0.60,collected,2026-06-26
1328,Devasish Sharma,Shri,male,,,"District Magistrate / Collector, Nagaon, Assam",,,,https://cm.assam.gov.in/deputy-commissioners + district NIC sites,0.60,collected,2026-06-26
1329,Rahul Kumar Gupta,Shri,male,,,"District Magistrate / Collector, Cachar, Assam",,,,https://cm.assam.gov.in/deputy-commissioners + district NIC sites,0.60,collected,2026-06-26
1330,Bikram Kairi,Shri,male,,,"District Magistrate / Collector, Dibrugarh, Assam",,,,https://cm.assam.gov.in/deputy-commissioners + district NIC sites,0.60,collected,2026-06-26
1331,Ananda Kumar Das,Shri,male,,,"District Magistrate / Collector, Sonitpur, Assam",,,,https://cm.assam.gov.in/deputy-commissioners + district NIC sites,0.60,collected,2026-06-26
1332,Nabadeep Pathak,Shri,male,,,"District Magistrate / Collector, Barpeta, Assam",,,,https://cm.assam.gov.in/deputy-commissioners + district NIC sites,0.60,collected,2026-06-26
1333,Nibedan Das Patowary,Shri,male,,,"District Magistrate / Collector, Nalbari, Assam",,,,https://cm.assam.gov.in/deputy-commissioners + district NIC sites,0.60,collected,2026-06-26
1334,Ayushi Jain,Smt,female,,,"District Magistrate / Collector, Darrang, Assam",,,,https://cm.assam.gov.in/deputy-commissioners + district NIC sites,0.60,collected,2026-06-26
1335,Srishti Singh,Smt,female,,,"District Magistrate / Collector, Morigaon, Assam",,,,https://cm.assam.gov.in/deputy-commissioners + district NIC sites,0.60,collected,2026-06-26
1336,Sumit Sattawan,Shri,male,,,"District Magistrate / Collector, Tinsukia, Assam",,,,https://cm.assam.gov.in/deputy-commissioners + district NIC sites,0.60,collected,2026-06-26
1337,Jay Shivani,Shri,male,,,"District Magistrate / Collector, Jorhat, Assam",,,,https://cm.assam.gov.in/deputy-commissioners + district NIC sites,0.60,collected,2026-06-26
1338,Dibakar Nath,Shri,male,,,"District Magistrate / Collector, Dhubri, Assam",,,,https://cm.assam.gov.in/deputy-commissioners + district NIC sites,0.60,collected,2026-06-26
1339,Pradip Timung,Shri,male,,,"District Magistrate / Collector, Goalpara, Assam",,,,https://cm.assam.gov.in/deputy-commissioners + district NIC sites,0.60,collected,2026-06-26
1340,Lakhinandan Saharia,Shri,male,,,"District Magistrate / Collector, Bongaigaon, Assam",,,,https://cm.assam.gov.in/deputy-commissioners + district NIC sites,0.60,collected,2026-06-26
1341,Pankaj Chakravarty,Shri,male,,,"District Magistrate / Collector, Kokrajhar, Assam",,,,https://cm.assam.gov.in/deputy-commissioners + district NIC sites,0.60,collected,2026-06-26
1342,Gakul Chandra Brahma,Shri,male,,,"District Magistrate / Collector, Chirang, Assam",,,,https://cm.assam.gov.in/deputy-commissioners + district NIC sites,0.60,collected,2026-06-26
1343,Kimnei Changsan,Smt,female,,,"District Magistrate / Collector, Baksa, Assam",,,,https://cm.assam.gov.in/deputy-commissioners + district NIC sites,0.60,collected,2026-06-26
1344,Pulak Patgiri,Shri,male,,,"District Magistrate / Collector, Udalguri, Assam",,,,https://cm.assam.gov.in/deputy-commissioners + district NIC sites,0.60,collected,2026-06-26
1345,Pronab Jit Kakoty,Shri,male,,,"District Magistrate / Collector, Lakhimpur, Assam",,,,https://cm.assam.gov.in/deputy-commissioners + district NIC sites,0.60,collected,2026-06-26
1346,Javir Rahul Suresh,Shri,male,,,"District Magistrate / Collector, Dhemaji, Assam",,,,https://cm.assam.gov.in/deputy-commissioners + district NIC sites,0.60,collected,2026-06-26
1347,Pubali Gohain,Smt,female,,,"District Magistrate / Collector, Golaghat, Assam",,,,https://cm.assam.gov.in/deputy-commissioners + district NIC sites,0.60,collected,2026-06-26
1348,Aayush Garg,Shri,male,,,"District Magistrate / Collector, Sivasagar, Assam",,,,https://cm.assam.gov.in/deputy-commissioners + district NIC sites,0.60,collected,2026-06-26
1349,Pradeep Kumar Dwivedi,Shri,male,,,"District Magistrate / Collector, Sribhumi, Assam",,,,https://cm.assam.gov.in/deputy-commissioners + district NIC sites,0.60,collected,2026-06-26
1350,Jay Vikas,Shri,male,,,"District Magistrate / Collector, Hailakandi, Assam",,,,https://cm.assam.gov.in/deputy-commissioners + district NIC sites,0.60,collected,2026-06-26
1351,Aranyak Saikia,Shri,male,,,"District Magistrate / Collector, Karbi Anglong, Assam",,,,https://cm.assam.gov.in/deputy-commissioners + district NIC sites,0.60,collected,2026-06-26
1352,Saranga Pani Sarma,Shri,male,,,"District Magistrate / Collector, West Karbi Anglong, Assam",,,,https://cm.assam.gov.in/deputy-commissioners + district NIC sites,0.60,collected,2026-06-26
1353,Gayatri Devidas Hyalinge,Smt,female,,,"District Magistrate / Collector, Dima Hasao, Assam",,,,https://cm.assam.gov.in/deputy-commissioners + district NIC sites,0.60,collected,2026-06-26
1354,Sanjoy Dutta,Shri,male,,,"District Magistrate / Collector, Hojai, Assam",,,,https://cm.assam.gov.in/deputy-commissioners + district NIC sites,0.60,collected,2026-06-26
1355,Karabi Saikia Karan,Smt,female,,,"District Magistrate / Collector, Biswanath, Assam",,,,https://cm.assam.gov.in/deputy-commissioners + district NIC sites,0.60,collected,2026-06-26
1356,Neha Yadav,Smt,female,,,"District Magistrate / Collector, Charaideo, Assam",,,,https://cm.assam.gov.in/deputy-commissioners + district NIC sites,0.60,collected,2026-06-26
1357,Parikshit Thoudam,Shri,male,,,"District Magistrate / Collector, South Salmara-Mankachar, Assam",,,,https://cm.assam.gov.in/deputy-commissioners + district NIC sites,0.60,collected,2026-06-26
1358,Ratul Chandra Pathak,Shri,male,,,"District Magistrate / Collector, Majuli, Assam",,,,https://cm.assam.gov.in/deputy-commissioners + district NIC sites,0.60,collected,2026-06-26
1359,Partha Pratim Mazumdar,Shri,male,,,"District Magistrate / Collector, Bajali, Assam",,,,https://cm.assam.gov.in/deputy-commissioners + district NIC sites,0.60,collected,2026-06-26
1360,Simi Karan,Smt,female,,,"District Magistrate / Collector, Tamulpur, Assam",,,,https://cm.assam.gov.in/deputy-commissioners + district NIC sites,0.60,collected,2026-06-26
1361,Vivek Bhatia,Shri,male,,,"District Magistrate / Collector, Bilaspur, Himachal Pradesh",,,,https://himachal.nic.in/en-IN/dc-email.html + district NIC sites,0.60,collected,2026-06-26
1362,Mukesh Repaswal,Shri,male,,,"District Magistrate / Collector, Chamba, Himachal Pradesh",,,,https://himachal.nic.in/en-IN/dc-email.html + district NIC sites,0.60,collected,2026-06-26
1363,Gandharva Rathore,Shri,male,,,"District Magistrate / Collector, Hamirpur, Himachal Pradesh",,,,https://himachal.nic.in/en-IN/dc-email.html + district NIC sites,0.60,collected,2026-06-26
1364,Hemraj Bairwa,Shri,male,,,"District Magistrate / Collector, Kangra, Himachal Pradesh",,,,https://himachal.nic.in/en-IN/dc-email.html + district NIC sites,0.60,collected,2026-06-26
1365,Amit Kumar Sharma,Dr,male,,,"District Magistrate / Collector, Kinnaur, Himachal Pradesh",,,,https://himachal.nic.in/en-IN/dc-email.html + district NIC sites,0.60,collected,2026-06-26
1366,Anurag Chander Sharma,Shri,male,,,"District Magistrate / Collector, Kullu, Himachal Pradesh",,,,https://himachal.nic.in/en-IN/dc-email.html + district NIC sites,0.60,collected,2026-06-26
1367,Kiran Bhadana,Smt,female,,,"District Magistrate / Collector, Lahaul and Spiti, Himachal Pradesh",,,,https://himachal.nic.in/en-IN/dc-email.html + district NIC sites,0.60,collected,2026-06-26
1368,Arindam Chaudhary,Shri,male,,,"District Magistrate / Collector, Mandi, Himachal Pradesh",,,,https://himachal.nic.in/en-IN/dc-email.html + district NIC sites,0.60,collected,2026-06-26
1369,Anupam Kashyap,Shri,male,,,"District Magistrate / Collector, Shimla, Himachal Pradesh",,,,https://himachal.nic.in/en-IN/dc-email.html + district NIC sites,0.60,collected,2026-06-26
1370,Priyanka Verma,Smt,female,,,"District Magistrate / Collector, Sirmaur, Himachal Pradesh",,,,https://himachal.nic.in/en-IN/dc-email.html + district NIC sites,0.60,collected,2026-06-26
1371,Manmohan Sharma,Shri,male,,,"District Magistrate / Collector, Solan, Himachal Pradesh",,,,https://himachal.nic.in/en-IN/dc-email.html + district NIC sites,0.60,collected,2026-06-26
1372,Jatin Lal,Shri,male,,,"District Magistrate / Collector, Una, Himachal Pradesh",,,,https://himachal.nic.in/en-IN/dc-email.html + district NIC sites,0.60,collected,2026-06-26
1373,Ashish Chauhan,Shri,male,,,"District Magistrate / Collector, Dehradun, Uttarakhand",,,,https://www.sarkaritel.com UK DM directory + district NIC sites,0.60,collected,2026-06-26
1374,Mayur Dixit,Shri,male,,,"District Magistrate / Collector, Haridwar, Uttarakhand",,,,https://www.sarkaritel.com UK DM directory + district NIC sites,0.60,collected,2026-06-26
1375,Swati S Bhadauria,Smt,female,,,"District Magistrate / Collector, Pauri Garhwal, Uttarakhand",,,,https://www.sarkaritel.com UK DM directory + district NIC sites,0.60,collected,2026-06-26
1376,Nitika Khandelwal,Smt,female,,,"District Magistrate / Collector, Tehri Garhwal, Uttarakhand",,,,https://www.sarkaritel.com UK DM directory + district NIC sites,0.60,collected,2026-06-26
1377,Prashant Kumar Arya,Shri,male,,,"District Magistrate / Collector, Uttarkashi, Uttarakhand",,,,https://www.sarkaritel.com UK DM directory + district NIC sites,0.60,collected,2026-06-26
1378,Vishal Mishra,Shri,male,,,"District Magistrate / Collector, Rudraprayag, Uttarakhand",,,,https://www.sarkaritel.com UK DM directory + district NIC sites,0.60,collected,2026-06-26
1379,Gaurav Kumar,Shri,male,,,"District Magistrate / Collector, Chamoli, Uttarakhand",,,,https://www.sarkaritel.com UK DM directory + district NIC sites,0.60,collected,2026-06-26
1380,Lalit Mohan Rayal,Shri,male,,,"District Magistrate / Collector, Nainital, Uttarakhand",,,,https://www.sarkaritel.com UK DM directory + district NIC sites,0.60,collected,2026-06-26
1381,Nitin Singh Bhadauria,Shri,male,,,"District Magistrate / Collector, Udham Singh Nagar, Uttarakhand",,,,https://www.sarkaritel.com UK DM directory + district NIC sites,0.60,collected,2026-06-26
1382,Anshul Singh,Shri,male,,,"District Magistrate / Collector, Almora, Uttarakhand",,,,https://www.sarkaritel.com UK DM directory + district NIC sites,0.60,collected,2026-06-26
1383,Apurva Pandey,Smt,female,,,"District Magistrate / Collector, Bageshwar, Uttarakhand",,,,https://www.sarkaritel.com UK DM directory + district NIC sites,0.60,collected,2026-06-26
1384,Manish Kumar,Shri,male,,,"District Magistrate / Collector, Champawat, Uttarakhand",,,,https://www.sarkaritel.com UK DM directory + district NIC sites,0.60,collected,2026-06-26
1385,Ashish Kumar Bhatgai,Shri,male,,,"District Magistrate / Collector, Pithoragarh, Uttarakhand",,,,https://www.sarkaritel.com UK DM directory + district NIC sites,0.60,collected,2026-06-26
1386,Akshay Labroo,Shri,male,,,"District Magistrate / Collector, Srinagar, Jammu and Kashmir",,,,https://www.sarkaritel.com J&K DC directory + district NIC sites,0.60,collected,2026-06-26
1387,Bilal Mohi-ud-Din Bhat,Dr,male,,,"District Magistrate / Collector, Anantnag, Jammu and Kashmir",,,,https://www.sarkaritel.com J&K DC directory + district NIC sites,0.60,collected,2026-06-26
1388,Syeed Fakhrudin Hamid,Shri,male,,,"District Magistrate / Collector, Baramulla, Jammu and Kashmir",,,,https://www.sarkaritel.com J&K DC directory + district NIC sites,0.60,collected,2026-06-26
1389,Athar Aamir Khan,Shri,male,,,"District Magistrate / Collector, Budgam, Jammu and Kashmir",,,,https://www.sarkaritel.com J&K DC directory + district NIC sites,0.60,collected,2026-06-26
1390,Indu Kanwal Chib,Smt,female,,,"District Magistrate / Collector, Bandipora, Jammu and Kashmir",,,,https://www.sarkaritel.com J&K DC directory + district NIC sites,0.60,collected,2026-06-26
1391,Jatin Kishore,Shri,male,,,"District Magistrate / Collector, Ganderbal, Jammu and Kashmir",,,,https://www.sarkaritel.com J&K DC directory + district NIC sites,0.60,collected,2026-06-26
1392,Shrikant Suse,Shri,male,,,"District Magistrate / Collector, Kupwara, Jammu and Kashmir",,,,https://www.sarkaritel.com J&K DC directory + district NIC sites,0.60,collected,2026-06-26
1393,Basharat Qayoom,Dr,male,,,"District Magistrate / Collector, Pulwama, Jammu and Kashmir",,,,https://www.sarkaritel.com J&K DC directory + district NIC sites,0.60,collected,2026-06-26
1394,Shishir Gupta,Shri,male,,,"District Magistrate / Collector, Shopian, Jammu and Kashmir",,,,https://www.sarkaritel.com J&K DC directory + district NIC sites,0.60,collected,2026-06-26
1395,Shahzad Alam,Shri,male,,,"District Magistrate / Collector, Kulgam, Jammu and Kashmir",,,,https://www.sarkaritel.com J&K DC directory + district NIC sites,0.60,collected,2026-06-26
1396,Sachin Kumar Vaishy,Shri,male,,,"District Magistrate / Collector, Jammu, Jammu and Kashmir",,,,https://www.sarkaritel.com J&K DC directory + district NIC sites,0.60,collected,2026-06-26
1397,Rakesh Minhas,Dr,male,,,"District Magistrate / Collector, Kathua, Jammu and Kashmir",,,,https://www.sarkaritel.com J&K DC directory + district NIC sites,0.60,collected,2026-06-26
1398,Minga Sherpa,Smt,female,,,"District Magistrate / Collector, Udhampur, Jammu and Kashmir",,,,https://www.sarkaritel.com J&K DC directory + district NIC sites,0.60,collected,2026-06-26
1399,Krishan Lal,Shri,male,,,"District Magistrate / Collector, Doda, Jammu and Kashmir",,,,https://www.sarkaritel.com J&K DC directory + district NIC sites,0.60,collected,2026-06-26
1400,Mohammad Alyas Khan,Shri,male,,,"District Magistrate / Collector, Ramban, Jammu and Kashmir",,,,https://www.sarkaritel.com J&K DC directory + district NIC sites,0.60,collected,2026-06-26
1401,Pankaj Kumar Sharma,Shri,male,,,"District Magistrate / Collector, Kishtwar, Jammu and Kashmir",,,,https://www.sarkaritel.com J&K DC directory + district NIC sites,0.60,collected,2026-06-26
1402,Kumar Abhishek,Shri,male,,,"District Magistrate / Collector, Reasi, Jammu and Kashmir",,,,https://www.sarkaritel.com J&K DC directory + district NIC sites,0.60,collected,2026-06-26
1403,Mohammad Aijaz,Shri,male,,,"District Magistrate / Collector, Rajouri, Jammu and Kashmir",,,,https://www.sarkaritel.com J&K DC directory + district NIC sites,0.60,collected,2026-06-26
1404,Ashok Kumar Sharma,Shri,male,,,"District Magistrate / Collector, Poonch, Jammu and Kashmir",,,,https://www.sarkaritel.com J&K DC directory + district NIC sites,0.60,collected,2026-06-26
1405,Ayushi Sudan,Smt,female,,,"District Magistrate / Collector, Samba, Jammu and Kashmir",,,,https://www.sarkaritel.com J&K DC directory + district NIC sites,0.60,collected,2026-06-26
1406,Namgyal Angmo,Smt,female,,,"District Magistrate / Deputy Commissioner, Tawang, Arunachal Pradesh",,,,district NIC sites (.nic.in) + SDMA/IPR Arunachal directory,0.55,collected,2026-06-26
1407,Dilip Kumar,Dr,male,,,"District Magistrate / Deputy Commissioner, West Kameng, Arunachal Pradesh",,,,district NIC sites (.nic.in) + SDMA/IPR Arunachal directory,0.55,collected,2026-06-26
1408,Yashaswini B.,Smt,female,,,"District Magistrate / Deputy Commissioner, East Kameng, Arunachal Pradesh",,,,district NIC sites (.nic.in) + SDMA/IPR Arunachal directory,0.55,collected,2026-06-26
1409,Mindo Loyi,Smt,female,,,"District Magistrate / Deputy Commissioner, Pakke-Kessang, Arunachal Pradesh",,,,district NIC sites (.nic.in) + SDMA/IPR Arunachal directory,0.55,collected,2026-06-26
1410,Cheechung Chukhu,Shri,male,,,"District Magistrate / Deputy Commissioner, Kurung Kumey, Arunachal Pradesh",,,,district NIC sites (.nic.in) + SDMA/IPR Arunachal directory,0.55,collected,2026-06-26
1411,Lobsang Tsering,Shri,male,,,"District Magistrate / Deputy Commissioner, Papum Pare, Arunachal Pradesh",,,,district NIC sites (.nic.in) + SDMA/IPR Arunachal directory,0.55,collected,2026-06-26
1412,Higio Yame,Smt,female,,,"District Magistrate / Deputy Commissioner, Kra Daadi, Arunachal Pradesh",,,,district NIC sites (.nic.in) + SDMA/IPR Arunachal directory,0.55,collected,2026-06-26
1413,Oli Perme,Shri,male,,,"District Magistrate / Deputy Commissioner, Lower Subansiri, Arunachal Pradesh",,,,district NIC sites (.nic.in) + SDMA/IPR Arunachal directory,0.55,collected,2026-06-26
1414,J. T. Obi,Shri,male,,,"District Magistrate / Deputy Commissioner, Kamle, Arunachal Pradesh",,,,district NIC sites (.nic.in) + SDMA/IPR Arunachal directory,0.55,collected,2026-06-26
1415,Sweta Nagarkoti Mehta,Smt,female,,,"District Magistrate / Deputy Commissioner, Keyi Panyor, Arunachal Pradesh",,,,district NIC sites (.nic.in) + SDMA/IPR Arunachal directory,0.55,collected,2026-06-26
1416,Tasso Gambo,Shri,male,,,"District Magistrate / Deputy Commissioner, Upper Subansiri, Arunachal Pradesh",,,,district NIC sites (.nic.in) + SDMA/IPR Arunachal directory,0.55,collected,2026-06-26
1417,Manjunath R,Shri,male,,,"District Magistrate / Deputy Commissioner, Shi-Yomi, Arunachal Pradesh",,,,district NIC sites (.nic.in) + SDMA/IPR Arunachal directory,0.55,collected,2026-06-26
1418,Mamu Hage,Smt,female,,,"District Magistrate / Deputy Commissioner, West Siang, Arunachal Pradesh",,,,district NIC sites (.nic.in) + SDMA/IPR Arunachal directory,0.55,collected,2026-06-26
1419,Tayi Taggu,Shri,male,,,"District Magistrate / Deputy Commissioner, Siang, Arunachal Pradesh",,,,district NIC sites (.nic.in) + SDMA/IPR Arunachal directory,0.55,collected,2026-06-26
1420,Rujjum Rakshap,Shri,male,,,"District Magistrate / Deputy Commissioner, Lower Siang, Arunachal Pradesh",,,,district NIC sites (.nic.in) + SDMA/IPR Arunachal directory,0.55,collected,2026-06-26
1421,Himani Meena,Smt,female,,,"District Magistrate / Deputy Commissioner, Lepa-Rada, Arunachal Pradesh",,,,district NIC sites (.nic.in) + SDMA/IPR Arunachal directory,0.55,collected,2026-06-26
1422,Talo Jerang,Shri,male,,,"District Magistrate / Deputy Commissioner, Upper Siang, Arunachal Pradesh",,,,district NIC sites (.nic.in) + SDMA/IPR Arunachal directory,0.55,collected,2026-06-26
1423,Sonalika Jiwani,Smt,female,,,"District Magistrate / Deputy Commissioner, East Siang, Arunachal Pradesh",,,,district NIC sites (.nic.in) + SDMA/IPR Arunachal directory,0.55,collected,2026-06-26
1424,Pagli Sora,Smt,female,,,"District Magistrate / Deputy Commissioner, Dibang Valley, Arunachal Pradesh",,,,district NIC sites (.nic.in) + SDMA/IPR Arunachal directory,0.55,collected,2026-06-26
1425,Soumya Saurabh,Shri,male,,,"District Magistrate / Deputy Commissioner, Lower Dibang Valley, Arunachal Pradesh",,,,district NIC sites (.nic.in) + SDMA/IPR Arunachal directory,0.55,collected,2026-06-26
1426,Kesang Ngurup Damo,Shri,male,,,"District Magistrate / Deputy Commissioner, Lohit, Arunachal Pradesh",,,,district NIC sites (.nic.in) + SDMA/IPR Arunachal directory,0.55,collected,2026-06-26
1427,Millo Kojin,Shri,male,,,"District Magistrate / Deputy Commissioner, Anjaw, Arunachal Pradesh",,,,district NIC sites (.nic.in) + SDMA/IPR Arunachal directory,0.55,collected,2026-06-26
1428,R.K. Sharma,Shri,male,,,"District Magistrate / Deputy Commissioner, Namsai, Arunachal Pradesh",,,,district NIC sites (.nic.in) + SDMA/IPR Arunachal directory,0.55,collected,2026-06-26
1429,Vishal Sah,Shri,male,,,"District Magistrate / Deputy Commissioner, Changlang, Arunachal Pradesh",,,,district NIC sites (.nic.in) + SDMA/IPR Arunachal directory,0.55,collected,2026-06-26
1430,Techu Aran,Shri,male,,,"District Magistrate / Deputy Commissioner, Tirap, Arunachal Pradesh",,,,district NIC sites (.nic.in) + SDMA/IPR Arunachal directory,0.55,collected,2026-06-26
1431,Vikram Singh Malik,Shri,male,,,"District Magistrate / Deputy Commissioner, Longding, Arunachal Pradesh",,,,district NIC sites (.nic.in) + SDMA/IPR Arunachal directory,0.55,collected,2026-06-26
1432,Mayanglambam Rajkumar Singh,Shri,male,,,"District Magistrate / Deputy Commissioner, Imphal West, Manipur",,,,https://www.sarkaritel.com Manipur DC + district NIC sites,0.55,collected,2026-06-26
1433,Nivedita Lairenlakpam,Smt,female,,,"District Magistrate / Deputy Commissioner, Imphal East, Manipur",,,,https://www.sarkaritel.com Manipur DC + district NIC sites,0.55,collected,2026-06-26
1434,Yumnam Robita,Smt,female,,,"District Magistrate / Deputy Commissioner, Thoubal, Manipur",,,,https://www.sarkaritel.com Manipur DC + district NIC sites,0.55,collected,2026-06-26
1435,Pooja Elangbam,Smt,female,,,"District Magistrate / Deputy Commissioner, Bishnupur, Manipur",,,,https://www.sarkaritel.com Manipur DC + district NIC sites,0.55,collected,2026-06-26
1436,Dharun Kumar S.,Shri,male,,,"District Magistrate / Deputy Commissioner, Churachandpur, Manipur",,,,https://www.sarkaritel.com Manipur DC + district NIC sites,0.55,collected,2026-06-26
1437,Mamoni Doley,Smt,female,,,"District Magistrate / Deputy Commissioner, Senapati, Manipur",,,,https://www.sarkaritel.com Manipur DC + district NIC sites,0.55,collected,2026-06-26
1438,Asish Das,Shri,male,,,"District Magistrate / Deputy Commissioner, Ukhrul, Manipur",,,,https://www.sarkaritel.com Manipur DC + district NIC sites,0.55,collected,2026-06-26
1439,Hemant Kumar,Shri,male,,,"District Magistrate / Deputy Commissioner, Chandel, Manipur",,,,https://www.sarkaritel.com Manipur DC + district NIC sites,0.55,collected,2026-06-26
1440,L. Angshim Dangshawa,Shri,male,,,"District Magistrate / Deputy Commissioner, Tamenglong, Manipur",,,,https://www.sarkaritel.com Manipur DC + district NIC sites,0.55,collected,2026-06-26
1441,Saurabh Yadav,Shri,male,,,"District Magistrate / Deputy Commissioner, Tengnoupal, Manipur",,,,https://www.sarkaritel.com Manipur DC + district NIC sites,0.55,collected,2026-06-26
1442,Sharath Chandra Arroju,Shri,male,,,"District Magistrate / Deputy Commissioner, Noney, Manipur",,,,https://www.sarkaritel.com Manipur DC + district NIC sites,0.55,collected,2026-06-26
1443,Manuamching,Smt,female,,,"District Magistrate / Deputy Commissioner, Pherzawl, Manipur",,,,https://www.sarkaritel.com Manipur DC + district NIC sites,0.55,collected,2026-06-26
1444,Mahesh Chaudhari,Shri,male,,,"District Magistrate / Deputy Commissioner, Kangpokpi, Manipur",,,,https://www.sarkaritel.com Manipur DC + district NIC sites,0.55,collected,2026-06-26
1445,Krishna Kumar,Shri,male,,,"District Magistrate / Deputy Commissioner, Jiribam, Manipur",,,,https://www.sarkaritel.com Manipur DC + district NIC sites,0.55,collected,2026-06-26
1446,Polan John,Shri,male,,,"District Magistrate / Deputy Commissioner, Chumoukedima, Nagaland",,,,https://ipr.nagaland.gov.in + commissioner.nagaland.gov.in/list-of-dc + district NIC,0.55,collected,2026-06-26
1447,Toshimongba Longchar,Shri,male,,,"District Magistrate / Deputy Commissioner, Dimapur, Nagaland",,,,https://ipr.nagaland.gov.in + commissioner.nagaland.gov.in/list-of-dc + district NIC,0.55,collected,2026-06-26
1448,Temsuwati Longkumer,Shri,male,,,"District Magistrate / Deputy Commissioner, Kiphire, Nagaland",,,,https://ipr.nagaland.gov.in + commissioner.nagaland.gov.in/list-of-dc + district NIC,0.55,collected,2026-06-26
1449,Henok Buchem,Shri,male,,,"District Magistrate / Deputy Commissioner, Kohima, Nagaland",,,,https://ipr.nagaland.gov.in + commissioner.nagaland.gov.in/list-of-dc + district NIC,0.55,collected,2026-06-26
1450,W. Manpai Phom,Shri,male,,,"District Magistrate / Deputy Commissioner, Longleng, Nagaland",,,,https://ipr.nagaland.gov.in + commissioner.nagaland.gov.in/list-of-dc + district NIC,0.55,collected,2026-06-26
1451,Phuleshe K. Yepthomi,Shri,male,,,"District Magistrate / Deputy Commissioner, Meluri, Nagaland",,,,https://ipr.nagaland.gov.in + commissioner.nagaland.gov.in/list-of-dc + district NIC,0.55,collected,2026-06-26
1452,Ajit Kumar Verma,Shri,male,,,"District Magistrate / Deputy Commissioner, Mokokchung, Nagaland",,,,https://ipr.nagaland.gov.in + commissioner.nagaland.gov.in/list-of-dc + district NIC,0.55,collected,2026-06-26
1453,Wennyei Konyak,Shri,male,,,"District Magistrate / Deputy Commissioner, Mon, Nagaland",,,,https://ipr.nagaland.gov.in + commissioner.nagaland.gov.in/list-of-dc + district NIC,0.55,collected,2026-06-26
1454,Sarah S. Jamir,Smt,female,,,"District Magistrate / Deputy Commissioner, Niuland, Nagaland",,,,https://ipr.nagaland.gov.in + commissioner.nagaland.gov.in/list-of-dc + district NIC,0.55,collected,2026-06-26
1455,P. Mono Khiamniungan,Shri,male,,,"District Magistrate / Deputy Commissioner, Noklak, Nagaland",,,,https://ipr.nagaland.gov.in + commissioner.nagaland.gov.in/list-of-dc + district NIC,0.55,collected,2026-06-26
1456,Hiazu Meru,Shri,male,,,"District Magistrate / Deputy Commissioner, Peren, Nagaland",,,,https://ipr.nagaland.gov.in + commissioner.nagaland.gov.in/list-of-dc + district NIC,0.55,collected,2026-06-26
1457,Rhosietho Nguori,Shri,male,,,"District Magistrate / Deputy Commissioner, Phek, Nagaland",,,,https://ipr.nagaland.gov.in + commissioner.nagaland.gov.in/list-of-dc + district NIC,0.55,collected,2026-06-26
1458,Chubatemjen,Shri,male,,,"District Magistrate / Deputy Commissioner, Shamator, Nagaland",,,,https://ipr.nagaland.gov.in + commissioner.nagaland.gov.in/list-of-dc + district NIC,0.55,collected,2026-06-26
1459,Japheth Woch,Shri,male,,,"District Magistrate / Deputy Commissioner, Tseminyu, Nagaland",,,,https://ipr.nagaland.gov.in + commissioner.nagaland.gov.in/list-of-dc + district NIC,0.55,collected,2026-06-26
1460,Lithrongla Tongpi Rutsa,Smt,female,,,"District Magistrate / Deputy Commissioner, Tuensang, Nagaland",,,,https://ipr.nagaland.gov.in + commissioner.nagaland.gov.in/list-of-dc + district NIC,0.55,collected,2026-06-26
1461,Vineet Kumar,Shri,male,,,"District Magistrate / Deputy Commissioner, Wokha, Nagaland",,,,https://ipr.nagaland.gov.in + commissioner.nagaland.gov.in/list-of-dc + district NIC,0.55,collected,2026-06-26
1462,Dharam Raj,Shri,male,,,"District Magistrate / Deputy Commissioner, Zunheboto, Nagaland",,,,https://ipr.nagaland.gov.in + commissioner.nagaland.gov.in/list-of-dc + district NIC,0.55,collected,2026-06-26
1463,Isawanda Laloo,Smt,female,,,"District Magistrate / Deputy Commissioner, East Khasi Hills, Meghalaya",,,,https://meghalaya.gov.in/key-contacts/deputy-commissioner + district NIC + MSDMA PDF,0.55,collected,2026-06-26
1464,C. Kharkongor,Shri,male,,,"District Magistrate / Deputy Commissioner, South West Khasi Hills, Meghalaya",,,,https://meghalaya.gov.in/key-contacts/deputy-commissioner + district NIC + MSDMA PDF,0.55,collected,2026-06-26
1465,W. Nongsiej,Shri,male,,,"District Magistrate / Deputy Commissioner, Eastern West Khasi Hills, Meghalaya",,,,https://meghalaya.gov.in/key-contacts/deputy-commissioner + district NIC + MSDMA PDF,0.55,collected,2026-06-26
1466,E. Kharmalki,Shri,male,,,"District Magistrate / Deputy Commissioner, East Jaintia Hills, Meghalaya",,,,https://meghalaya.gov.in/key-contacts/deputy-commissioner + district NIC + MSDMA PDF,0.55,collected,2026-06-26
1467,Abhinav Kumar Singh,Shri,male,,,"District Magistrate / Deputy Commissioner, West Jaintia Hills, Meghalaya",,,,https://meghalaya.gov.in/key-contacts/deputy-commissioner + district NIC + MSDMA PDF,0.55,collected,2026-06-26
1468,R. P. Marak,Shri,male,,,"District Magistrate / Deputy Commissioner, East Garo Hills, Meghalaya",,,,https://meghalaya.gov.in/key-contacts/deputy-commissioner + district NIC + MSDMA PDF,0.55,collected,2026-06-26
1469,Mary Sonty N. Marak,Smt,female,,,"District Magistrate / Deputy Commissioner, North Garo Hills, Meghalaya",,,,https://meghalaya.gov.in/key-contacts/deputy-commissioner + district NIC + MSDMA PDF,0.55,collected,2026-06-26
1470,Richard Yanthan,Shri,male,,,"District Magistrate / Deputy Commissioner, South Garo Hills, Meghalaya",,,,https://meghalaya.gov.in/key-contacts/deputy-commissioner + district NIC + MSDMA PDF,0.55,collected,2026-06-26
1471,Thema Nayak,Smt,female,,,"District Magistrate / Deputy Commissioner, South West Garo Hills, Meghalaya",,,,https://meghalaya.gov.in/key-contacts/deputy-commissioner + district NIC + MSDMA PDF,0.55,collected,2026-06-26
1472,Lalhriatpuia,Shri,male,,,"District Magistrate / Deputy Commissioner, Aizawl, Mizoram",,,,district NIC sites + Mizoram GAD officers list,0.60,collected,2026-06-26
1473,VL. Remliana,Shri,male,,,"District Magistrate / Deputy Commissioner, Champhai, Mizoram",,,,district NIC sites + Mizoram GAD officers list,0.60,collected,2026-06-26
1474,Chuauhnuna,Shri,male,,,"District Magistrate / Deputy Commissioner, Hnahthial, Mizoram",,,,district NIC sites + Mizoram GAD officers list,0.60,collected,2026-06-26
1475,K. Vanlalthiana,Shri,male,,,"District Magistrate / Deputy Commissioner, Khawzawl, Mizoram",,,,district NIC sites + Mizoram GAD officers list,0.60,collected,2026-06-26
1476,Robert C Lalhmangaiha,Shri,male,,,"District Magistrate / Deputy Commissioner, Kolasib, Mizoram",,,,district NIC sites + Mizoram GAD officers list,0.60,collected,2026-06-26
1477,Cheemala Siva Gopal Reddy,Shri,male,,,"District Magistrate / Deputy Commissioner, Lawngtlai, Mizoram",,,,district NIC sites + Mizoram GAD officers list,0.60,collected,2026-06-26
1478,Kulothungan A,Shri,male,,,"District Magistrate / Deputy Commissioner, Lunglei, Mizoram",,,,district NIC sites + Mizoram GAD officers list,0.60,collected,2026-06-26
1479,K. Laltlawmlova,Shri,male,,,"District Magistrate / Deputy Commissioner, Mamit, Mizoram",,,,district NIC sites + Mizoram GAD officers list,0.60,collected,2026-06-26
1480,Harleen Kaur,Smt,female,,,"District Magistrate / Deputy Commissioner, Saiha, Mizoram",,,,district NIC sites + Mizoram GAD officers list,0.60,collected,2026-06-26
1481,Lalngura Tlau,Dr,male,,,"District Magistrate / Deputy Commissioner, Saitual, Mizoram",,,,district NIC sites + Mizoram GAD officers list,0.60,collected,2026-06-26
1482,Paul L Khuma,Shri,male,,,"District Magistrate / Deputy Commissioner, Serchhip, Mizoram",,,,district NIC sites + Mizoram GAD officers list,0.60,collected,2026-06-26
1483,Saju Vaheed A,Shri,male,,,"District Magistrate / Deputy Commissioner, Dhalai, Tripura",,,,district NIC sites (Who's Who/DM profile),0.60,collected,2026-06-26
1484,Rinku Lather,Smt,female,,,"District Magistrate / Deputy Commissioner, Gomati, Tripura",,,,district NIC sites (Who's Who/DM profile),0.60,collected,2026-06-26
1485,Rajat Pant,Shri,male,,,"District Magistrate / Deputy Commissioner, Khowai, Tripura",,,,district NIC sites (Who's Who/DM profile),0.60,collected,2026-06-26
1486,Chandni Chandran,Smt,female,,,"District Magistrate / Deputy Commissioner, North Tripura, Tripura",,,,district NIC sites (Who's Who/DM profile),0.60,collected,2026-06-26
1487,Nagesh Kumar B.,Shri,male,,,"District Magistrate / Deputy Commissioner, Sipahijala, Tripura",,,,district NIC sites (Who's Who/DM profile),0.60,collected,2026-06-26
1488,Muhammad Sajad P.,Shri,male,,,"District Magistrate / Deputy Commissioner, South Tripura, Tripura",,,,district NIC sites (Who's Who/DM profile),0.60,collected,2026-06-26
1489,D.K. Chakma,Shri,male,,,"District Magistrate / Deputy Commissioner, Unakoti, Tripura",,,,district NIC sites (Who's Who/DM profile),0.60,collected,2026-06-26
1490,Vishal Kumar,Dr,male,,,"District Magistrate / Deputy Commissioner, West Tripura, Tripura",,,,district NIC sites (Who's Who/DM profile),0.60,collected,2026-06-26
1491,Agawane Rohan Ramesh,Shri,male,,,"District Magistrate / Deputy Commissioner, Gangtok, Sikkim",,,,https://www.sikkim.gov.in/mygovernment/whos-who/district-collectors + district NIC,0.60,collected,2026-06-26
1492,Anant Jain,Shri,male,,,"District Magistrate / Deputy Commissioner, Mangan, Sikkim",,,,https://www.sikkim.gov.in/mygovernment/whos-who/district-collectors + district NIC,0.60,collected,2026-06-26
1493,Pari Bishnoi,Smt,female,,,"District Magistrate / Deputy Commissioner, Pakyong, Sikkim",,,,https://www.sikkim.gov.in/mygovernment/whos-who/district-collectors + district NIC,0.60,collected,2026-06-26
1494,Dhiraj Subedi,Shri,male,,,"District Magistrate / Deputy Commissioner, Soreng, Sikkim",,,,https://www.sikkim.gov.in/mygovernment/whos-who/district-collectors + district NIC,0.60,collected,2026-06-26
1495,Anupa Tamling,Smt,female,,,"District Magistrate / Deputy Commissioner, Namchi, Sikkim",,,,https://www.sikkim.gov.in/mygovernment/whos-who/district-collectors + district NIC,0.60,collected,2026-06-26
1496,Tenzing D. Denzongpa,Shri,male,,,"District Magistrate / Deputy Commissioner, Gyalshing, Sikkim",,,,https://www.sikkim.gov.in/mygovernment/whos-who/district-collectors + district NIC,0.60,collected,2026-06-26
1497,G. Sudhakar,Shri,male,,,"District Magistrate / Deputy Commissioner, Central Delhi, Delhi (NCT)",,,,https://revenue.delhi.gov.in/revenue/list-dcdm-districts + district sites,0.60,collected,2026-06-26
1498,Amol Srivastava,Shri,male,,,"District Magistrate / Deputy Commissioner, East Delhi, Delhi (NCT)",,,,https://revenue.delhi.gov.in/revenue/list-dcdm-districts + district sites,0.60,collected,2026-06-26
1499,Sunny Kumar Singh,Shri,male,,,"District Magistrate / Deputy Commissioner, New Delhi, Delhi (NCT)",,,,https://revenue.delhi.gov.in/revenue/list-dcdm-districts + district sites,0.60,collected,2026-06-26
1500,Kumar Abhishek,Shri,male,,,"District Magistrate / Deputy Commissioner, North Delhi, Delhi (NCT)",,,,https://revenue.delhi.gov.in/revenue/list-dcdm-districts + district sites,0.60,collected,2026-06-26
1501,Ajay Kumar,Shri,male,,,"District Magistrate / Deputy Commissioner, North East Delhi, Delhi (NCT)",,,,https://revenue.delhi.gov.in/revenue/list-dcdm-districts + district sites,0.60,collected,2026-06-26
1502,Soumya Saurabh,Smt,female,,,"District Magistrate / Deputy Commissioner, North West Delhi, Delhi (NCT)",,,,https://revenue.delhi.gov.in/revenue/list-dcdm-districts + district sites,0.60,collected,2026-06-26
1503,Rishita Gupta,Smt,female,,,"District Magistrate / Deputy Commissioner, Shahdara, Delhi (NCT)",,,,https://revenue.delhi.gov.in/revenue/list-dcdm-districts + district sites,0.60,collected,2026-06-26
1504,Lakshay Singhal,Shri,male,,,"District Magistrate / Deputy Commissioner, South Delhi, Delhi (NCT)",,,,https://revenue.delhi.gov.in/revenue/list-dcdm-districts + district sites,0.60,collected,2026-06-26
1505,Sravan Bagaria,Shri,male,,,"District Magistrate / Deputy Commissioner, South East Delhi, Delhi (NCT)",,,,https://revenue.delhi.gov.in/revenue/list-dcdm-districts + district sites,0.60,collected,2026-06-26
1506,Mekala Chaitanya Prasad,Shri,male,,,"District Magistrate / Deputy Commissioner, South West Delhi, Delhi (NCT)",,,,https://revenue.delhi.gov.in/revenue/list-dcdm-districts + district sites,0.60,collected,2026-06-26
1507,Vandana Rao,Smt,female,,,"District Magistrate / Deputy Commissioner, West Delhi, Delhi (NCT)",,,,https://revenue.delhi.gov.in/revenue/list-dcdm-districts + district sites,0.60,collected,2026-06-26
1508,Ankit Yadav,Shri,male,,,"District Magistrate / Collector, North Goa, Goa",,,,district NIC sites (Goa & Puducherry Who's-Who / Collector profile),0.60,collected,2026-06-26
1509,Egna Cleetus,Smt,female,,,"District Magistrate / Collector, South Goa, Goa",,,,district NIC sites (Goa & Puducherry Who's-Who / Collector profile),0.60,collected,2026-06-26
1510,A. Kulothungan,Shri,male,,,"District Magistrate / Collector, Puducherry, Puducherry",,,,district NIC sites (Goa & Puducherry Who's-Who / Collector profile),0.60,collected,2026-06-26
1511,A.S.P.S. Ravi Prakash,Shri,male,,,"District Magistrate / Collector, Karaikal, Puducherry",,,,district NIC sites (Goa & Puducherry Who's-Who / Collector profile),0.60,collected,2026-06-26
1512,D. Mohan Kumar,Shri,male,,,"District Magistrate / Collector, Mahe, Puducherry",,,,district NIC sites (Goa & Puducherry Who's-Who / Collector profile),0.60,collected,2026-06-26
1513,Davuluri Subramanieswara Rao,Shri,male,,,"District Magistrate / Collector, Yanam, Puducherry",,,,district NIC sites (Goa & Puducherry Who's-Who / Collector profile),0.60,collected,2026-06-26
1514,Kishore Kshirsagar Laskman,Shri,male,,,"District Magistrate / Collector, Nicobar, Andaman and Nicobar Islands",,,,district/UT official sites + ladakh.gov.in + ddd.gov.in + lakshadweep.gov.in,0.60,collected,2026-06-26
1515,Nandini Maharaj,Smt,female,,,"District Magistrate / Collector, North and Middle Andaman, Andaman and Nicobar Islands",,,,district/UT official sites + ladakh.gov.in + ddd.gov.in + lakshadweep.gov.in,0.60,collected,2026-06-26
1516,Arjun Sharma,Shri,male,,,"District Magistrate / Collector, South Andaman, Andaman and Nicobar Islands",,,,district/UT official sites + ladakh.gov.in + ddd.gov.in + lakshadweep.gov.in,0.60,collected,2026-06-26
1517,Nishant Kumar Yadav,Shri,male,,,"District Magistrate / Collector, Chandigarh, Chandigarh",,,,district/UT official sites + ladakh.gov.in + ddd.gov.in + lakshadweep.gov.in,0.60,collected,2026-06-26
1518,Saurabh Mishra,Shri,male,,,"District Magistrate / Collector, Daman, Dadra and Nagar Haveli and Daman and Diu",,,,district/UT official sites + ladakh.gov.in + ddd.gov.in + lakshadweep.gov.in,0.60,collected,2026-06-26
1519,Rahul Dev Boora,Shri,male,,,"District Magistrate / Collector, Diu, Dadra and Nagar Haveli and Daman and Diu",,,,district/UT official sites + ladakh.gov.in + ddd.gov.in + lakshadweep.gov.in,0.60,collected,2026-06-26
1520,Priyank Kishore,Shri,male,,,"District Magistrate / Collector, Dadra and Nagar Haveli, Dadra and Nagar Haveli and Daman and Diu",,,,district/UT official sites + ladakh.gov.in + ddd.gov.in + lakshadweep.gov.in,0.60,collected,2026-06-26
1521,Santosh Sukhadeve,Shri,male,,,"District Magistrate / Collector, Leh, Ladakh",,,,district/UT official sites + ladakh.gov.in + ddd.gov.in + lakshadweep.gov.in,0.60,collected,2026-06-26
1522,Rakesh Kumar,Shri,male,,,"District Magistrate / Collector, Kargil, Ladakh",,,,district/UT official sites + ladakh.gov.in + ddd.gov.in + lakshadweep.gov.in,0.60,collected,2026-06-26
1523,Omkar Rajendra Gundage,Shri,male,,,"District Magistrate / Collector, Zanskar, Ladakh",,,,district/UT official sites + ladakh.gov.in + ddd.gov.in + lakshadweep.gov.in,0.60,collected,2026-06-26
1524,Imteeaz Kacho,Shri,male,,,"District Magistrate / Collector, Drass, Ladakh",,,,district/UT official sites + ladakh.gov.in + ddd.gov.in + lakshadweep.gov.in,0.60,collected,2026-06-26
1525,Kunzes Angmo,Smt,female,,,"District Magistrate / Collector, Sham, Ladakh",,,,district/UT official sites + ladakh.gov.in + ddd.gov.in + lakshadweep.gov.in,0.60,collected,2026-06-26
1526,Mukul Beniwal,Shri,male,,,"District Magistrate / Collector, Nubra, Ladakh",,,,district/UT official sites + ladakh.gov.in + ddd.gov.in + lakshadweep.gov.in,0.60,collected,2026-06-26
1527,Nitish Rajoria,Shri,male,,,"District Magistrate / Collector, Changthang, Ladakh",,,,district/UT official sites + ladakh.gov.in + ddd.gov.in + lakshadweep.gov.in,0.60,collected,2026-06-26
1528,Giri Sankar,Dr,male,,,"District Magistrate / Collector, Lakshadweep, Lakshadweep",,,,district/UT official sites + ladakh.gov.in + ddd.gov.in + lakshadweep.gov.in,0.60,collected,2026-06-26
1529,Anu Kumari,Smt,female,,,"District Collector, Thiruvananthapuram, Kerala (IAS)",,,,https://gad.kerala.gov.in/en/district-collectors,0.70,collected,2026-06-26
1530,Afsana Perween,Smt,female,,,"District Collector, Kollam, Kerala (IAS)",,,,https://gad.kerala.gov.in/en/district-collectors,0.70,collected,2026-06-26
1531,Divya S. Iyer,Smt,female,,,"District Collector, Pathanamthitta, Kerala (IAS)",,,,https://gad.kerala.gov.in/en/district-collectors,0.70,collected,2026-06-26
1532,Haritha V. Kumar,Smt,female,,,"District Collector, Alappuzha, Kerala (IAS)",,,,https://gad.kerala.gov.in/en/district-collectors,0.70,collected,2026-06-26
1533,P K Jayasree,Smt,female,,,"District Collector, Kottayam, Kerala (IAS)",,,,https://gad.kerala.gov.in/en/district-collectors,0.70,collected,2026-06-26
1534,Sheeba George,Smt,female,,,"District Collector, Idukki, Kerala (IAS)",,,,https://gad.kerala.gov.in/en/district-collectors,0.70,collected,2026-06-26
1535,N S K Umesh,Shri,male,,,"District Collector, Ernakulam, Kerala (IAS)",,,,https://gad.kerala.gov.in/en/district-collectors,0.70,collected,2026-06-26
1536,V R Krishna Teja,Shri,male,,,"District Collector, Thrissur, Kerala (IAS)",,,,https://gad.kerala.gov.in/en/district-collectors,0.70,collected,2026-06-26
1537,S. Chitra,Smt,female,,,"District Collector, Palakkad, Kerala (IAS)",,,,https://gad.kerala.gov.in/en/district-collectors,0.70,collected,2026-06-26
1538,V R Premkumar,Shri,male,,,"District Collector, Malappuram, Kerala (IAS)",,,,https://gad.kerala.gov.in/en/district-collectors,0.70,collected,2026-06-26
1539,A Geetha,Smt,female,,,"District Collector, Kozhikode, Kerala (IAS)",,,,https://gad.kerala.gov.in/en/district-collectors,0.70,collected,2026-06-26
1540,Renu Raj,Smt,female,,,"District Collector, Wayanad, Kerala (IAS)",,,,https://gad.kerala.gov.in/en/district-collectors,0.70,collected,2026-06-26
1541,S Chandrasekar,Shri,male,,,"District Collector, Kannur, Kerala (IAS)",,,,https://gad.kerala.gov.in/en/district-collectors,0.70,collected,2026-06-26
1542,Bhandari Swagat Ranveerchand,Shri,male,,,"District Collector, Kasaragod, Kerala (IAS)",,,,https://gad.kerala.gov.in/en/district-collectors,0.70,collected,2026-06-26
1543,Ashutosh Dumbre,Shri,male,,,"Superintendent/Commissioner of Police, Thane, Maharashtra (IPS)",,,,https://home.maharashtra.gov.in/cp-and-sp-offices + mahapolice.gov.in,0.60,collected,2026-06-26
1544,Yatish Deshmukh,Shri,male,,,"Superintendent/Commissioner of Police, Palghar, Maharashtra (IPS)",,,,https://home.maharashtra.gov.in/cp-and-sp-offices + mahapolice.gov.in,0.60,collected,2026-06-26
1545,Aanchal Dalal,Smt,female,,,"Superintendent/Commissioner of Police, Raigad, Maharashtra (IPS)",,,,https://home.maharashtra.gov.in/cp-and-sp-offices + mahapolice.gov.in,0.60,collected,2026-06-26
1546,Nitin Bagate,Shri,male,,,"Superintendent/Commissioner of Police, Ratnagiri, Maharashtra (IPS)",,,,https://home.maharashtra.gov.in/cp-and-sp-offices + mahapolice.gov.in,0.60,collected,2026-06-26
1547,Mohan Dahikar,Shri,male,,,"Superintendent/Commissioner of Police, Sindhudurg, Maharashtra (IPS)",,,,https://home.maharashtra.gov.in/cp-and-sp-offices + mahapolice.gov.in,0.60,collected,2026-06-26
1548,Amitesh Kumar,Shri,male,,,"Superintendent/Commissioner of Police, Pune, Maharashtra (IPS)",,,,https://home.maharashtra.gov.in/cp-and-sp-offices + mahapolice.gov.in,0.60,collected,2026-06-26
1549,Samir Shaikh,Shri,male,,,"Superintendent/Commissioner of Police, Satara, Maharashtra (IPS)",,,,https://home.maharashtra.gov.in/cp-and-sp-offices + mahapolice.gov.in,0.60,collected,2026-06-26
1550,Tushar Doshi,Shri,male,,,"Superintendent/Commissioner of Police, Sangli, Maharashtra (IPS)",,,,https://home.maharashtra.gov.in/cp-and-sp-offices + mahapolice.gov.in,0.60,collected,2026-06-26
1551,M. Rajkumar,Shri,male,,,"Superintendent/Commissioner of Police, Solapur, Maharashtra (IPS)",,,,https://home.maharashtra.gov.in/cp-and-sp-offices + mahapolice.gov.in,0.60,collected,2026-06-26
1552,Yogesh Kumar,Shri,male,,,"Superintendent/Commissioner of Police, Kolhapur, Maharashtra (IPS)",,,,https://home.maharashtra.gov.in/cp-and-sp-offices + mahapolice.gov.in,0.60,collected,2026-06-26
1553,Sandeep Karnik,Shri,male,,,"Superintendent/Commissioner of Police, Nashik, Maharashtra (IPS)",,,,https://home.maharashtra.gov.in/cp-and-sp-offices + mahapolice.gov.in,0.60,collected,2026-06-26
1554,Shrikant Dhivare,Shri,male,,,"Superintendent/Commissioner of Police, Dhule, Maharashtra (IPS)",,,,https://home.maharashtra.gov.in/cp-and-sp-offices + mahapolice.gov.in,0.60,collected,2026-06-26
1555,Shravan Dath S,Shri,male,,,"Superintendent/Commissioner of Police, Nandurbar, Maharashtra (IPS)",,,,https://home.maharashtra.gov.in/cp-and-sp-offices + mahapolice.gov.in,0.60,collected,2026-06-26
1556,Maheswar Reddy,Shri,male,,,"Superintendent/Commissioner of Police, Jalgaon, Maharashtra (IPS)",,,,https://home.maharashtra.gov.in/cp-and-sp-offices + mahapolice.gov.in,0.60,collected,2026-06-26
1557,Pravin Pawar,Shri,male,,,"Superintendent/Commissioner of Police, Aurangabad, Maharashtra (IPS)",,,,https://home.maharashtra.gov.in/cp-and-sp-offices + mahapolice.gov.in,0.60,collected,2026-06-26
1558,Ajaykumar Bansal,Shri,male,,,"Superintendent/Commissioner of Police, Jalna, Maharashtra (IPS)",,,,https://home.maharashtra.gov.in/cp-and-sp-offices + mahapolice.gov.in,0.60,collected,2026-06-26
1559,Navneet Kanwat,Shri,male,,,"Superintendent/Commissioner of Police, Beed, Maharashtra (IPS)",,,,https://home.maharashtra.gov.in/cp-and-sp-offices + mahapolice.gov.in,0.60,collected,2026-06-26
1560,Amol Tambe,Shri,male,,,"Superintendent/Commissioner of Police, Latur, Maharashtra (IPS)",,,,https://home.maharashtra.gov.in/cp-and-sp-offices + mahapolice.gov.in,0.60,collected,2026-06-26
1561,Ritu Khokher,Smt,female,,,"Superintendent/Commissioner of Police, Osmanabad, Maharashtra (IPS)",,,,https://home.maharashtra.gov.in/cp-and-sp-offices + mahapolice.gov.in,0.60,collected,2026-06-26
1562,Abinash Kumar,Shri,male,,,"Superintendent/Commissioner of Police, Nanded, Maharashtra (IPS)",,,,https://home.maharashtra.gov.in/cp-and-sp-offices + mahapolice.gov.in,0.60,collected,2026-06-26
1563,Ravindrasingh Pardeshi,Shri,male,,,"Superintendent/Commissioner of Police, Parbhani, Maharashtra (IPS)",,,,https://home.maharashtra.gov.in/cp-and-sp-offices + mahapolice.gov.in,0.60,collected,2026-06-26
1564,Shrikrushna Kokate,Shri,male,,,"Superintendent/Commissioner of Police, Hingoli, Maharashtra (IPS)",,,,https://home.maharashtra.gov.in/cp-and-sp-offices + mahapolice.gov.in,0.60,collected,2026-06-26
1565,Arvind Chawria,Shri,male,,,"Superintendent/Commissioner of Police, Amravati, Maharashtra (IPS)",,,,https://home.maharashtra.gov.in/cp-and-sp-offices + mahapolice.gov.in,0.60,collected,2026-06-26
1566,Archit Chandak,Shri,male,,,"Superintendent/Commissioner of Police, Akola, Maharashtra (IPS)",,,,https://home.maharashtra.gov.in/cp-and-sp-offices + mahapolice.gov.in,0.60,collected,2026-06-26
1567,Anuj Tare,Shri,male,,,"Superintendent/Commissioner of Police, Washim, Maharashtra (IPS)",,,,https://home.maharashtra.gov.in/cp-and-sp-offices + mahapolice.gov.in,0.60,collected,2026-06-26
1568,Nilesh Tambe,Shri,male,,,"Superintendent/Commissioner of Police, Buldhana, Maharashtra (IPS)",,,,https://home.maharashtra.gov.in/cp-and-sp-offices + mahapolice.gov.in,0.60,collected,2026-06-26
1569,Kumar Chintha,Shri,male,,,"Superintendent/Commissioner of Police, Yavatmal, Maharashtra (IPS)",,,,https://home.maharashtra.gov.in/cp-and-sp-offices + mahapolice.gov.in,0.60,collected,2026-06-26
1570,Ravinder Kumar Singal,Shri,male,,,"Superintendent/Commissioner of Police, Nagpur, Maharashtra (IPS)",,,,https://home.maharashtra.gov.in/cp-and-sp-offices + mahapolice.gov.in,0.60,collected,2026-06-26
1571,Anurag Jain,Shri,male,,,"Superintendent/Commissioner of Police, Wardha, Maharashtra (IPS)",,,,https://home.maharashtra.gov.in/cp-and-sp-offices + mahapolice.gov.in,0.60,collected,2026-06-26
1572,Noorul Hasan,Shri,male,,,"Superintendent/Commissioner of Police, Bhandara, Maharashtra (IPS)",,,,https://home.maharashtra.gov.in/cp-and-sp-offices + mahapolice.gov.in,0.60,collected,2026-06-26
1573,Gorakh Bhamare,Shri,male,,,"Superintendent/Commissioner of Police, Gondia, Maharashtra (IPS)",,,,https://home.maharashtra.gov.in/cp-and-sp-offices + mahapolice.gov.in,0.60,collected,2026-06-26
1574,Mummaka Sudarshan,Shri,male,,,"Superintendent/Commissioner of Police, Chandrapur, Maharashtra (IPS)",,,,https://home.maharashtra.gov.in/cp-and-sp-offices + mahapolice.gov.in,0.60,collected,2026-06-26
1575,Neelotpal,Shri,male,,,"Superintendent/Commissioner of Police, Gadchiroli, Maharashtra (IPS)",,,,https://home.maharashtra.gov.in/cp-and-sp-offices + mahapolice.gov.in,0.60,collected,2026-06-26
1576,Deven Bharti,Shri,male,,,"Superintendent/Commissioner of Police, Mumbai Suburban, Maharashtra (IPS)",,,,https://home.maharashtra.gov.in/cp-and-sp-offices + mahapolice.gov.in,0.60,collected,2026-06-26
1577,Deepak Kumar,Shri,male,,,"Superintendent/Commissioner of Police, Agra, Uttar Pradesh (IPS)",,,,https://uppolice.gov.in + district police sites,0.60,collected,2026-06-26
1578,Neeraj Kumar Jadaun,Shri,male,,,"Superintendent/Commissioner of Police, Aligarh, Uttar Pradesh (IPS)",,,,https://uppolice.gov.in + district police sites,0.60,collected,2026-06-26
1579,Prachi Singh,Smt,female,,,"Superintendent/Commissioner of Police, Ambedkar Nagar, Uttar Pradesh (IPS)",,,,https://uppolice.gov.in + district police sites,0.60,collected,2026-06-26
1580,Aparna Rajat Kaushik,Smt,female,,,"Superintendent/Commissioner of Police, Amethi, Uttar Pradesh (IPS)",,,,https://uppolice.gov.in + district police sites,0.60,collected,2026-06-26
1581,Amit Kumar Anand,Shri,male,,,"Superintendent/Commissioner of Police, Amroha, Uttar Pradesh (IPS)",,,,https://uppolice.gov.in + district police sites,0.60,collected,2026-06-26
1582,Abhishek Bharti,Shri,male,,,"Superintendent/Commissioner of Police, Auraiya, Uttar Pradesh (IPS)",,,,https://uppolice.gov.in + district police sites,0.60,collected,2026-06-26
1583,Gaurav Grover,Shri,male,,,"Superintendent/Commissioner of Police, Ayodhya, Uttar Pradesh (IPS)",,,,https://uppolice.gov.in + district police sites,0.60,collected,2026-06-26
1584,Anil Kumar,Shri,male,,,"Superintendent/Commissioner of Police, Azamgarh, Uttar Pradesh (IPS)",,,,https://uppolice.gov.in + district police sites,0.60,collected,2026-06-26
1585,Ram Nayan Singh,Shri,male,,,"Superintendent/Commissioner of Police, Bahraich, Uttar Pradesh (IPS)",,,,https://uppolice.gov.in + district police sites,0.60,collected,2026-06-26
1586,Omvir Singh,Shri,male,,,"Superintendent/Commissioner of Police, Ballia, Uttar Pradesh (IPS)",,,,https://uppolice.gov.in + district police sites,0.60,collected,2026-06-26
1587,Vikas Kumar,Shri,male,,,"Superintendent/Commissioner of Police, Balrampur, Uttar Pradesh (IPS)",,,,https://uppolice.gov.in + district police sites,0.60,collected,2026-06-26
1588,Palash Bansal,Shri,male,,,"Superintendent/Commissioner of Police, Banda, Uttar Pradesh (IPS)",,,,https://uppolice.gov.in + district police sites,0.60,collected,2026-06-26
1589,Arpit Vijayvargiya,Shri,male,,,"Superintendent/Commissioner of Police, Barabanki, Uttar Pradesh (IPS)",,,,https://uppolice.gov.in + district police sites,0.60,collected,2026-06-26
1590,Anurag Arya,Shri,male,,,"Superintendent/Commissioner of Police, Bareilly, Uttar Pradesh (IPS)",,,,https://uppolice.gov.in + district police sites,0.60,collected,2026-06-26
1591,Yashveer Singh,Shri,male,,,"Superintendent/Commissioner of Police, Basti, Uttar Pradesh (IPS)",,,,https://uppolice.gov.in + district police sites,0.60,collected,2026-06-26
1592,Abhimanyu Manglik,Shri,male,,,"Superintendent/Commissioner of Police, Bhadohi, Uttar Pradesh (IPS)",,,,https://uppolice.gov.in + district police sites,0.60,collected,2026-06-26
1593,Abhishek,Shri,male,,,"Superintendent/Commissioner of Police, Bijnor, Uttar Pradesh (IPS)",,,,https://uppolice.gov.in + district police sites,0.60,collected,2026-06-26
1594,Ankita Sharma,Smt,female,,,"Superintendent/Commissioner of Police, Budaun, Uttar Pradesh (IPS)",,,,https://uppolice.gov.in + district police sites,0.60,collected,2026-06-26
1595,Dinesh Kumar Singh,Shri,male,,,"Superintendent/Commissioner of Police, Bulandshahr, Uttar Pradesh (IPS)",,,,https://uppolice.gov.in + district police sites,0.60,collected,2026-06-26
1596,Akash Patel,Shri,male,,,"Superintendent/Commissioner of Police, Chandauli, Uttar Pradesh (IPS)",,,,https://uppolice.gov.in + district police sites,0.60,collected,2026-06-26
1597,Arun Kumar Singh,Shri,male,,,"Superintendent/Commissioner of Police, Chitrakoot, Uttar Pradesh (IPS)",,,,https://uppolice.gov.in + district police sites,0.60,collected,2026-06-26
1598,Abhijit R. Shankar,Shri,male,,,"Superintendent/Commissioner of Police, Deoria, Uttar Pradesh (IPS)",,,,https://uppolice.gov.in + district police sites,0.60,collected,2026-06-26
1599,Elamaran G,Shri,male,,,"Superintendent/Commissioner of Police, Etah, Uttar Pradesh (IPS)",,,,https://uppolice.gov.in + district police sites,0.60,collected,2026-06-26
1600,Brijesh Kumar Srivastava,Shri,male,,,"Superintendent/Commissioner of Police, Etawah, Uttar Pradesh (IPS)",,,,https://uppolice.gov.in + district police sites,0.60,collected,2026-06-26
1601,Aarti Singh,Smt,female,,,"Superintendent/Commissioner of Police, Farrukhabad, Uttar Pradesh (IPS)",,,,https://uppolice.gov.in + district police sites,0.60,collected,2026-06-26
1602,Anoop Kumar Singh,Shri,male,,,"Superintendent/Commissioner of Police, Fatehpur, Uttar Pradesh (IPS)",,,,https://uppolice.gov.in + district police sites,0.60,collected,2026-06-26
1603,Aditya Langhe,Shri,male,,,"Superintendent/Commissioner of Police, Firozabad, Uttar Pradesh (IPS)",,,,https://uppolice.gov.in + district police sites,0.60,collected,2026-06-26
1604,Laxmi Singh,Smt,female,,,"Superintendent/Commissioner of Police, Gautam Buddha Nagar, Uttar Pradesh (IPS)",,,,https://uppolice.gov.in + district police sites,0.60,collected,2026-06-26
1605,J. Ravinder Gaud,Shri,male,,,"Superintendent/Commissioner of Police, Ghaziabad, Uttar Pradesh (IPS)",,,,https://uppolice.gov.in + district police sites,0.60,collected,2026-06-26
1606,Iraj Raja,Shri,male,,,"Superintendent/Commissioner of Police, Ghazipur, Uttar Pradesh (IPS)",,,,https://uppolice.gov.in + district police sites,0.60,collected,2026-06-26
1607,Vineet Jaiswal,Shri,male,,,"Superintendent/Commissioner of Police, Gonda, Uttar Pradesh (IPS)",,,,https://uppolice.gov.in + district police sites,0.60,collected,2026-06-26
1608,Kaustubh,Shri,male,,,"Superintendent/Commissioner of Police, Gorakhpur, Uttar Pradesh (IPS)",,,,https://uppolice.gov.in + district police sites,0.60,collected,2026-06-26
1609,Mrigank Shekhar Pathak,Shri,male,,,"Superintendent/Commissioner of Police, Hamirpur, Uttar Pradesh (IPS)",,,,https://uppolice.gov.in + district police sites,0.60,collected,2026-06-26
1610,Deepak Bhuker,Shri,male,,,"Superintendent/Commissioner of Police, Hapur, Uttar Pradesh (IPS)",,,,https://uppolice.gov.in + district police sites,0.60,collected,2026-06-26
1611,Ashok Kumar Meena,Shri,male,,,"Superintendent/Commissioner of Police, Hardoi, Uttar Pradesh (IPS)",,,,https://uppolice.gov.in + district police sites,0.60,collected,2026-06-26
1612,Chiranjeev Nath Sinha,Shri,male,,,"Superintendent/Commissioner of Police, Hathras, Uttar Pradesh (IPS)",,,,https://uppolice.gov.in + district police sites,0.60,collected,2026-06-26
1613,Vinay Kumar Singh,Shri,male,,,"Superintendent/Commissioner of Police, Jalaun, Uttar Pradesh (IPS)",,,,https://uppolice.gov.in + district police sites,0.60,collected,2026-06-26
1614,Kunwar Anupam Singh,Shri,male,,,"Superintendent/Commissioner of Police, Jaunpur, Uttar Pradesh (IPS)",,,,https://uppolice.gov.in + district police sites,0.60,collected,2026-06-26
1615,Sudha Singh,Smt,female,,,"Superintendent/Commissioner of Police, Jhansi, Uttar Pradesh (IPS)",,,,https://uppolice.gov.in + district police sites,0.60,collected,2026-06-26
1616,Binod Kumar,Shri,male,,,"Superintendent/Commissioner of Police, Kannauj, Uttar Pradesh (IPS)",,,,https://uppolice.gov.in + district police sites,0.60,collected,2026-06-26
1617,Shraddha Narendra Pandey,Smt,female,,,"Superintendent/Commissioner of Police, Kanpur Dehat, Uttar Pradesh (IPS)",,,,https://uppolice.gov.in + district police sites,0.60,collected,2026-06-26
1618,Raghubir Lal,Shri,male,,,"Superintendent/Commissioner of Police, Kanpur Nagar, Uttar Pradesh (IPS)",,,,https://uppolice.gov.in + district police sites,0.60,collected,2026-06-26
1619,Ankita Sharma,Smt,female,,,"Superintendent/Commissioner of Police, Kasganj, Uttar Pradesh (IPS)",,,,https://uppolice.gov.in + district police sites,0.60,collected,2026-06-26
1620,Satyanarayan Prajapat,Shri,male,,,"Superintendent/Commissioner of Police, Kaushambi, Uttar Pradesh (IPS)",,,,https://uppolice.gov.in + district police sites,0.60,collected,2026-06-26
1621,Khyati Garg,Smt,female,,,"Superintendent/Commissioner of Police, Lakhimpur Kheri, Uttar Pradesh (IPS)",,,,https://uppolice.gov.in + district police sites,0.60,collected,2026-06-26
1622,Vinod Kumar Singh,Shri,male,,,"Superintendent/Commissioner of Police, Kushinagar, Uttar Pradesh (IPS)",,,,https://uppolice.gov.in + district police sites,0.60,collected,2026-06-26
1623,Om Prakash Singh,Shri,male,,,"Superintendent/Commissioner of Police, Lalitpur, Uttar Pradesh (IPS)",,,,https://uppolice.gov.in + district police sites,0.60,collected,2026-06-26
1624,Amarendra Singh Sengar,Shri,male,,,"Superintendent/Commissioner of Police, Lucknow, Uttar Pradesh (IPS)",,,,https://uppolice.gov.in + district police sites,0.60,collected,2026-06-26
1625,Shakti Mohan Awasthi,Shri,male,,,"Superintendent/Commissioner of Police, Maharajganj, Uttar Pradesh (IPS)",,,,https://uppolice.gov.in + district police sites,0.60,collected,2026-06-26
1626,Arun Kumar Srivastava,Shri,male,,,"Superintendent/Commissioner of Police, Mahoba, Uttar Pradesh (IPS)",,,,https://uppolice.gov.in + district police sites,0.60,collected,2026-06-26
1627,Ganesh Prasad Saha,Shri,male,,,"Superintendent/Commissioner of Police, Mainpuri, Uttar Pradesh (IPS)",,,,https://uppolice.gov.in + district police sites,0.60,collected,2026-06-26
1628,Shlok Kumar,Shri,male,,,"Superintendent/Commissioner of Police, Mathura, Uttar Pradesh (IPS)",,,,https://uppolice.gov.in + district police sites,0.60,collected,2026-06-26
1629,Kamlesh Bahadur,Shri,male,,,"Superintendent/Commissioner of Police, Mau, Uttar Pradesh (IPS)",,,,https://uppolice.gov.in + district police sites,0.60,collected,2026-06-26
1630,Avinash Pandey,Shri,male,,,"Superintendent/Commissioner of Police, Meerut, Uttar Pradesh (IPS)",,,,https://uppolice.gov.in + district police sites,0.60,collected,2026-06-26
1631,Aparna Rajat Kaushik,Smt,female,,,"Superintendent/Commissioner of Police, Mirzapur, Uttar Pradesh (IPS)",,,,https://uppolice.gov.in + district police sites,0.60,collected,2026-06-26
1632,Satpal,Shri,male,,,"Superintendent/Commissioner of Police, Moradabad, Uttar Pradesh (IPS)",,,,https://uppolice.gov.in + district police sites,0.60,collected,2026-06-26
1633,Sanjay Kumar,Shri,male,,,"Superintendent/Commissioner of Police, Muzaffarnagar, Uttar Pradesh (IPS)",,,,https://uppolice.gov.in + district police sites,0.60,collected,2026-06-26
1634,Sukirti Madhav Mishra,Smt,female,,,"Superintendent/Commissioner of Police, Pilibhit, Uttar Pradesh (IPS)",,,,https://uppolice.gov.in + district police sites,0.60,collected,2026-06-26
1635,Deepak Bhukar,Shri,male,,,"Superintendent/Commissioner of Police, Pratapgarh, Uttar Pradesh (IPS)",,,,https://uppolice.gov.in + district police sites,0.60,collected,2026-06-26
1636,Jogendra Kumar,Shri,male,,,"Superintendent/Commissioner of Police, Prayagraj, Uttar Pradesh (IPS)",,,,https://uppolice.gov.in + district police sites,0.60,collected,2026-06-26
1637,Vidyasagar Mishra,Shri,male,,,"Superintendent/Commissioner of Police, Rampur, Uttar Pradesh (IPS)",,,,https://uppolice.gov.in + district police sites,0.60,collected,2026-06-26
1638,Ashish Tiwari,Shri,male,,,"Superintendent/Commissioner of Police, Saharanpur, Uttar Pradesh (IPS)",,,,https://uppolice.gov.in + district police sites,0.60,collected,2026-06-26
1639,Krishan Kumar Bishnoi,Shri,male,,,"Superintendent/Commissioner of Police, Sambhal, Uttar Pradesh (IPS)",,,,https://uppolice.gov.in + district police sites,0.60,collected,2026-06-26
1640,Sandeep Kumar Meena,Shri,male,,,"Superintendent/Commissioner of Police, Sant Kabir Nagar, Uttar Pradesh (IPS)",,,,https://uppolice.gov.in + district police sites,0.60,collected,2026-06-26
1641,Saurabh Dixit,Shri,male,,,"Superintendent/Commissioner of Police, Shahjahanpur, Uttar Pradesh (IPS)",,,,https://uppolice.gov.in + district police sites,0.60,collected,2026-06-26
1642,Narendra Pratap Singh,Shri,male,,,"Superintendent/Commissioner of Police, Shamli, Uttar Pradesh (IPS)",,,,https://uppolice.gov.in + district police sites,0.60,collected,2026-06-26
1643,Rahul Bhati,Shri,male,,,"Superintendent/Commissioner of Police, Shravasti, Uttar Pradesh (IPS)",,,,https://uppolice.gov.in + district police sites,0.60,collected,2026-06-26
1644,Abhishek Mahajan,Shri,male,,,"Superintendent/Commissioner of Police, Siddharthnagar, Uttar Pradesh (IPS)",,,,https://uppolice.gov.in + district police sites,0.60,collected,2026-06-26
1645,Ankur Agarwal,Shri,male,,,"Superintendent/Commissioner of Police, Sitapur, Uttar Pradesh (IPS)",,,,https://uppolice.gov.in + district police sites,0.60,collected,2026-06-26
1646,Abhishek Verma,Shri,male,,,"Superintendent/Commissioner of Police, Sonbhadra, Uttar Pradesh (IPS)",,,,https://uppolice.gov.in + district police sites,0.60,collected,2026-06-26
1647,Charu Nigam,Smt,female,,,"Superintendent/Commissioner of Police, Sultanpur, Uttar Pradesh (IPS)",,,,https://uppolice.gov.in + district police sites,0.60,collected,2026-06-26
1648,Siddharth Shankar Meena,Shri,male,,,"Superintendent/Commissioner of Police, Unnao, Uttar Pradesh (IPS)",,,,https://uppolice.gov.in + district police sites,0.60,collected,2026-06-26
1649,Mohit Agarwal,Shri,male,,,"Superintendent/Commissioner of Police, Varanasi, Uttar Pradesh (IPS)",,,,https://uppolice.gov.in + district police sites,0.60,collected,2026-06-26
1650,Sanjay Kharat,Shri,male,,,"Superintendent/Commissioner of Police, Amreli, Gujarat (IPS)",,,,police.gujarat.gov.in + district police sites + IPS posting lists,0.55,collected,2026-06-26
1651,Gaurav Jasani,Shri,male,,,"Superintendent/Commissioner of Police, Anand, Gujarat (IPS)",,,,police.gujarat.gov.in + district police sites + IPS posting lists,0.55,collected,2026-06-26
1652,Manoharsinh N. Jadeja,Shri,male,,,"Superintendent/Commissioner of Police, Aravalli, Gujarat (IPS)",,,,police.gujarat.gov.in + district police sites + IPS posting lists,0.55,collected,2026-06-26
1653,Prashant Sumbe,Shri,male,,,"Superintendent/Commissioner of Police, Banaskantha, Gujarat (IPS)",,,,police.gujarat.gov.in + district police sites + IPS posting lists,0.55,collected,2026-06-26
1654,Akshay Raj,Shri,male,,,"Superintendent/Commissioner of Police, Bharuch, Gujarat (IPS)",,,,police.gujarat.gov.in + district police sites + IPS posting lists,0.55,collected,2026-06-26
1655,Nitesh Pandey,Shri,male,,,"Superintendent/Commissioner of Police, Bhavnagar, Gujarat (IPS)",,,,police.gujarat.gov.in + district police sites + IPS posting lists,0.55,collected,2026-06-26
1656,Chintan J. Teraiya,Shri,male,,,"Superintendent/Commissioner of Police, Botad, Gujarat (IPS)",,,,police.gujarat.gov.in + district police sites + IPS posting lists,0.55,collected,2026-06-26
1657,Imtiyaz Shaikh,Shri,male,,,"Superintendent/Commissioner of Police, Chhota Udaipur, Gujarat (IPS)",,,,police.gujarat.gov.in + district police sites + IPS posting lists,0.55,collected,2026-06-26
1658,Ravirajsinh S. Jadeja,Shri,male,,,"Superintendent/Commissioner of Police, Dahod, Gujarat (IPS)",,,,police.gujarat.gov.in + district police sites + IPS posting lists,0.55,collected,2026-06-26
1659,Pooja Yadav,Smt,female,,,"Superintendent/Commissioner of Police, Dang, Gujarat (IPS)",,,,police.gujarat.gov.in + district police sites + IPS posting lists,0.55,collected,2026-06-26
1660,Jayrajsinh V. Vala,Shri,male,,,"Superintendent/Commissioner of Police, Devbhoomi Dwarka, Gujarat (IPS)",,,,police.gujarat.gov.in + district police sites + IPS posting lists,0.55,collected,2026-06-26
1661,Ravi Teja Vasamsetty,Shri,male,,,"Superintendent/Commissioner of Police, Gandhinagar, Gujarat (IPS)",,,,police.gujarat.gov.in + district police sites + IPS posting lists,0.55,collected,2026-06-26
1662,Jaydeepsinh D. Jadeja,Shri,male,,,"Superintendent/Commissioner of Police, Gir Somnath, Gujarat (IPS)",,,,police.gujarat.gov.in + district police sites + IPS posting lists,0.55,collected,2026-06-26
1663,Ravi Mohan Saini,Shri,male,,,"Superintendent/Commissioner of Police, Jamnagar, Gujarat (IPS)",,,,police.gujarat.gov.in + district police sites + IPS posting lists,0.55,collected,2026-06-26
1664,Harshad B. Mehta,Shri,male,,,"Superintendent/Commissioner of Police, Junagadh, Gujarat (IPS)",,,,police.gujarat.gov.in + district police sites + IPS posting lists,0.55,collected,2026-06-26
1665,Vijay J. Patel,Shri,male,,,"Superintendent/Commissioner of Police, Kheda, Gujarat (IPS)",,,,police.gujarat.gov.in + district police sites + IPS posting lists,0.55,collected,2026-06-26
1666,Vikas Sunda,Shri,male,,,"Superintendent/Commissioner of Police, Kutch, Gujarat (IPS)",,,,police.gujarat.gov.in + district police sites + IPS posting lists,0.55,collected,2026-06-26
1667,Safin Hasan,Shri,male,,,"Superintendent/Commissioner of Police, Mahisagar, Gujarat (IPS)",,,,police.gujarat.gov.in + district police sites + IPS posting lists,0.55,collected,2026-06-26
1668,Himanshu Solanki,Shri,male,,,"Superintendent/Commissioner of Police, Mehsana, Gujarat (IPS)",,,,police.gujarat.gov.in + district police sites + IPS posting lists,0.55,collected,2026-06-26
1669,Mukeshkumar N. Patel,Shri,male,,,"Superintendent/Commissioner of Police, Morbi, Gujarat (IPS)",,,,police.gujarat.gov.in + district police sites + IPS posting lists,0.55,collected,2026-06-26
1670,Vishakha Dabral,Smt,female,,,"Superintendent/Commissioner of Police, Narmada, Gujarat (IPS)",,,,police.gujarat.gov.in + district police sites + IPS posting lists,0.55,collected,2026-06-26
1671,Rahul B. Patel,Shri,male,,,"Superintendent/Commissioner of Police, Navsari, Gujarat (IPS)",,,,police.gujarat.gov.in + district police sites + IPS posting lists,0.55,collected,2026-06-26
1672,Hareshbhai Dudhat,Shri,male,,,"Superintendent/Commissioner of Police, Panchmahal, Gujarat (IPS)",,,,police.gujarat.gov.in + district police sites + IPS posting lists,0.55,collected,2026-06-26
1673,Vasantkumar Nayi,Shri,male,,,"Superintendent/Commissioner of Police, Patan, Gujarat (IPS)",,,,police.gujarat.gov.in + district police sites + IPS posting lists,0.55,collected,2026-06-26
1674,Bhagirathsinh Jadeja,Shri,male,,,"Superintendent/Commissioner of Police, Porbandar, Gujarat (IPS)",,,,police.gujarat.gov.in + district police sites + IPS posting lists,0.55,collected,2026-06-26
1675,Brijesh Kumar Jha,Shri,male,,,"Superintendent/Commissioner of Police, Rajkot, Gujarat (IPS)",,,,police.gujarat.gov.in + district police sites + IPS posting lists,0.55,collected,2026-06-26
1676,Parthrajsinh N. Gohil,Shri,male,,,"Superintendent/Commissioner of Police, Sabarkantha, Gujarat (IPS)",,,,police.gujarat.gov.in + district police sites + IPS posting lists,0.55,collected,2026-06-26
1677,Anupam Singh Gahlot,Shri,male,,,"Superintendent/Commissioner of Police, Surat, Gujarat (IPS)",,,,police.gujarat.gov.in + district police sites + IPS posting lists,0.55,collected,2026-06-26
1678,Premsukh Delu,Shri,male,,,"Superintendent/Commissioner of Police, Surendranagar, Gujarat (IPS)",,,,police.gujarat.gov.in + district police sites + IPS posting lists,0.55,collected,2026-06-26
1679,Jashubhai N. Desai,Shri,male,,,"Superintendent/Commissioner of Police, Tapi, Gujarat (IPS)",,,,police.gujarat.gov.in + district police sites + IPS posting lists,0.55,collected,2026-06-26
1680,Narasimha Komar,Shri,male,,,"Superintendent/Commissioner of Police, Vadodara, Gujarat (IPS)",,,,police.gujarat.gov.in + district police sites + IPS posting lists,0.55,collected,2026-06-26
1681,Yuvrajsinh J. Jadeja,Shri,male,,,"Superintendent/Commissioner of Police, Valsad, Gujarat (IPS)",,,,police.gujarat.gov.in + district police sites + IPS posting lists,0.55,collected,2026-06-26
1682,Sachin Mittal,Shri,male,,,"Superintendent/Commissioner of Police, Jaipur, Rajasthan (IPS)",,,,police.rajasthan.gov.in + district police pages + 2026 IPS posting lists,0.60,collected,2026-06-26
1683,Sharat Kaviraj,Shri,male,,,"Superintendent/Commissioner of Police, Jodhpur, Rajasthan (IPS)",,,,police.rajasthan.gov.in + district police pages + 2026 IPS posting lists,0.60,collected,2026-06-26
1684,Harsh Vardhan Agrawala,Shri,male,,,"Superintendent/Commissioner of Police, Ajmer, Rajasthan (IPS)",,,,police.rajasthan.gov.in + district police pages + 2026 IPS posting lists,0.60,collected,2026-06-26
1685,Sanjeev Nain,Shri,male,,,"Superintendent/Commissioner of Police, Alwar, Rajasthan (IPS)",,,,police.rajasthan.gov.in + district police pages + 2026 IPS posting lists,0.60,collected,2026-06-26
1686,Ramesh Kumar,Shri,male,,,"Superintendent/Commissioner of Police, Balotra, Rajasthan (IPS)",,,,police.rajasthan.gov.in + district police pages + 2026 IPS posting lists,0.60,collected,2026-06-26
1687,Ratan Singh,Shri,male,,,"Superintendent/Commissioner of Police, Beawar, Rajasthan (IPS)",,,,police.rajasthan.gov.in + district police pages + 2026 IPS posting lists,0.60,collected,2026-06-26
1688,Rajesh Kumar Meena,Shri,male,,,"Superintendent/Commissioner of Police, Bharatpur, Rajasthan (IPS)",,,,police.rajasthan.gov.in + district police pages + 2026 IPS posting lists,0.60,collected,2026-06-26
1689,Dharmendra Singh Yadav,Shri,male,,,"Superintendent/Commissioner of Police, Bhilwara, Rajasthan (IPS)",,,,police.rajasthan.gov.in + district police pages + 2026 IPS posting lists,0.60,collected,2026-06-26
1690,Mridul Kacchawa,Shri,male,,,"Superintendent/Commissioner of Police, Bikaner, Rajasthan (IPS)",,,,police.rajasthan.gov.in + district police pages + 2026 IPS posting lists,0.60,collected,2026-06-26
1691,Avneesh Kumar Sharma,Shri,male,,,"Superintendent/Commissioner of Police, Bundi, Rajasthan (IPS)",,,,police.rajasthan.gov.in + district police pages + 2026 IPS posting lists,0.60,collected,2026-06-26
1692,Dharmendra Singh,Shri,male,,,"Superintendent/Commissioner of Police, Chittorgarh, Rajasthan (IPS)",,,,police.rajasthan.gov.in + district police pages + 2026 IPS posting lists,0.60,collected,2026-06-26
1693,Gyan Chandra Yadav,Shri,male,,,"Superintendent/Commissioner of Police, Churu, Rajasthan (IPS)",,,,police.rajasthan.gov.in + district police pages + 2026 IPS posting lists,0.60,collected,2026-06-26
1694,Piyush Dixit,Shri,male,,,"Superintendent/Commissioner of Police, Dausa, Rajasthan (IPS)",,,,police.rajasthan.gov.in + district police pages + 2026 IPS posting lists,0.60,collected,2026-06-26
1695,Kamble Sharan Gopinath,Shri,male,,,"Superintendent/Commissioner of Police, Deeg, Rajasthan (IPS)",,,,police.rajasthan.gov.in + district police pages + 2026 IPS posting lists,0.60,collected,2026-06-26
1696,Vikas Sangwan,Shri,male,,,"Superintendent/Commissioner of Police, Dholpur, Rajasthan (IPS)",,,,police.rajasthan.gov.in + district police pages + 2026 IPS posting lists,0.60,collected,2026-06-26
1697,Pyarelal Shivran,Shri,male,,,"Superintendent/Commissioner of Police, Didwana-Kuchaman, Rajasthan (IPS)",,,,police.rajasthan.gov.in + district police pages + 2026 IPS posting lists,0.60,collected,2026-06-26
1698,Manish Kumar,Shri,male,,,"Superintendent/Commissioner of Police, Dungarpur, Rajasthan (IPS)",,,,police.rajasthan.gov.in + district police pages + 2026 IPS posting lists,0.60,collected,2026-06-26
1699,Narendra Singh Meena,Shri,male,,,"Superintendent/Commissioner of Police, Hanumangarh, Rajasthan (IPS)",,,,police.rajasthan.gov.in + district police pages + 2026 IPS posting lists,0.60,collected,2026-06-26
1700,Amit Kumar Budania,Shri,male,,,"Superintendent/Commissioner of Police, Jhalawar, Rajasthan (IPS)",,,,police.rajasthan.gov.in + district police pages + 2026 IPS posting lists,0.60,collected,2026-06-26
1701,Sudhir Joshi,Shri,male,,,"Superintendent/Commissioner of Police, Jhunjhunu, Rajasthan (IPS)",,,,police.rajasthan.gov.in + district police pages + 2026 IPS posting lists,0.60,collected,2026-06-26
1702,Piyush Dixit,Shri,male,,,"Superintendent/Commissioner of Police, Karauli, Rajasthan (IPS)",,,,police.rajasthan.gov.in + district police pages + 2026 IPS posting lists,0.60,collected,2026-06-26
1703,Brijesh Jyoti Upadhyay,Shri,male,,,"Superintendent/Commissioner of Police, Khairthal-Tijara, Rajasthan (IPS)",,,,police.rajasthan.gov.in + district police pages + 2026 IPS posting lists,0.60,collected,2026-06-26
1704,Tejaswini Gautam,Smt,female,,,"Superintendent/Commissioner of Police, Kota, Rajasthan (IPS)",,,,police.rajasthan.gov.in + district police pages + 2026 IPS posting lists,0.60,collected,2026-06-26
1705,Satveer Singh,Shri,male,,,"Superintendent/Commissioner of Police, Kotputli-Behror, Rajasthan (IPS)",,,,police.rajasthan.gov.in + district police pages + 2026 IPS posting lists,0.60,collected,2026-06-26
1706,Roshan Meena,Shri,male,,,"Superintendent/Commissioner of Police, Nagaur, Rajasthan (IPS)",,,,police.rajasthan.gov.in + district police pages + 2026 IPS posting lists,0.60,collected,2026-06-26
1707,Monika Sen,Smt,female,,,"Superintendent/Commissioner of Police, Pali, Rajasthan (IPS)",,,,police.rajasthan.gov.in + district police pages + 2026 IPS posting lists,0.60,collected,2026-06-26
1708,Satnam Singh,Shri,male,,,"Superintendent/Commissioner of Police, Phalodi, Rajasthan (IPS)",,,,police.rajasthan.gov.in + district police pages + 2026 IPS posting lists,0.60,collected,2026-06-26
1709,B. Adithya,Shri,male,,,"Superintendent/Commissioner of Police, Pratapgarh, Rajasthan (IPS)",,,,police.rajasthan.gov.in + district police pages + 2026 IPS posting lists,0.60,collected,2026-06-26
1710,Hemant Kalal,Shri,male,,,"Superintendent/Commissioner of Police, Rajsamand, Rajasthan (IPS)",,,,police.rajasthan.gov.in + district police pages + 2026 IPS posting lists,0.60,collected,2026-06-26
1711,Bishanaram,Shri,male,,,"Superintendent/Commissioner of Police, Salumbar, Rajasthan (IPS)",,,,police.rajasthan.gov.in + district police pages + 2026 IPS posting lists,0.60,collected,2026-06-26
1712,Jyeshtha Maitreyi,Smt,female,,,"Superintendent/Commissioner of Police, Sawai Madhopur, Rajasthan (IPS)",,,,police.rajasthan.gov.in + district police pages + 2026 IPS posting lists,0.60,collected,2026-06-26
1713,Kuwar Rashtradeep,Shri,male,,,"Superintendent/Commissioner of Police, Sikar, Rajasthan (IPS)",,,,police.rajasthan.gov.in + district police pages + 2026 IPS posting lists,0.60,collected,2026-06-26
1714,Pushpendra Singh Rathore,Shri,male,,,"Superintendent/Commissioner of Police, Sirohi, Rajasthan (IPS)",,,,police.rajasthan.gov.in + district police pages + 2026 IPS posting lists,0.60,collected,2026-06-26
1715,Hari Shankar,Shri,male,,,"Superintendent/Commissioner of Police, Sri Ganganagar, Rajasthan (IPS)",,,,police.rajasthan.gov.in + district police pages + 2026 IPS posting lists,0.60,collected,2026-06-26
1716,Vikas Sangwan,Shri,male,,,"Superintendent/Commissioner of Police, Tonk, Rajasthan (IPS)",,,,police.rajasthan.gov.in + district police pages + 2026 IPS posting lists,0.60,collected,2026-06-26
1717,Amrita Duhan,Smt,female,,,"Superintendent/Commissioner of Police, Udaipur, Rajasthan (IPS)",,,,police.rajasthan.gov.in + district police pages + 2026 IPS posting lists,0.60,collected,2026-06-26
1718,Sanjay Kumar,Shri,male,,,"Superintendent/Commissioner of Police, Bhopal, Madhya Pradesh (IPS)",,,,https://www.mppolice.gov.in + district police sites,0.55,collected,2026-06-26
1719,Santosh Kumar Singh,Shri,male,,,"Superintendent/Commissioner of Police, Indore, Madhya Pradesh (IPS)",,,,https://www.mppolice.gov.in + district police sites,0.55,collected,2026-06-26
1720,Dharamveer Singh,Shri,male,,,"Superintendent/Commissioner of Police, Gwalior, Madhya Pradesh (IPS)",,,,https://www.mppolice.gov.in + district police sites,0.55,collected,2026-06-26
1721,Sampat Upadhyay,Shri,male,,,"Superintendent/Commissioner of Police, Jabalpur, Madhya Pradesh (IPS)",,,,https://www.mppolice.gov.in + district police sites,0.55,collected,2026-06-26
1722,Pradeep Sharma,Shri,male,,,"Superintendent/Commissioner of Police, Ujjain, Madhya Pradesh (IPS)",,,,https://www.mppolice.gov.in + district police sites,0.55,collected,2026-06-26
1723,Anurag Sujania,Shri,male,,,"Superintendent/Commissioner of Police, Sagar, Madhya Pradesh (IPS)",,,,https://www.mppolice.gov.in + district police sites,0.55,collected,2026-06-26
1724,Gurukaran Singh,Shri,male,,,"Superintendent/Commissioner of Police, Rewa, Madhya Pradesh (IPS)",,,,https://www.mppolice.gov.in + district police sites,0.55,collected,2026-06-26
1725,Hansraj Singh,Shri,male,,,"Superintendent/Commissioner of Police, Satna, Madhya Pradesh (IPS)",,,,https://www.mppolice.gov.in + district police sites,0.55,collected,2026-06-26
1726,Rohit Kashwani,Shri,male,,,"Superintendent/Commissioner of Police, Vidisha, Madhya Pradesh (IPS)",,,,https://www.mppolice.gov.in + district police sites,0.55,collected,2026-06-26
1727,Deepak Kumar Shukla,Shri,male,,,"Superintendent/Commissioner of Police, Sehore, Madhya Pradesh (IPS)",,,,https://www.mppolice.gov.in + district police sites,0.55,collected,2026-06-26
1728,Ashutosh Gupta,Shri,male,,,"Superintendent/Commissioner of Police, Raisen, Madhya Pradesh (IPS)",,,,https://www.mppolice.gov.in + district police sites,0.55,collected,2026-06-26
1729,Dharmraj Meena,Shri,male,,,"Superintendent/Commissioner of Police, Rajgarh, Madhya Pradesh (IPS)",,,,https://www.mppolice.gov.in + district police sites,0.55,collected,2026-06-26
1730,Yashpal Singh Rajput,Shri,male,,,"Superintendent/Commissioner of Police, Shajapur, Madhya Pradesh (IPS)",,,,https://www.mppolice.gov.in + district police sites,0.55,collected,2026-06-26
1731,Punit Gehlod,Shri,male,,,"Superintendent/Commissioner of Police, Dewas, Madhya Pradesh (IPS)",,,,https://www.mppolice.gov.in + district police sites,0.55,collected,2026-06-26
1732,Mayank Awasthi,Shri,male,,,"Superintendent/Commissioner of Police, Dhar, Madhya Pradesh (IPS)",,,,https://www.mppolice.gov.in + district police sites,0.55,collected,2026-06-26
1733,Amit Kumar,Shri,male,,,"Superintendent/Commissioner of Police, Ratlam, Madhya Pradesh (IPS)",,,,https://www.mppolice.gov.in + district police sites,0.55,collected,2026-06-26
1734,Vinod Kumar Meena,Shri,male,,,"Superintendent/Commissioner of Police, Mandsaur, Madhya Pradesh (IPS)",,,,https://www.mppolice.gov.in + district police sites,0.55,collected,2026-06-26
1735,Rajesh Vyas,Shri,male,,,"Superintendent/Commissioner of Police, Neemuch, Madhya Pradesh (IPS)",,,,https://www.mppolice.gov.in + district police sites,0.55,collected,2026-06-26
1736,Padam Vilochan Shukla,Shri,male,,,"Superintendent/Commissioner of Police, Jhabua, Madhya Pradesh (IPS)",,,,https://www.mppolice.gov.in + district police sites,0.55,collected,2026-06-26
1737,Raghuvansh Kumar Singh,Shri,male,,,"Superintendent/Commissioner of Police, Alirajpur, Madhya Pradesh (IPS)",,,,https://www.mppolice.gov.in + district police sites,0.55,collected,2026-06-26
1738,Dharmraj Meena,Shri,male,,,"Superintendent/Commissioner of Police, Khargone, Madhya Pradesh (IPS)",,,,https://www.mppolice.gov.in + district police sites,0.55,collected,2026-06-26
1739,Padmavilochan Shukla,Shri,male,,,"Superintendent/Commissioner of Police, Barwani, Madhya Pradesh (IPS)",,,,https://www.mppolice.gov.in + district police sites,0.55,collected,2026-06-26
1740,Manoj Rai,Shri,male,,,"Superintendent/Commissioner of Police, Khandwa, Madhya Pradesh (IPS)",,,,https://www.mppolice.gov.in + district police sites,0.55,collected,2026-06-26
1741,Ashutosh Bagri,Shri,male,,,"Superintendent/Commissioner of Police, Burhanpur, Madhya Pradesh (IPS)",,,,https://www.mppolice.gov.in + district police sites,0.55,collected,2026-06-26
1742,Gurkaran Singh,Shri,male,,,"Superintendent/Commissioner of Police, Narmadapuram, Madhya Pradesh (IPS)",,,,https://www.mppolice.gov.in + district police sites,0.55,collected,2026-06-26
1743,Virendra Jain,Shri,male,,,"Superintendent/Commissioner of Police, Betul, Madhya Pradesh (IPS)",,,,https://www.mppolice.gov.in + district police sites,0.55,collected,2026-06-26
1744,Ajay Pandey,Shri,male,,,"Superintendent/Commissioner of Police, Chhindwara, Madhya Pradesh (IPS)",,,,https://www.mppolice.gov.in + district police sites,0.55,collected,2026-06-26
1745,Sunil Kumar Mehta,Shri,male,,,"Superintendent/Commissioner of Police, Seoni, Madhya Pradesh (IPS)",,,,https://www.mppolice.gov.in + district police sites,0.55,collected,2026-06-26
1746,Nagendra Singh,Shri,male,,,"Superintendent/Commissioner of Police, Balaghat, Madhya Pradesh (IPS)",,,,https://www.mppolice.gov.in + district police sites,0.55,collected,2026-06-26
1747,Rishikesh Meena,Shri,male,,,"Superintendent/Commissioner of Police, Narsinghpur, Madhya Pradesh (IPS)",,,,https://www.mppolice.gov.in + district police sites,0.55,collected,2026-06-26
1748,Rakesh Kumar Singh,Shri,male,,,"Superintendent/Commissioner of Police, Damoh, Madhya Pradesh (IPS)",,,,https://www.mppolice.gov.in + district police sites,0.55,collected,2026-06-26
1749,Amit Sanghi,Shri,male,,,"Superintendent/Commissioner of Police, Chhatarpur, Madhya Pradesh (IPS)",,,,https://www.mppolice.gov.in + district police sites,0.55,collected,2026-06-26
1750,Santosh Kori,Shri,male,,,"Superintendent/Commissioner of Police, Sidhi, Madhya Pradesh (IPS)",,,,https://www.mppolice.gov.in + district police sites,0.55,collected,2026-06-26
1751,Shiyaz K.M.,Shri,male,,,"Superintendent/Commissioner of Police, Singrauli, Madhya Pradesh (IPS)",,,,https://www.mppolice.gov.in + district police sites,0.55,collected,2026-06-26
1752,Ramji Srivastava,Shri,male,,,"Superintendent/Commissioner of Police, Shahdol, Madhya Pradesh (IPS)",,,,https://www.mppolice.gov.in + district police sites,0.55,collected,2026-06-26
1753,Moti Ur Rahman,Shri,male,,,"Superintendent/Commissioner of Police, Anuppur, Madhya Pradesh (IPS)",,,,https://www.mppolice.gov.in + district police sites,0.55,collected,2026-06-26
1754,Nivedita Naidu,Smt,female,,,"Superintendent/Commissioner of Police, Umaria, Madhya Pradesh (IPS)",,,,https://www.mppolice.gov.in + district police sites,0.55,collected,2026-06-26
1755,Vahini Singh,Smt,female,,,"Superintendent/Commissioner of Police, Dindori, Madhya Pradesh (IPS)",,,,https://www.mppolice.gov.in + district police sites,0.55,collected,2026-06-26
1756,Rajesh Raghuvanshi,Shri,male,,,"Superintendent/Commissioner of Police, Mandla, Madhya Pradesh (IPS)",,,,https://www.mppolice.gov.in + district police sites,0.55,collected,2026-06-26
1757,Abhinay Vishwakarma,Shri,male,,,"Superintendent/Commissioner of Police, Katni, Madhya Pradesh (IPS)",,,,https://www.mppolice.gov.in + district police sites,0.55,collected,2026-06-26
1758,Sameer Saurabh,Shri,male,,,"Superintendent/Commissioner of Police, Morena, Madhya Pradesh (IPS)",,,,https://www.mppolice.gov.in + district police sites,0.55,collected,2026-06-26
1759,Asit Yadav,Shri,male,,,"Superintendent/Commissioner of Police, Bhind, Madhya Pradesh (IPS)",,,,https://www.mppolice.gov.in + district police sites,0.55,collected,2026-06-26
1760,Ray Singh Narwaria,Shri,male,,,"Superintendent/Commissioner of Police, Sheopur, Madhya Pradesh (IPS)",,,,https://www.mppolice.gov.in + district police sites,0.55,collected,2026-06-26
1761,Rajesh Singh Chandel,Shri,male,,,"Superintendent/Commissioner of Police, Shivpuri, Madhya Pradesh (IPS)",,,,https://www.mppolice.gov.in + district police sites,0.55,collected,2026-06-26
1762,Hitika Vasal,Smt,female,,,"Superintendent/Commissioner of Police, Guna, Madhya Pradesh (IPS)",,,,https://www.mppolice.gov.in + district police sites,0.55,collected,2026-06-26
1763,Rajeev Kumar,Shri,male,,,"Superintendent/Commissioner of Police, Ashoknagar, Madhya Pradesh (IPS)",,,,https://www.mppolice.gov.in + district police sites,0.55,collected,2026-06-26
1764,Suraj Kumar Verma,Shri,male,,,"Superintendent/Commissioner of Police, Datia, Madhya Pradesh (IPS)",,,,https://www.mppolice.gov.in + district police sites,0.55,collected,2026-06-26
1765,Dilip Kumar Soni,Shri,male,,,"Superintendent/Commissioner of Police, Agar Malwa, Madhya Pradesh (IPS)",,,,https://www.mppolice.gov.in + district police sites,0.55,collected,2026-06-26
1766,Avdhesh Pratap Singh,Shri,male,,,"Superintendent/Commissioner of Police, Maihar, Madhya Pradesh (IPS)",,,,https://www.mppolice.gov.in + district police sites,0.55,collected,2026-06-26
1767,Prakash Chandra Parihar,Shri,male,,,"Superintendent/Commissioner of Police, Pandhurna, Madhya Pradesh (IPS)",,,,https://www.mppolice.gov.in + district police sites,0.55,collected,2026-06-26
1768,Surendra Kumar Jain,Shri,male,,,"Superintendent/Commissioner of Police, Mauganj, Madhya Pradesh (IPS)",,,,https://www.mppolice.gov.in + district police sites,0.55,collected,2026-06-26
1769,Seemant Kumar Singh,Shri,male,,,"Superintendent/Commissioner of Police, Bengaluru Urban, Karnataka (IPS)",,,,https://ksp.karnataka.gov.in + district police/NIC sites,0.55,collected,2026-06-26
1770,Kushal Chouksey,Shri,male,,,"Superintendent/Commissioner of Police, Chikkaballapura, Karnataka (IPS)",,,,https://ksp.karnataka.gov.in + district police/NIC sites,0.55,collected,2026-06-26
1771,Ashok K V,Shri,male,,,"Superintendent/Commissioner of Police, Tumakuru, Karnataka (IPS)",,,,https://ksp.karnataka.gov.in + district police/NIC sites,0.55,collected,2026-06-26
1772,M. Muthuraju,Shri,male,,,"Superintendent/Commissioner of Police, Chamarajanagara, Karnataka (IPS)",,,,https://ksp.karnataka.gov.in + district police/NIC sites,0.55,collected,2026-06-26
1773,Shubhanwita,Smt,female,,,"Superintendent/Commissioner of Police, Hassan, Karnataka (IPS)",,,,https://ksp.karnataka.gov.in + district police/NIC sites,0.55,collected,2026-06-26
1774,Bindu Mani R N,Smt,female,,,"Superintendent/Commissioner of Police, Kodagu, Karnataka (IPS)",,,,https://ksp.karnataka.gov.in + district police/NIC sites,0.55,collected,2026-06-26
1775,Shobha Rani V.J,Smt,female,,,"Superintendent/Commissioner of Police, Mandya, Karnataka (IPS)",,,,https://ksp.karnataka.gov.in + district police/NIC sites,0.55,collected,2026-06-26
1776,Seema Latkar,Smt,female,,,"Superintendent/Commissioner of Police, Mysuru, Karnataka (IPS)",,,,https://ksp.karnataka.gov.in + district police/NIC sites,0.55,collected,2026-06-26
1777,Jitendra Kumar Dayama,Shri,male,,,"Superintendent/Commissioner of Police, Chikkamagaluru, Karnataka (IPS)",,,,https://ksp.karnataka.gov.in + district police/NIC sites,0.55,collected,2026-06-26
1778,Shantanu Sinha,Shri,male,,,"Superintendent/Commissioner of Police, Dakshina Kannada, Karnataka (IPS)",,,,https://ksp.karnataka.gov.in + district police/NIC sites,0.55,collected,2026-06-26
1779,Hariram Shankar,Shri,male,,,"Superintendent/Commissioner of Police, Udupi, Karnataka (IPS)",,,,https://ksp.karnataka.gov.in + district police/NIC sites,0.55,collected,2026-06-26
1780,Vishnuvardhana N,Shri,male,,,"Superintendent/Commissioner of Police, Uttara Kannada, Karnataka (IPS)",,,,https://ksp.karnataka.gov.in + district police/NIC sites,0.55,collected,2026-06-26
1781,Ranjith Kumar Bandaru,Shri,male,,,"Superintendent/Commissioner of Police, Chitradurga, Karnataka (IPS)",,,,https://ksp.karnataka.gov.in + district police/NIC sites,0.55,collected,2026-06-26
1782,Shekhar H. Tekkannavar,Shri,male,,,"Superintendent/Commissioner of Police, Davanagere, Karnataka (IPS)",,,,https://ksp.karnataka.gov.in + district police/NIC sites,0.55,collected,2026-06-26
1783,Yashoda Vantagodi,Smt,female,,,"Superintendent/Commissioner of Police, Haveri, Karnataka (IPS)",,,,https://ksp.karnataka.gov.in + district police/NIC sites,0.55,collected,2026-06-26
1784,Nikhil B,Shri,male,,,"Superintendent/Commissioner of Police, Shivamogga, Karnataka (IPS)",,,,https://ksp.karnataka.gov.in + district police/NIC sites,0.55,collected,2026-06-26
1785,Siddharth Goyal,Shri,male,,,"Superintendent/Commissioner of Police, Bagalkote, Karnataka (IPS)",,,,https://ksp.karnataka.gov.in + district police/NIC sites,0.55,collected,2026-06-26
1786,Iada Martin Marbaniang,Shri,male,,,"Superintendent/Commissioner of Police, Belagavi, Karnataka (IPS)",,,,https://ksp.karnataka.gov.in + district police/NIC sites,0.55,collected,2026-06-26
1787,N. Shashi Kumar,Shri,male,,,"Superintendent/Commissioner of Police, Dharwad, Karnataka (IPS)",,,,https://ksp.karnataka.gov.in + district police/NIC sites,0.55,collected,2026-06-26
1788,Rohan Jagadeesh,Shri,male,,,"Superintendent/Commissioner of Police, Gadag, Karnataka (IPS)",,,,https://ksp.karnataka.gov.in + district police/NIC sites,0.55,collected,2026-06-26
1789,Laxman B Nimbargi,Shri,male,,,"Superintendent/Commissioner of Police, Vijayapura, Karnataka (IPS)",,,,https://ksp.karnataka.gov.in + district police/NIC sites,0.55,collected,2026-06-26
1790,Pradeep Gunti,Shri,male,,,"Superintendent/Commissioner of Police, Bidar, Karnataka (IPS)",,,,https://ksp.karnataka.gov.in + district police/NIC sites,0.55,collected,2026-06-26
1791,Sharanappa S.D,Shri,male,,,"Superintendent/Commissioner of Police, Kalaburagi, Karnataka (IPS)",,,,https://ksp.karnataka.gov.in + district police/NIC sites,0.55,collected,2026-06-26
1792,Pruthvik Shankar,Shri,male,,,"Superintendent/Commissioner of Police, Yadgiri, Karnataka (IPS)",,,,https://ksp.karnataka.gov.in + district police/NIC sites,0.55,collected,2026-06-26
1793,Suman D. Pennekar,Smt,female,,,"Superintendent/Commissioner of Police, Ballari, Karnataka (IPS)",,,,https://ksp.karnataka.gov.in + district police/NIC sites,0.55,collected,2026-06-26
1794,Ram L. Arasiddi,Shri,male,,,"Superintendent/Commissioner of Police, Koppal, Karnataka (IPS)",,,,https://ksp.karnataka.gov.in + district police/NIC sites,0.55,collected,2026-06-26
1795,Puttamadaiah M,Shri,male,,,"Superintendent/Commissioner of Police, Raichur, Karnataka (IPS)",,,,https://ksp.karnataka.gov.in + district police/NIC sites,0.55,collected,2026-06-26
1796,S. Jahnavi,Shri,male,,,"Superintendent/Commissioner of Police, Vijayanagara, Karnataka (IPS)",,,,https://ksp.karnataka.gov.in + district police/NIC sites,0.55,collected,2026-06-26
1797,Shankhabrata Bagchi,Shri,male,,,"Superintendent/Commissioner of Police, Visakhapatnam, Andhra Pradesh (IPS)",,,,https://www.appolice.gov.in + district police sites,0.55,collected,2026-06-26
1798,Gowthami Sali,Smt,female,,,"Superintendent/Commissioner of Police, Anakapalli, Andhra Pradesh (IPS)",,,,https://www.appolice.gov.in + district police sites,0.55,collected,2026-06-26
1799,Amit Bardar,Shri,male,,,"Superintendent/Commissioner of Police, Alluri Sitharama Raju, Andhra Pradesh (IPS)",,,,https://www.appolice.gov.in + district police sites,0.55,collected,2026-06-26
1800,A.R. Damodhar,Shri,male,,,"Superintendent/Commissioner of Police, Vizianagaram, Andhra Pradesh (IPS)",,,,https://www.appolice.gov.in + district police sites,0.55,collected,2026-06-26
1801,S.V. Madhava Reddy,Shri,male,,,"Superintendent/Commissioner of Police, Parvathipuram Manyam, Andhra Pradesh (IPS)",,,,https://www.appolice.gov.in + district police sites,0.55,collected,2026-06-26
1802,K.V. Maheswara Reddy,Shri,male,,,"Superintendent/Commissioner of Police, Srikakulam, Andhra Pradesh (IPS)",,,,https://www.appolice.gov.in + district police sites,0.55,collected,2026-06-26
1803,G. Bindu Madhav,Shri,male,,,"Superintendent/Commissioner of Police, Kakinada, Andhra Pradesh (IPS)",,,,https://www.appolice.gov.in + district police sites,0.55,collected,2026-06-26
1804,D. Narasimha Kishore,Shri,male,,,"Superintendent/Commissioner of Police, East Godavari, Andhra Pradesh (IPS)",,,,https://www.appolice.gov.in + district police sites,0.55,collected,2026-06-26
1805,Rahul Meena,Shri,male,,,"Superintendent/Commissioner of Police, Dr. B. R. Ambedkar Konaseema, Andhra Pradesh (IPS)",,,,https://www.appolice.gov.in + district police sites,0.55,collected,2026-06-26
1806,K. Pratap Shiva Kishore,Shri,male,,,"Superintendent/Commissioner of Police, Eluru, Andhra Pradesh (IPS)",,,,https://www.appolice.gov.in + district police sites,0.55,collected,2026-06-26
1807,Adnan Nayeem Asmi,Shri,male,,,"Superintendent/Commissioner of Police, West Godavari, Andhra Pradesh (IPS)",,,,https://www.appolice.gov.in + district police sites,0.55,collected,2026-06-26
1808,Siddharth Kaushal,Shri,male,,,"Superintendent/Commissioner of Police, Krishna, Andhra Pradesh (IPS)",,,,https://www.appolice.gov.in + district police sites,0.55,collected,2026-06-26
1809,S.V. Rajasekhara Babu,Shri,male,,,"Superintendent/Commissioner of Police, NTR, Andhra Pradesh (IPS)",,,,https://www.appolice.gov.in + district police sites,0.55,collected,2026-06-26
1810,S. Satish Kumar,Shri,male,,,"Superintendent/Commissioner of Police, Guntur, Andhra Pradesh (IPS)",,,,https://www.appolice.gov.in + district police sites,0.55,collected,2026-06-26
1811,Kanchi Srinivasa Rao,Shri,male,,,"Superintendent/Commissioner of Police, Palnadu, Andhra Pradesh (IPS)",,,,https://www.appolice.gov.in + district police sites,0.55,collected,2026-06-26
1812,Tushar Dudi,Shri,male,,,"Superintendent/Commissioner of Police, Bapatla, Andhra Pradesh (IPS)",,,,https://www.appolice.gov.in + district police sites,0.55,collected,2026-06-26
1813,Malika Garg,Smt,female,,,"Superintendent/Commissioner of Police, Prakasam, Andhra Pradesh (IPS)",,,,https://www.appolice.gov.in + district police sites,0.55,collected,2026-06-26
1814,G. Krishnakanth,Shri,male,,,"Superintendent/Commissioner of Police, Sri Potti Sriramulu Nellore, Andhra Pradesh (IPS)",,,,https://www.appolice.gov.in + district police sites,0.55,collected,2026-06-26
1815,V. Harshavardhan Raju,Shri,male,,,"Superintendent/Commissioner of Police, Tirupati, Andhra Pradesh (IPS)",,,,https://www.appolice.gov.in + district police sites,0.55,collected,2026-06-26
1816,Y. Rishanth Reddy,Shri,male,,,"Superintendent/Commissioner of Police, Chittoor, Andhra Pradesh (IPS)",,,,https://www.appolice.gov.in + district police sites,0.55,collected,2026-06-26
1817,Dheeraj Kunuguli,Shri,male,,,"Superintendent/Commissioner of Police, Annamayya, Andhra Pradesh (IPS)",,,,https://www.appolice.gov.in + district police sites,0.55,collected,2026-06-26
1818,S.K. Das,Shri,male,,,"Superintendent/Commissioner of Police, YSR Kadapa, Andhra Pradesh (IPS)",,,,https://www.appolice.gov.in + district police sites,0.55,collected,2026-06-26
1819,Vikrant Patil,Shri,male,,,"Superintendent/Commissioner of Police, Kurnool, Andhra Pradesh (IPS)",,,,https://www.appolice.gov.in + district police sites,0.55,collected,2026-06-26
1820,Adhiraj Singh Rana,Shri,male,,,"Superintendent/Commissioner of Police, Nandyal, Andhra Pradesh (IPS)",,,,https://www.appolice.gov.in + district police sites,0.55,collected,2026-06-26
1821,B.G. Ramesh,Shri,male,,,"Superintendent/Commissioner of Police, Ananthapuramu, Andhra Pradesh (IPS)",,,,https://www.appolice.gov.in + district police sites,0.55,collected,2026-06-26
1822,Ratna,Smt,female,,,"Superintendent/Commissioner of Police, Sri Sathya Sai, Andhra Pradesh (IPS)",,,,https://www.appolice.gov.in + district police sites,0.55,collected,2026-06-26
1823,A. Arun,Shri,male,,,"Superintendent/Commissioner of Police, Chennai, Tamil Nadu (IPS)",,,,https://erolls.tn.gov.in/blo/SPs.aspx + TN police/EC 2026 transfers,0.60,collected,2026-06-26
1824,K. Shanmugam,Shri,male,,,"Superintendent/Commissioner of Police, Kancheepuram, Tamil Nadu (IPS)",,,,https://erolls.tn.gov.in/blo/SPs.aspx + TN police/EC 2026 transfers,0.60,collected,2026-06-26
1825,A. Myilvaganan,Shri,male,,,"Superintendent/Commissioner of Police, Vellore, Tamil Nadu (IPS)",,,,https://erolls.tn.gov.in/blo/SPs.aspx + TN police/EC 2026 transfers,0.60,collected,2026-06-26
1826,P. Thangadurai,Shri,male,,,"Superintendent/Commissioner of Police, Krishnagiri, Tamil Nadu (IPS)",,,,https://erolls.tn.gov.in/blo/SPs.aspx + TN police/EC 2026 transfers,0.60,collected,2026-06-26
1827,S.S. Maheswaran,Shri,male,,,"Superintendent/Commissioner of Police, Dharmapuri, Tamil Nadu (IPS)",,,,https://erolls.tn.gov.in/blo/SPs.aspx + TN police/EC 2026 transfers,0.60,collected,2026-06-26
1828,M. Sudhakar,Shri,male,,,"Superintendent/Commissioner of Police, Tiruvannamalai, Tamil Nadu (IPS)",,,,https://erolls.tn.gov.in/blo/SPs.aspx + TN police/EC 2026 transfers,0.60,collected,2026-06-26
1829,P. Saravanan,Shri,male,,,"Superintendent/Commissioner of Police, Viluppuram, Tamil Nadu (IPS)",,,,https://erolls.tn.gov.in/blo/SPs.aspx + TN police/EC 2026 transfers,0.60,collected,2026-06-26
1830,Gautam Goyal,Shri,male,,,"Superintendent/Commissioner of Police, Salem, Tamil Nadu (IPS)",,,,https://erolls.tn.gov.in/blo/SPs.aspx + TN police/EC 2026 transfers,0.60,collected,2026-06-26
1831,S. Vimala,Shri,male,,,"Superintendent/Commissioner of Police, Namakkal, Tamil Nadu (IPS)",,,,https://erolls.tn.gov.in/blo/SPs.aspx + TN police/EC 2026 transfers,0.60,collected,2026-06-26
1832,D.V. Kiran Shruthi,Shri,male,,,"Superintendent/Commissioner of Police, Erode, Tamil Nadu (IPS)",,,,https://erolls.tn.gov.in/blo/SPs.aspx + TN police/EC 2026 transfers,0.60,collected,2026-06-26
1833,N.S. Nisha,Shri,male,,,"Superintendent/Commissioner of Police, Nilgiris, Tamil Nadu (IPS)",,,,https://erolls.tn.gov.in/blo/SPs.aspx + TN police/EC 2026 transfers,0.60,collected,2026-06-26
1834,K. Karthikeyan,Shri,male,,,"Superintendent/Commissioner of Police, Coimbatore, Tamil Nadu (IPS)",,,,https://erolls.tn.gov.in/blo/SPs.aspx + TN police/EC 2026 transfers,0.60,collected,2026-06-26
1835,A. Pradeep,Shri,male,,,"Superintendent/Commissioner of Police, Dindigul, Tamil Nadu (IPS)",,,,https://erolls.tn.gov.in/blo/SPs.aspx + TN police/EC 2026 transfers,0.60,collected,2026-06-26
1836,D.N. Harikiran Prasad,Shri,male,,,"Superintendent/Commissioner of Police, Karur, Tamil Nadu (IPS)",,,,https://erolls.tn.gov.in/blo/SPs.aspx + TN police/EC 2026 transfers,0.60,collected,2026-06-26
1837,S. Selva Nagarathinam,Shri,male,,,"Superintendent/Commissioner of Police, Tiruchirappalli, Tamil Nadu (IPS)",,,,https://erolls.tn.gov.in/blo/SPs.aspx + TN police/EC 2026 transfers,0.60,collected,2026-06-26
1838,Adarsh Pachera,Shri,male,,,"Superintendent/Commissioner of Police, Perambalur, Tamil Nadu (IPS)",,,,https://erolls.tn.gov.in/blo/SPs.aspx + TN police/EC 2026 transfers,0.60,collected,2026-06-26
1839,S. Jeyakumar,Shri,male,,,"Superintendent/Commissioner of Police, Cuddalore, Tamil Nadu (IPS)",,,,https://erolls.tn.gov.in/blo/SPs.aspx + TN police/EC 2026 transfers,0.60,collected,2026-06-26
1840,Sujith Kumar,Shri,male,,,"Superintendent/Commissioner of Police, Nagapattinam, Tamil Nadu (IPS)",,,,https://erolls.tn.gov.in/blo/SPs.aspx + TN police/EC 2026 transfers,0.60,collected,2026-06-26
1841,R. Rajaram,Shri,male,,,"Superintendent/Commissioner of Police, Thanjavur, Tamil Nadu (IPS)",,,,https://erolls.tn.gov.in/blo/SPs.aspx + TN police/EC 2026 transfers,0.60,collected,2026-06-26
1842,Abishek Gupta,Shri,male,,,"Superintendent/Commissioner of Police, Pudukkottai, Tamil Nadu (IPS)",,,,https://erolls.tn.gov.in/blo/SPs.aspx + TN police/EC 2026 transfers,0.60,collected,2026-06-26
1843,R. Shiva Prasad,Shri,male,,,"Superintendent/Commissioner of Police, Sivaganga, Tamil Nadu (IPS)",,,,https://erolls.tn.gov.in/blo/SPs.aspx + TN police/EC 2026 transfers,0.60,collected,2026-06-26
1844,B.K. Arvind,Shri,male,,,"Superintendent/Commissioner of Police, Madurai, Tamil Nadu (IPS)",,,,https://erolls.tn.gov.in/blo/SPs.aspx + TN police/EC 2026 transfers,0.60,collected,2026-06-26
1845,B. Sneha Priya,Shri,male,,,"Superintendent/Commissioner of Police, Theni, Tamil Nadu (IPS)",,,,https://erolls.tn.gov.in/blo/SPs.aspx + TN police/EC 2026 transfers,0.60,collected,2026-06-26
1846,N. Shreenatha,Shri,male,,,"Superintendent/Commissioner of Police, Virudhunagar, Tamil Nadu (IPS)",,,,https://erolls.tn.gov.in/blo/SPs.aspx + TN police/EC 2026 transfers,0.60,collected,2026-06-26
1847,G. Chandeesh,Shri,male,,,"Superintendent/Commissioner of Police, Ramanathapuram, Tamil Nadu (IPS)",,,,https://erolls.tn.gov.in/blo/SPs.aspx + TN police/EC 2026 transfers,0.60,collected,2026-06-26
1848,Albert John,Shri,male,,,"Superintendent/Commissioner of Police, Thoothukudi, Tamil Nadu (IPS)",,,,https://erolls.tn.gov.in/blo/SPs.aspx + TN police/EC 2026 transfers,0.60,collected,2026-06-26
1849,N. Silambarasan,Shri,male,,,"Superintendent/Commissioner of Police, Tirunelveli, Tamil Nadu (IPS)",,,,https://erolls.tn.gov.in/blo/SPs.aspx + TN police/EC 2026 transfers,0.60,collected,2026-06-26
1850,R. Stalin,Shri,male,,,"Superintendent/Commissioner of Police, Kanyakumari, Tamil Nadu (IPS)",,,,https://erolls.tn.gov.in/blo/SPs.aspx + TN police/EC 2026 transfers,0.60,collected,2026-06-26
1851,Vishwesh Balasubramaniam Shastri,Shri,male,,,"Superintendent/Commissioner of Police, Ariyalur, Tamil Nadu (IPS)",,,,https://erolls.tn.gov.in/blo/SPs.aspx + TN police/EC 2026 transfers,0.60,collected,2026-06-26
1852,Yadav Girish Ashok,Shri,male,,,"Superintendent/Commissioner of Police, Tiruppur, Tamil Nadu (IPS)",,,,https://erolls.tn.gov.in/blo/SPs.aspx + TN police/EC 2026 transfers,0.60,collected,2026-06-26
1853,G.S. Madhavan,Shri,male,,,"Superintendent/Commissioner of Police, Kallakurichi, Tamil Nadu (IPS)",,,,https://erolls.tn.gov.in/blo/SPs.aspx + TN police/EC 2026 transfers,0.60,collected,2026-06-26
1854,S. Aravind,Shri,male,,,"Superintendent/Commissioner of Police, Tenkasi, Tamil Nadu (IPS)",,,,https://erolls.tn.gov.in/blo/SPs.aspx + TN police/EC 2026 transfers,0.60,collected,2026-06-26
1855,V.V. Sai Praneeth,Shri,male,,,"Superintendent/Commissioner of Police, Chengalpattu, Tamil Nadu (IPS)",,,,https://erolls.tn.gov.in/blo/SPs.aspx + TN police/EC 2026 transfers,0.60,collected,2026-06-26
1856,V. Shyamala Devi,Shri,male,,,"Superintendent/Commissioner of Police, Tirupathur, Tamil Nadu (IPS)",,,,https://erolls.tn.gov.in/blo/SPs.aspx + TN police/EC 2026 transfers,0.60,collected,2026-06-26
1857,Ayman Jamal,Shri,male,,,"Superintendent/Commissioner of Police, Ranipet, Tamil Nadu (IPS)",,,,https://erolls.tn.gov.in/blo/SPs.aspx + TN police/EC 2026 transfers,0.60,collected,2026-06-26
1858,G. Stalin,Shri,male,,,"Superintendent/Commissioner of Police, Mayiladuthurai, Tamil Nadu (IPS)",,,,https://erolls.tn.gov.in/blo/SPs.aspx + TN police/EC 2026 transfers,0.60,collected,2026-06-26
1859,Gaush Alam,Shri,male,,,"Superintendent/Commissioner of Police, Adilabad, Telangana (IPS)",,,,https://www.telangana.gov.in/contacts/district-officials/ + 29 Jun 2026 IPS reshuffle,0.60,collected,2026-06-26
1860,Birudaraju Rohith Raju,Shri,male,,,"Superintendent/Commissioner of Police, Bhadradri Kothagudem, Telangana (IPS)",,,,https://www.telangana.gov.in/contacts/district-officials/ + 29 Jun 2026 IPS reshuffle,0.60,collected,2026-06-26
1861,Kothakota Sreenivasa Reddy,Shri,male,,,"Superintendent/Commissioner of Police, Hyderabad, Telangana (IPS)",,,,https://www.telangana.gov.in/contacts/district-officials/ + 29 Jun 2026 IPS reshuffle,0.60,collected,2026-06-26
1862,Ashok Kumar,Shri,male,,,"Superintendent/Commissioner of Police, Jagtial, Telangana (IPS)",,,,https://www.telangana.gov.in/contacts/district-officials/ + 29 Jun 2026 IPS reshuffle,0.60,collected,2026-06-26
1863,Sirisetti Sankeerth,Shri,male,,,"Superintendent/Commissioner of Police, Jayashankar Bhupalpally, Telangana (IPS)",,,,https://www.telangana.gov.in/contacts/district-officials/ + 29 Jun 2026 IPS reshuffle,0.60,collected,2026-06-26
1864,T. Srinivasa Rao,Shri,male,,,"Superintendent/Commissioner of Police, Jogulamba Gadwal, Telangana (IPS)",,,,https://www.telangana.gov.in/contacts/district-officials/ + 29 Jun 2026 IPS reshuffle,0.60,collected,2026-06-26
1865,Ch. Sindu Sarma,Shri,male,,,"Superintendent/Commissioner of Police, Kamareddy, Telangana (IPS)",,,,https://www.telangana.gov.in/contacts/district-officials/ + 29 Jun 2026 IPS reshuffle,0.60,collected,2026-06-26
1866,Abhishek Mohanty,Shri,male,,,"Superintendent/Commissioner of Police, Karimnagar, Telangana (IPS)",,,,https://www.telangana.gov.in/contacts/district-officials/ + 29 Jun 2026 IPS reshuffle,0.60,collected,2026-06-26
1867,Sunil Dutt,Shri,male,,,"Superintendent/Commissioner of Police, Khammam, Telangana (IPS)",,,,https://www.telangana.gov.in/contacts/district-officials/ + 29 Jun 2026 IPS reshuffle,0.60,collected,2026-06-26
1868,Nitika Pant,Smt,female,,,"Superintendent/Commissioner of Police, Kumuram Bheem Asifabad, Telangana (IPS)",,,,https://www.telangana.gov.in/contacts/district-officials/ + 29 Jun 2026 IPS reshuffle,0.60,collected,2026-06-26
1869,Shabarish P,Shri,male,,,"Superintendent/Commissioner of Police, Mahabubabad, Telangana (IPS)",,,,https://www.telangana.gov.in/contacts/district-officials/ + 29 Jun 2026 IPS reshuffle,0.60,collected,2026-06-26
1870,Janaki Dharavath,Smt,female,,,"Superintendent/Commissioner of Police, Mahabubnagar, Telangana (IPS)",,,,https://www.telangana.gov.in/contacts/district-officials/ + 29 Jun 2026 IPS reshuffle,0.60,collected,2026-06-26
1871,A. Bhaskar,Shri,male,,,"Superintendent/Commissioner of Police, Mancherial, Telangana (IPS)",,,,https://www.telangana.gov.in/contacts/district-officials/ + 29 Jun 2026 IPS reshuffle,0.60,collected,2026-06-26
1872,D. Udaykumar Reddy,Shri,male,,,"Superintendent/Commissioner of Police, Medak, Telangana (IPS)",,,,https://www.telangana.gov.in/contacts/district-officials/ + 29 Jun 2026 IPS reshuffle,0.60,collected,2026-06-26
1873,Kekan Sudhir Ramnath,Shri,male,,,"Superintendent/Commissioner of Police, Mulugu, Telangana (IPS)",,,,https://www.telangana.gov.in/contacts/district-officials/ + 29 Jun 2026 IPS reshuffle,0.60,collected,2026-06-26
1874,Patil Sangramsingh Ganapatrao,Shri,male,,,"Superintendent/Commissioner of Police, Nagarkurnool, Telangana (IPS)",,,,https://www.telangana.gov.in/contacts/district-officials/ + 29 Jun 2026 IPS reshuffle,0.60,collected,2026-06-26
1875,Sharat Chandra Pawar,Shri,male,,,"Superintendent/Commissioner of Police, Nalgonda, Telangana (IPS)",,,,https://www.telangana.gov.in/contacts/district-officials/ + 29 Jun 2026 IPS reshuffle,0.60,collected,2026-06-26
1876,Yogesh Goutam,Shri,male,,,"Superintendent/Commissioner of Police, Narayanpet, Telangana (IPS)",,,,https://www.telangana.gov.in/contacts/district-officials/ + 29 Jun 2026 IPS reshuffle,0.60,collected,2026-06-26
1877,G. Janaki Sharmila,Shri,male,,,"Superintendent/Commissioner of Police, Nirmal, Telangana (IPS)",,,,https://www.telangana.gov.in/contacts/district-officials/ + 29 Jun 2026 IPS reshuffle,0.60,collected,2026-06-26
1878,Kalmeshwar Shingenavar,Shri,male,,,"Superintendent/Commissioner of Police, Nizamabad, Telangana (IPS)",,,,https://www.telangana.gov.in/contacts/district-officials/ + 29 Jun 2026 IPS reshuffle,0.60,collected,2026-06-26
1879,B. Ram Reddy,Shri,male,,,"Superintendent/Commissioner of Police, Peddapalli, Telangana (IPS)",,,,https://www.telangana.gov.in/contacts/district-officials/ + 29 Jun 2026 IPS reshuffle,0.60,collected,2026-06-26
1880,Akhil Mahajan,Shri,male,,,"Superintendent/Commissioner of Police, Rajanna Sircilla, Telangana (IPS)",,,,https://www.telangana.gov.in/contacts/district-officials/ + 29 Jun 2026 IPS reshuffle,0.60,collected,2026-06-26
1881,Chennuri Rupesh,Shri,male,,,"Superintendent/Commissioner of Police, Sangareddy, Telangana (IPS)",,,,https://www.telangana.gov.in/contacts/district-officials/ + 29 Jun 2026 IPS reshuffle,0.60,collected,2026-06-26
1882,Sadhana Rashmi Perumal,Smt,female,,,"Superintendent/Commissioner of Police, Siddipet, Telangana (IPS)",,,,https://www.telangana.gov.in/contacts/district-officials/ + 29 Jun 2026 IPS reshuffle,0.60,collected,2026-06-26
1883,Sneha Mehra,Smt,female,,,"Superintendent/Commissioner of Police, Vikarabad, Telangana (IPS)",,,,https://www.telangana.gov.in/contacts/district-officials/ + 29 Jun 2026 IPS reshuffle,0.60,collected,2026-06-26
1884,N. Swetha,Shri,male,,,"Superintendent/Commissioner of Police, Warangal, Telangana (IPS)",,,,https://www.telangana.gov.in/contacts/district-officials/ + 29 Jun 2026 IPS reshuffle,0.60,collected,2026-06-26
1885,M. Rajesh Chandra,Shri,male,,,"Superintendent/Commissioner of Police, Yadadri Bhuvanagiri, Telangana (IPS)",,,,https://www.telangana.gov.in/contacts/district-officials/ + 29 Jun 2026 IPS reshuffle,0.60,collected,2026-06-26
1886,Kartikey Kr. Sharma,Shri,male,,,"Superintendent/Commissioner of Police, Patna, Bihar (IPS)",,,,Bihar Home Dept SP list (Feb 2026) + 20 Jun 2026 reshuffle + district NIC,0.60,collected,2026-06-26
1887,Bharat Soni,Shri,male,,,"Superintendent/Commissioner of Police, Nalanda, Bihar (IPS)",,,,Bihar Home Dept SP list (Feb 2026) + 20 Jun 2026 reshuffle + district NIC,0.60,collected,2026-06-26
1888,Raj,Shri,male,,,"Superintendent/Commissioner of Police, Bhojpur, Bihar (IPS)",,,,Bihar Home Dept SP list (Feb 2026) + 20 Jun 2026 reshuffle + district NIC,0.60,collected,2026-06-26
1889,Shubham Arya,Shri,male,,,"Superintendent/Commissioner of Police, Buxar, Bihar (IPS)",,,,Bihar Home Dept SP list (Feb 2026) + 20 Jun 2026 reshuffle + district NIC,0.60,collected,2026-06-26
1890,Raushan Kumar,Shri,male,,,"Superintendent/Commissioner of Police, Rohtas, Bihar (IPS)",,,,Bihar Home Dept SP list (Feb 2026) + 20 Jun 2026 reshuffle + district NIC,0.60,collected,2026-06-26
1891,Vaibhav Sharma,Shri,male,,,"Superintendent/Commissioner of Police, Kaimur, Bihar (IPS)",,,,Bihar Home Dept SP list (Feb 2026) + 20 Jun 2026 reshuffle + district NIC,0.60,collected,2026-06-26
1892,Sushil Kumar,Shri,male,,,"Superintendent/Commissioner of Police, Gaya, Bihar (IPS)",,,,Bihar Home Dept SP list (Feb 2026) + 20 Jun 2026 reshuffle + district NIC,0.60,collected,2026-06-26
1893,Kota Kiran Kumar,Shri,male,,,"Superintendent/Commissioner of Police, Jehanabad, Bihar (IPS)",,,,Bihar Home Dept SP list (Feb 2026) + 20 Jun 2026 reshuffle + district NIC,0.60,collected,2026-06-26
1894,Navjot Simmi,Smt,female,,,"Superintendent/Commissioner of Police, Arwal, Bihar (IPS)",,,,Bihar Home Dept SP list (Feb 2026) + 20 Jun 2026 reshuffle + district NIC,0.60,collected,2026-06-26
1895,Upendra Nath Verma,Shri,male,,,"Superintendent/Commissioner of Police, Aurangabad, Bihar (IPS)",,,,Bihar Home Dept SP list (Feb 2026) + 20 Jun 2026 reshuffle + district NIC,0.60,collected,2026-06-26
1896,Abhinav Dhiman,Shri,male,,,"Superintendent/Commissioner of Police, Nawada, Bihar (IPS)",,,,Bihar Home Dept SP list (Feb 2026) + 20 Jun 2026 reshuffle + district NIC,0.60,collected,2026-06-26
1897,Vineet Kumar,Shri,male,,,"Superintendent/Commissioner of Police, Saran, Bihar (IPS)",,,,Bihar Home Dept SP list (Feb 2026) + 20 Jun 2026 reshuffle + district NIC,0.60,collected,2026-06-26
1898,Puran Kumar Jha,Shri,male,,,"Superintendent/Commissioner of Police, Siwan, Bihar (IPS)",,,,Bihar Home Dept SP list (Feb 2026) + 20 Jun 2026 reshuffle + district NIC,0.60,collected,2026-06-26
1899,Vinay Tiwary,Shri,male,,,"Superintendent/Commissioner of Police, Gopalganj, Bihar (IPS)",,,,Bihar Home Dept SP list (Feb 2026) + 20 Jun 2026 reshuffle + district NIC,0.60,collected,2026-06-26
1900,Kantesh Kumar Mishra,Shri,male,,,"Superintendent/Commissioner of Police, Muzaffarpur, Bihar (IPS)",,,,Bihar Home Dept SP list (Feb 2026) + 20 Jun 2026 reshuffle + district NIC,0.60,collected,2026-06-26
1901,Swarn Prabhat,Shri,male,,,"Superintendent/Commissioner of Police, East Champaran, Bihar (IPS)",,,,Bihar Home Dept SP list (Feb 2026) + 20 Jun 2026 reshuffle + district NIC,0.60,collected,2026-06-26
1902,Kumar Gautam,Shri,male,,,"Superintendent/Commissioner of Police, West Champaran, Bihar (IPS)",,,,Bihar Home Dept SP list (Feb 2026) + 20 Jun 2026 reshuffle + district NIC,0.60,collected,2026-06-26
1903,Amit Ranjan,Shri,male,,,"Superintendent/Commissioner of Police, Sitamarhi, Bihar (IPS)",,,,Bihar Home Dept SP list (Feb 2026) + 20 Jun 2026 reshuffle + district NIC,0.60,collected,2026-06-26
1904,Shailendra Singh,Shri,male,,,"Superintendent/Commissioner of Police, Sheohar, Bihar (IPS)",,,,Bihar Home Dept SP list (Feb 2026) + 20 Jun 2026 reshuffle + district NIC,0.60,collected,2026-06-26
1905,Vikram Sihag,Shri,male,,,"Superintendent/Commissioner of Police, Vaishali, Bihar (IPS)",,,,Bihar Home Dept SP list (Feb 2026) + 20 Jun 2026 reshuffle + district NIC,0.60,collected,2026-06-26
1906,Jagunatharaddi Jalaraddi,Shri,male,,,"Superintendent/Commissioner of Police, Darbhanga, Bihar (IPS)",,,,Bihar Home Dept SP list (Feb 2026) + 20 Jun 2026 reshuffle + district NIC,0.60,collected,2026-06-26
1907,Yogendra Kumar,Shri,male,,,"Superintendent/Commissioner of Police, Madhubani, Bihar (IPS)",,,,Bihar Home Dept SP list (Feb 2026) + 20 Jun 2026 reshuffle + district NIC,0.60,collected,2026-06-26
1908,Arvind Pratap Singh,Shri,male,,,"Superintendent/Commissioner of Police, Samastipur, Bihar (IPS)",,,,Bihar Home Dept SP list (Feb 2026) + 20 Jun 2026 reshuffle + district NIC,0.60,collected,2026-06-26
1909,Maneesh,Shri,male,,,"Superintendent/Commissioner of Police, Begusarai, Bihar (IPS)",,,,Bihar Home Dept SP list (Feb 2026) + 20 Jun 2026 reshuffle + district NIC,0.60,collected,2026-06-26
1910,Bhanu Pratap Singh,Shri,male,,,"Superintendent/Commissioner of Police, Khagaria, Bihar (IPS)",,,,Bihar Home Dept SP list (Feb 2026) + 20 Jun 2026 reshuffle + district NIC,0.60,collected,2026-06-26
1911,Sayed Imran Masood,Shri,male,,,"Superintendent/Commissioner of Police, Munger, Bihar (IPS)",,,,Bihar Home Dept SP list (Feb 2026) + 20 Jun 2026 reshuffle + district NIC,0.60,collected,2026-06-26
1912,Avdesh Dixit,Shri,male,,,"Superintendent/Commissioner of Police, Lakhisarai, Bihar (IPS)",,,,Bihar Home Dept SP list (Feb 2026) + 20 Jun 2026 reshuffle + district NIC,0.60,collected,2026-06-26
1913,Himanshu,Shri,male,,,"Superintendent/Commissioner of Police, Sheikhpura, Bihar (IPS)",,,,Bihar Home Dept SP list (Feb 2026) + 20 Jun 2026 reshuffle + district NIC,0.60,collected,2026-06-26
1914,Vishwajeet Dayal,Shri,male,,,"Superintendent/Commissioner of Police, Jamui, Bihar (IPS)",,,,Bihar Home Dept SP list (Feb 2026) + 20 Jun 2026 reshuffle + district NIC,0.60,collected,2026-06-26
1915,Pramod Kumar Yadav,Shri,male,,,"Superintendent/Commissioner of Police, Bhagalpur, Bihar (IPS)",,,,Bihar Home Dept SP list (Feb 2026) + 20 Jun 2026 reshuffle + district NIC,0.60,collected,2026-06-26
1916,Amitesh Kumar,Shri,male,,,"Superintendent/Commissioner of Police, Banka, Bihar (IPS)",,,,Bihar Home Dept SP list (Feb 2026) + 20 Jun 2026 reshuffle + district NIC,0.60,collected,2026-06-26
1917,Vikram Sinha,Shri,male,,,"Superintendent/Commissioner of Police, Saharsa, Bihar (IPS)",,,,Bihar Home Dept SP list (Feb 2026) + 20 Jun 2026 reshuffle + district NIC,0.60,collected,2026-06-26
1918,Sandeep Singh,Shri,male,,,"Superintendent/Commissioner of Police, Madhepura, Bihar (IPS)",,,,Bihar Home Dept SP list (Feb 2026) + 20 Jun 2026 reshuffle + district NIC,0.60,collected,2026-06-26
1919,Sarath R S,Shri,male,,,"Superintendent/Commissioner of Police, Supaul, Bihar (IPS)",,,,Bihar Home Dept SP list (Feb 2026) + 20 Jun 2026 reshuffle + district NIC,0.60,collected,2026-06-26
1920,Shaurya Suman,Shri,male,,,"Superintendent/Commissioner of Police, Purnia, Bihar (IPS)",,,,Bihar Home Dept SP list (Feb 2026) + 20 Jun 2026 reshuffle + district NIC,0.60,collected,2026-06-26
1921,Parichay Kumar,Shri,male,,,"Superintendent/Commissioner of Police, Katihar, Bihar (IPS)",,,,Bihar Home Dept SP list (Feb 2026) + 20 Jun 2026 reshuffle + district NIC,0.60,collected,2026-06-26
1922,Jitendra Kumar,Shri,male,,,"Superintendent/Commissioner of Police, Araria, Bihar (IPS)",,,,Bihar Home Dept SP list (Feb 2026) + 20 Jun 2026 reshuffle + district NIC,0.60,collected,2026-06-26
1923,Santosh Kumar,Shri,male,,,"Superintendent/Commissioner of Police, Kishanganj, Bihar (IPS)",,,,Bihar Home Dept SP list (Feb 2026) + 20 Jun 2026 reshuffle + district NIC,0.60,collected,2026-06-26
1924,Amit Kumar Shaw,Shri,male,,,"Superintendent/Commissioner of Police, Alipurduar, West Bengal (IPS)",,,,https://wb.gov.in/pdf/List_of_Superintendents_of_Police_english.pdf (23 Mar 2026),0.60,collected,2026-06-26
1925,V. G. Satish Pasumarthi,Shri,male,,,"Superintendent/Commissioner of Police, Bankura, West Bengal (IPS)",,,,https://wb.gov.in/pdf/List_of_Superintendents_of_Police_english.pdf (23 Mar 2026),0.60,collected,2026-06-26
1926,Vidit Raj Bhundesh,Shri,male,,,"Superintendent/Commissioner of Police, Birbhum, West Bengal (IPS)",,,,https://wb.gov.in/pdf/List_of_Superintendents_of_Police_english.pdf (23 Mar 2026),0.60,collected,2026-06-26
1927,Jaspreet Singh,Shri,male,,,"Superintendent/Commissioner of Police, Cooch Behar, West Bengal (IPS)",,,,https://wb.gov.in/pdf/List_of_Superintendents_of_Police_english.pdf (23 Mar 2026),0.60,collected,2026-06-26
1928,Abhishek Gupta,Shri,male,,,"Superintendent/Commissioner of Police, Dakshin Dinajpur, West Bengal (IPS)",,,,https://wb.gov.in/pdf/List_of_Superintendents_of_Police_english.pdf (23 Mar 2026),0.60,collected,2026-06-26
1929,Pratiksha Jharkhariya,Smt,female,,,"Superintendent/Commissioner of Police, Darjeeling, West Bengal (IPS)",,,,https://wb.gov.in/pdf/List_of_Superintendents_of_Police_english.pdf (23 Mar 2026),0.60,collected,2026-06-26
1930,Kunwar Bhushan Singh,Shri,male,,,"Superintendent/Commissioner of Police, Hooghly, West Bengal (IPS)",,,,https://wb.gov.in/pdf/List_of_Superintendents_of_Police_english.pdf (23 Mar 2026),0.60,collected,2026-06-26
1931,Amit Verma,Shri,male,,,"Superintendent/Commissioner of Police, Howrah, West Bengal (IPS)",,,,https://wb.gov.in/pdf/List_of_Superintendents_of_Police_english.pdf (23 Mar 2026),0.60,collected,2026-06-26
1932,Sujata Kumari Veenapani,Smt,female,,,"Superintendent/Commissioner of Police, Jalpaiguri, West Bengal (IPS)",,,,https://wb.gov.in/pdf/List_of_Superintendents_of_Police_english.pdf (23 Mar 2026),0.60,collected,2026-06-26
1933,Manav Singla,Shri,male,,,"Superintendent/Commissioner of Police, Jhargram, West Bengal (IPS)",,,,https://wb.gov.in/pdf/List_of_Superintendents_of_Police_english.pdf (23 Mar 2026),0.60,collected,2026-06-26
1934,Aparajita Rai,Smt,female,,,"Superintendent/Commissioner of Police, Kalimpong, West Bengal (IPS)",,,,https://wb.gov.in/pdf/List_of_Superintendents_of_Police_english.pdf (23 Mar 2026),0.60,collected,2026-06-26
1935,Ajay Kumar Nand,Shri,male,,,"Superintendent/Commissioner of Police, Kolkata, West Bengal (IPS)",,,,https://wb.gov.in/pdf/List_of_Superintendents_of_Police_english.pdf (23 Mar 2026),0.60,collected,2026-06-26
1936,Anupam Singh,Shri,male,,,"Superintendent/Commissioner of Police, Malda, West Bengal (IPS)",,,,https://wb.gov.in/pdf/List_of_Superintendents_of_Police_english.pdf (23 Mar 2026),0.60,collected,2026-06-26
1937,Sachin,Shri,male,,,"Superintendent/Commissioner of Police, Murshidabad, West Bengal (IPS)",,,,https://wb.gov.in/pdf/List_of_Superintendents_of_Police_english.pdf (23 Mar 2026),0.60,collected,2026-06-26
1938,Atul V,Shri,male,,,"Superintendent/Commissioner of Police, Nadia, West Bengal (IPS)",,,,https://wb.gov.in/pdf/List_of_Superintendents_of_Police_english.pdf (23 Mar 2026),0.60,collected,2026-06-26
1939,J Mercy,Shri,male,,,"Superintendent/Commissioner of Police, North 24 Parganas, West Bengal (IPS)",,,,https://wb.gov.in/pdf/List_of_Superintendents_of_Police_english.pdf (23 Mar 2026),0.60,collected,2026-06-26
1940,Papiya Sultana,Smt,female,,,"Superintendent/Commissioner of Police, Paschim Medinipur, West Bengal (IPS)",,,,https://wb.gov.in/pdf/List_of_Superintendents_of_Police_english.pdf (23 Mar 2026),0.60,collected,2026-06-26
1941,Pushpa,Smt,female,,,"Superintendent/Commissioner of Police, Purba Bardhaman, West Bengal (IPS)",,,,https://wb.gov.in/pdf/List_of_Superintendents_of_Police_english.pdf (23 Mar 2026),0.60,collected,2026-06-26
1942,Angshuman Saha,Shri,male,,,"Superintendent/Commissioner of Police, Purba Medinipur, West Bengal (IPS)",,,,https://wb.gov.in/pdf/List_of_Superintendents_of_Police_english.pdf (23 Mar 2026),0.60,collected,2026-06-26
1943,Kumar Sunny Raj,Shri,male,,,"Superintendent/Commissioner of Police, Purulia, West Bengal (IPS)",,,,https://wb.gov.in/pdf/List_of_Superintendents_of_Police_english.pdf (23 Mar 2026),0.60,collected,2026-06-26
1944,Arvind Kumar Anand,Shri,male,,,"Superintendent/Commissioner of Police, South 24 Parganas, West Bengal (IPS)",,,,https://wb.gov.in/pdf/List_of_Superintendents_of_Police_english.pdf (23 Mar 2026),0.60,collected,2026-06-26
1945,Sonawane Kuldip Suresh,Shri,male,,,"Superintendent/Commissioner of Police, Uttar Dinajpur, West Bengal (IPS)",,,,https://wb.gov.in/pdf/List_of_Superintendents_of_Police_english.pdf (23 Mar 2026),0.60,collected,2026-06-26
1946,Rahul Jain,Shri,male,,,"Superintendent/Commissioner of Police, Angul, Odisha (IPS)",,,,https://police.odisha.gov.in district police (upd 29 Jun 2026),0.65,collected,2026-06-26
1947,Abilash G,Shri,male,,,"Superintendent/Commissioner of Police, Balangir, Odisha (IPS)",,,,https://police.odisha.gov.in district police (upd 29 Jun 2026),0.65,collected,2026-06-26
1948,Pratyush Diwakar,Shri,male,,,"Superintendent/Commissioner of Police, Balasore, Odisha (IPS)",,,,https://police.odisha.gov.in district police (upd 29 Jun 2026),0.65,collected,2026-06-26
1949,Rabindra Nath Satapathy,Shri,male,,,"Superintendent/Commissioner of Police, Bargarh, Odisha (IPS)",,,,https://police.odisha.gov.in district police (upd 29 Jun 2026),0.65,collected,2026-06-26
1950,Manoj Kumar Rout,Shri,male,,,"Superintendent/Commissioner of Police, Bhadrak, Odisha (IPS)",,,,https://police.odisha.gov.in district police (upd 29 Jun 2026),0.65,collected,2026-06-26
1951,Kuldeep Meena,Shri,male,,,"Superintendent/Commissioner of Police, Boudh, Odisha (IPS)",,,,https://police.odisha.gov.in district police (upd 29 Jun 2026),0.65,collected,2026-06-26
1952,Vinit Agrawal,Shri,male,,,"Superintendent/Commissioner of Police, Cuttack, Odisha (IPS)",,,,https://police.odisha.gov.in district police (upd 29 Jun 2026),0.65,collected,2026-06-26
1953,Kishore Chandra Mund,Shri,male,,,"Superintendent/Commissioner of Police, Deogarh, Odisha (IPS)",,,,https://police.odisha.gov.in district police (upd 29 Jun 2026),0.65,collected,2026-06-26
1954,Abhinav Sonkar,Shri,male,,,"Superintendent/Commissioner of Police, Dhenkanal, Odisha (IPS)",,,,https://police.odisha.gov.in district police (upd 29 Jun 2026),0.65,collected,2026-06-26
1955,Prahalad Sahai Meena,Shri,male,,,"Superintendent/Commissioner of Police, Gajapati, Odisha (IPS)",,,,https://police.odisha.gov.in district police (upd 29 Jun 2026),0.65,collected,2026-06-26
1956,Harisha B.C,Shri,male,,,"Superintendent/Commissioner of Police, Ganjam, Odisha (IPS)",,,,https://police.odisha.gov.in district police (upd 29 Jun 2026),0.65,collected,2026-06-26
1957,Ankit Kumar Verma,Shri,male,,,"Superintendent/Commissioner of Police, Jagatsinghpur, Odisha (IPS)",,,,https://police.odisha.gov.in district police (upd 29 Jun 2026),0.65,collected,2026-06-26
1958,Yashpratap Shrimal,Shri,male,,,"Superintendent/Commissioner of Police, Jajpur, Odisha (IPS)",,,,https://police.odisha.gov.in district police (upd 29 Jun 2026),0.65,collected,2026-06-26
1959,Gundala Reddy Raghavendra,Shri,male,,,"Superintendent/Commissioner of Police, Jharsuguda, Odisha (IPS)",,,,https://police.odisha.gov.in district police (upd 29 Jun 2026),0.65,collected,2026-06-26
1960,Nagraj Deverakonda,Shri,male,,,"Superintendent/Commissioner of Police, Kalahandi, Odisha (IPS)",,,,https://police.odisha.gov.in district police (upd 29 Jun 2026),0.65,collected,2026-06-26
1961,Ramendra Prasad,Shri,male,,,"Superintendent/Commissioner of Police, Kandhamal, Odisha (IPS)",,,,https://police.odisha.gov.in district police (upd 29 Jun 2026),0.65,collected,2026-06-26
1962,Siddharth Kataria,Shri,male,,,"Superintendent/Commissioner of Police, Kendrapara, Odisha (IPS)",,,,https://police.odisha.gov.in district police (upd 29 Jun 2026),0.65,collected,2026-06-26
1963,Nitin Dagdu Kusalkar,Shri,male,,,"Superintendent/Commissioner of Police, Kendujhar, Odisha (IPS)",,,,https://police.odisha.gov.in district police (upd 29 Jun 2026),0.65,collected,2026-06-26
1964,Parmar Smit Parshottamdas,Shri,male,,,"Superintendent/Commissioner of Police, Khordha, Odisha (IPS)",,,,https://police.odisha.gov.in district police (upd 29 Jun 2026),0.65,collected,2026-06-26
1965,Rohit Varma,Shri,male,,,"Superintendent/Commissioner of Police, Koraput, Odisha (IPS)",,,,https://police.odisha.gov.in district police (upd 29 Jun 2026),0.65,collected,2026-06-26
1966,Vinod Patil H,Shri,male,,,"Superintendent/Commissioner of Police, Malkangiri, Odisha (IPS)",,,,https://police.odisha.gov.in district police (upd 29 Jun 2026),0.65,collected,2026-06-26
1967,Varun Guntupalli,Shri,male,,,"Superintendent/Commissioner of Police, Mayurbhanj, Odisha (IPS)",,,,https://police.odisha.gov.in district police (upd 29 Jun 2026),0.65,collected,2026-06-26
1968,Kashyap Parth Jagdish,Shri,male,,,"Superintendent/Commissioner of Police, Nabarangpur, Odisha (IPS)",,,,https://police.odisha.gov.in district police (upd 29 Jun 2026),0.65,collected,2026-06-26
1969,Suvendu Kumar Patra,Shri,male,,,"Superintendent/Commissioner of Police, Nayagarh, Odisha (IPS)",,,,https://police.odisha.gov.in district police (upd 29 Jun 2026),0.65,collected,2026-06-26
1970,Amritpal Singh,Shri,male,,,"Superintendent/Commissioner of Police, Nuapada, Odisha (IPS)",,,,https://police.odisha.gov.in district police (upd 29 Jun 2026),0.65,collected,2026-06-26
1971,Prateek Singh,Shri,male,,,"Superintendent/Commissioner of Police, Puri, Odisha (IPS)",,,,https://police.odisha.gov.in district police (upd 29 Jun 2026),0.65,collected,2026-06-26
1972,Raj Prasad,Shri,male,,,"Superintendent/Commissioner of Police, Rayagada, Odisha (IPS)",,,,https://police.odisha.gov.in district police (upd 29 Jun 2026),0.65,collected,2026-06-26
1973,Mukesh Kumar Bhamoo,Shri,male,,,"Superintendent/Commissioner of Police, Sambalpur, Odisha (IPS)",,,,https://police.odisha.gov.in district police (upd 29 Jun 2026),0.65,collected,2026-06-26
1974,Narayan Nayak,Shri,male,,,"Superintendent/Commissioner of Police, Subarnapur, Odisha (IPS)",,,,https://police.odisha.gov.in district police (upd 29 Jun 2026),0.65,collected,2026-06-26
1975,Amritpal Kaur,Shri,male,,,"Superintendent/Commissioner of Police, Sundargarh, Odisha (IPS)",,,,https://police.odisha.gov.in district police (upd 29 Jun 2026),0.65,collected,2026-06-26
1976,Gurpreet Singh Bhullar,Shri,male,,,"Superintendent/Commissioner of Police, Amritsar, Punjab (IPS)",,,,https://www.punjabpolice.gov.in/Postings.aspx + district sites,0.60,collected,2026-06-26
1977,Surendra Lamba,Shri,male,,,"Superintendent/Commissioner of Police, Tarn Taran, Punjab (IPS)",,,,https://www.punjabpolice.gov.in/Postings.aspx + district sites,0.60,collected,2026-06-26
1978,Aditya,Shri,male,,,"Superintendent/Commissioner of Police, Gurdaspur, Punjab (IPS)",,,,https://www.punjabpolice.gov.in/Postings.aspx + district sites,0.60,collected,2026-06-26
1979,Daljinder Singh Dhillon,Shri,male,,,"Superintendent/Commissioner of Police, Pathankot, Punjab (IPS)",,,,https://www.punjabpolice.gov.in/Postings.aspx + district sites,0.60,collected,2026-06-26
1980,Satinder Singh,Shri,male,,,"Superintendent/Commissioner of Police, Jalandhar, Punjab (IPS)",,,,https://www.punjabpolice.gov.in/Postings.aspx + district sites,0.60,collected,2026-06-26
1981,Gaurav Toora,Shri,male,,,"Superintendent/Commissioner of Police, Kapurthala, Punjab (IPS)",,,,https://www.punjabpolice.gov.in/Postings.aspx + district sites,0.60,collected,2026-06-26
1982,Sandeep Kumar Malik,Shri,male,,,"Superintendent/Commissioner of Police, Hoshiarpur, Punjab (IPS)",,,,https://www.punjabpolice.gov.in/Postings.aspx + district sites,0.60,collected,2026-06-26
1983,Tushar Gupta,Shri,male,,,"Superintendent/Commissioner of Police, Shaheed Bhagat Singh Nagar, Punjab (IPS)",,,,https://www.punjabpolice.gov.in/Postings.aspx + district sites,0.60,collected,2026-06-26
1984,Swapan Sharma,Shri,male,,,"Superintendent/Commissioner of Police, Ludhiana, Punjab (IPS)",,,,https://www.punjabpolice.gov.in/Postings.aspx + district sites,0.60,collected,2026-06-26
1985,Sartaj Singh Chahal,Shri,male,,,"Superintendent/Commissioner of Police, Moga, Punjab (IPS)",,,,https://www.punjabpolice.gov.in/Postings.aspx + district sites,0.60,collected,2026-06-26
1986,Bhupinder Singh,Shri,male,,,"Superintendent/Commissioner of Police, Firozpur, Punjab (IPS)",,,,https://www.punjabpolice.gov.in/Postings.aspx + district sites,0.60,collected,2026-06-26
1987,Gagan Ajit Singh,Shri,male,,,"Superintendent/Commissioner of Police, Fazilka, Punjab (IPS)",,,,https://www.punjabpolice.gov.in/Postings.aspx + district sites,0.60,collected,2026-06-26
1988,Gurbans Singh Bains,Shri,male,,,"Superintendent/Commissioner of Police, Faridkot, Punjab (IPS)",,,,https://www.punjabpolice.gov.in/Postings.aspx + district sites,0.60,collected,2026-06-26
1989,Akhil Chaudhary,Shri,male,,,"Superintendent/Commissioner of Police, Sri Muktsar Sahib, Punjab (IPS)",,,,https://www.punjabpolice.gov.in/Postings.aspx + district sites,0.60,collected,2026-06-26
1990,Jyoti Yadav,Smt,female,,,"Superintendent/Commissioner of Police, Bathinda, Punjab (IPS)",,,,https://www.punjabpolice.gov.in/Postings.aspx + district sites,0.60,collected,2026-06-26
1991,Md. Sarfaraz Alam,Shri,male,,,"Superintendent/Commissioner of Police, Barnala, Punjab (IPS)",,,,https://www.punjabpolice.gov.in/Postings.aspx + district sites,0.60,collected,2026-06-26
1992,Ravjot Grewal,Smt,female,,,"Superintendent/Commissioner of Police, Sangrur, Punjab (IPS)",,,,https://www.punjabpolice.gov.in/Postings.aspx + district sites,0.60,collected,2026-06-26
1993,Gurmit Singh,Shri,male,,,"Superintendent/Commissioner of Police, Malerkotla, Punjab (IPS)",,,,https://www.punjabpolice.gov.in/Postings.aspx + district sites,0.60,collected,2026-06-26
1994,Varun Sharma,Shri,male,,,"Superintendent/Commissioner of Police, Patiala, Punjab (IPS)",,,,https://www.punjabpolice.gov.in/Postings.aspx + district sites,0.60,collected,2026-06-26
1995,Shubham Agarwal,Shri,male,,,"Superintendent/Commissioner of Police, Fatehgarh Sahib, Punjab (IPS)",,,,https://www.punjabpolice.gov.in/Postings.aspx + district sites,0.60,collected,2026-06-26
1996,Harmandeep Singh Hans,Shri,male,,,"Superintendent/Commissioner of Police, Sahibzada Ajit Singh Nagar, Punjab (IPS)",,,,https://www.punjabpolice.gov.in/Postings.aspx + district sites,0.60,collected,2026-06-26
1997,Maninder Singh,Shri,male,,,"Superintendent/Commissioner of Police, Rupnagar, Punjab (IPS)",,,,https://www.punjabpolice.gov.in/Postings.aspx + district sites,0.60,collected,2026-06-26
1998,Ajit Singh Shekhawat,Shri,male,,,"Superintendent/Commissioner of Police, Ambala, Haryana (IPS)",,,,https://haryanapolice.gov.in range telephone directories (May/Jun 2026),0.65,collected,2026-06-26
1999,Sumit Kumar,Shri,male,,,"Superintendent/Commissioner of Police, Bhiwani, Haryana (IPS)",,,,https://haryanapolice.gov.in range telephone directories (May/Jun 2026),0.65,collected,2026-06-26
2000,Logesh Kumar P.,Shri,male,,,"Superintendent/Commissioner of Police, Charkhi Dadri, Haryana (IPS)",,,,https://haryanapolice.gov.in range telephone directories (May/Jun 2026),0.65,collected,2026-06-26
2001,Satender Kumar Gupta,Shri,male,,,"Superintendent/Commissioner of Police, Faridabad, Haryana (IPS)",,,,https://haryanapolice.gov.in range telephone directories (May/Jun 2026),0.65,collected,2026-06-26
2002,Nitika Khattar,Smt,female,,,"Superintendent/Commissioner of Police, Fatehabad, Haryana (IPS)",,,,https://haryanapolice.gov.in range telephone directories (May/Jun 2026),0.65,collected,2026-06-26
2003,Sibash Kabiraj,Shri,male,,,"Superintendent/Commissioner of Police, Gurugram, Haryana (IPS)",,,,https://haryanapolice.gov.in range telephone directories (May/Jun 2026),0.65,collected,2026-06-26
2004,Siddhant Jain,Shri,male,,,"Superintendent/Commissioner of Police, Hisar, Haryana (IPS)",,,,https://haryanapolice.gov.in range telephone directories (May/Jun 2026),0.65,collected,2026-06-26
2005,Rajshree Singh,Smt,female,,,"Superintendent/Commissioner of Police, Jhajjar, Haryana (IPS)",,,,https://haryanapolice.gov.in range telephone directories (May/Jun 2026),0.65,collected,2026-06-26
2006,Kuldeep Singh,Shri,male,,,"Superintendent/Commissioner of Police, Jind, Haryana (IPS)",,,,https://haryanapolice.gov.in range telephone directories (May/Jun 2026),0.65,collected,2026-06-26
2007,Manpreet Singh Sudan,Shri,male,,,"Superintendent/Commissioner of Police, Kaithal, Haryana (IPS)",,,,https://haryanapolice.gov.in range telephone directories (May/Jun 2026),0.65,collected,2026-06-26
2008,Narender Bijarniya,Shri,male,,,"Superintendent/Commissioner of Police, Karnal, Haryana (IPS)",,,,https://haryanapolice.gov.in range telephone directories (May/Jun 2026),0.65,collected,2026-06-26
2009,Chander Mohan,Shri,male,,,"Superintendent/Commissioner of Police, Kurukshetra, Haryana (IPS)",,,,https://haryanapolice.gov.in range telephone directories (May/Jun 2026),0.65,collected,2026-06-26
2010,Deepak Jewaria,Shri,male,,,"Superintendent/Commissioner of Police, Mahendragarh, Haryana (IPS)",,,,https://haryanapolice.gov.in range telephone directories (May/Jun 2026),0.65,collected,2026-06-26
2011,Arpit Jain,Shri,male,,,"Superintendent/Commissioner of Police, Nuh, Haryana (IPS)",,,,https://haryanapolice.gov.in range telephone directories (May/Jun 2026),0.65,collected,2026-06-26
2012,Nitish Aggarwal,Shri,male,,,"Superintendent/Commissioner of Police, Palwal, Haryana (IPS)",,,,https://haryanapolice.gov.in range telephone directories (May/Jun 2026),0.65,collected,2026-06-26
2013,Bhupinder Singh,Shri,male,,,"Superintendent/Commissioner of Police, Panipat, Haryana (IPS)",,,,https://haryanapolice.gov.in range telephone directories (May/Jun 2026),0.65,collected,2026-06-26
2014,Hamendra Kumar Meena,Shri,male,,,"Superintendent/Commissioner of Police, Rewari, Haryana (IPS)",,,,https://haryanapolice.gov.in range telephone directories (May/Jun 2026),0.65,collected,2026-06-26
2015,Gaurav Rajpurohit,Shri,male,,,"Superintendent/Commissioner of Police, Rohtak, Haryana (IPS)",,,,https://haryanapolice.gov.in range telephone directories (May/Jun 2026),0.65,collected,2026-06-26
2016,Deepak Saharan,Shri,male,,,"Superintendent/Commissioner of Police, Sirsa, Haryana (IPS)",,,,https://haryanapolice.gov.in range telephone directories (May/Jun 2026),0.65,collected,2026-06-26
2017,Mamta Singh,Smt,female,,,"Superintendent/Commissioner of Police, Sonipat, Haryana (IPS)",,,,https://haryanapolice.gov.in range telephone directories (May/Jun 2026),0.65,collected,2026-06-26
2018,Kamaldeep Goyal,Shri,male,,,"Superintendent/Commissioner of Police, Yamunanagar, Haryana (IPS)",,,,https://haryanapolice.gov.in range telephone directories (May/Jun 2026),0.65,collected,2026-06-26
2019,Ujjal Pratim Baruah,Shri,male,,,"Superintendent/Commissioner of Police, Baksa, Assam (IPS)",,,,https://police.assam.gov.in district SPs (upd 20 Jun 2026),0.65,collected,2026-06-26
2020,Pankaj Yadav,Shri,male,,,"Superintendent/Commissioner of Police, Bajali, Assam (IPS)",,,,https://police.assam.gov.in district SPs (upd 20 Jun 2026),0.65,collected,2026-06-26
2021,Sushanta Biswa Sarma,Shri,male,,,"Superintendent/Commissioner of Police, Barpeta, Assam (IPS)",,,,https://police.assam.gov.in district SPs (upd 20 Jun 2026),0.65,collected,2026-06-26
2022,Ajagwran Basumatary,Shri,male,,,"Superintendent/Commissioner of Police, Biswanath, Assam (IPS)",,,,https://police.assam.gov.in district SPs (upd 20 Jun 2026),0.65,collected,2026-06-26
2023,Numal Mahatta,Shri,male,,,"Superintendent/Commissioner of Police, Bongaigaon, Assam (IPS)",,,,https://police.assam.gov.in district SPs (upd 20 Jun 2026),0.65,collected,2026-06-26
2024,Sanjib Kumar Saikia,Shri,male,,,"Superintendent/Commissioner of Police, Cachar, Assam (IPS)",,,,https://police.assam.gov.in district SPs (upd 20 Jun 2026),0.65,collected,2026-06-26
2025,Surjeet Singh Panesar,Shri,male,,,"Superintendent/Commissioner of Police, Charaideo, Assam (IPS)",,,,https://police.assam.gov.in district SPs (upd 20 Jun 2026),0.65,collected,2026-06-26
2026,Mohan Lal Meena,Shri,male,,,"Superintendent/Commissioner of Police, Chirang, Assam (IPS)",,,,https://police.assam.gov.in district SPs (upd 20 Jun 2026),0.65,collected,2026-06-26
2027,Robin Kumar,Shri,male,,,"Superintendent/Commissioner of Police, Darrang, Assam (IPS)",,,,https://police.assam.gov.in district SPs (upd 20 Jun 2026),0.65,collected,2026-06-26
2028,Sudhakar Singh,Shri,male,,,"Superintendent/Commissioner of Police, Dhemaji, Assam (IPS)",,,,https://police.assam.gov.in district SPs (upd 20 Jun 2026),0.65,collected,2026-06-26
2029,Debasish Borah,Shri,male,,,"Superintendent/Commissioner of Police, Dhubri, Assam (IPS)",,,,https://police.assam.gov.in district SPs (upd 20 Jun 2026),0.65,collected,2026-06-26
2030,Gurav Abhijit Dilip,Shri,male,,,"Superintendent/Commissioner of Police, Dibrugarh, Assam (IPS)",,,,https://police.assam.gov.in district SPs (upd 20 Jun 2026),0.65,collected,2026-06-26
2031,Ripunjoy Kakati,Shri,male,,,"Superintendent/Commissioner of Police, Dima Hasao, Assam (IPS)",,,,https://police.assam.gov.in district SPs (upd 20 Jun 2026),0.65,collected,2026-06-26
2032,Nabaneet Mahanta,Shri,male,,,"Superintendent/Commissioner of Police, Goalpara, Assam (IPS)",,,,https://police.assam.gov.in district SPs (upd 20 Jun 2026),0.65,collected,2026-06-26
2033,Rajen Singh,Shri,male,,,"Superintendent/Commissioner of Police, Golaghat, Assam (IPS)",,,,https://police.assam.gov.in district SPs (upd 20 Jun 2026),0.65,collected,2026-06-26
2034,Amitava Sinha,Shri,male,,,"Superintendent/Commissioner of Police, Hailakandi, Assam (IPS)",,,,https://police.assam.gov.in district SPs (upd 20 Jun 2026),0.65,collected,2026-06-26
2035,V. V. Rakesh Reddy,Shri,male,,,"Superintendent/Commissioner of Police, Hojai, Assam (IPS)",,,,https://police.assam.gov.in district SPs (upd 20 Jun 2026),0.65,collected,2026-06-26
2036,Subhrajyoti Bora,Shri,male,,,"Superintendent/Commissioner of Police, Jorhat, Assam (IPS)",,,,https://police.assam.gov.in district SPs (upd 20 Jun 2026),0.65,collected,2026-06-26
2037,Subhasish Baruah,Shri,male,,,"Superintendent/Commissioner of Police, Kamrup, Assam (IPS)",,,,https://police.assam.gov.in district SPs (upd 20 Jun 2026),0.65,collected,2026-06-26
2038,P. S. Mahanta,Shri,male,,,"Superintendent/Commissioner of Police, Kamrup Metropolitan, Assam (IPS)",,,,https://police.assam.gov.in district SPs (upd 20 Jun 2026),0.65,collected,2026-06-26
2039,Pushpraj Singh,Shri,male,,,"Superintendent/Commissioner of Police, Karbi Anglong, Assam (IPS)",,,,https://police.assam.gov.in district SPs (upd 20 Jun 2026),0.65,collected,2026-06-26
2040,Leena Doley,Smt,female,,,"Superintendent/Commissioner of Police, Sribhumi, Assam (IPS)",,,,https://police.assam.gov.in district SPs (upd 20 Jun 2026),0.65,collected,2026-06-26
2041,Akshat Garg,Shri,male,,,"Superintendent/Commissioner of Police, Kokrajhar, Assam (IPS)",,,,https://police.assam.gov.in district SPs (upd 20 Jun 2026),0.65,collected,2026-06-26
2042,Gunendra Deka,Shri,male,,,"Superintendent/Commissioner of Police, Lakhimpur, Assam (IPS)",,,,https://police.assam.gov.in district SPs (upd 20 Jun 2026),0.65,collected,2026-06-26
2043,Somalin Subhadarsini,Smt,female,,,"Superintendent/Commissioner of Police, Majuli, Assam (IPS)",,,,https://police.assam.gov.in district SPs (upd 20 Jun 2026),0.65,collected,2026-06-26
2044,Prakash Sonowal,Shri,male,,,"Superintendent/Commissioner of Police, Morigaon, Assam (IPS)",,,,https://police.assam.gov.in district SPs (upd 20 Jun 2026),0.65,collected,2026-06-26
2045,Partha Protim Das,Shri,male,,,"Superintendent/Commissioner of Police, Nagaon, Assam (IPS)",,,,https://police.assam.gov.in district SPs (upd 20 Jun 2026),0.65,collected,2026-06-26
2046,Bibekananda Das,Shri,male,,,"Superintendent/Commissioner of Police, Nalbari, Assam (IPS)",,,,https://police.assam.gov.in district SPs (upd 20 Jun 2026),0.65,collected,2026-06-26
2047,Papori Chetia,Smt,female,,,"Superintendent/Commissioner of Police, Sivasagar, Assam (IPS)",,,,https://police.assam.gov.in district SPs (upd 20 Jun 2026),0.65,collected,2026-06-26
2048,Barun Purakayastha,Shri,male,,,"Superintendent/Commissioner of Police, Sonitpur, Assam (IPS)",,,,https://police.assam.gov.in district SPs (upd 20 Jun 2026),0.65,collected,2026-06-26
2049,Renukuntla Sheetal Kumar,Shri,male,,,"Superintendent/Commissioner of Police, South Salmara-Mankachar, Assam (IPS)",,,,https://police.assam.gov.in district SPs (upd 20 Jun 2026),0.65,collected,2026-06-26
2050,Suman Chakraborty,Shri,male,,,"Superintendent/Commissioner of Police, Tamulpur, Assam (IPS)",,,,https://police.assam.gov.in district SPs (upd 20 Jun 2026),0.65,collected,2026-06-26
2051,Mayank Kumar,Shri,male,,,"Superintendent/Commissioner of Police, Tinsukia, Assam (IPS)",,,,https://police.assam.gov.in district SPs (upd 20 Jun 2026),0.65,collected,2026-06-26
2052,Padmanabh Baruah,Shri,male,,,"Superintendent/Commissioner of Police, Udalguri, Assam (IPS)",,,,https://police.assam.gov.in district SPs (upd 20 Jun 2026),0.65,collected,2026-06-26
2053,Dinesh Kumar,Shri,male,,,"Superintendent/Commissioner of Police, West Karbi Anglong, Assam (IPS)",,,,https://police.assam.gov.in district SPs (upd 20 Jun 2026),0.65,collected,2026-06-26
2054,Rakesh Ranjan,Shri,male,,,"Superintendent/Commissioner of Police, Ranchi, Jharkhand (IPS)",,,,https://jhpolice.gov.in/imp-contacts + district NIC who's-who + Apr 2026 IPS reshuffle,0.55,collected,2026-06-26
2055,Piyush Pandey,Shri,male,,,"Superintendent/Commissioner of Police, East Singhbhum, Jharkhand (IPS)",,,,https://jhpolice.gov.in/imp-contacts + district NIC who's-who + Apr 2026 IPS reshuffle,0.55,collected,2026-06-26
2056,Amit Renu,Shri,male,,,"Superintendent/Commissioner of Police, West Singhbhum, Jharkhand (IPS)",,,,https://jhpolice.gov.in/imp-contacts + district NIC who's-who + Apr 2026 IPS reshuffle,0.55,collected,2026-06-26
2057,Nidhi Dwivedi,Smt,female,,,"Superintendent/Commissioner of Police, Saraikela-Kharsawan, Jharkhand (IPS)",,,,https://jhpolice.gov.in/imp-contacts + district NIC who's-who + Apr 2026 IPS reshuffle,0.55,collected,2026-06-26
2058,Prabhat Kumar,Shri,male,,,"Superintendent/Commissioner of Police, Dhanbad, Jharkhand (IPS)",,,,https://jhpolice.gov.in/imp-contacts + district NIC who's-who + Apr 2026 IPS reshuffle,0.55,collected,2026-06-26
2059,Nathu Singh Meena,Shri,male,,,"Superintendent/Commissioner of Police, Bokaro, Jharkhand (IPS)",,,,https://jhpolice.gov.in/imp-contacts + district NIC who's-who + Apr 2026 IPS reshuffle,0.55,collected,2026-06-26
2060,Vimal Kumar,Shri,male,,,"Superintendent/Commissioner of Police, Giridih, Jharkhand (IPS)",,,,https://jhpolice.gov.in/imp-contacts + district NIC who's-who + Apr 2026 IPS reshuffle,0.55,collected,2026-06-26
2061,Aman Kumar,Shri,male,,,"Superintendent/Commissioner of Police, Hazaribagh, Jharkhand (IPS)",,,,https://jhpolice.gov.in/imp-contacts + district NIC who's-who + Apr 2026 IPS reshuffle,0.55,collected,2026-06-26
2062,Mukesh Kumar Lunayat,Shri,male,,,"Superintendent/Commissioner of Police, Ramgarh, Jharkhand (IPS)",,,,https://jhpolice.gov.in/imp-contacts + district NIC who's-who + Apr 2026 IPS reshuffle,0.55,collected,2026-06-26
2063,Kumar Shivashish,Shri,male,,,"Superintendent/Commissioner of Police, Koderma, Jharkhand (IPS)",,,,https://jhpolice.gov.in/imp-contacts + district NIC who's-who + Apr 2026 IPS reshuffle,0.55,collected,2026-06-26
2064,Animesh Naithani,Shri,male,,,"Superintendent/Commissioner of Police, Chatra, Jharkhand (IPS)",,,,https://jhpolice.gov.in/imp-contacts + district NIC who's-who + Apr 2026 IPS reshuffle,0.55,collected,2026-06-26
2065,Pitamber Singh Kherwar,Shri,male,,,"Superintendent/Commissioner of Police, Dumka, Jharkhand (IPS)",,,,https://jhpolice.gov.in/imp-contacts + district NIC who's-who + Apr 2026 IPS reshuffle,0.55,collected,2026-06-26
2066,Praveen Pushkar,Shri,male,,,"Superintendent/Commissioner of Police, Deoghar, Jharkhand (IPS)",,,,https://jhpolice.gov.in/imp-contacts + district NIC who's-who + Apr 2026 IPS reshuffle,0.55,collected,2026-06-26
2067,Mukesh Kumar,Shri,male,,,"Superintendent/Commissioner of Police, Godda, Jharkhand (IPS)",,,,https://jhpolice.gov.in/imp-contacts + district NIC who's-who + Apr 2026 IPS reshuffle,0.55,collected,2026-06-26
2068,Amit Kumar Singh,Shri,male,,,"Superintendent/Commissioner of Police, Sahibganj, Jharkhand (IPS)",,,,https://jhpolice.gov.in/imp-contacts + district NIC who's-who + Apr 2026 IPS reshuffle,0.55,collected,2026-06-26
2069,Anudeep Singh,Shri,male,,,"Superintendent/Commissioner of Police, Pakur, Jharkhand (IPS)",,,,https://jhpolice.gov.in/imp-contacts + district NIC who's-who + Apr 2026 IPS reshuffle,0.55,collected,2026-06-26
2070,Shambhu Kumar Singh,Shri,male,,,"Superintendent/Commissioner of Police, Jamtara, Jharkhand (IPS)",,,,https://jhpolice.gov.in/imp-contacts + district NIC who's-who + Apr 2026 IPS reshuffle,0.55,collected,2026-06-26
2071,Kapil Chaudhary,Shri,male,,,"Superintendent/Commissioner of Police, Palamu, Jharkhand (IPS)",,,,https://jhpolice.gov.in/imp-contacts + district NIC who's-who + Apr 2026 IPS reshuffle,0.55,collected,2026-06-26
2072,Ashutosh Shekhar,Shri,male,,,"Superintendent/Commissioner of Police, Garhwa, Jharkhand (IPS)",,,,https://jhpolice.gov.in/imp-contacts + district NIC who's-who + Apr 2026 IPS reshuffle,0.55,collected,2026-06-26
2073,Kumar Gaurav,Shri,male,,,"Superintendent/Commissioner of Police, Latehar, Jharkhand (IPS)",,,,https://jhpolice.gov.in/imp-contacts + district NIC who's-who + Apr 2026 IPS reshuffle,0.55,collected,2026-06-26
2074,Sadiq Anwar Rizvi,Shri,male,,,"Superintendent/Commissioner of Police, Lohardaga, Jharkhand (IPS)",,,,https://jhpolice.gov.in/imp-contacts + district NIC who's-who + Apr 2026 IPS reshuffle,0.55,collected,2026-06-26
2075,Haris Bin Zaman,Shri,male,,,"Superintendent/Commissioner of Police, Gumla, Jharkhand (IPS)",,,,https://jhpolice.gov.in/imp-contacts + district NIC who's-who + Apr 2026 IPS reshuffle,0.55,collected,2026-06-26
2076,Shrikant S Khotre,Shri,male,,,"Superintendent/Commissioner of Police, Simdega, Jharkhand (IPS)",,,,https://jhpolice.gov.in/imp-contacts + district NIC who's-who + Apr 2026 IPS reshuffle,0.55,collected,2026-06-26
2077,Rishabh Garg,Shri,male,,,"Superintendent/Commissioner of Police, Khunti, Jharkhand (IPS)",,,,https://jhpolice.gov.in/imp-contacts + district NIC who's-who + Apr 2026 IPS reshuffle,0.55,collected,2026-06-26
2078,Sanjeev Shukla,Shri,male,,,"Superintendent/Commissioner of Police, Raipur, Chhattisgarh (IPS)",,,,https://cgpolice.gov.in + district .cg.gov.in who's-who + 2026 IPS transfers,0.55,collected,2026-06-26
2079,Jitendra Shukla,Shri,male,,,"Superintendent/Commissioner of Police, Durg, Chhattisgarh (IPS)",,,,https://cgpolice.gov.in + district .cg.gov.in who's-who + 2026 IPS transfers,0.55,collected,2026-06-26
2080,Rajnesh Singh,Shri,male,,,"Superintendent/Commissioner of Police, Bilaspur, Chhattisgarh (IPS)",,,,https://cgpolice.gov.in + district .cg.gov.in who's-who + 2026 IPS transfers,0.55,collected,2026-06-26
2081,Ramkrishna Sahu,Shri,male,,,"Superintendent/Commissioner of Police, Bemetara, Chhattisgarh (IPS)",,,,https://cgpolice.gov.in + district .cg.gov.in who's-who + 2026 IPS transfers,0.55,collected,2026-06-26
2082,Yogesh Kumar Patel,Shri,male,,,"Superintendent/Commissioner of Police, Balod, Chhattisgarh (IPS)",,,,https://cgpolice.gov.in + district .cg.gov.in who's-who + 2026 IPS transfers,0.55,collected,2026-06-26
2083,Vijay Agarwal,Shri,male,,,"Superintendent/Commissioner of Police, Baloda Bazar-Bhatapara, Chhattisgarh (IPS)",,,,https://cgpolice.gov.in + district .cg.gov.in who's-who + 2026 IPS transfers,0.55,collected,2026-06-26
2084,Suraj Singh,Shri,male,,,"Superintendent/Commissioner of Police, Dhamtari, Chhattisgarh (IPS)",,,,https://cgpolice.gov.in + district .cg.gov.in who's-who + 2026 IPS transfers,0.55,collected,2026-06-26
2085,Ashutosh Singh,Shri,male,,,"Superintendent/Commissioner of Police, Mahasamund, Chhattisgarh (IPS)",,,,https://cgpolice.gov.in + district .cg.gov.in who's-who + 2026 IPS transfers,0.55,collected,2026-06-26
2086,Vedvrat Sirmaur,Shri,male,,,"Superintendent/Commissioner of Police, Gariaband, Chhattisgarh (IPS)",,,,https://cgpolice.gov.in + district .cg.gov.in who's-who + 2026 IPS transfers,0.55,collected,2026-06-26
2087,Bhojram Patel,Shri,male,,,"Superintendent/Commissioner of Police, Mungeli, Chhattisgarh (IPS)",,,,https://cgpolice.gov.in + district .cg.gov.in who's-who + 2026 IPS transfers,0.55,collected,2026-06-26
2088,Shashi Mohan Singh,Shri,male,,,"Superintendent/Commissioner of Police, Raigarh, Chhattisgarh (IPS)",,,,https://cgpolice.gov.in + district .cg.gov.in who's-who + 2026 IPS transfers,0.55,collected,2026-06-26
2089,Vijay Pandey,Shri,male,,,"Superintendent/Commissioner of Police, Janjgir-Champa, Chhattisgarh (IPS)",,,,https://cgpolice.gov.in + district .cg.gov.in who's-who + 2026 IPS transfers,0.55,collected,2026-06-26
2090,Prabhull Thakur,Shri,male,,,"Superintendent/Commissioner of Police, Sakti, Chhattisgarh (IPS)",,,,https://cgpolice.gov.in + district .cg.gov.in who's-who + 2026 IPS transfers,0.55,collected,2026-06-26
2091,Siddharth Tiwari,Shri,male,,,"Superintendent/Commissioner of Police, Korba, Chhattisgarh (IPS)",,,,https://cgpolice.gov.in + district .cg.gov.in who's-who + 2026 IPS transfers,0.55,collected,2026-06-26
2092,Manoj Kumar Khelari,Shri,male,,,"Superintendent/Commissioner of Police, Gaurella-Pendra-Marwahi, Chhattisgarh (IPS)",,,,https://cgpolice.gov.in + district .cg.gov.in who's-who + 2026 IPS transfers,0.55,collected,2026-06-26
2093,Ankita Sharma,Smt,female,,,"Superintendent/Commissioner of Police, Rajnandgaon, Chhattisgarh (IPS)",,,,https://cgpolice.gov.in + district .cg.gov.in who's-who + 2026 IPS transfers,0.55,collected,2026-06-26
2094,Trilok Bansal,Shri,male,,,"Superintendent/Commissioner of Police, Khairagarh-Chhuikhadan-Gandai, Chhattisgarh (IPS)",,,,https://cgpolice.gov.in + district .cg.gov.in who's-who + 2026 IPS transfers,0.55,collected,2026-06-26
2095,Rajesh Agrawal,Shri,male,,,"Superintendent/Commissioner of Police, Surguja, Chhattisgarh (IPS)",,,,https://cgpolice.gov.in + district .cg.gov.in who's-who + 2026 IPS transfers,0.55,collected,2026-06-26
2096,Prashant Kumar Thakur,Shri,male,,,"Superintendent/Commissioner of Police, Surajpur, Chhattisgarh (IPS)",,,,https://cgpolice.gov.in + district .cg.gov.in who's-who + 2026 IPS transfers,0.55,collected,2026-06-26
2097,Vikas Kumar,Shri,male,,,"Superintendent/Commissioner of Police, Balrampur, Chhattisgarh (IPS)",,,,https://cgpolice.gov.in + district .cg.gov.in who's-who + 2026 IPS transfers,0.55,collected,2026-06-26
2098,Lal Umed Singh,Shri,male,,,"Superintendent/Commissioner of Police, Jashpur, Chhattisgarh (IPS)",,,,https://cgpolice.gov.in + district .cg.gov.in who's-who + 2026 IPS transfers,0.55,collected,2026-06-26
2099,Suraj Singh Parihar,Shri,male,,,"Superintendent/Commissioner of Police, Koriya, Chhattisgarh (IPS)",,,,https://cgpolice.gov.in + district .cg.gov.in who's-who + 2026 IPS transfers,0.55,collected,2026-06-26
2100,Ratna Singh,Smt,female,,,"Superintendent/Commissioner of Police, Manendragarh-Chirmiri-Bharatpur, Chhattisgarh (IPS)",,,,https://cgpolice.gov.in + district .cg.gov.in who's-who + 2026 IPS transfers,0.55,collected,2026-06-26
2101,Shalabh Kumar Sinha,Shri,male,,,"Superintendent/Commissioner of Police, Bastar, Chhattisgarh (IPS)",,,,https://cgpolice.gov.in + district .cg.gov.in who's-who + 2026 IPS transfers,0.55,collected,2026-06-26
2102,Pankaj Chandra,Shri,male,,,"Superintendent/Commissioner of Police, Kondagaon, Chhattisgarh (IPS)",,,,https://cgpolice.gov.in + district .cg.gov.in who's-who + 2026 IPS transfers,0.55,collected,2026-06-26
2103,Nikhil Ashok Kumar Rakecha,Shri,male,,,"Superintendent/Commissioner of Police, Kanker, Chhattisgarh (IPS)",,,,https://cgpolice.gov.in + district .cg.gov.in who's-who + 2026 IPS transfers,0.55,collected,2026-06-26
2104,Robinson Guria,Shri,male,,,"Superintendent/Commissioner of Police, Narayanpur, Chhattisgarh (IPS)",,,,https://cgpolice.gov.in + district .cg.gov.in who's-who + 2026 IPS transfers,0.55,collected,2026-06-26
2105,Gaurav Rai,Shri,male,,,"Superintendent/Commissioner of Police, Dantewada, Chhattisgarh (IPS)",,,,https://cgpolice.gov.in + district .cg.gov.in who's-who + 2026 IPS transfers,0.55,collected,2026-06-26
2106,Jitendra Kumar Yadav,Shri,male,,,"Superintendent/Commissioner of Police, Bijapur, Chhattisgarh (IPS)",,,,https://cgpolice.gov.in + district .cg.gov.in who's-who + 2026 IPS transfers,0.55,collected,2026-06-26
2107,Kiran Chauhan,Smt,female,,,"Superintendent/Commissioner of Police, Sukma, Chhattisgarh (IPS)",,,,https://cgpolice.gov.in + district .cg.gov.in who's-who + 2026 IPS transfers,0.55,collected,2026-06-26
2108,Arul R B Krishna,Shri,male,,,"Superintendent/Commissioner of Police, Thiruvananthapuram, Kerala (IPS)",,,,https://keralapolice.gov.in + district sites + Jun 2026 IPS reshuffle,0.65,collected,2026-06-26
2109,Kiran Narayanan,Smt,female,,,"Superintendent/Commissioner of Police, Kollam, Kerala (IPS)",,,,https://keralapolice.gov.in + district sites + Jun 2026 IPS reshuffle,0.65,collected,2026-06-26
2110,Ajith V.,Shri,male,,,"Superintendent/Commissioner of Police, Pathanamthitta, Kerala (IPS)",,,,https://keralapolice.gov.in + district sites + Jun 2026 IPS reshuffle,0.65,collected,2026-06-26
2111,Vishnu Pratheep T K,Shri,male,,,"Superintendent/Commissioner of Police, Alappuzha, Kerala (IPS)",,,,https://keralapolice.gov.in + district sites + Jun 2026 IPS reshuffle,0.65,collected,2026-06-26
2112,Sabu Mathew K M,Shri,male,,,"Superintendent/Commissioner of Police, Kottayam, Kerala (IPS)",,,,https://keralapolice.gov.in + district sites + Jun 2026 IPS reshuffle,0.65,collected,2026-06-26
2113,Nasim A,Shri,male,,,"Superintendent/Commissioner of Police, Idukki, Kerala (IPS)",,,,https://keralapolice.gov.in + district sites + Jun 2026 IPS reshuffle,0.65,collected,2026-06-26
2114,Kaliraj Mahesh Kumar,Shri,male,,,"Superintendent/Commissioner of Police, Ernakulam, Kerala (IPS)",,,,https://keralapolice.gov.in + district sites + Jun 2026 IPS reshuffle,0.65,collected,2026-06-26
2115,Nakul Rajendra Deshmukh,Shri,male,,,"Superintendent/Commissioner of Police, Thrissur, Kerala (IPS)",,,,https://keralapolice.gov.in + district sites + Jun 2026 IPS reshuffle,0.65,collected,2026-06-26
2116,Abdul Rashid A,Shri,male,,,"Superintendent/Commissioner of Police, Palakkad, Kerala (IPS)",,,,https://keralapolice.gov.in + district sites + Jun 2026 IPS reshuffle,0.65,collected,2026-06-26
2117,Chaitra Theresa John,Smt,female,,,"Superintendent/Commissioner of Police, Malappuram, Kerala (IPS)",,,,https://keralapolice.gov.in + district sites + Jun 2026 IPS reshuffle,0.65,collected,2026-06-26
2118,Shoukathali A P,Shri,male,,,"Superintendent/Commissioner of Police, Kozhikode, Kerala (IPS)",,,,https://keralapolice.gov.in + district sites + Jun 2026 IPS reshuffle,0.65,collected,2026-06-26
2119,S Deva Manohar,Shri,male,,,"Superintendent/Commissioner of Police, Wayanad, Kerala (IPS)",,,,https://keralapolice.gov.in + district sites + Jun 2026 IPS reshuffle,0.65,collected,2026-06-26
2120,B V Vijaya Bharath Reddy,Shri,male,,,"Superintendent/Commissioner of Police, Kannur, Kerala (IPS)",,,,https://keralapolice.gov.in + district sites + Jun 2026 IPS reshuffle,0.65,collected,2026-06-26
2121,Nidhinraj P,Shri,male,,,"Superintendent/Commissioner of Police, Kasaragod, Kerala (IPS)",,,,https://keralapolice.gov.in + district sites + Jun 2026 IPS reshuffle,0.65,collected,2026-06-26
2122,Abhishek,Shri,male,,,"Superintendent/Commissioner of Police, Bilaspur, Himachal Pradesh (IPS)",,,,https://citizenportal.hppolice.gov.in + district NIC + 2026 reshuffles,0.60,collected,2026-06-26
2123,Vijay Kumar,Shri,male,,,"Superintendent/Commissioner of Police, Chamba, Himachal Pradesh (IPS)",,,,https://citizenportal.hppolice.gov.in + district NIC + 2026 reshuffles,0.60,collected,2026-06-26
2124,Akriti,Smt,female,,,"Superintendent/Commissioner of Police, Hamirpur, Himachal Pradesh (IPS)",,,,https://citizenportal.hppolice.gov.in + district NIC + 2026 reshuffles,0.60,collected,2026-06-26
2125,Kulbhushan Verma,Shri,male,,,"Superintendent/Commissioner of Police, Kangra, Himachal Pradesh (IPS)",,,,https://citizenportal.hppolice.gov.in + district NIC + 2026 reshuffles,0.60,collected,2026-06-26
2126,Sushil Kumar,Shri,male,,,"Superintendent/Commissioner of Police, Kinnaur, Himachal Pradesh (IPS)",,,,https://citizenportal.hppolice.gov.in + district NIC + 2026 reshuffles,0.60,collected,2026-06-26
2127,Madan Lal Kaushal,Shri,male,,,"Superintendent/Commissioner of Police, Kullu, Himachal Pradesh (IPS)",,,,https://citizenportal.hppolice.gov.in + district NIC + 2026 reshuffles,0.60,collected,2026-06-26
2128,Manav Verma,Shri,male,,,"Superintendent/Commissioner of Police, Lahaul and Spiti, Himachal Pradesh (IPS)",,,,https://citizenportal.hppolice.gov.in + district NIC + 2026 reshuffles,0.60,collected,2026-06-26
2129,Vinod Kumar,Shri,male,,,"Superintendent/Commissioner of Police, Mandi, Himachal Pradesh (IPS)",,,,https://citizenportal.hppolice.gov.in + district NIC + 2026 reshuffles,0.60,collected,2026-06-26
2130,Gaurav Singh,Shri,male,,,"Superintendent/Commissioner of Police, Shimla, Himachal Pradesh (IPS)",,,,https://citizenportal.hppolice.gov.in + district NIC + 2026 reshuffles,0.60,collected,2026-06-26
2131,Omapati Jamwal,Shri,male,,,"Superintendent/Commissioner of Police, Sirmaur, Himachal Pradesh (IPS)",,,,https://citizenportal.hppolice.gov.in + district NIC + 2026 reshuffles,0.60,collected,2026-06-26
2132,Tirumalaraju SD Verma,Shri,male,,,"Superintendent/Commissioner of Police, Solan, Himachal Pradesh (IPS)",,,,https://citizenportal.hppolice.gov.in + district NIC + 2026 reshuffles,0.60,collected,2026-06-26
2133,Sachin Hiremath,Shri,male,,,"Superintendent/Commissioner of Police, Una, Himachal Pradesh (IPS)",,,,https://citizenportal.hppolice.gov.in + district NIC + 2026 reshuffles,0.60,collected,2026-06-26
2134,Pramendra Singh Dobhal,Shri,male,,,"SP/SSP, Dehradun, Uttarakhand",,,,https://uttarakhandpolice.uk.gov.in/whos_who_list + district NIC + Feb 2026 reshuffle,0.50,collected,2026-06-26
2135,Navneet Singh Bhullar,Shri,male,,,"SP/SSP, Haridwar, Uttarakhand",,,,https://uttarakhandpolice.uk.gov.in/whos_who_list + district NIC + Feb 2026 reshuffle,0.50,collected,2026-06-26
2136,Ajay Ganpati Kumbhar,Shri,male,,,"SP/SSP, Udham Singh Nagar, Uttarakhand",,,,https://uttarakhandpolice.uk.gov.in/whos_who_list + district NIC + Feb 2026 reshuffle,0.50,collected,2026-06-26
2137,Pankaj Bhatt,Shri,male,,,"SP/SSP, Nainital, Uttarakhand",,,,https://uttarakhandpolice.uk.gov.in/whos_who_list + district NIC + Feb 2026 reshuffle,0.50,collected,2026-06-26
2138,Yashwant Singh Chauhan,Shri,male,,,"SP/SSP, Pauri Garhwal, Uttarakhand",,,,https://uttarakhandpolice.uk.gov.in/whos_who_list + district NIC + Feb 2026 reshuffle,0.50,collected,2026-06-26
2139,Niharika Tomar,Smt,female,,,"SP/SSP, Rudraprayag, Uttarakhand",,,,https://uttarakhandpolice.uk.gov.in/whos_who_list + district NIC + Feb 2026 reshuffle,0.50,collected,2026-06-26
2140,Akshay Prahlad Konde,Shri,male,,,"SP/SSP, Pithoragarh, Uttarakhand",,,,https://uttarakhandpolice.uk.gov.in/whos_who_list + district NIC + Feb 2026 reshuffle,0.50,collected,2026-06-26
2141,Chandrashekhar R. Ghodke,Shri,male,,,"SP/SSP, Almora, Uttarakhand",,,,https://uttarakhandpolice.uk.gov.in/whos_who_list + district NIC + Feb 2026 reshuffle,0.50,collected,2026-06-26
2142,Jitendra Kumar Mehra,Shri,male,,,"SP/SSP, Bageshwar, Uttarakhand",,,,https://uttarakhandpolice.uk.gov.in/whos_who_list + district NIC + Feb 2026 reshuffle,0.50,collected,2026-06-26
2143,Rekha Yadav,Smt,female,,,"SP/SSP, Champawat, Uttarakhand",,,,https://uttarakhandpolice.uk.gov.in/whos_who_list + district NIC + Feb 2026 reshuffle,0.50,collected,2026-06-26
2144,G.V. Sundeep Chakravarthy,Shri,male,,,"SSP/SP, Srinagar, Jammu & Kashmir",,,,https://www.jkpolice.gov.in/District-Headquarters + Apr 2026 reshuffle + district NIC,0.55,collected,2026-06-26
2145,Hariprasad K.K.,Shri,male,,,"SSP/SP, Budgam, Jammu & Kashmir",,,,https://www.jkpolice.gov.in/District-Headquarters + Apr 2026 reshuffle + district NIC,0.55,collected,2026-06-26
2146,Amod Ashok Nagpure,Shri,male,,,"SSP/SP, Anantnag, Jammu & Kashmir",,,,https://www.jkpolice.gov.in/District-Headquarters + Apr 2026 reshuffle + district NIC,0.55,collected,2026-06-26
2147,Tanushree,Smt,female,,,"SSP/SP, Pulwama, Jammu & Kashmir",,,,https://www.jkpolice.gov.in/District-Headquarters + Apr 2026 reshuffle + district NIC,0.55,collected,2026-06-26
2148,Mushtaq Ahmad Choudhary,Shri,male,,,"SSP/SP, Shopian, Jammu & Kashmir",,,,https://www.jkpolice.gov.in/District-Headquarters + Apr 2026 reshuffle + district NIC,0.55,collected,2026-06-26
2149,Anayat Ali Choudhary,Shri,male,,,"SSP/SP, Kulgam, Jammu & Kashmir",,,,https://www.jkpolice.gov.in/District-Headquarters + Apr 2026 reshuffle + district NIC,0.55,collected,2026-06-26
2150,Gurinderpal Singh,Shri,male,,,"SSP/SP, Baramulla, Jammu & Kashmir",,,,https://www.jkpolice.gov.in/District-Headquarters + Apr 2026 reshuffle + district NIC,0.55,collected,2026-06-26
2151,Syed Al Tahir Gilani,Shri,male,,,"SSP/SP, Kupwara, Jammu & Kashmir",,,,https://www.jkpolice.gov.in/District-Headquarters + Apr 2026 reshuffle + district NIC,0.55,collected,2026-06-26
2152,Sudhanshu Dhama,Shri,male,,,"SSP/SP, Ganderbal, Jammu & Kashmir",,,,https://www.jkpolice.gov.in/District-Headquarters + Apr 2026 reshuffle + district NIC,0.55,collected,2026-06-26
2153,Joginder Singh,Shri,male,,,"SSP/SP, Jammu, Jammu & Kashmir",,,,https://www.jkpolice.gov.in/District-Headquarters + Apr 2026 reshuffle + district NIC,0.55,collected,2026-06-26
2154,Anuj Kumar,Shri,male,,,"SSP/SP, Samba, Jammu & Kashmir",,,,https://www.jkpolice.gov.in/District-Headquarters + Apr 2026 reshuffle + district NIC,0.55,collected,2026-06-26
2155,Shobhit Saxena,Shri,male,,,"SSP/SP, Kathua, Jammu & Kashmir",,,,https://www.jkpolice.gov.in/District-Headquarters + Apr 2026 reshuffle + district NIC,0.55,collected,2026-06-26
2156,Amritpal Singh,Shri,male,,,"SSP/SP, Udhampur, Jammu & Kashmir",,,,https://www.jkpolice.gov.in/District-Headquarters + Apr 2026 reshuffle + district NIC,0.55,collected,2026-06-26
2157,Mukund Tibrewal,Shri,male,,,"SSP/SP, Reasi, Jammu & Kashmir",,,,https://www.jkpolice.gov.in/District-Headquarters + Apr 2026 reshuffle + district NIC,0.55,collected,2026-06-26
2158,Gaurav Sikarwar,Shri,male,,,"SSP/SP, Rajouri, Jammu & Kashmir",,,,https://www.jkpolice.gov.in/District-Headquarters + Apr 2026 reshuffle + district NIC,0.55,collected,2026-06-26
2159,Shafqat Hussain,Shri,male,,,"SSP/SP, Poonch, Jammu & Kashmir",,,,https://www.jkpolice.gov.in/District-Headquarters + Apr 2026 reshuffle + district NIC,0.55,collected,2026-06-26
2160,Kartik Shrotriya,Shri,male,,,"SSP/SP, Doda, Jammu & Kashmir",,,,https://www.jkpolice.gov.in/District-Headquarters + Apr 2026 reshuffle + district NIC,0.55,collected,2026-06-26
2161,Arun Gupta,Shri,male,,,"SSP/SP, Ramban, Jammu & Kashmir",,,,https://www.jkpolice.gov.in/District-Headquarters + Apr 2026 reshuffle + district NIC,0.55,collected,2026-06-26
2162,Naresh Singh,Shri,male,,,"SSP/SP, Kishtwar, Jammu & Kashmir",,,,https://www.jkpolice.gov.in/District-Headquarters + Apr 2026 reshuffle + district NIC,0.55,collected,2026-06-26
2163,Sachin Sharma,Shri,male,,,"DCP, New Delhi, Delhi",,,,https://delhipolice.gov.in Manual-9 directory (09.03.2026) + Mar 2026 reshuffle,0.60,collected,2026-06-26
2164,Rohit Rajbir Singh,Shri,male,,,"DCP, Central Delhi, Delhi",,,,https://delhipolice.gov.in Manual-9 directory (09.03.2026) + Mar 2026 reshuffle,0.60,collected,2026-06-26
2165,Anant Mittal,Shri,male,,,"DCP, South Delhi, Delhi",,,,https://delhipolice.gov.in Manual-9 directory (09.03.2026) + Mar 2026 reshuffle,0.60,collected,2026-06-26
2166,Rajiv Kumar,Shri,male,,,"DCP, East Delhi, Delhi",,,,https://delhipolice.gov.in Manual-9 directory (09.03.2026) + Mar 2026 reshuffle,0.60,collected,2026-06-26
2167,V. Hareshwar Swami,Shri,male,,,"DCP, West Delhi, Delhi",,,,https://delhipolice.gov.in Manual-9 directory (09.03.2026) + Mar 2026 reshuffle,0.60,collected,2026-06-26
2168,Rakesh Paweriya,Shri,male,,,"DCP, North East Delhi, Delhi",,,,https://delhipolice.gov.in Manual-9 directory (09.03.2026) + Mar 2026 reshuffle,0.60,collected,2026-06-26
2169,Akanksha Yadav,Smt,female,,,"DCP, North West Delhi, Delhi",,,,https://delhipolice.gov.in Manual-9 directory (09.03.2026) + Mar 2026 reshuffle,0.60,collected,2026-06-26
2170,Ishan Bhardwaj,Shri,male,,,"DCP, South East Delhi, Delhi",,,,https://delhipolice.gov.in Manual-9 directory (09.03.2026) + Mar 2026 reshuffle,0.60,collected,2026-06-26
2171,Amit Goel,Shri,male,,,"DCP, South West Delhi, Delhi",,,,https://delhipolice.gov.in Manual-9 directory (09.03.2026) + Mar 2026 reshuffle,0.60,collected,2026-06-26
2172,Rajendra Prasad Meena,Shri,male,,,"DCP, Shahdara, Delhi",,,,https://delhipolice.gov.in Manual-9 directory (09.03.2026) + Mar 2026 reshuffle,0.60,collected,2026-06-26
2173,Harishchandra Madkaikar,Shri,male,,,"SP, North Goa, Goa",,,,https://citizen.goapolice.gov.in/web/guest/sp + Goa Police directory,0.55,collected,2026-06-26
2174,Shekhar Prabhudessai,Shri,male,,,"SP, South Goa, Goa",,,,https://citizen.goapolice.gov.in/web/guest/sp + Goa Police directory,0.55,collected,2026-06-26
2175,Mandeep S. Tuli,Shri,,,,"SP/SSP, Gangtok, Sikkim",,,,https://police.sikkim.gov.in + district NIC who's-who,0.55,collected,2026-06-26
2176,K.D. Shangdarpa,Shri,,,,"SP/SSP, Mangan, Sikkim",,,,https://police.sikkim.gov.in + district NIC who's-who,0.55,collected,2026-06-26
2177,Tshering Sherpa,Shri,,,,"SP/SSP, Gyalshing, Sikkim",,,,https://police.sikkim.gov.in + district NIC who's-who,0.55,collected,2026-06-26
2178,Nakul Pradhan,Shri,,,,"SP/SSP, Soreng, Sikkim",,,,https://police.sikkim.gov.in + district NIC who's-who,0.55,collected,2026-06-26
2179,Paru Ruchal,Shri,,,,"SP/SSP, Pakyong, Sikkim",,,,https://police.sikkim.gov.in + district NIC who's-who,0.55,collected,2026-06-26
2180,Vinay Kumar Gadge,Shri,,,,"SP/SSP, Karaikal, Puducherry",,,,https://police.py.gov.in + dpar.py.gov.in + Jun 2025 reshuffle,0.55,collected,2026-06-26
2181,B. Danassegarane,Shri,,,,"SP/SSP, Mahe, Puducherry",,,,https://police.py.gov.in + dpar.py.gov.in + Jun 2025 reshuffle,0.55,collected,2026-06-26
2182,Namit Pathak,,,,,"SP, West Tripura, Tripura",,,,state police sites (tripurapolice/manipurpolice/megpolice) + district NIC + 2026 IPS transfers,0.60,collected,2026-06-26
2183,Bijoy Debbarma,,,,,"SP, Sipahijala, Tripura",,,,state police sites (tripurapolice/manipurpolice/megpolice) + district NIC + 2026 IPS transfers,0.60,collected,2026-06-26
2184,Ranaditya Das,,,,,"SP, Khowai, Tripura",,,,state police sites (tripurapolice/manipurpolice/megpolice) + district NIC + 2026 IPS transfers,0.60,collected,2026-06-26
2185,Kiran Kumar K,,,,,"SP, Gomati, Tripura",,,,state police sites (tripurapolice/manipurpolice/megpolice) + district NIC + 2026 IPS transfers,0.60,collected,2026-06-26
2186,Mourya Krishna C,,,,,"SP, South Tripura, Tripura",,,,state police sites (tripurapolice/manipurpolice/megpolice) + district NIC + 2026 IPS transfers,0.60,collected,2026-06-26
2187,Mihir Lal Das,,,,,"SP, Dhalai, Tripura",,,,state police sites (tripurapolice/manipurpolice/megpolice) + district NIC + 2026 IPS transfers,0.60,collected,2026-06-26
2188,Kanta Jangir,,,,,"SP, Unakoti, Tripura",,,,state police sites (tripurapolice/manipurpolice/megpolice) + district NIC + 2026 IPS transfers,0.60,collected,2026-06-26
2189,Avinash Rai,,,,,"SP, North Tripura, Tripura",,,,state police sites (tripurapolice/manipurpolice/megpolice) + district NIC + 2026 IPS transfers,0.60,collected,2026-06-26
2190,Ksh. Shivakanta Singh,,,,,"SP, Imphal West, Manipur",,,,state police sites (tripurapolice/manipurpolice/megpolice) + district NIC + 2026 IPS transfers,0.55,collected,2026-06-26
2191,Shivananda Surve,,,,,"SP, Imphal East, Manipur",,,,state police sites (tripurapolice/manipurpolice/megpolice) + district NIC + 2026 IPS transfers,0.55,collected,2026-06-26
2192,Ksh. Ravikumar Singh,,,,,"SP, Bishnupur, Manipur",,,,state police sites (tripurapolice/manipurpolice/megpolice) + district NIC + 2026 IPS transfers,0.55,collected,2026-06-26
2193,Manoj Prabhakar M,,,,,"SP, Thoubal, Manipur",,,,state police sites (tripurapolice/manipurpolice/megpolice) + district NIC + 2026 IPS transfers,0.55,collected,2026-06-26
2194,Priyadarshini Laishram,,,,,"SP, Kakching, Manipur",,,,state police sites (tripurapolice/manipurpolice/megpolice) + district NIC + 2026 IPS transfers,0.55,collected,2026-06-26
2195,Gaurav Dogra,,,,,"SP, Churachandpur, Manipur",,,,state police sites (tripurapolice/manipurpolice/megpolice) + district NIC + 2026 IPS transfers,0.55,collected,2026-06-26
2196,T. Lalboi Haokip,,,,,"SP, Pherzawl, Manipur",,,,state police sites (tripurapolice/manipurpolice/megpolice) + district NIC + 2026 IPS transfers,0.55,collected,2026-06-26
2197,Shaikh Mohd Zaib Zakir,,,,,"SP, Senapati, Manipur",,,,state police sites (tripurapolice/manipurpolice/megpolice) + district NIC + 2026 IPS transfers,0.55,collected,2026-06-26
2198,Luikham Lanmiyo,,,,,"SP, Tamenglong, Manipur",,,,state police sites (tripurapolice/manipurpolice/megpolice) + district NIC + 2026 IPS transfers,0.55,collected,2026-06-26
2199,Divya,,,,,"SP, Noney, Manipur",,,,state police sites (tripurapolice/manipurpolice/megpolice) + district NIC + 2026 IPS transfers,0.55,collected,2026-06-26
2200,Abhinav,,,,,"SP, Kangpokpi, Manipur",,,,state police sites (tripurapolice/manipurpolice/megpolice) + district NIC + 2026 IPS transfers,0.55,collected,2026-06-26
2201,Ningshem Vashum,,,,,"SP, Ukhrul, Manipur",,,,state police sites (tripurapolice/manipurpolice/megpolice) + district NIC + 2026 IPS transfers,0.55,collected,2026-06-26
2202,Ningshem Vashum,,,,,"SP, Kamjong, Manipur",,,,state police sites (tripurapolice/manipurpolice/megpolice) + district NIC + 2026 IPS transfers,0.55,collected,2026-06-26
2203,Dharmendra Kumar,,,,,"SP, Chandel, Manipur",,,,state police sites (tripurapolice/manipurpolice/megpolice) + district NIC + 2026 IPS transfers,0.55,collected,2026-06-26
2204,Rahul Gupta,,,,,"SP, Tengnoupal, Manipur",,,,state police sites (tripurapolice/manipurpolice/megpolice) + district NIC + 2026 IPS transfers,0.55,collected,2026-06-26
2205,Prakhar Pande,,,,,"SP, Jiribam, Manipur",,,,state police sites (tripurapolice/manipurpolice/megpolice) + district NIC + 2026 IPS transfers,0.55,collected,2026-06-26
2206,Vivek Syiem,,,,,"SP, East Khasi Hills, Meghalaya",,,,state police sites (tripurapolice/manipurpolice/megpolice) + district NIC + 2026 IPS transfers,0.60,collected,2026-06-26
2207,Herbert Pyniaid Kharkongor,,,,,"SP, West Khasi Hills, Meghalaya",,,,state police sites (tripurapolice/manipurpolice/megpolice) + district NIC + 2026 IPS transfers,0.60,collected,2026-06-26
2208,Banraplang Jyrwa,,,,,"SP, South West Khasi Hills, Meghalaya",,,,state police sites (tripurapolice/manipurpolice/megpolice) + district NIC + 2026 IPS transfers,0.60,collected,2026-06-26
2209,Giri Prasad M,,,,,"SP, Ri-Bhoi, Meghalaya",,,,state police sites (tripurapolice/manipurpolice/megpolice) + district NIC + 2026 IPS transfers,0.60,collected,2026-06-26
2210,Geffry Waemhok Lyngdoh,,,,,"SP, Eastern West Khasi Hills, Meghalaya",,,,state police sites (tripurapolice/manipurpolice/megpolice) + district NIC + 2026 IPS transfers,0.60,collected,2026-06-26
2211,Shailendra Bamaniya,,,,,"SP, East Jaintia Hills, Meghalaya",,,,state police sites (tripurapolice/manipurpolice/megpolice) + district NIC + 2026 IPS transfers,0.60,collected,2026-06-26
2212,Jagpal Singh Dhanoa,,,,,"SP, West Jaintia Hills, Meghalaya",,,,state police sites (tripurapolice/manipurpolice/megpolice) + district NIC + 2026 IPS transfers,0.60,collected,2026-06-26
2213,Pawar Swapnil Vasantrao,,,,,"SP, East Garo Hills, Meghalaya",,,,state police sites (tripurapolice/manipurpolice/megpolice) + district NIC + 2026 IPS transfers,0.60,collected,2026-06-26
2214,Abraham T. Sangma,,,,,"SP, West Garo Hills, Meghalaya",,,,state police sites (tripurapolice/manipurpolice/megpolice) + district NIC + 2026 IPS transfers,0.60,collected,2026-06-26
2215,Ishan Gupta,,,,,"SP, North Garo Hills, Meghalaya",,,,state police sites (tripurapolice/manipurpolice/megpolice) + district NIC + 2026 IPS transfers,0.60,collected,2026-06-26
2216,Ringrang T.G. Momin,,,,,"SP, South Garo Hills, Meghalaya",,,,state police sites (tripurapolice/manipurpolice/megpolice) + district NIC + 2026 IPS transfers,0.60,collected,2026-06-26
2217,Vikash Varma,,,,,"SP, South West Garo Hills, Meghalaya",,,,state police sites (tripurapolice/manipurpolice/megpolice) + district NIC + 2026 IPS transfers,0.60,collected,2026-06-26
2218,Krodi Rhetso,,,,,"SP/CP, Kohima, Nagaland",,,,"nagapol/ipr.nagaland.gov.in, police.mizoram.gov.in, arunpol.nic.in + 2026 reshuffles",0.65,collected,2026-06-26
2219,Aotula T. Imchen,,,,,"SP/CP, Dimapur, Nagaland",,,,"nagapol/ipr.nagaland.gov.in, police.mizoram.gov.in, arunpol.nic.in + 2026 reshuffles",0.65,collected,2026-06-26
2220,Vesupra Kezo,,,,,"SP/CP, Mokokchung, Nagaland",,,,"nagapol/ipr.nagaland.gov.in, police.mizoram.gov.in, arunpol.nic.in + 2026 reshuffles",0.65,collected,2026-06-26
2221,Longpoksang Lemtur,,,,,"SP/CP, Tuensang, Nagaland",,,,"nagapol/ipr.nagaland.gov.in, police.mizoram.gov.in, arunpol.nic.in + 2026 reshuffles",0.65,collected,2026-06-26
2222,Imnalensa,,,,,"SP/CP, Mon, Nagaland",,,,"nagapol/ipr.nagaland.gov.in, police.mizoram.gov.in, arunpol.nic.in + 2026 reshuffles",0.65,collected,2026-06-26
2223,T. Relo Aye,,,,,"SP/CP, Wokha, Nagaland",,,,"nagapol/ipr.nagaland.gov.in, police.mizoram.gov.in, arunpol.nic.in + 2026 reshuffles",0.65,collected,2026-06-26
2224,Kupe Kapfo,,,,,"SP/CP, Zunheboto, Nagaland",,,,"nagapol/ipr.nagaland.gov.in, police.mizoram.gov.in, arunpol.nic.in + 2026 reshuffles",0.65,collected,2026-06-26
2225,Pritpal Kaur,,,,,"SP/CP, Phek, Nagaland",,,,"nagapol/ipr.nagaland.gov.in, police.mizoram.gov.in, arunpol.nic.in + 2026 reshuffles",0.65,collected,2026-06-26
2226,Chinese Chakhesang,,,,,"SP/CP, Kiphire, Nagaland",,,,"nagapol/ipr.nagaland.gov.in, police.mizoram.gov.in, arunpol.nic.in + 2026 reshuffles",0.65,collected,2026-06-26
2227,Yanger Jamir,,,,,"SP/CP, Longleng, Nagaland",,,,"nagapol/ipr.nagaland.gov.in, police.mizoram.gov.in, arunpol.nic.in + 2026 reshuffles",0.65,collected,2026-06-26
2228,Igwangheing Hemang,,,,,"SP/CP, Peren, Nagaland",,,,"nagapol/ipr.nagaland.gov.in, police.mizoram.gov.in, arunpol.nic.in + 2026 reshuffles",0.65,collected,2026-06-26
2229,Nikho Venuh,,,,,"SP/CP, Chumoukedima, Nagaland",,,,"nagapol/ipr.nagaland.gov.in, police.mizoram.gov.in, arunpol.nic.in + 2026 reshuffles",0.65,collected,2026-06-26
2230,Manish Bhartiya,,,,,"SP/CP, Niuland, Nagaland",,,,"nagapol/ipr.nagaland.gov.in, police.mizoram.gov.in, arunpol.nic.in + 2026 reshuffles",0.65,collected,2026-06-26
2231,Talisunep Imchen,,,,,"SP/CP, Tseminyu, Nagaland",,,,"nagapol/ipr.nagaland.gov.in, police.mizoram.gov.in, arunpol.nic.in + 2026 reshuffles",0.65,collected,2026-06-26
2232,Shinde Suresh Kailasrao,,,,,"SP/CP, Shamator, Nagaland",,,,"nagapol/ipr.nagaland.gov.in, police.mizoram.gov.in, arunpol.nic.in + 2026 reshuffles",0.65,collected,2026-06-26
2233,Thipuzhoyi,,,,,"SP/CP, Noklak, Nagaland",,,,"nagapol/ipr.nagaland.gov.in, police.mizoram.gov.in, arunpol.nic.in + 2026 reshuffles",0.65,collected,2026-06-26
2234,Rex Zarzoliana Vanchhawng,,,,,"SP, Aizawl, Mizoram",,,,"nagapol/ipr.nagaland.gov.in, police.mizoram.gov.in, arunpol.nic.in + 2026 reshuffles",0.60,collected,2026-06-26
2235,J. Lalmuankima,,,,,"SP, Lunglei, Mizoram",,,,"nagapol/ipr.nagaland.gov.in, police.mizoram.gov.in, arunpol.nic.in + 2026 reshuffles",0.60,collected,2026-06-26
2236,Lokeshwaran R,,,,,"SP, Champhai, Mizoram",,,,"nagapol/ipr.nagaland.gov.in, police.mizoram.gov.in, arunpol.nic.in + 2026 reshuffles",0.60,collected,2026-06-26
2237,Abhishek Dhania,,,,,"SP, Kolasib, Mizoram",,,,"nagapol/ipr.nagaland.gov.in, police.mizoram.gov.in, arunpol.nic.in + 2026 reshuffles",0.60,collected,2026-06-26
2238,MS Dawngkima,,,,,"SP, Serchhip, Mizoram",,,,"nagapol/ipr.nagaland.gov.in, police.mizoram.gov.in, arunpol.nic.in + 2026 reshuffles",0.60,collected,2026-06-26
2239,Manny Bhushan Singh,,,,,"SP, Mamit, Mizoram",,,,"nagapol/ipr.nagaland.gov.in, police.mizoram.gov.in, arunpol.nic.in + 2026 reshuffles",0.60,collected,2026-06-26
2240,F. Lalbiakzauva,,,,,"SP, Khawzawl, Mizoram",,,,"nagapol/ipr.nagaland.gov.in, police.mizoram.gov.in, arunpol.nic.in + 2026 reshuffles",0.60,collected,2026-06-26
2241,Tasi Darang,,,,,"SP, Tawang, Arunachal Pradesh",,,,"nagapol/ipr.nagaland.gov.in, police.mizoram.gov.in, arunpol.nic.in + 2026 reshuffles",0.60,collected,2026-06-26
2242,D.W. Thungon,,,,,"SP, West Kameng, Arunachal Pradesh",,,,"nagapol/ipr.nagaland.gov.in, police.mizoram.gov.in, arunpol.nic.in + 2026 reshuffles",0.60,collected,2026-06-26
2243,Shivendu Bhushan,,,,,"SP, East Kameng, Arunachal Pradesh",,,,"nagapol/ipr.nagaland.gov.in, police.mizoram.gov.in, arunpol.nic.in + 2026 reshuffles",0.60,collected,2026-06-26
2244,Swati Singh,,,,,"SP, Pakke-Kessang, Arunachal Pradesh",,,,"nagapol/ipr.nagaland.gov.in, police.mizoram.gov.in, arunpol.nic.in + 2026 reshuffles",0.60,collected,2026-06-26
2245,Taru Gusar,,,,,"SP, Papum Pare, Arunachal Pradesh",,,,"nagapol/ipr.nagaland.gov.in, police.mizoram.gov.in, arunpol.nic.in + 2026 reshuffles",0.60,collected,2026-06-26
2246,P N Thungdok,,,,,"SP, Kurung Kumey, Arunachal Pradesh",,,,"nagapol/ipr.nagaland.gov.in, police.mizoram.gov.in, arunpol.nic.in + 2026 reshuffles",0.60,collected,2026-06-26
2247,Sepraj Perme,,,,,"SP, Kra Daadi, Arunachal Pradesh",,,,"nagapol/ipr.nagaland.gov.in, police.mizoram.gov.in, arunpol.nic.in + 2026 reshuffles",0.60,collected,2026-06-26
2248,Keni Bagra,,,,,"SP, Lower Subansiri, Arunachal Pradesh",,,,"nagapol/ipr.nagaland.gov.in, police.mizoram.gov.in, arunpol.nic.in + 2026 reshuffles",0.60,collected,2026-06-26
2249,Techi Hanyir,,,,,"SP, Kamle, Arunachal Pradesh",,,,"nagapol/ipr.nagaland.gov.in, police.mizoram.gov.in, arunpol.nic.in + 2026 reshuffles",0.60,collected,2026-06-26
2250,Mridul,,,,,"SP, Upper Subansiri, Arunachal Pradesh",,,,"nagapol/ipr.nagaland.gov.in, police.mizoram.gov.in, arunpol.nic.in + 2026 reshuffles",0.60,collected,2026-06-26
2251,Kardak Riba,,,,,"SP, West Siang, Arunachal Pradesh",,,,"nagapol/ipr.nagaland.gov.in, police.mizoram.gov.in, arunpol.nic.in + 2026 reshuffles",0.60,collected,2026-06-26
2252,Thuptan Jumey,,,,,"SP, Lepa-Rada, Arunachal Pradesh",,,,"nagapol/ipr.nagaland.gov.in, police.mizoram.gov.in, arunpol.nic.in + 2026 reshuffles",0.60,collected,2026-06-26
2253,S K Thongdok,,,,,"SP, Shi-Yomi, Arunachal Pradesh",,,,"nagapol/ipr.nagaland.gov.in, police.mizoram.gov.in, arunpol.nic.in + 2026 reshuffles",0.60,collected,2026-06-26
2254,Pankaj Lamba,,,,,"SP, East Siang, Arunachal Pradesh",,,,"nagapol/ipr.nagaland.gov.in, police.mizoram.gov.in, arunpol.nic.in + 2026 reshuffles",0.60,collected,2026-06-26
2255,Opir Paron,,,,,"SP, Siang, Arunachal Pradesh",,,,"nagapol/ipr.nagaland.gov.in, police.mizoram.gov.in, arunpol.nic.in + 2026 reshuffles",0.60,collected,2026-06-26
2256,Token Saring,,,,,"SP, Upper Siang, Arunachal Pradesh",,,,"nagapol/ipr.nagaland.gov.in, police.mizoram.gov.in, arunpol.nic.in + 2026 reshuffles",0.60,collected,2026-06-26
2257,Bomken Basar,,,,,"SP, Lower Siang, Arunachal Pradesh",,,,"nagapol/ipr.nagaland.gov.in, police.mizoram.gov.in, arunpol.nic.in + 2026 reshuffles",0.60,collected,2026-06-26
2258,Ringu Ngupok,,,,,"SP, Lower Dibang Valley, Arunachal Pradesh",,,,"nagapol/ipr.nagaland.gov.in, police.mizoram.gov.in, arunpol.nic.in + 2026 reshuffles",0.60,collected,2026-06-26
2259,Pankaj Kumar,,,,,"SP, Dibang Valley, Arunachal Pradesh",,,,"nagapol/ipr.nagaland.gov.in, police.mizoram.gov.in, arunpol.nic.in + 2026 reshuffles",0.60,collected,2026-06-26
2260,Anurag Dwivedi,,,,,"SP, Anjaw, Arunachal Pradesh",,,,"nagapol/ipr.nagaland.gov.in, police.mizoram.gov.in, arunpol.nic.in + 2026 reshuffles",0.60,collected,2026-06-26
2261,Thutan Jamba,,,,,"SP, Lohit, Arunachal Pradesh",,,,"nagapol/ipr.nagaland.gov.in, police.mizoram.gov.in, arunpol.nic.in + 2026 reshuffles",0.60,collected,2026-06-26
2262,Sange Thinley,,,,,"SP, Namsai, Arunachal Pradesh",,,,"nagapol/ipr.nagaland.gov.in, police.mizoram.gov.in, arunpol.nic.in + 2026 reshuffles",0.60,collected,2026-06-26
2263,Kirli Padu,,,,,"SP, Changlang, Arunachal Pradesh",,,,"nagapol/ipr.nagaland.gov.in, police.mizoram.gov.in, arunpol.nic.in + 2026 reshuffles",0.60,collected,2026-06-26
2264,Akshat Kausal,,,,,"SP, Tirap, Arunachal Pradesh",,,,"nagapol/ipr.nagaland.gov.in, police.mizoram.gov.in, arunpol.nic.in + 2026 reshuffles",0.60,collected,2026-06-26
2265,Aditya Singh,,,,,"SP, Longding, Arunachal Pradesh",,,,"nagapol/ipr.nagaland.gov.in, police.mizoram.gov.in, arunpol.nic.in + 2026 reshuffles",0.60,collected,2026-06-26
2266,Kanwardeep Kaur,,,,,"SSP, Chandigarh, Chandigarh",,,,"UT police/admin sites + district NIC (chandigarhpolice, and.nic.in, police.ddd.gov.in, police.ladakh.gov.in, lakshadweeppolice)",0.65,collected,2026-06-26
2267,Niharika Bhatt,,,,,"SP, South Andaman, Andaman & Nicobar",,,,"UT police/admin sites + district NIC (chandigarhpolice, and.nic.in, police.ddd.gov.in, police.ladakh.gov.in, lakshadweeppolice)",0.65,collected,2026-06-26
2268,Geetanjali Khandelwal,,,,,"SP, North and Middle Andaman, Andaman & Nicobar",,,,"UT police/admin sites + district NIC (chandigarhpolice, and.nic.in, police.ddd.gov.in, police.ladakh.gov.in, lakshadweeppolice)",0.65,collected,2026-06-26
2269,Sunny Gupta,,,,,"SP, Nicobar, Andaman & Nicobar",,,,"UT police/admin sites + district NIC (chandigarhpolice, and.nic.in, police.ddd.gov.in, police.ladakh.gov.in, lakshadweeppolice)",0.65,collected,2026-06-26
2270,Rajendra Prasad Meena,,,,,"SP, Dadra and Nagar Haveli, DNH & DD",,,,"UT police/admin sites + district NIC (chandigarhpolice, and.nic.in, police.ddd.gov.in, police.ladakh.gov.in, lakshadweeppolice)",0.65,collected,2026-06-26
2271,Amit Sharma,,,,,"SP, Daman, DNH & DD",,,,"UT police/admin sites + district NIC (chandigarhpolice, and.nic.in, police.ddd.gov.in, police.ladakh.gov.in, lakshadweeppolice)",0.65,collected,2026-06-26
2272,Fulzele Piyush Nirakar,,,,,"SP, Diu, DNH & DD",,,,"UT police/admin sites + district NIC (chandigarhpolice, and.nic.in, police.ddd.gov.in, police.ladakh.gov.in, lakshadweeppolice)",0.65,collected,2026-06-26
2273,Shruti Arora,,,,,"SSP, Leh, Ladakh",,,,"UT police/admin sites + district NIC (chandigarhpolice, and.nic.in, police.ddd.gov.in, police.ladakh.gov.in, lakshadweeppolice)",0.60,collected,2026-06-26
2274,Shree Raam,,,,,"SSP, Kargil, Ladakh",,,,"UT police/admin sites + district NIC (chandigarhpolice, and.nic.in, police.ddd.gov.in, police.ladakh.gov.in, lakshadweeppolice)",0.60,collected,2026-06-26
2275,Utkarsha,,,,,"SP, Lakshadweep, Lakshadweep",,,,"UT police/admin sites + district NIC (chandigarhpolice, and.nic.in, police.ddd.gov.in, police.ladakh.gov.in, lakshadweeppolice)",0.60,collected,2026-06-26
2276,Ritu Tawde,,,,,"Mayor, Brihanmumbai Municipal Corporation",,,,official corporation websites + 2026 Maharashtra municipal poll results (Jan 2026),0.45,collected,2026-06-26
2277,Bhushan Gagrani,,,,,"Municipal Commissioner, Brihanmumbai Municipal Corporation",,,,official corporation websites + 2026 Maharashtra municipal poll results (Jan 2026),0.60,collected,2026-06-26
2278,Manjusha Nagpure,,,,,"Mayor, Pune Municipal Corporation",,,,official corporation websites + 2026 Maharashtra municipal poll results (Jan 2026),0.45,collected,2026-06-26
2279,Naval Kishor Ram,,,,,"Municipal Commissioner, Pune Municipal Corporation",,,,official corporation websites + 2026 Maharashtra municipal poll results (Jan 2026),0.60,collected,2026-06-26
2280,Ravi Landge,,,,,"Mayor, Pimpri Chinchwad Municipal Corporation",,,,official corporation websites + 2026 Maharashtra municipal poll results (Jan 2026),0.45,collected,2026-06-26
2281,Dr. Vijay Suryawanshi,,,,,"Municipal Commissioner, Pimpri Chinchwad Municipal Corporation",,,,official corporation websites + 2026 Maharashtra municipal poll results (Jan 2026),0.60,collected,2026-06-26
2282,Neeta Thackeray,,,,,"Mayor, Nagpur Municipal Corporation",,,,official corporation websites + 2026 Maharashtra municipal poll results (Jan 2026),0.45,collected,2026-06-26
2283,Abhijeet Chaudhari,,,,,"Municipal Commissioner, Nagpur Municipal Corporation",,,,official corporation websites + 2026 Maharashtra municipal poll results (Jan 2026),0.60,collected,2026-06-26
2284,Sharmila Pimpolkar-Gaikwad,,,,,"Mayor, Thane Municipal Corporation",,,,official corporation websites + 2026 Maharashtra municipal poll results (Jan 2026),0.45,collected,2026-06-26
2285,Saurabh Rao,,,,,"Municipal Commissioner, Thane Municipal Corporation",,,,official corporation websites + 2026 Maharashtra municipal poll results (Jan 2026),0.60,collected,2026-06-26
2286,Himagauri Adke,,,,,"Mayor, Nashik Municipal Corporation",,,,official corporation websites + 2026 Maharashtra municipal poll results (Jan 2026),0.45,collected,2026-06-26
2287,Manisha Khatri,,,,,"Municipal Commissioner, Nashik Municipal Corporation",,,,official corporation websites + 2026 Maharashtra municipal poll results (Jan 2026),0.60,collected,2026-06-26
2288,Sujata Patil,,,,,"Mayor, Navi Mumbai Municipal Corporation",,,,official corporation websites + 2026 Maharashtra municipal poll results (Jan 2026),0.45,collected,2026-06-26
2289,Dr. Kailas Shinde,,,,,"Municipal Commissioner, Navi Mumbai Municipal Corporation",,,,official corporation websites + 2026 Maharashtra municipal poll results (Jan 2026),0.60,collected,2026-06-26
2290,Adv. Harshali Vijay Chaudhari,,,,,"Mayor, Kalyan-Dombivli Municipal Corporation",,,,official corporation websites + 2026 Maharashtra municipal poll results (Jan 2026),0.45,collected,2026-06-26
2291,Abhinav Goel,,,,,"Municipal Commissioner, Kalyan-Dombivli Municipal Corporation",,,,official corporation websites + 2026 Maharashtra municipal poll results (Jan 2026),0.60,collected,2026-06-26
2292,Ajiv Yashwant Patil,,,,,"Mayor, Vasai-Virar City Municipal Corporation",,,,official corporation websites + 2026 Maharashtra municipal poll results (Jan 2026),0.45,collected,2026-06-26
2293,Prithviraj B.P.,,,,,"Municipal Commissioner, Vasai-Virar City Municipal Corporation",,,,official corporation websites + 2026 Maharashtra municipal poll results (Jan 2026),0.60,collected,2026-06-26
2294,Sameer Rajurkar,,,,,"Mayor, Aurangabad Municipal Corporation",,,,official corporation websites + 2026 Maharashtra municipal poll results (Jan 2026),0.45,collected,2026-06-26
2295,G. Sreekanth,,,,,"Municipal Commissioner, Aurangabad Municipal Corporation",,,,official corporation websites + 2026 Maharashtra municipal poll results (Jan 2026),0.60,collected,2026-06-26
2296,Vinayak Kondyal,,,,,"Mayor, Solapur Municipal Corporation",,,,official corporation websites + 2026 Maharashtra municipal poll results (Jan 2026),0.45,collected,2026-06-26
2297,Dr. Sachin Ombase,,,,,"Municipal Commissioner, Solapur Municipal Corporation",,,,official corporation websites + 2026 Maharashtra municipal poll results (Jan 2026),0.60,collected,2026-06-26
2298,Dimple Mehta,,,,,"Mayor, Mira-Bhayandar Municipal Corporation",,,,official corporation websites + 2026 Maharashtra municipal poll results (Jan 2026),0.45,collected,2026-06-26
2299,Radhabinod Aribam Sharma,,,,,"Municipal Commissioner, Mira-Bhayandar Municipal Corporation",,,,official corporation websites + 2026 Maharashtra municipal poll results (Jan 2026),0.60,collected,2026-06-26
2300,Narayan Chaudhari,,,,,"Mayor, Bhiwandi-Nizampur Municipal Corporation",,,,official corporation websites + 2026 Maharashtra municipal poll results (Jan 2026),0.45,collected,2026-06-26
2301,Anmol Sagar,,,,,"Municipal Commissioner, Bhiwandi-Nizampur Municipal Corporation",,,,official corporation websites + 2026 Maharashtra municipal poll results (Jan 2026),0.60,collected,2026-06-26
2302,Shrichand Tejwani,,,,,"Mayor, Amravati Municipal Corporation",,,,official corporation websites + 2026 Maharashtra municipal poll results (Jan 2026),0.45,collected,2026-06-26
2303,Varsha Ladda,,,,,"Municipal Commissioner, Amravati Municipal Corporation",,,,official corporation websites + 2026 Maharashtra municipal poll results (Jan 2026),0.60,collected,2026-06-26
2304,Kavita Mulle,,,,,"Mayor, Nanded-Waghala Municipal Corporation",,,,official corporation websites + 2026 Maharashtra municipal poll results (Jan 2026),0.45,collected,2026-06-26
2305,Maheshkumar Doiphode,,,,,"Municipal Commissioner, Nanded-Waghala Municipal Corporation",,,,official corporation websites + 2026 Maharashtra municipal poll results (Jan 2026),0.60,collected,2026-06-26
2306,Ruparani Nikam,,,,,"Mayor, Kolhapur Municipal Corporation",,,,official corporation websites + 2026 Maharashtra municipal poll results (Jan 2026),0.45,collected,2026-06-26
2307,Dr. Rajendra Bharud,,,,,"Municipal Commissioner, Kolhapur Municipal Corporation",,,,official corporation websites + 2026 Maharashtra municipal poll results (Jan 2026),0.60,collected,2026-06-26
2308,Sharda Khedkar,,,,,"Mayor, Akola Municipal Corporation",,,,official corporation websites + 2026 Maharashtra municipal poll results (Jan 2026),0.45,collected,2026-06-26
2309,Dr. Sunil Lahane,,,,,"Municipal Commissioner, Akola Municipal Corporation",,,,official corporation websites + 2026 Maharashtra municipal poll results (Jan 2026),0.60,collected,2026-06-26
2310,Ashwini Kamlesh Nikam,,,,,"Mayor, Ulhasnagar Municipal Corporation",,,,official corporation websites + 2026 Maharashtra municipal poll results (Jan 2026),0.45,collected,2026-06-26
2311,Vikas Dhakne,,,,,"Municipal Commissioner, Ulhasnagar Municipal Corporation",,,,official corporation websites + 2026 Maharashtra municipal poll results (Jan 2026),0.60,collected,2026-06-26
2312,Dheeraj Suryavanshi,,,,,"Mayor, Sangali-Miraj-Kupwad Municipal Corporation",,,,official corporation websites + 2026 Maharashtra municipal poll results (Jan 2026),0.45,collected,2026-06-26
2313,Satyam Gandhi,,,,,"Municipal Commissioner, Sangali-Miraj-Kupwad Municipal Corporation",,,,official corporation websites + 2026 Maharashtra municipal poll results (Jan 2026),0.60,collected,2026-06-26
2314,Sheikh Nasreen Khalid,,,,,"Mayor, Malegaon Municipal Corporation",,,,official corporation websites + 2026 Maharashtra municipal poll results (Jan 2026),0.45,collected,2026-06-26
2315,Deepmala Kale,,,,,"Mayor, Jalgaon Municipal Corporation",,,,official corporation websites + 2026 Maharashtra municipal poll results (Jan 2026),0.45,collected,2026-06-26
2316,Aditya Jivane,,,,,"Municipal Commissioner, Jalgaon Municipal Corporation",,,,official corporation websites + 2026 Maharashtra municipal poll results (Jan 2026),0.60,collected,2026-06-26
2317,Babasaheb Manohare,,,,,"Municipal Commissioner, Latur Municipal Corporation",,,,official corporation websites + 2026 Maharashtra municipal poll results (Jan 2026),0.60,collected,2026-06-26
2318,Nitin Kapadnis,,,,,"Municipal Commissioner, Dhule Municipal Corporation",,,,official corporation websites + 2026 Maharashtra municipal poll results (Jan 2026),0.60,collected,2026-06-26
2319,Akunuri Naresh,,,,,"Municipal Commissioner, Chandrapur Municipal Corporation",,,,official corporation websites + 2026 Maharashtra municipal poll results (Jan 2026),0.60,collected,2026-06-26
2320,Nitin Janardan Narvekar,,,,,"Municipal Commissioner, Parbhani Municipal Corporation",,,,official corporation websites + 2026 Maharashtra municipal poll results (Jan 2026),0.60,collected,2026-06-26
2321,Mangesh Pandurang Chitale,,,,,"Municipal Commissioner, Panvel Municipal Corporation",,,,official corporation websites + 2026 Maharashtra municipal poll results (Jan 2026),0.60,collected,2026-06-26
2322,Anjali Sharma,,,,,"Municipal Commissioner, Jalna Municipal Corporation",,,,official corporation websites + 2026 Maharashtra municipal poll results (Jan 2026),0.60,collected,2026-06-26
2323,Kalpana Anandakumar,,,,,"Mayor, Coimbatore Municipal Corporation",,,,official corporation sites + tnurbantree.tn.gov.in + cdma.telangana + kmc.wb.gov.in + mcdonline + 2026 news,0.55,collected,2026-06-26
2324,Katta Ravi Teja,,,,,"Municipal Commissioner, Coimbatore Municipal Corporation",,,,official corporation sites + tnurbantree.tn.gov.in + cdma.telangana + kmc.wb.gov.in + mcdonline + 2026 news,0.60,collected,2026-06-26
2325,Indrani Ponvasanth,,,,,"Mayor, Madurai Municipal Corporation",,,,official corporation sites + tnurbantree.tn.gov.in + cdma.telangana + kmc.wb.gov.in + mcdonline + 2026 news,0.55,collected,2026-06-26
2326,Gaurav Kumar,,,,,"Municipal Commissioner, Madurai Municipal Corporation",,,,official corporation sites + tnurbantree.tn.gov.in + cdma.telangana + kmc.wb.gov.in + mcdonline + 2026 news,0.60,collected,2026-06-26
2327,Mu. Anbazhagan,,,,,"Mayor, Tiruchirappalli City Municipal Corporation",,,,official corporation sites + tnurbantree.tn.gov.in + cdma.telangana + kmc.wb.gov.in + mcdonline + 2026 news,0.55,collected,2026-06-26
2328,Veer Pratap Singh,,,,,"Municipal Commissioner, Tiruchirappalli City Municipal Corporation",,,,official corporation sites + tnurbantree.tn.gov.in + cdma.telangana + kmc.wb.gov.in + mcdonline + 2026 news,0.60,collected,2026-06-26
2329,A. Ramachandran,,,,,"Mayor, Salem City Municipal Corporation",,,,official corporation sites + tnurbantree.tn.gov.in + cdma.telangana + kmc.wb.gov.in + mcdonline + 2026 news,0.55,collected,2026-06-26
2330,Ranjeet Singh,,,,,"Municipal Commissioner, Salem City Municipal Corporation",,,,official corporation sites + tnurbantree.tn.gov.in + cdma.telangana + kmc.wb.gov.in + mcdonline + 2026 news,0.60,collected,2026-06-26
2331,P. M. Saravanan,,,,,"Mayor, Tirunelveli Municipal Corporation",,,,official corporation sites + tnurbantree.tn.gov.in + cdma.telangana + kmc.wb.gov.in + mcdonline + 2026 news,0.55,collected,2026-06-26
2332,N. Dinesh Kumar,,,,,"Mayor, Tiruppur City Municipal Corporation",,,,official corporation sites + tnurbantree.tn.gov.in + cdma.telangana + kmc.wb.gov.in + mcdonline + 2026 news,0.55,collected,2026-06-26
2333,M. P. Amith,,,,,"Municipal Commissioner, Tiruppur City Municipal Corporation",,,,official corporation sites + tnurbantree.tn.gov.in + cdma.telangana + kmc.wb.gov.in + mcdonline + 2026 news,0.60,collected,2026-06-26
2334,Sujatha Anandakumar,,,,,"Mayor, Vellore Municipal Corporation",,,,official corporation sites + tnurbantree.tn.gov.in + cdma.telangana + kmc.wb.gov.in + mcdonline + 2026 news,0.55,collected,2026-06-26
2335,N. Sankaran,,,,,"Municipal Commissioner, Vellore Municipal Corporation",,,,official corporation sites + tnurbantree.tn.gov.in + cdma.telangana + kmc.wb.gov.in + mcdonline + 2026 news,0.60,collected,2026-06-26
2336,Nagarathinam,,,,,"Mayor, Erode City Municipal Corporation",,,,official corporation sites + tnurbantree.tn.gov.in + cdma.telangana + kmc.wb.gov.in + mcdonline + 2026 news,0.55,collected,2026-06-26
2337,Arpit Jain,,,,,"Municipal Commissioner, Erode City Municipal Corporation",,,,official corporation sites + tnurbantree.tn.gov.in + cdma.telangana + kmc.wb.gov.in + mcdonline + 2026 news,0.60,collected,2026-06-26
2338,N. P. Jegan Periyasamy,,,,,"Mayor, Thoothukkudi City Municipal Corporation",,,,official corporation sites + tnurbantree.tn.gov.in + cdma.telangana + kmc.wb.gov.in + mcdonline + 2026 news,0.55,collected,2026-06-26
2339,Pranoth Mrukenthara Lal,,,,,"Municipal Commissioner, Thoothukkudi City Municipal Corporation",,,,official corporation sites + tnurbantree.tn.gov.in + cdma.telangana + kmc.wb.gov.in + mcdonline + 2026 news,0.60,collected,2026-06-26
2340,Sun. Ramanathan,,,,,"Mayor, Thanjavur Municipal Corporation",,,,official corporation sites + tnurbantree.tn.gov.in + cdma.telangana + kmc.wb.gov.in + mcdonline + 2026 news,0.55,collected,2026-06-26
2341,K. Saravanakumar,,,,,"Municipal Commissioner, Thanjavur Municipal Corporation",,,,official corporation sites + tnurbantree.tn.gov.in + cdma.telangana + kmc.wb.gov.in + mcdonline + 2026 news,0.60,collected,2026-06-26
2342,J. Ilamathi,,,,,"Mayor, Dindigul Municipal Corporation",,,,official corporation sites + tnurbantree.tn.gov.in + cdma.telangana + kmc.wb.gov.in + mcdonline + 2026 news,0.55,collected,2026-06-26
2343,N. Ravichandran,,,,,"Municipal Commissioner, Dindigul Municipal Corporation",,,,official corporation sites + tnurbantree.tn.gov.in + cdma.telangana + kmc.wb.gov.in + mcdonline + 2026 news,0.60,collected,2026-06-26
2344,R. Mahesh,,,,,"Mayor, Nagercoil Municipal Corporation",,,,official corporation sites + tnurbantree.tn.gov.in + cdma.telangana + kmc.wb.gov.in + mcdonline + 2026 news,0.55,collected,2026-06-26
2345,Anandh Mohan,,,,,"Municipal Commissioner, Nagercoil Municipal Corporation",,,,official corporation sites + tnurbantree.tn.gov.in + cdma.telangana + kmc.wb.gov.in + mcdonline + 2026 news,0.60,collected,2026-06-26
2346,G. Udhayakumar,,,,,"Mayor, Avadi Municipal Corporation",,,,official corporation sites + tnurbantree.tn.gov.in + cdma.telangana + kmc.wb.gov.in + mcdonline + 2026 news,0.55,collected,2026-06-26
2347,S. Sheik Abdul Rahaman,,,,,"Municipal Commissioner, Avadi Municipal Corporation",,,,official corporation sites + tnurbantree.tn.gov.in + cdma.telangana + kmc.wb.gov.in + mcdonline + 2026 news,0.60,collected,2026-06-26
2348,K. Vasanthakumari,,,,,"Mayor, Tambaram City Municipal Corporation",,,,official corporation sites + tnurbantree.tn.gov.in + cdma.telangana + kmc.wb.gov.in + mcdonline + 2026 news,0.55,collected,2026-06-26
2349,S. Balachander,,,,,"Municipal Commissioner, Tambaram City Municipal Corporation",,,,official corporation sites + tnurbantree.tn.gov.in + cdma.telangana + kmc.wb.gov.in + mcdonline + 2026 news,0.60,collected,2026-06-26
2350,R. Sundari,,,,,"Mayor, Cuddalore Municipal Corporation",,,,official corporation sites + tnurbantree.tn.gov.in + cdma.telangana + kmc.wb.gov.in + mcdonline + 2026 news,0.55,collected,2026-06-26
2351,KishanKumar S,,,,,"Municipal Commissioner, Cuddalore Municipal Corporation",,,,official corporation sites + tnurbantree.tn.gov.in + cdma.telangana + kmc.wb.gov.in + mcdonline + 2026 news,0.60,collected,2026-06-26
2352,R. V. Karnan,,,,,"Municipal Commissioner, Greater Hyderabad Municipal Corporation",,,,official corporation sites + tnurbantree.tn.gov.in + cdma.telangana + kmc.wb.gov.in + mcdonline + 2026 news,0.60,collected,2026-06-26
2353,T. Venkanna,,,,,"Municipal Commissioner, Greater Warangal Municipal Corporation",,,,official corporation sites + tnurbantree.tn.gov.in + cdma.telangana + kmc.wb.gov.in + mcdonline + 2026 news,0.60,collected,2026-06-26
2354,Kolagani Srinivas,,,,,"Mayor, Karimnagar Municipal Corporation",,,,official corporation sites + tnurbantree.tn.gov.in + cdma.telangana + kmc.wb.gov.in + mcdonline + 2026 news,0.45,collected,2026-06-26
2355,Praful Desai,,,,,"Municipal Commissioner, Karimnagar Municipal Corporation",,,,official corporation sites + tnurbantree.tn.gov.in + cdma.telangana + kmc.wb.gov.in + mcdonline + 2026 news,0.60,collected,2026-06-26
2356,Abhishek Augustya,,,,,"Municipal Commissioner, Khammam Municipal Corporation",,,,official corporation sites + tnurbantree.tn.gov.in + cdma.telangana + kmc.wb.gov.in + mcdonline + 2026 news,0.60,collected,2026-06-26
2357,Kuragayala Uma Rani,,,,,"Mayor, Nizamabad Municipal Corporation",,,,official corporation sites + tnurbantree.tn.gov.in + cdma.telangana + kmc.wb.gov.in + mcdonline + 2026 news,0.45,collected,2026-06-26
2358,S. Dilip Kumar,,,,,"Municipal Commissioner, Nizamabad Municipal Corporation",,,,official corporation sites + tnurbantree.tn.gov.in + cdma.telangana + kmc.wb.gov.in + mcdonline + 2026 news,0.60,collected,2026-06-26
2359,Mahankali Swamy,,,,,"Mayor, Ramagundam Municipal Corporation",,,,official corporation sites + tnurbantree.tn.gov.in + cdma.telangana + kmc.wb.gov.in + mcdonline + 2026 news,0.45,collected,2026-06-26
2360,Jalda Arunasri,,,,,"Municipal Commissioner, Ramagundam Municipal Corporation",,,,official corporation sites + tnurbantree.tn.gov.in + cdma.telangana + kmc.wb.gov.in + mcdonline + 2026 news,0.60,collected,2026-06-26
2361,Gumal Mamata,,,,,"Mayor, Mahabubnagar Municipal Corporation",,,,official corporation sites + tnurbantree.tn.gov.in + cdma.telangana + kmc.wb.gov.in + mcdonline + 2026 news,0.45,collected,2026-06-26
2362,Pedaballi Ramanjula Reddy,,,,,"Municipal Commissioner, Mahabubnagar Municipal Corporation",,,,official corporation sites + tnurbantree.tn.gov.in + cdma.telangana + kmc.wb.gov.in + mcdonline + 2026 news,0.60,collected,2026-06-26
2363,Burri Chaitanya Srinivasa Reddy,,,,,"Mayor, Nalgonda Municipal Corporation",,,,official corporation sites + tnurbantree.tn.gov.in + cdma.telangana + kmc.wb.gov.in + mcdonline + 2026 news,0.45,collected,2026-06-26
2364,B. Sharath Chandra,,,,,"Municipal Commissioner, Nalgonda Municipal Corporation",,,,official corporation sites + tnurbantree.tn.gov.in + cdma.telangana + kmc.wb.gov.in + mcdonline + 2026 news,0.60,collected,2026-06-26
2365,Smita Pandey,,,,,"Municipal Commissioner, Kolkata Municipal Corporation",,,,official corporation sites + tnurbantree.tn.gov.in + cdma.telangana + kmc.wb.gov.in + mcdonline + 2026 news,0.60,collected,2026-06-26
2366,Tejasvi Rana,,,,,"Municipal Commissioner, Howrah Municipal Corporation",,,,official corporation sites + tnurbantree.tn.gov.in + cdma.telangana + kmc.wb.gov.in + mcdonline + 2026 news,0.60,collected,2026-06-26
2367,Ravi Agarwal,,,,,"Municipal Commissioner, Bidhannagar Municipal Corporation",,,,official corporation sites + tnurbantree.tn.gov.in + cdma.telangana + kmc.wb.gov.in + mcdonline + 2026 news,0.60,collected,2026-06-26
2368,Bidhan Upadhyay,,,,,"Mayor, Asansol Municipal Corporation",,,,official corporation sites + tnurbantree.tn.gov.in + cdma.telangana + kmc.wb.gov.in + mcdonline + 2026 news,0.45,collected,2026-06-26
2369,Hindole Datta,,,,,"Municipal Commissioner, Asansol Municipal Corporation",,,,official corporation sites + tnurbantree.tn.gov.in + cdma.telangana + kmc.wb.gov.in + mcdonline + 2026 news,0.60,collected,2026-06-26
2370,Pravesh Wahi,,,,,"Mayor, Municipal Corporation of Delhi",,,,official corporation sites + tnurbantree.tn.gov.in + cdma.telangana + kmc.wb.gov.in + mcdonline + 2026 news,0.65,collected,2026-06-26
2371,Sanjeev Khirwar,,,,,"Municipal Commissioner, Municipal Corporation of Delhi",,,,official corporation sites + tnurbantree.tn.gov.in + cdma.telangana + kmc.wb.gov.in + mcdonline + 2026 news,0.60,collected,2026-06-26
2372,Sushma Kharkwal,,,,,"Mayor, Lucknow Municipal Corporation",,,,official Nagar Nigam sites + UP 2023 mayoral results + 2025-26 IAS transfers,0.65,collected,2026-06-26
2373,Gaurav Kumar,,,,,"Municipal Commissioner, Lucknow Municipal Corporation",,,,official Nagar Nigam sites + UP 2023 mayoral results + 2025-26 IAS transfers,0.60,collected,2026-06-26
2374,Pramila Pandey,,,,,"Mayor, Kanpur Municipal Corporation",,,,official Nagar Nigam sites + UP 2023 mayoral results + 2025-26 IAS transfers,0.65,collected,2026-06-26
2375,Arpit Upadhyay,,,,,"Municipal Commissioner, Kanpur Municipal Corporation",,,,official Nagar Nigam sites + UP 2023 mayoral results + 2025-26 IAS transfers,0.60,collected,2026-06-26
2376,Hemlata Diwakar,,,,,"Mayor, Agra Municipal Corporation",,,,official Nagar Nigam sites + UP 2023 mayoral results + 2025-26 IAS transfers,0.65,collected,2026-06-26
2377,Santosh Kumar Vaishya,,,,,"Municipal Commissioner, Agra Municipal Corporation",,,,official Nagar Nigam sites + UP 2023 mayoral results + 2025-26 IAS transfers,0.60,collected,2026-06-26
2378,Ashok Kumar Tiwari,,,,,"Mayor, Varanasi Municipal Corporation",,,,official Nagar Nigam sites + UP 2023 mayoral results + 2025-26 IAS transfers,0.65,collected,2026-06-26
2379,Himanshu Nagpal,,,,,"Municipal Commissioner, Varanasi Municipal Corporation",,,,official Nagar Nigam sites + UP 2023 mayoral results + 2025-26 IAS transfers,0.60,collected,2026-06-26
2380,Ganesh Kesarwani,,,,,"Mayor, Prayagraj Municipal Corporation",,,,official Nagar Nigam sites + UP 2023 mayoral results + 2025-26 IAS transfers,0.65,collected,2026-06-26
2381,Seelam Sai Teja,,,,,"Municipal Commissioner, Prayagraj Municipal Corporation",,,,official Nagar Nigam sites + UP 2023 mayoral results + 2025-26 IAS transfers,0.60,collected,2026-06-26
2382,Sunita Dayal,,,,,"Mayor, Ghaziabad Municipal Corporation",,,,official Nagar Nigam sites + UP 2023 mayoral results + 2025-26 IAS transfers,0.65,collected,2026-06-26
2383,Vikramaditya Singh Malik,,,,,"Municipal Commissioner, Ghaziabad Municipal Corporation",,,,official Nagar Nigam sites + UP 2023 mayoral results + 2025-26 IAS transfers,0.60,collected,2026-06-26
2384,Harikant Ahluwalia,,,,,"Mayor, Meerut Municipal Corporation",,,,official Nagar Nigam sites + UP 2023 mayoral results + 2025-26 IAS transfers,0.65,collected,2026-06-26
2385,Saurabh Gangwar,,,,,"Municipal Commissioner, Meerut Municipal Corporation",,,,official Nagar Nigam sites + UP 2023 mayoral results + 2025-26 IAS transfers,0.60,collected,2026-06-26
2386,Umesh Gautam,,,,,"Mayor, Bareilly Municipal Corporation",,,,official Nagar Nigam sites + UP 2023 mayoral results + 2025-26 IAS transfers,0.65,collected,2026-06-26
2387,Sanjeev Kumar Maurya,,,,,"Municipal Commissioner, Bareilly Municipal Corporation",,,,official Nagar Nigam sites + UP 2023 mayoral results + 2025-26 IAS transfers,0.60,collected,2026-06-26
2388,Prashant Singhal,,,,,"Mayor, Aligarh Municipal Corporation",,,,official Nagar Nigam sites + UP 2023 mayoral results + 2025-26 IAS transfers,0.65,collected,2026-06-26
2389,Prem Prakash Meena,,,,,"Municipal Commissioner, Aligarh Municipal Corporation",,,,official Nagar Nigam sites + UP 2023 mayoral results + 2025-26 IAS transfers,0.60,collected,2026-06-26
2390,Vinod Agarwal,,,,,"Mayor, Moradabad Municipal Corporation",,,,official Nagar Nigam sites + UP 2023 mayoral results + 2025-26 IAS transfers,0.65,collected,2026-06-26
2391,Divyanshu Patel,,,,,"Municipal Commissioner, Moradabad Municipal Corporation",,,,official Nagar Nigam sites + UP 2023 mayoral results + 2025-26 IAS transfers,0.60,collected,2026-06-26
2392,Ajay Kumar Singh,,,,,"Mayor, Saharanpur Municipal Corporation",,,,official Nagar Nigam sites + UP 2023 mayoral results + 2025-26 IAS transfers,0.65,collected,2026-06-26
2393,Sipu Giri,,,,,"Municipal Commissioner, Saharanpur Municipal Corporation",,,,official Nagar Nigam sites + UP 2023 mayoral results + 2025-26 IAS transfers,0.60,collected,2026-06-26
2394,Manglesh Kumar Srivastava,,,,,"Mayor, Gorakhpur Municipal Corporation",,,,official Nagar Nigam sites + UP 2023 mayoral results + 2025-26 IAS transfers,0.65,collected,2026-06-26
2395,Ajay Jain,,,,,"Municipal Commissioner, Gorakhpur Municipal Corporation",,,,official Nagar Nigam sites + UP 2023 mayoral results + 2025-26 IAS transfers,0.60,collected,2026-06-26
2396,Kamini Rathore,,,,,"Mayor, Firozabad Municipal Corporation",,,,official Nagar Nigam sites + UP 2023 mayoral results + 2025-26 IAS transfers,0.65,collected,2026-06-26
2397,Prerna Sharma,,,,,"Municipal Commissioner, Firozabad Municipal Corporation",,,,official Nagar Nigam sites + UP 2023 mayoral results + 2025-26 IAS transfers,0.60,collected,2026-06-26
2398,Bihari Lal Arya,,,,,"Mayor, Jhansi Municipal Corporation",,,,official Nagar Nigam sites + UP 2023 mayoral results + 2025-26 IAS transfers,0.65,collected,2026-06-26
2399,Pulkit Garg,,,,,"Municipal Commissioner, Jhansi Municipal Corporation",,,,official Nagar Nigam sites + UP 2023 mayoral results + 2025-26 IAS transfers,0.60,collected,2026-06-26
2400,Girish Pati Tripathi,,,,,"Mayor, Ayodhya Municipal Corporation",,,,official Nagar Nigam sites + UP 2023 mayoral results + 2025-26 IAS transfers,0.65,collected,2026-06-26
2401,Jayendra Kumar,,,,,"Municipal Commissioner, Ayodhya Municipal Corporation",,,,official Nagar Nigam sites + UP 2023 mayoral results + 2025-26 IAS transfers,0.60,collected,2026-06-26
2402,Malti Rai,,,,,"Mayor, Bhopal Municipal Corporation",,,,official Nagar Nigam sites + MP 2022 mayoral results + 2025-26 IAS transfers,0.65,collected,2026-06-26
2403,Sanskriti Jain,,,,,"Municipal Commissioner, Bhopal Municipal Corporation",,,,official Nagar Nigam sites + MP 2022 mayoral results + 2025-26 IAS transfers,0.60,collected,2026-06-26
2404,Pushyamitra Bhargav,,,,,"Mayor, Indore Municipal Corporation",,,,official Nagar Nigam sites + MP 2022 mayoral results + 2025-26 IAS transfers,0.65,collected,2026-06-26
2405,Kshitij Singhal,,,,,"Municipal Commissioner, Indore Municipal Corporation",,,,official Nagar Nigam sites + MP 2022 mayoral results + 2025-26 IAS transfers,0.60,collected,2026-06-26
2406,Jagat Bahadur Singh Annu,,,,,"Mayor, Jabalpur Municipal Corporation",,,,official Nagar Nigam sites + MP 2022 mayoral results + 2025-26 IAS transfers,0.65,collected,2026-06-26
2407,Swapnil Wankhade,,,,,"Municipal Commissioner, Jabalpur Municipal Corporation",,,,official Nagar Nigam sites + MP 2022 mayoral results + 2025-26 IAS transfers,0.60,collected,2026-06-26
2408,Shobha Satish Sikarwar,,,,,"Mayor, Gwalior Municipal Corporation",,,,official Nagar Nigam sites + MP 2022 mayoral results + 2025-26 IAS transfers,0.65,collected,2026-06-26
2409,Sangh Priy,,,,,"Municipal Commissioner, Gwalior Municipal Corporation",,,,official Nagar Nigam sites + MP 2022 mayoral results + 2025-26 IAS transfers,0.60,collected,2026-06-26
2410,Mukesh Tatwal,,,,,"Mayor, Ujjain Municipal Corporation",,,,official Nagar Nigam sites + MP 2022 mayoral results + 2025-26 IAS transfers,0.65,collected,2026-06-26
2411,Abhilash Mishra,,,,,"Municipal Commissioner, Ujjain Municipal Corporation",,,,official Nagar Nigam sites + MP 2022 mayoral results + 2025-26 IAS transfers,0.60,collected,2026-06-26
2412,Sangeeta Sushil Tiwari,,,,,"Mayor, Sagar Municipal Corporation",,,,official Nagar Nigam sites + MP 2022 mayoral results + 2025-26 IAS transfers,0.65,collected,2026-06-26
2413,Rajkumar Khatri,,,,,"Municipal Commissioner, Sagar Municipal Corporation",,,,official Nagar Nigam sites + MP 2022 mayoral results + 2025-26 IAS transfers,0.60,collected,2026-06-26
2414,Geeta Durgesh Agrawal,,,,,"Mayor, Dewas Municipal Corporation",,,,official Nagar Nigam sites + MP 2022 mayoral results + 2025-26 IAS transfers,0.65,collected,2026-06-26
2415,Dalip Kumar,,,,,"Municipal Commissioner, Dewas Municipal Corporation",,,,official Nagar Nigam sites + MP 2022 mayoral results + 2025-26 IAS transfers,0.60,collected,2026-06-26
2416,Yogesh Tamrakar,,,,,"Mayor, Satna Municipal Corporation",,,,official Nagar Nigam sites + MP 2022 mayoral results + 2025-26 IAS transfers,0.65,collected,2026-06-26
2417,Sher Singh Meena,,,,,"Municipal Commissioner, Satna Municipal Corporation",,,,official Nagar Nigam sites + MP 2022 mayoral results + 2025-26 IAS transfers,0.60,collected,2026-06-26
2418,Prahlad Patel,,,,,"Mayor, Ratlam Municipal Corporation",,,,official Nagar Nigam sites + MP 2022 mayoral results + 2025-26 IAS transfers,0.65,collected,2026-06-26
2419,Himanshu Bhatt,,,,,"Municipal Commissioner, Ratlam Municipal Corporation",,,,official Nagar Nigam sites + MP 2022 mayoral results + 2025-26 IAS transfers,0.60,collected,2026-06-26
2420,Ajay Mishra Baba,,,,,"Mayor, Rewa Municipal Corporation",,,,official Nagar Nigam sites + MP 2022 mayoral results + 2025-26 IAS transfers,0.65,collected,2026-06-26
2421,Akshat Jain,,,,,"Municipal Commissioner, Rewa Municipal Corporation",,,,official Nagar Nigam sites + MP 2022 mayoral results + 2025-26 IAS transfers,0.60,collected,2026-06-26
2422,Rani Agrawal,,,,,"Mayor, Singrauli Municipal Corporation",,,,official Nagar Nigam sites + MP 2022 mayoral results + 2025-26 IAS transfers,0.65,collected,2026-06-26
2423,Savita Pradhan,,,,,"Municipal Commissioner, Singrauli Municipal Corporation",,,,official Nagar Nigam sites + MP 2022 mayoral results + 2025-26 IAS transfers,0.60,collected,2026-06-26
2424,Madhuri Atul Patel,,,,,"Mayor, Burhanpur Municipal Corporation",,,,official Nagar Nigam sites + MP 2022 mayoral results + 2025-26 IAS transfers,0.65,collected,2026-06-26
2425,Sandeep Srivastav,,,,,"Municipal Commissioner, Burhanpur Municipal Corporation",,,,official Nagar Nigam sites + MP 2022 mayoral results + 2025-26 IAS transfers,0.60,collected,2026-06-26
2426,Amrita Amar Yadav,,,,,"Mayor, Khandwa Municipal Corporation",,,,official Nagar Nigam sites + MP 2022 mayoral results + 2025-26 IAS transfers,0.65,collected,2026-06-26
2427,Tapasya Parihar,,,,,"Municipal Commissioner, Khandwa Municipal Corporation",,,,official Nagar Nigam sites + MP 2022 mayoral results + 2025-26 IAS transfers,0.60,collected,2026-06-26
2428,Sharda Solanki,,,,,"Mayor, Morena Municipal Corporation",,,,official Nagar Nigam sites + MP 2022 mayoral results + 2025-26 IAS transfers,0.65,collected,2026-06-26
2429,Satendra Dhakre,,,,,"Municipal Commissioner, Morena Municipal Corporation",,,,official Nagar Nigam sites + MP 2022 mayoral results + 2025-26 IAS transfers,0.60,collected,2026-06-26
2430,Sita Sahu,,,,,"Mayor, Patna Municipal Corporation",,,,official Nagar Nigam sites + urban.bihar.gov.in + Jan 2026 IAS reshuffle,0.60,collected,2026-06-26
2431,Yashpal Meena,,,,,"Municipal Commissioner, Patna Municipal Corporation",,,,official Nagar Nigam sites + urban.bihar.gov.in + Jan 2026 IAS reshuffle,0.60,collected,2026-06-26
2432,Birendra Kumar,,,,,"Mayor, Gaya Municipal Corporation",,,,official Nagar Nigam sites + urban.bihar.gov.in + Jan 2026 IAS reshuffle,0.60,collected,2026-06-26
2433,Abhishek Palasia,,,,,"Municipal Commissioner, Gaya Municipal Corporation",,,,official Nagar Nigam sites + urban.bihar.gov.in + Jan 2026 IAS reshuffle,0.60,collected,2026-06-26
2434,Dr. Basundhara Lal,,,,,"Mayor, Bhagalpur Municipal Corporation",,,,official Nagar Nigam sites + urban.bihar.gov.in + Jan 2026 IAS reshuffle,0.60,collected,2026-06-26
2435,Kishlay Kushwaha,,,,,"Municipal Commissioner, Bhagalpur Municipal Corporation",,,,official Nagar Nigam sites + urban.bihar.gov.in + Jan 2026 IAS reshuffle,0.60,collected,2026-06-26
2436,Nirmala Sahu,,,,,"Mayor, Muzaffarpur Municipal Corporation",,,,official Nagar Nigam sites + urban.bihar.gov.in + Jan 2026 IAS reshuffle,0.60,collected,2026-06-26
2437,Rituraj Pratap Singh,,,,,"Municipal Commissioner, Muzaffarpur Municipal Corporation",,,,official Nagar Nigam sites + urban.bihar.gov.in + Jan 2026 IAS reshuffle,0.60,collected,2026-06-26
2438,Anjum Ara,,,,,"Mayor, Darbhanga Municipal Corporation",,,,official Nagar Nigam sites + urban.bihar.gov.in + Jan 2026 IAS reshuffle,0.60,collected,2026-06-26
2439,Rakesh Gupta,,,,,"Municipal Commissioner, Darbhanga Municipal Corporation",,,,official Nagar Nigam sites + urban.bihar.gov.in + Jan 2026 IAS reshuffle,0.60,collected,2026-06-26
2440,Anita Devi,,,,,"Mayor, Bihar Sharif Municipal Corporation",,,,official Nagar Nigam sites + urban.bihar.gov.in + Jan 2026 IAS reshuffle,0.60,collected,2026-06-26
2441,Taranjot Singh,,,,,"Municipal Commissioner, Bihar Sharif Municipal Corporation",,,,official Nagar Nigam sites + urban.bihar.gov.in + Jan 2026 IAS reshuffle,0.60,collected,2026-06-26
2442,Indu Devi,,,,,"Mayor, Arrah Municipal Corporation",,,,official Nagar Nigam sites + urban.bihar.gov.in + Jan 2026 IAS reshuffle,0.60,collected,2026-06-26
2443,Pinki Devi,,,,,"Mayor, Begusarai Municipal Corporation",,,,official Nagar Nigam sites + urban.bihar.gov.in + Jan 2026 IAS reshuffle,0.60,collected,2026-06-26
2444,Somesh Bahadur Mathur,,,,,"Municipal Commissioner, Begusarai Municipal Corporation",,,,official Nagar Nigam sites + urban.bihar.gov.in + Jan 2026 IAS reshuffle,0.60,collected,2026-06-26
2445,Usha Devi Agarwal,,,,,"Mayor, Katihar Municipal Corporation",,,,official Nagar Nigam sites + urban.bihar.gov.in + Jan 2026 IAS reshuffle,0.60,collected,2026-06-26
2446,Kumkum Devi,,,,,"Mayor, Munger Municipal Corporation",,,,official Nagar Nigam sites + urban.bihar.gov.in + Jan 2026 IAS reshuffle,0.60,collected,2026-06-26
2447,Parth Gupta,,,,,"Municipal Commissioner, Munger Municipal Corporation",,,,official Nagar Nigam sites + urban.bihar.gov.in + Jan 2026 IAS reshuffle,0.60,collected,2026-06-26
2448,Lakshmi Narayan Gupta,,,,,"Mayor, Chhapra Municipal Corporation",,,,official Nagar Nigam sites + urban.bihar.gov.in + Jan 2026 IAS reshuffle,0.60,collected,2026-06-26
2449,Sunil Kumar Panday,,,,,"Municipal Commissioner, Chhapra Municipal Corporation",,,,official Nagar Nigam sites + urban.bihar.gov.in + Jan 2026 IAS reshuffle,0.60,collected,2026-06-26
2450,Vibha Kumari,,,,,"Mayor, Purnia Municipal Corporation",,,,official Nagar Nigam sites + urban.bihar.gov.in + Jan 2026 IAS reshuffle,0.60,collected,2026-06-26
2451,Kumar Mangalam,,,,,"Municipal Commissioner, Purnia Municipal Corporation",,,,official Nagar Nigam sites + urban.bihar.gov.in + Jan 2026 IAS reshuffle,0.60,collected,2026-06-26
2452,Baen Priya,,,,,"Mayor, Saharsa Municipal Corporation",,,,official Nagar Nigam sites + urban.bihar.gov.in + Jan 2026 IAS reshuffle,0.60,collected,2026-06-26
2453,Anubhuti Srivastav,,,,,"Municipal Commissioner, Saharsa Municipal Corporation",,,,official Nagar Nigam sites + urban.bihar.gov.in + Jan 2026 IAS reshuffle,0.60,collected,2026-06-26
2454,Kajal Kumari,,,,,"Mayor, Sasaram Municipal Corporation",,,,official Nagar Nigam sites + urban.bihar.gov.in + Jan 2026 IAS reshuffle,0.60,collected,2026-06-26
2455,Vikas Kumar,,,,,"Municipal Commissioner, Sasaram Municipal Corporation",,,,official Nagar Nigam sites + urban.bihar.gov.in + Jan 2026 IAS reshuffle,0.60,collected,2026-06-26
2456,Garima Devi Sikariya,,,,,"Mayor, Bettiah Municipal Corporation",,,,official Nagar Nigam sites + urban.bihar.gov.in + Jan 2026 IAS reshuffle,0.60,collected,2026-06-26
2457,Shivakshi Dikshit,,,,,"Municipal Commissioner, Bettiah Municipal Corporation",,,,official Nagar Nigam sites + urban.bihar.gov.in + Jan 2026 IAS reshuffle,0.60,collected,2026-06-26
2458,Priti Gupta,,,,,"Mayor, Motihari Municipal Corporation",,,,official Nagar Nigam sites + urban.bihar.gov.in + Jan 2026 IAS reshuffle,0.60,collected,2026-06-26
2459,Ashish Kumar,,,,,"Municipal Commissioner, Motihari Municipal Corporation",,,,official Nagar Nigam sites + urban.bihar.gov.in + Jan 2026 IAS reshuffle,0.60,collected,2026-06-26
2460,Raunak Jahan Parwez,,,,,"Mayor, Sitamarhi Municipal Corporation",,,,official Nagar Nigam sites + urban.bihar.gov.in + Jan 2026 IAS reshuffle,0.60,collected,2026-06-26
2461,Pramod Kumar Pandey,,,,,"Municipal Commissioner, Sitamarhi Municipal Corporation",,,,official Nagar Nigam sites + urban.bihar.gov.in + Jan 2026 IAS reshuffle,0.60,collected,2026-06-26
2462,Anita Ram,,,,,"Mayor, Samastipur Municipal Corporation",,,,official Nagar Nigam sites + urban.bihar.gov.in + Jan 2026 IAS reshuffle,0.60,collected,2026-06-26
2463,Gyan Prakash,,,,,"Municipal Commissioner, Samastipur Municipal Corporation",,,,official Nagar Nigam sites + urban.bihar.gov.in + Jan 2026 IAS reshuffle,0.60,collected,2026-06-26
2464,Ketan Garg,,,,,"Municipal Commissioner, Greater Visakhapatnam Municipal Corporation",,,,"official corporation sites + cdma.ap.gov.in (AP corps under Special Officers per GO Rt 284, Mar 2026 - no elected mayors)",0.60,collected,2026-06-26
2465,Dhyana Chandra H.M,,,,,"Municipal Commissioner, Vijayawada Municipal Corporation",,,,"official corporation sites + cdma.ap.gov.in (AP corps under Special Officers per GO Rt 284, Mar 2026 - no elected mayors)",0.60,collected,2026-06-26
2466,K. Mayur Ashok,,,,,"Municipal Commissioner, Guntur Municipal Corporation",,,,"official corporation sites + cdma.ap.gov.in (AP corps under Special Officers per GO Rt 284, Mar 2026 - no elected mayors)",0.60,collected,2026-06-26
2467,M. Surya Teja,,,,,"Municipal Commissioner, Nellore Municipal Corporation",,,,"official corporation sites + cdma.ap.gov.in (AP corps under Special Officers per GO Rt 284, Mar 2026 - no elected mayors)",0.60,collected,2026-06-26
2468,D. K. Balaji,,,,,"Municipal Commissioner, Kurnool Municipal Corporation",,,,"official corporation sites + cdma.ap.gov.in (AP corps under Special Officers per GO Rt 284, Mar 2026 - no elected mayors)",0.60,collected,2026-06-26
2469,Rahul Meena,,,,,"Municipal Commissioner, Rajamahendravaram Municipal Corporation",,,,"official corporation sites + cdma.ap.gov.in (AP corps under Special Officers per GO Rt 284, Mar 2026 - no elected mayors)",0.60,collected,2026-06-26
2470,Bhawna,,,,,"Municipal Commissioner, Kakinada Municipal Corporation",,,,"official corporation sites + cdma.ap.gov.in (AP corps under Special Officers per GO Rt 284, Mar 2026 - no elected mayors)",0.60,collected,2026-06-26
2471,N. Mourya,,,,,"Municipal Commissioner, Tirupati Municipal Corporation",,,,"official corporation sites + cdma.ap.gov.in (AP corps under Special Officers per GO Rt 284, Mar 2026 - no elected mayors)",0.60,collected,2026-06-26
2472,M. Jaswantha Rao,,,,,"Municipal Commissioner, Anantapur Municipal Corporation",,,,"official corporation sites + cdma.ap.gov.in (AP corps under Special Officers per GO Rt 284, Mar 2026 - no elected mayors)",0.60,collected,2026-06-26
2473,G. Surya Sai Praveenchand,,,,,"Municipal Commissioner, Kadapa Municipal Corporation",,,,"official corporation sites + cdma.ap.gov.in (AP corps under Special Officers per GO Rt 284, Mar 2026 - no elected mayors)",0.60,collected,2026-06-26
2474,B. Balaswamy,,,,,"Municipal Commissioner, Vizianagaram Municipal Corporation",,,,"official corporation sites + cdma.ap.gov.in (AP corps under Special Officers per GO Rt 284, Mar 2026 - no elected mayors)",0.60,collected,2026-06-26
2475,Y. Sai Sreekanth,,,,,"Municipal Commissioner, Eluru Municipal Corporation",,,,"official corporation sites + cdma.ap.gov.in (AP corps under Special Officers per GO Rt 284, Mar 2026 - no elected mayors)",0.60,collected,2026-06-26
2476,M. Jaswantha Rao,,,,,"Municipal Commissioner, Ongole Municipal Corporation",,,,"official corporation sites + cdma.ap.gov.in (AP corps under Special Officers per GO Rt 284, Mar 2026 - no elected mayors)",0.60,collected,2026-06-26
2477,P. Narasimha Prasadh,,,,,"Municipal Commissioner, Chittoor Municipal Corporation",,,,"official corporation sites + cdma.ap.gov.in (AP corps under Special Officers per GO Rt 284, Mar 2026 - no elected mayors)",0.60,collected,2026-06-26
2478,Hanumanthu Kurma Rao,,,,,"Municipal Commissioner, Srikakulam Municipal Corporation",,,,"official corporation sites + cdma.ap.gov.in (AP corps under Special Officers per GO Rt 284, Mar 2026 - no elected mayors)",0.60,collected,2026-06-26
2479,Ch.V.V.S. Bapi Raju,,,,,"Municipal Commissioner, Machilipatnam Municipal Corporation",,,,"official corporation sites + cdma.ap.gov.in (AP corps under Special Officers per GO Rt 284, Mar 2026 - no elected mayors)",0.60,collected,2026-06-26
2480,Maheshwar Rao M,,,,,"Municipal Commissioner, Bruhat Bengaluru Mahanagara Palike",,,,bbmp.gov.in + dma.karnataka.gov.in + corporation mrc.gov.in sites + 2025-26 news,0.55,collected,2026-06-26
2481,Jyothi Patil,,,,,"Mayor, Hubballi-Dharwad Municipal Corporation",,,,bbmp.gov.in + dma.karnataka.gov.in + corporation mrc.gov.in sites + 2025-26 news,0.45,collected,2026-06-26
2482,Ishwar Ullagaddi,,,,,"Municipal Commissioner, Hubballi-Dharwad Municipal Corporation",,,,bbmp.gov.in + dma.karnataka.gov.in + corporation mrc.gov.in sites + 2025-26 news,0.55,collected,2026-06-26
2483,Shaikh Tanveer Asif,,,,,"Municipal Commissioner, Greater Mysuru City Corporation",,,,bbmp.gov.in + dma.karnataka.gov.in + corporation mrc.gov.in sites + 2025-26 news,0.55,collected,2026-06-26
2484,Manoj Kumar,,,,,"Mayor, Mangaluru City Corporation",,,,bbmp.gov.in + dma.karnataka.gov.in + corporation mrc.gov.in sites + 2025-26 news,0.45,collected,2026-06-26
2485,Ravichandra Naik,,,,,"Municipal Commissioner, Mangaluru City Corporation",,,,bbmp.gov.in + dma.karnataka.gov.in + corporation mrc.gov.in sites + 2025-26 news,0.55,collected,2026-06-26
2486,Shinde Avinash Sanjeevan,,,,,"Municipal Commissioner, Kalaburagi City Corporation",,,,bbmp.gov.in + dma.karnataka.gov.in + corporation mrc.gov.in sites + 2025-26 news,0.55,collected,2026-06-26
2487,D. Triveni,,,,,"Mayor, Ballari City Corporation",,,,bbmp.gov.in + dma.karnataka.gov.in + corporation mrc.gov.in sites + 2025-26 news,0.45,collected,2026-06-26
2488,B. Basappa,,,,,"Municipal Commissioner, Raichur City Municipal Corporation",,,,bbmp.gov.in + dma.karnataka.gov.in + corporation mrc.gov.in sites + 2025-26 news,0.55,collected,2026-06-26
2489,S Ram Sundar Reddy,Shri,male,,,"District Magistrate / Collector, Vizianagaram, Andhra Pradesh (IAS)",,,https://en.wikipedia.org/wiki/Vizianagaram_district,https://en.wikipedia.org/wiki/Vizianagaram_district,0.80,collected,2026-06-30
2490,Arvind Kumar Verma,Shri,male,,,"District Magistrate / Collector, Madhubani, Bihar (IAS)",,,https://en.wikipedia.org/wiki/Madhubani_district,https://en.wikipedia.org/wiki/Madhubani_district,0.80,collected,2026-06-30
2491,Ritesh Kumar Agrawal,Shri,male,,,"District Collector / Magistrate, Jashpur, Chhattisgarh (IAS)",,,https://en.wikipedia.org/wiki/Jashpur_district,https://en.wikipedia.org/wiki/Jashpur_district,0.80,collected,2026-06-30
2492,Bhavya Verma,Shri,male,,,"District Collector, Valsad, Gujarat (IAS)",,,https://en.wikipedia.org/wiki/Valsad_district,https://en.wikipedia.org/wiki/Valsad_district,0.80,collected,2026-06-30
2493,Ramniwas Yadav,Shri,male,,,"Deputy Commissioner, Giridih, Jharkhand (IAS)",,,https://en.wikipedia.org/wiki/Giridih_district,https://en.wikipedia.org/wiki/Giridih_district,0.80,collected,2026-06-30
2494,Kaushlendra Vikram Singh,Shri,male,,,"District Collector, Gwalior, Madhya Pradesh (IAS)",,,https://en.wikipedia.org/wiki/Gwalior_district,https://en.wikipedia.org/wiki/Gwalior_district,0.80,collected,2026-06-30
2495,Raghvendra Singh,Shri,male,,,"District Magistrate, Alirajpur, Madhya Pradesh (IAS)",,,https://en.wikipedia.org/wiki/Alirajpur_district,https://en.wikipedia.org/wiki/Alirajpur_district,0.80,collected,2026-06-30
2496,Saloni Sidana,Dr,female,,,"District Magistrate, Mandla, Madhya Pradesh (IAS)",,,https://en.wikipedia.org/wiki/Mandla_district,https://en.wikipedia.org/wiki/Mandla_district,0.80,collected,2026-06-30
2497,M. Veerappan,Dr,male,,,"District Collector, Chengalpattu, Tamil Nadu (IAS)",,,https://en.wikipedia.org/wiki/Chengalpattu_district,https://en.wikipedia.org/wiki/Chengalpattu_district,0.85,collected,2026-06-30
2498,M S Prasanth,Shri,male,,,"District Collector, Kallakurichi, Tamil Nadu (IAS)",,,https://en.wikipedia.org/wiki/Kallakurichi_district,https://en.wikipedia.org/wiki/Kallakurichi_district,0.85,collected,2026-06-30
2499,A. K. Kamal Kishore,Shri,male,,,"District Collector, Tenkasi, Tamil Nadu (IAS)",,,https://en.wikipedia.org/wiki/Tenkasi_district,https://en.wikipedia.org/wiki/Tenkasi_district,0.85,collected,2026-06-30
2500,Ajay Seth,Shri,male,,,"Finance Secretary & Secretary, Ministry of Finance (IAS, Karnataka cadre 1987)",,,https://en.wikipedia.org/wiki/List_of_office-holders_in_the_Government_of_India,https://en.wikipedia.org/wiki/List_of_office-holders_in_the_Government_of_India,0.85,collected,2026-06-30
2501,Rajesh Kumar Singh,Shri,male,,,"Defence Secretary & Secretary, Ministry of Defence (IAS, Kerala cadre 1989)",,,https://en.wikipedia.org/wiki/List_of_office-holders_in_the_Government_of_India,https://en.wikipedia.org/wiki/List_of_office-holders_in_the_Government_of_India,0.85,collected,2026-06-30
2502,Vikram Misri,Shri,male,,,"Foreign Secretary & Secretary, Ministry of External Affairs (IFS, 1989 batch)",,,https://en.wikipedia.org/wiki/List_of_office-holders_in_the_Government_of_India,https://en.wikipedia.org/wiki/List_of_office-holders_in_the_Government_of_India,0.85,collected,2026-06-30
2503,V Umashankar,Shri,male,,,"Secretary, Ministry of Road Transport and Highways (IAS)",,,https://en.wikipedia.org/wiki/Ministry_of_Road_Transport_and_Highways,https://en.wikipedia.org/wiki/Ministry_of_Road_Transport_and_Highways,0.85,collected,2026-06-30
2504,Punya Salila Srivastava,Smt,female,,,"Secretary, Ministry of Health and Family Welfare (IAS)",,,https://en.wikipedia.org/wiki/Ministry_of_Health_and_Family_Welfare,https://en.wikipedia.org/wiki/Ministry_of_Health_and_Family_Welfare,0.85,collected,2026-06-30
2505,Satish Kumar,Shri,male,,,"Chairman & CEO, Railway Board (IRSME)",,,https://en.wikipedia.org/wiki/List_of_office-holders_in_the_Government_of_India,https://en.wikipedia.org/wiki/List_of_office-holders_in_the_Government_of_India,0.85,collected,2026-06-30
2506,Vineet Joshi,Shri,male,,,"Secretary, Ministry of Education (Higher Education) (IAS)",,,https://en.wikipedia.org/wiki/,https://en.wikipedia.org/wiki/,0.85,collected,2026-06-30
2507,Pankaj Agrawal,Shri,male,,,"Secretary, Ministry of Power (IAS)",,,https://en.wikipedia.org/wiki/,https://en.wikipedia.org/wiki/,0.85,collected,2026-06-30
2508,Atish Chandra,Shri,male,,,"Secretary, Ministry of Agriculture and Farmers' Welfare (IAS)",,,https://en.wikipedia.org/wiki/,https://en.wikipedia.org/wiki/,0.85,collected,2026-06-30
2509,Samir Kumar Sinha,Shri,male,,,"Secretary, Ministry of Civil Aviation (IAS)",,,https://en.wikipedia.org/wiki/,https://en.wikipedia.org/wiki/,0.85,collected,2026-06-30
2510,Vandana Gurnani,Smt,female,,,"Secretary, Ministry of Labour and Employment (IAS)",,,https://en.wikipedia.org/wiki/,https://en.wikipedia.org/wiki/,0.85,collected,2026-06-30
2511,Tanmay Kumar,Shri,male,,,"Secretary, Ministry of Environment, Forest and Climate Change (IAS)",,,https://en.wikipedia.org/wiki/,https://en.wikipedia.org/wiki/,0.85,collected,2026-06-30
2512,Vikram Dev Dutt,Shri,male,,,"Secretary, Ministry of Coal (IAS)",,,https://en.wikipedia.org/wiki/,https://en.wikipedia.org/wiki/,0.85,collected,2026-06-30
2513,Neeraj Mittal,Shri,male,,,"Secretary, Ministry of Petroleum and Natural Gas (IAS)",,,https://en.wikipedia.org/wiki/,https://en.wikipedia.org/wiki/,0.85,collected,2026-06-30
2514,Avinash Purushottam Das Joshi,Shri,male,,,"Secretary, Ministry of Food Processing Industries (IAS)",,,https://en.wikipedia.org/wiki/,https://en.wikipedia.org/wiki/,0.85,collected,2026-06-30
2515,Rajesh Agarwal,Shri,male,,,"Secretary, Ministry of Commerce and Industry (IAS (1994))",,,https://en.wikipedia.org/wiki/Secretary_to_the_Government_of_India,https://en.wikipedia.org/wiki/Secretary_to_the_Government_of_India,0.85,collected,2026-06-30
2516,Amit Agrawal,Shri,male,,,"Secretary, Ministry of Communications (IAS (1993))",,,https://en.wikipedia.org/wiki/Secretary_to_the_Government_of_India,https://en.wikipedia.org/wiki/Secretary_to_the_Government_of_India,0.85,collected,2026-06-30
2517,Kamran Rizvi,Shri,male,,,"Secretary, Ministry of Heavy Industries (IAS (1991))",,,https://en.wikipedia.org/wiki/Secretary_to_the_Government_of_India,https://en.wikipedia.org/wiki/Secretary_to_the_Government_of_India,0.85,collected,2026-06-30
2518,Bharat Harbanslal Khera,Shri,male,,,"Secretary, Ministry of MSME (IAS (1994))",,,https://en.wikipedia.org/wiki/Secretary_to_the_Government_of_India,https://en.wikipedia.org/wiki/Secretary_to_the_Government_of_India,0.85,collected,2026-06-30
2519,Vivek Bhardwaj,Shri,male,,,"Secretary, Ministry of Panchayati Raj (IAS (1990))",,,https://en.wikipedia.org/wiki/Secretary_to_the_Government_of_India,https://en.wikipedia.org/wiki/Secretary_to_the_Government_of_India,0.85,collected,2026-06-30
2520,Vijay Kumar,Shri,male,,,"Secretary, Ministry of Ports, Shipping and Waterways (IAS (1992))",,,https://en.wikipedia.org/wiki/Secretary_to_the_Government_of_India,https://en.wikipedia.org/wiki/Secretary_to_the_Government_of_India,0.85,collected,2026-06-30
2521,Sudhansh Pant,Shri,male,,,"Secretary, Ministry of Social Justice and Empowerment (IAS (1991))",,,https://en.wikipedia.org/wiki/Secretary_to_the_Government_of_India,https://en.wikipedia.org/wiki/Secretary_to_the_Government_of_India,0.85,collected,2026-06-30
2522,Nidhi Khare,Smt,female,,,"Secretary, Ministry of Consumer Affairs, Food and Public Distribution (IAS (1992))",,,https://en.wikipedia.org/wiki/Secretary_to_the_Government_of_India,https://en.wikipedia.org/wiki/Secretary_to_the_Government_of_India,0.85,collected,2026-06-30
2523,Ranjana Chopra,Smt,female,,,"Secretary, Ministry of Tribal Affairs (IAS (1994))",,,https://en.wikipedia.org/wiki/Secretary_to_the_Government_of_India,https://en.wikipedia.org/wiki/Secretary_to_the_Government_of_India,0.85,collected,2026-06-30
2524,Neelam Shammi Rao,Smt,female,,,"Secretary, Ministry of Textiles (IAS (1992))",,,https://en.wikipedia.org/wiki/Secretary_to_the_Government_of_India,https://en.wikipedia.org/wiki/Secretary_to_the_Government_of_India,0.85,collected,2026-06-30
2525,Vivek Aggarwal,Shri,male,,,"Secretary, Ministry of Culture (IAS (1994))",,,https://en.wikipedia.org/wiki/Secretary_to_the_Government_of_India,https://en.wikipedia.org/wiki/Secretary_to_the_Government_of_India,0.85,collected,2026-06-30
2526,Anil Malik,Shri,male,,,"Secretary, Ministry of Women and Child Development (IAS (1991))",,,https://en.wikipedia.org/wiki/Secretary_to_the_Government_of_India,https://en.wikipedia.org/wiki/Secretary_to_the_Government_of_India,0.85,collected,2026-06-30
2527,Nikunja Bihari Dhal,Shri,male,,,"Secretary, Ministry of Parliamentary Affairs (IAS (1993))",,,https://en.wikipedia.org/wiki/Secretary_to_the_Government_of_India,https://en.wikipedia.org/wiki/Secretary_to_the_Government_of_India,0.85,collected,2026-06-30
2528,Ashok Kumar Kaluaram Meena,Shri,male,,,"Secretary, Ministry of Jal Shakti (IAS (1993))",,,https://en.wikipedia.org/wiki/Secretary_to_the_Government_of_India,https://en.wikipedia.org/wiki/Secretary_to_the_Government_of_India,0.85,collected,2026-06-30
2529,Saurabh Garg,Shri,male,,,"Secretary, Ministry of Statistics and Programme Implementation (IAS (1991))",,,https://en.wikipedia.org/wiki/Secretary_to_the_Government_of_India,https://en.wikipedia.org/wiki/Secretary_to_the_Government_of_India,0.85,collected,2026-06-30
2530,Niraj Verma,Shri,male,,,"Secretary, Ministry of Law and Justice (IAS (1994))",,,https://en.wikipedia.org/wiki/Secretary_to_the_Government_of_India,https://en.wikipedia.org/wiki/Secretary_to_the_Government_of_India,0.85,collected,2026-06-30
2531,Rajesh Kotecha,Shri,male,,,"Secretary, Ministry of AYUSH",,,https://en.wikipedia.org/wiki/Secretary_to_the_Government_of_India,https://en.wikipedia.org/wiki/Secretary_to_the_Government_of_India,0.85,collected,2026-06-30
2532,Debashree Mukherjee,Smt,female,,,"Secretary, Ministry of Skill Development and Entrepreneurship (IAS (1991))",,,https://en.wikipedia.org/wiki/Secretary_to_the_Government_of_India,https://en.wikipedia.org/wiki/Secretary_to_the_Government_of_India,0.85,collected,2026-06-30
2533,N. O. Sukhaputra,Dr,male,,,"District Collector, Virudhunagar, Tamil Nadu (IAS)",,,https://en.wikipedia.org/wiki/Virudhunagar_district,https://en.wikipedia.org/wiki/Virudhunagar_district,0.80,collected,2026-06-30
2534,Yogesh Choudhary,Shri,male,,,"District Collector, Junagadh, Gujarat (IAS)",,,https://junagadh.nic.in/,https://junagadh.nic.in/,0.85,collected,2026-06-30
2535,Arpit Sagar,Smt,female,,,"District Collector, Mahisagar, Gujarat (IAS)",,,https://mahisagar.nic.in/,https://mahisagar.nic.in/,0.85,collected,2026-06-30
2536,Raushan Kumar Singh,Shri,male,,,"District Collector, Ujjain, Madhya Pradesh (IAS)",,,https://ujjain.nic.in/,https://ujjain.nic.in/,0.85,collected,2026-06-30
2537,Ritu Raj,Shri,male,,,"District Collector, Dewas, Madhya Pradesh (IAS)",,,https://dewas.nic.in/,https://dewas.nic.in/,0.85,collected,2026-06-30
2538,Angeline Renita R,Smt,female,,,"Deputy Commissioner, Kakching, Manipur (IAS)",,,https://kakching.nic.in/,https://kakching.nic.in/,0.85,collected,2026-06-30
2539,Luckyson Ngamsha Kashung,Shri,male,,,"Deputy Commissioner, Kamjong, Manipur (IAS)",,,https://kamjong.nic.in/,https://kamjong.nic.in/,0.85,collected,2026-06-30
2540,Vibhor Aggarwal,Shri,male,,,"Deputy Commissioner, West Garo Hills, Meghalaya (IAS)",,,https://westgarohills.gov.in/,https://westgarohills.gov.in/,0.85,collected,2026-06-30
2541,Hema Nayak,Smt,female,,,"Deputy Commissioner, West Khasi Hills, Meghalaya (IAS)",,,https://westkhasihills.gov.in/,https://westkhasihills.gov.in/,0.85,collected,2026-06-30
2542,Abhishek Saini,Shri,male,,,"Deputy Commissioner, Ri-Bhoi, Meghalaya (IAS)",,,https://ribhoi.gov.in/,https://ribhoi.gov.in/,0.85,collected,2026-06-30
2543,Mahender Pal,Shri,male,,,"Deputy Commissioner / District Collector, Hisar (incl. Hansi), Haryana (IAS)",,,https://hisar.gov.in/,https://hisar.gov.in/,0.85,collected,2026-06-30
2544,Roktima Yadav,Smt,female,,,"District Collector & Magistrate, Koriya (Korea), Chhattisgarh (IAS)",,,https://korea.gov.in/whos-who/,https://korea.gov.in/whos-who/,0.85,collected,2026-06-30
2545,Tejas Parmar,Shri,male,,,"District Collector & Magistrate, Surat, Gujarat (IAS)",,,https://surat.nic.in/whos-who/,https://surat.nic.in/whos-who/,0.85,collected,2026-06-30
2546,Alok Kumar,Shri,male,,,"Deputy Commissioner, Jamtara, Jharkhand (IAS)",,,https://jamtara.nic.in/whos-who/,https://jamtara.nic.in/whos-who/,0.85,collected,2026-06-30
2547,Anupam Singh Gahlaut,Shri,male,,,"Police Commissioner, Ahmedabad City, Gujarat (IPS, 1997 batch)",,,https://indianexpress.com/article/cities/ahmedabad/anupam-singh-gahlaut-is-new-ahmedabad-police-commissioner-10767057/,https://indianexpress.com/article/cities/ahmedabad/anupam-singh-gahlaut-is-new-ahmedabad-police-commissioner-10767057/,0.85,collected,2026-06-30
2548,Deven Bharti,Shri,male,,,"Commissioner of Police, Greater Mumbai, Maharashtra (IPS, 1994 batch)",,,https://www.thehindu.com/news/cities/mumbai/senior-ips-officer-deven-bharti-appointed-mumbai-police-commissioner/article69508908.ece,https://www.thehindu.com/news/cities/mumbai/senior-ips-officer-deven-bharti-appointed-mumbai-police-commissioner/article69508908.ece,0.85,collected,2026-06-30
2549,Mummaka Sudarshan,Shri,male,,,"Superintendent of Police, Ahmednagar (Ahilyanagar), Maharashtra (IPS, 2016 batch)",,,https://pudhari.news/maharashtra/north-maharashtra/ahilyanagar/mummaka-sudarshan-appointed-new-sp-of-ahilyanagar-somnath-gharage-transferred-sb97,https://pudhari.news/maharashtra/north-maharashtra/ahilyanagar/mummaka-sudarshan-appointed-new-sp-of-ahilyanagar-somnath-gharage-transferred-sb97,0.85,collected,2026-06-30
2550,Surinder Bhoaria,Shri,male,,,"Superintendent of Police (STF), Panchkula, Haryana (IPS)",,,https://haryanapolice.gov.in/Organization,https://haryanapolice.gov.in/Organization,0.85,collected,2026-06-30
2551,Nikhil B,Shri,male,,,"Superintendent of Police, Kolar, Karnataka (IPS)",,,https://kolar.nic.in/en/whoswho/dr-rohini-sepat-i-p-s/,https://kolar.nic.in/en/whoswho/dr-rohini-sepat-i-p-s/,0.85,collected,2026-06-30
2552,Surjeet Singh Panwar,Shri,male,,,"Superintendent of Police, Chamoli (Gopeshwar), Uttarakhand (IPS)",,,https://chamoli.gov.in/divisions/police/,https://chamoli.gov.in/divisions/police/,0.85,collected,2026-06-30
2553,Dusht Daman Singh,Shri,male,,,"Superintendent of Police, Baran, Rajasthan (IPS)",,,https://home.rajasthan.gov.in/content/homeportal/en/baranpolice/home.html,https://home.rajasthan.gov.in/content/homeportal/en/baranpolice/home.html,0.85,collected,2026-06-30
2554,Harsh Vardhan Agarwalla,Shri,male,,,"Superintendent of Police, Jalore, Rajasthan (IPS)",,,https://linkedin.com/in/harsh-vardhan-agarwalla,https://linkedin.com/in/harsh-vardhan-agarwalla,0.85,collected,2026-06-30
2555,Jayeshtha Maitreya,Smt,female,,,"Superintendent of Police, Banswara, Rajasthan (IPS)",,,https://www.newkerala.com/news/a/ips-transfers-sps-22-districts-transferred-rajasthan-424.htm,https://www.newkerala.com/news/a/ips-transfers-sps-22-districts-transferred-rajasthan-424.htm,0.85,collected,2026-06-30
2556,Narendra Singh,Shri,male,,,"Superintendent of Police, Barmer, Rajasthan (IPS)",,,https://www.newkerala.com/news/a/ips-transfers-sps-22-districts-transferred-rajasthan-424.htm,https://www.newkerala.com/news/a/ips-transfers-sps-22-districts-transferred-rajasthan-424.htm,0.85,collected,2026-06-30
2557,K. Narasimha,Shri,male,,,"Superintendent of Police, Suryapet, Telangana (IPS)",,,https://www.tspolice.gov.in/,https://www.tspolice.gov.in/,0.85,collected,2026-06-30
2558,V. V. Sai Praneeth,Shri,male,,,"Superintendent of Police, Tiruvallur, Tamil Nadu (IPS)",,,https://www.newindianexpress.com/states/tamil-nadu/2026/Jun/16/tamil-nadu-govt-shifts-56-senior-police-officers,https://www.newindianexpress.com/states/tamil-nadu/2026/Jun/16/tamil-nadu-govt-shifts-56-senior-police-officers,0.85,collected,2026-06-30
2559,Shweta Chaubey,Smt,female,,,"Senior Superintendent of Police, Tehri Garhwal, Uttarakhand (IPS)",,,https://tehri.nic.in/divisions/police-department/,https://tehri.nic.in/divisions/police-department/,0.85,collected,2026-06-30
2560,Kamlesh Upadhyay,Smt,female,,,"Superintendent of Police, Uttarkashi, Uttarakhand (IPS)",,,https://uttarkashi.nic.in/whos-who/,https://uttarkashi.nic.in/whos-who/,0.85,collected,2026-06-30
2561,Suraj Kumar Rai,Shri,male,,,"Superintendent of Police, Bagpat, Uttar Pradesh (IPS, 2018 batch)",,,https://uppolice.gov.in/en/officerprofile?slugName=bagpat,https://uppolice.gov.in/en/officerprofile?slugName=bagpat,0.85,collected,2026-06-30
2562,Ravi Kumar,Shri,male,,,"Superintendent of Police, Rae Bareli, Uttar Pradesh (IPS, 2015 batch)",,,https://uppolice.gov.in/hi/officerprofile?slugName=commagr,https://uppolice.gov.in/hi/officerprofile?slugName=commagr,0.85,collected,2026-06-30
2563,Abhishek Shivhare,Shri,male,,,"Superintendent of Police, Jaisalmer, Rajasthan (IPS)",,,https://www.patrika.com/jaisalmer-news/in-77-years-the-border-district-has-got-70-superintendents-of-police-19808547,https://www.patrika.com/jaisalmer-news/in-77-years-the-border-district-has-got-70-superintendents-of-police-19808547,0.85,collected,2026-06-30
2564,Bhagirath Singh Meena,Shri,male,,,"Senior Superintendent of Police, Mansa, Punjab (IPS)",,,https://www.magzter.com/stories/newspaper/Punjab-Times-English-Edition/MANSA-POLICE-RECOVER-19-GRAMS-HEROIN-300-LITRES-LAHAN,https://www.magzter.com/stories/newspaper/Punjab-Times-English-Edition/MANSA-POLICE-RECOVER-19-GRAMS-HEROIN-300-LITRES-LAHAN,0.85,collected,2026-06-30
2565,Pranav Kumar,Dr,male,,,"Commissioner of Police, Asansol-Durgapur (Paschim Bardhaman), West Bengal (IPS)",,,https://asansoldurgapurpolice.wb.gov.in/,https://asansoldurgapurpolice.wb.gov.in/,0.85,collected,2026-06-30
2566,Dharmendra Singh Chhvai,Shri,male,,,"Superintendent of Police, Kabirdham (Kawardha), Chhattisgarh",,,https://kawardha.gov.in/en/about-district/whos-who/,https://kawardha.gov.in/en/about-district/whos-who/,0.85,collected,2026-06-30
2567,Yashpal Singh,Shri,male,,,"Superintendent of Police, Mohla-Manpur-Ambagarh Chowki, Chhattisgarh (IPS)",,,https://www.the-journalist.com/transfer-of-3-ips-and-25-dsp-in-chhattisgarh/,https://www.the-journalist.com/transfer-of-3-ips-and-25-dsp-in-chhattisgarh/,0.85,collected,2026-06-30
2568,Anjneya Varshney,Shri,male,,,"Superintendent of Police, Sarangarh-Bilaigarh, Chhattisgarh",,,https://sarangarh-bilaigarh.cg.gov.in/en/divisions/sarangarh-bilaigarh-police/,https://sarangarh-bilaigarh.cg.gov.in/en/divisions/sarangarh-bilaigarh-police/,0.85,collected,2026-06-30
2569,Chintan Teraiya,Shri,male,,,"Superintendent of Police, Vav-Tharad, Gujarat (IPS, 2022 batch)",,,https://indianexpress.com/article/cities/ahmedabad/newly-formed-vav-tharad-gets-first-collector/,https://indianexpress.com/article/cities/ahmedabad/newly-formed-vav-tharad-gets-first-collector/,0.85,collected,2026-06-30
2570,Shashank,Shri,male,,,"Superintendent of Police, Harda, Madhya Pradesh (IPS, 2019 batch)",,,https://harda.nic.in/en/about-district/whos-who/,https://harda.nic.in/en/about-district/whos-who/,0.85,collected,2026-06-30
2571,V. Satish Kumar,Shri,male,,,"Superintendent of Police, Tiruvarur, Tamil Nadu (IPS)",,,https://tiruvarur.nic.in/whoswho/thiru-v-vikraman-ips/,https://tiruvarur.nic.in/whoswho/thiru-v-vikraman-ips/,0.85,collected,2026-06-30
2572,Shobhit D Saksena,Shri,male,,,"Deputy Commissioner of Police, Outer North Delhi (IPS, 2015 batch)",,,https://www.northblocksouthblock.com/jk-security-veteran-is-now-heading-one-of-delhis-most-challenging-police-districts/,https://www.northblocksouthblock.com/jk-security-veteran-is-now-heading-one-of-delhis-most-challenging-police-districts/,0.85,collected,2026-06-30
2573,Ajaz Ahmad Zargar,Shri,male,,,"Senior Superintendent of Police, Bandipora, Jammu & Kashmir (JKPS)",,,https://kashmirconvener.com/ssp-bandipora-calls-for-stronger-area-domination-measures-heightened-vigil/,https://kashmirconvener.com/ssp-bandipora-calls-for-stronger-area-domination-measures-heightened-vigil/,0.85,collected,2026-06-30
2574,Narra Chaitanya,Shri,male,,,"Senior Superintendent of Police (L&O), Puducherry (IPS)",,,https://police.py.gov.in/senior%20officers%20address.htm,https://police.py.gov.in/senior%20officers%20address.htm,0.85,collected,2026-06-30
2575,K. Varadarajan,Shri,male,,,"Superintendent of Police, Yanam, Puducherry (PPS)",,,https://yanam.gov.in/directory/,https://yanam.gov.in/directory/,0.85,collected,2026-06-30
2576,Sonam Dolma Bhutia,Ms,female,,,"Senior Superintendent of Police, Namchi, Sikkim (SPS)",,,https://namchi.nic.in/district-administration/,https://namchi.nic.in/district-administration/,0.85,collected,2026-06-30
2577,Manohar Singh Mandloi,Shri,male,,,"Superintendent of Police, Tikamgarh, Madhya Pradesh",,,https://tikamgarh.nic.in/en/whoswho/sp/,https://tikamgarh.nic.in/en/whoswho/sp/,0.85,collected,2026-06-30
2578,D. Sunitha Reddy,Smt,female,,,"Superintendent of Police, Wanaparthy, Telangana (IPS)",,,https://wanaparthy.telangana.gov.in/divisions/police-department/,https://wanaparthy.telangana.gov.in/divisions/police-department/,0.85,collected,2026-06-30
2579,Vinod Kumar,Shri,male,,,"Superintendent of Police, Hansi, Haryana (IPS)",,,https://haryanapolice.gov.in/Organization,https://haryanapolice.gov.in/Organization,0.85,collected,2026-06-30
2580,Devarakonda Sujatha,,,TDP,,"Mayor, Nellore Municipal Corporation",,,,https://www.thehindu.com/news/national/andhra-pradesh/devarakonda-sujatha-unanimously-elected-as-nellore-mayor/article70680533.ece,0.85,collected,2026-07-18
2581,Likha Nari Tadar,,,BJP,,"Mayor, Itanagar Municipal Corporation",,,,https://www.imc.arunachal.gov.in/?lang=hi,0.90,collected,2026-07-18
2582,Mrigen Sarania,,,BJP,,"Mayor, Guwahati Municipal Corporation",,,,https://www.sentinelassam.com/cities/guwahati-city/our-goal-is-guwahatis-development-mayor-mrigen-sarania,0.85,collected,2026-07-18
2583,Saikat Patra,,,BJP,,"Mayor, Dibrugarh Municipal Corporation",,,,https://en.wikipedia.org/wiki/Dibrugarh_Municipal_Corporation,0.80,collected,2026-07-18
2584,Arun Rai,,,BJP,,"Mayor, Madhubani Municipal Corporation",,,,https://www.bhaskar.com/local/bihar/madhubani/news/madhubani-mayor-arun-rai-promises-drain-construction-138206876.html,0.80,collected,2026-07-18
2585,Saurabh Joshi,,,BJP,,"Mayor, Chandigarh Municipal Corporation",,,,https://timesofindia.indiatimes.com/city/chandigarh/clean-sweep-for-bjp-in-chandigarh-mayoral-poll/articleshow/127785668.cms,0.85,collected,2026-07-18
2586,Meenal Choubey,,,BJP,,"Mayor, Raipur Municipal Corporation",,,,https://www.nagarnigamraipur.nic.in/en/mayor-list,0.95,collected,2026-07-18
2587,Pooja Vidhani,,,BJP,,"Mayor, Bilaspur Municipal Corporation",,,,https://www.ibc24.in/chhattisgarh/pooja-vidhani-took-oath-as-the-12th-mayor-of-bilaspur-municipal-corporation-2966677.html,0.90,collected,2026-07-18
2588,Sanjay Pandey,,,BJP,,"Mayor, Jagdalpur Municipal Corporation",,,,https://www.latestly.com/india/news/chhattisgarh-municipal-election-2025-result-bjp-sweeps-all-10-mayoral-polls-congress-lands-a-zero-cm-vishnu-deo-sai-calls-it-historic-mandate-in-favour-of-modi-ki-guarantee-6645753.html,0.90,collected,2026-07-18
2589,Alka Baghmar,,,BJP,,"Mayor, Durg Municipal Corporation",,,,https://www.latestly.com/india/news/chhattisgarh-municipal-election-2025-result-bjp-sweeps-all-10-mayoral-polls-congress-lands-a-zero-cm-vishnu-deo-sai-calls-it-historic-mandate-in-favour-of-modi-ki-guarantee-6645753.html,0.90,collected,2026-07-18
2590,Sanju Devi Rajput,,,BJP,,"Mayor, Korba Municipal Corporation",,,,https://gramyatrachhattisgarh.com/2026/07/korba-model-chhattisgarhs-first-woman-mayor-to-write-a-new-story-of-development-in-16-months-transforming-peoples-dreams-into-plans-and-implementing-them-on-the-ground/,0.90,collected,2026-07-18
2591,Madhusudan Yadav,,,BJP,,"Mayor, Rajnandgaon Municipal Corporation",,,,https://www.latestly.com/india/news/chhattisgarh-municipal-election-2025-result-bjp-sweeps-all-10-mayoral-polls-congress-lands-a-zero-cm-vishnu-deo-sai-calls-it-historic-mandate-in-favour-of-modi-ki-guarantee-6645753.html,0.90,collected,2026-07-18
2592,Jeevardhan Chauhan,,,BJP,,"Mayor, Raigarh Municipal Corporation",,,,https://www.latestly.com/india/news/chhattisgarh-municipal-election-2025-result-bjp-sweeps-all-10-mayoral-polls-congress-lands-a-zero-cm-vishnu-deo-sai-calls-it-historic-mandate-in-favour-of-modi-ki-guarantee-6645753.html,0.85,collected,2026-07-18
2593,Manjusha Bhagat,,,BJP,,"Mayor, Ambikapur Municipal Corporation",,,,https://www.latestly.com/india/news/chhattisgarh-municipal-election-2025-result-bjp-sweeps-all-10-mayoral-polls-congress-lands-a-zero-cm-vishnu-deo-sai-calls-it-historic-mandate-in-favour-of-modi-ki-guarantee-6645753.html,0.90,collected,2026-07-18
2594,Jagdish Ramu Rohra,,,BJP,,"Mayor, Dhamtari Municipal Corporation",,,,https://www.thedailyjagran.com/india/chhattisgarh-municipal-election-result-2025-nagar-nikay-chunav-mayor-posts-bjp-congress-winner-list-raipur-bilaspur-durg-rajnandgaon-ambikapur-korba-raigad-mayor-election-result-10218834,0.80,collected,2026-07-18
2595,Neeraj Pal,,,BJP,,"Mayor, Bhilai Municipal Corporation",,,,https://english.dainikjagranmpcg.com/states/chhattisgarh/bhilai-municipal-corporation-budget-censure-motion-against-commissioner/article-15967,0.85,collected,2026-07-18
2596,Rohit Monserrate,,,,,"Mayor, Corporation of the City of Panaji",,,,https://www.heraldgoa.in/goa/unprecedented-sixth-term-for-rohit-as-panjim-mayor/469835/,0.90,collected,2026-07-18
2597,Hitesh Barot,,,BJP,,"Mayor, Ahmedabad Municipal Corporation",,,,https://timesofindia.indiatimes.com/city/ahmedabad/hitesh-barot-elected-ahmedabad-mayor/articleshow/131335354.cms,0.90,collected,2026-07-18
2598,Mayaben Mavani,,,BJP,,"Mayor, Surat Municipal Corporation",,,,https://deshgujarat.com/2026/05/28/surat-gets-new-mayor/,0.90,collected,2026-07-18
2599,Miraben Patel,,,BJP,,"Mayor, Gandhinagar Municipal Corporation",,,,https://indianexpress.com/article/cities/ahmedabad/ahead-of-budget-meet-congress-workers-clash-with-police-outside-gandhinagar-civic-body-office-10541547/,0.85,collected,2026-07-18
2600,Geeta Makwana,,,BJP,,"Mayor, Vadodara Municipal Corporation",,,,https://indianexpress.com/article/cities/ahmedabad/a-first-time-corporator-a-last-minute-poll-entrant-and-patidar-woman-leader-vadodara-rajkot-surat-get-new-mayors-10713073/,0.90,collected,2026-07-18
2601,Nehal Shukla,,,BJP,,"Mayor, Rajkot Municipal Corporation",,,,https://timesofindia.indiatimes.com/city/rajkot/rajkot-bjp-power-play-ends-with-surprise-pick-nehal-shukla-as-mayor/articleshow/131377124.cms,0.90,collected,2026-07-18
2602,Usha Talreja,,,BJP,,"Mayor, Bhavnagar Municipal Corporation",,,,https://deshgujarat.com/2026/05/28/bhavnagar-municipal-corporation-gets-new-mayor/,0.90,collected,2026-07-18
2603,Monica Vyas,,,BJP,,"Mayor, Jamnagar Municipal Corporation",,,,https://english.gujaratsamachar.com/news/gujarat/gujarat-cities-get-new-mayors-check-out-prominent-names-67115968699.html,0.90,collected,2026-07-18
2604,Dharmesh Dhirubhai Poshiya,,,BJP,,"Mayor, Junagadh Municipal Corporation",,,,https://junagadhmunicipal.org/mayors/,0.85,collected,2026-07-18
2605,Manish Patel,,,BJP,,"Mayor, Nadiad Municipal Corporation",,,,https://deshgujarat.com/2026/05/26/nadiad-gandhidham-mahesana-get-first-mayors/,0.90,collected,2026-07-18
2606,Sonalben Vishnubhai Oza,,,BJP,,"Mayor, Mehsana Municipal Corporation",,,,https://mahesanacity.in/,0.90,collected,2026-07-18
2607,Ashok Dhorajiya,,,BJP,,"Mayor, Navsari Municipal Corporation",,,,https://english.gujaratsamachar.com/news/gujarat/gujarat-cities-get-new-mayors-check-out-prominent-names-67115968699.html,0.90,collected,2026-07-18
2608,Uttam Surani,,,BJP,,"Mayor, Morbi Municipal Corporation",,,,https://english.gujaratsamachar.com/news/gujarat/gujarat-cities-get-new-mayors-check-out-prominent-names-67115968699.html,0.90,collected,2026-07-18
2609,Divya Nathani,,,BJP,,"Mayor, Gandhidham Municipal Corporation",,,,https://english.gujaratsamachar.com/news/gujarat/gujarat-cities-get-new-mayors-check-out-prominent-names-67115968699.html,0.90,collected,2026-07-18
2610,Daksha Patel,,,BJP,,"Mayor, Vapi Municipal Corporation",,,,https://timesofindia.indiatimes.com/city/surat/bjps-daksha-patel-is-first-mayor-of-vapi/articleshow/131377008.cms,0.90,collected,2026-07-18
2611,Raj Rani Malhotra,,,BJP,,"Mayor, Gurugram Municipal Corporation",,,,https://en.wikipedia.org/wiki/2025_Haryana_local_elections,0.85,collected,2026-07-18
2612,Praveen Joshi,,,BJP,,"Mayor, Faridabad Municipal Corporation",,,,https://indianexpress.com/article/india/haryana-municipal-nagar-nigam-election-results-2025-winners-list-panipat-gurgaon-manesar-sonipat-rohtak-faridabad-hisar-9882631/,0.85,collected,2026-07-18
2613,Rajiv Jain,,,BJP,,"Mayor, Sonipat Municipal Corporation",,,,https://www.thehindu.com/news/national/haryana/haryana-municipal-council-elections-vote-counting-may-13-2026-updates/article70972731.ece,0.90,collected,2026-07-18
2614,Sham Lal Bansal,,,BJP,,"Mayor, Panchkula Municipal Corporation",,,,https://timesofindia.indiatimes.com/city/chandigarh/bjp-sweeps-panchkula-civic-polls-bansal-new-mayor/articleshow/131077297.cms,0.90,collected,2026-07-18
2615,Suman Bahmani,,,BJP,,"Mayor, Yamunanagar Municipal Corporation",,,,https://indianexpress.com/article/india/haryana-municipal-nagar-nigam-election-results-2025-winners-list-panipat-gurgaon-manesar-sonipat-rohtak-faridabad-hisar-9882631/,0.80,collected,2026-07-18
2616,Ram Avtar Valmiki,,,BJP,,"Mayor, Rohtak Municipal Corporation",,,,https://indianexpress.com/article/india/haryana-municipal-nagar-nigam-election-results-2025-winners-list-panipat-gurgaon-manesar-sonipat-rohtak-faridabad-hisar-9882631/,0.85,collected,2026-07-18
2617,Renu Bala Gupta,,,BJP,,"Mayor, Karnal Municipal Corporation",,,,https://indianexpress.com/article/india/haryana-municipal-nagar-nigam-election-results-2025-winners-list-panipat-gurgaon-manesar-sonipat-rohtak-faridabad-hisar-9882631/,0.85,collected,2026-07-18
2618,Praveen Popli,,,BJP,,"Mayor, Hisar Municipal Corporation",,,,https://indianexpress.com/article/india/haryana-municipal-nagar-nigam-election-results-2025-winners-list-panipat-gurgaon-manesar-sonipat-rohtak-faridabad-hisar-9882631/,0.85,collected,2026-07-18
2619,Komal Saini,,,BJP,,"Mayor, Panipat Municipal Corporation",,,,https://indianexpress.com/article/india/haryana-municipal-nagar-nigam-election-results-2025-winners-list-panipat-gurgaon-manesar-sonipat-rohtak-faridabad-hisar-9882631/,0.85,collected,2026-07-18
2620,Akshita Saini,,,BJP,,"Mayor, Ambala Municipal Corporation",,,,https://timesofindia.indiatimes.com/city/chandigarh/bjps-akshita-saini-elected-ambala-mayor/articleshow/131066317.cms,0.90,collected,2026-07-18
2621,Inderjeet Kaur Yadav,,,BJP,,"Mayor, Manesar Municipal Corporation",,,,https://timesofindia.indiatimes.com/city/gurgaon/manesar-mayor-8-councillors-join-bjp-saffron-sweep-of-corporations-now-complete/articleshow/130617498.cms,0.85,collected,2026-07-18
2622,Surinder Chauhan,,,INC,,"Mayor, Shimla Municipal Corporation",,,,https://shimlamc.hp.gov.in/Contact/Index/12,0.85,collected,2026-07-18
2623,Shamsher Singh Nehria,,,BJP,,"Mayor, Dharamshala Municipal Corporation",,,,https://www.tribuneindia.com/news/himachal/bjps-shamsher-nehria-unanimously-elected-dharamsala-mayor-prerna-guleria-deputy-mayor/,0.90,collected,2026-07-18
2624,Radha Sood,,,INC,,"Mayor, Palampur Municipal Corporation",,,,https://himachalscape.com/congress-strategy-prevents-bjp-from-electing-mayors-in-yhree-hp-municipal-corporations-retains-palampur/,0.90,collected,2026-07-18
2625,Sushma Sharma,,,BJP,,"Mayor, Solan Municipal Corporation",,,,https://thedailyguardian.com/india/bjp-captures-solan-municipal-corporation-congress-suffers-major-political-setback-despite-ministers-vote20260702192216-727019/,0.90,collected,2026-07-18
2626,Suman Thakur,,,BJP,,"Mayor, Mandi Municipal Corporation",,,,https://newswav.com/article/bjp-s-suman-thakur-becomes-mandi-mc-mayor-jitender-sharma-elected-deputy-ma-A2606_HjcVnb,0.90,collected,2026-07-18
2627,Sanjeev Singh,,,,,"Mayor, Dhanbad Municipal Corporation",,,,https://www.thehindu.com/news/national/jharkhand/jharkhand-civic-polls-bjp-backed-nominees-win-in-ranchi-medininagar-jmm-wins-giridih-deoghar/article70687348.ece,0.85,collected,2026-07-18
2628,Roshni Khalkho,,,,,"Mayor, Ranchi Municipal Corporation",,,,https://www.thehindu.com/news/national/jharkhand/jharkhand-civic-polls-bjp-backed-nominees-win-in-ranchi-medininagar-jmm-wins-giridih-deoghar/article70687348.ece,0.90,collected,2026-07-18
2629,Ravi Kumar Raut,,,,,"Mayor, Deoghar Municipal Corporation",,,,https://www.thehindu.com/news/national/jharkhand/jharkhand-civic-polls-bjp-backed-nominees-win-in-ranchi-medininagar-jmm-wins-giridih-deoghar/article70687348.ece,0.80,collected,2026-07-18
2630,Sanjay Sardar,,,,,"Mayor, Adityapur Municipal Corporation",,,,https://www.thehindu.com/news/national/jharkhand/jharkhand-civic-polls-bjp-backed-nominees-win-in-ranchi-medininagar-jmm-wins-giridih-deoghar/article70687348.ece,0.85,collected,2026-07-18
2631,Arvind Rana,,,,,"Mayor, Hazaribagh Municipal Corporation",,,,https://www.thehindu.com/news/national/jharkhand/jharkhand-civic-polls-bjp-backed-nominees-win-in-ranchi-medininagar-jmm-wins-giridih-deoghar/article70687348.ece,0.85,collected,2026-07-18
2632,Aruna Shankar,,,,,"Mayor, Medininagar Municipal Corporation",,,,https://www.thehindu.com/news/national/jharkhand/jharkhand-civic-polls-bjp-backed-nominees-win-in-ranchi-medininagar-jmm-wins-giridih-deoghar/article70687348.ece,0.85,collected,2026-07-18
2633,Pramila Mehra,,,,,"Mayor, Giridih Municipal Corporation",,,,https://www.thehindu.com/news/national/jharkhand/jharkhand-civic-polls-bjp-backed-nominees-win-in-ranchi-medininagar-jmm-wins-giridih-deoghar/article70687348.ece,0.85,collected,2026-07-18
2634,Preeti Kamakar,,,BJP,,"Mayor, Belagavi City Corporation",,,,https://www.thehindu.com/news/national/karnataka/preeti-kamakar-elected-mayor-and-hanumant-kongali-deputy-mayor-for-belagavi/article70757122.ece,0.90,collected,2026-07-18
2635,Varsha Rajeev Jane,,,INC,,"Mayor, Kalaburagi City Corporation",,,,https://www.varthabharati.in/kalaburagi/kalaburagi-municipal-corporation-under-congress-varsha-jane-elected-as-mayor-trupti-lakhe-as-deputy-mayor-2081762,0.85,collected,2026-07-18
2636,Durgamma Shashikanth Bijawad,,,BJP,,"Mayor, Hubballi City Corporation",,,,https://www.thehindu.com/news/national/karnataka/durgamma-bijawad-hubballi-dharwad-mayor-ratnabai-nazare-deputy-mayor/article71182812.ece,0.90,collected,2026-07-18
2637,V.V. Rajesh,,,BJP,,"Mayor, Thiruvananthapuram Municipal Corporation",,,,https://www.thehindu.com/news/national/kerala/new-mayors-municipal-chairpersons-take-charge-in-kerala/article70440792.ece,0.90,collected,2026-07-18
2638,O. Sadasivan,,,CPI(M),,"Mayor, Kozhikode Municipal Corporation",,,,https://www.thehindu.com/news/national/kerala/new-mayors-municipal-chairpersons-take-charge-in-kerala/article70440792.ece,0.90,collected,2026-07-18
2639,V.K. Minimol,,,INC,,"Mayor, Kochi Municipal Corporation",,,,https://www.thehindu.com/news/cities/Kochi/four-time-councillor-vk-minimol-elected-as-kochi-mayor/article70439071.ece,0.90,collected,2026-07-18
2640,A.K. Hafees,,,INC,,"Mayor, Kollam Municipal Corporation",,,,https://www.thehindu.com/news/national/kerala/new-mayors-municipal-chairpersons-take-charge-in-kerala/article70440792.ece,0.85,collected,2026-07-18
2641,Niji Justin,,,INC,,"Mayor, Thrissur Municipal Corporation",,,,https://www.thehindu.com/news/national/kerala/new-mayors-municipal-chairpersons-take-charge-in-kerala/article70440792.ece,0.90,collected,2026-07-18
2642,P. Indira,,,INC,,"Mayor, Kannur Municipal Corporation",,,,https://www.thehindu.com/news/national/kerala/new-mayors-municipal-chairpersons-take-charge-in-kerala/article70440792.ece,0.90,collected,2026-07-18
2643,Preeti Sanjeev Suri,,,Independent,,"Mayor, Katni Municipal Corporation",,,,https://kmckatni.org/,0.90,collected,2026-07-18
2644,Nitin Patil,,,BJP,,"Mayor, Panvel Municipal Corporation",,,,https://navbharatlive.com/maharashtra/thane/panvel-municipal-corporation-mayor-election-bjp-nitin-patil-wins-1560894.html,0.90,collected,2026-07-18
2645,Jayashree Sonkamble,,,INC,,"Mayor, Latur Municipal Corporation",,,,https://navbharatlive.com/maharashtra/nagpur/maharashtra-municipal-corporation-mayor-list-election-results-bjp-mahayuti-1562990.html,0.85,collected,2026-07-18
2646,Mayadevi Pardeshi,,,BJP,,"Mayor, Dhule Municipal Corporation",,,,https://english.lokshahi.com/latest-news/bjps-flag-again-on-dhule-municipal-corporation-mayadevi-pardeshi-mayor,0.90,collected,2026-07-18
2647,Sangeeta Khandekar,,,BJP,,"Mayor, Chandrapur Municipal Corporation",,,,https://www.lokmat.com/chandrapur/bjps-sangeeta-khandekar-finally-becomes-chandrapur-mayor-defeating-congress-by-just-one-vote-a-a301/,0.90,collected,2026-07-18
2648,Syed Iqbal,,,Shiv Sena (UBT),,"Mayor, Parbhani Municipal Corporation",,,,https://www.thehindu.com/news/national/maharashtra/shiv-sena-ubt-mayor-elected-in-parbhani-municipal-corporation-bjp-slams-uddhav-thackeray-on-his-candidature/article70625102.ece,0.90,collected,2026-07-18
2649,Vandana Magare,,,BJP,,"Mayor, Jalna Municipal Corporation",,,,https://navbharatlive.com/maharashtra/nagpur/maharashtra-municipal-corporation-mayor-list-election-results-bjp-mahayuti-1562990.html,0.85,collected,2026-07-18
2650,H. Lalremtluanga,,,ZPM,,"Mayor, Aizawl Municipal Corporation",,,,https://amcmizoram.com/page/who-s-who,0.90,collected,2026-07-18
2651,Sanghamitra Dalei,,,BJD,,"Mayor, Berhampur Municipal Corporation",,,,https://en.wikipedia.org/wiki/List_of_urban_local_bodies_in_Odisha,0.75,collected,2026-07-18
2652,Sulochana Das,,,BJD,,"Mayor, Bhubaneswar Municipal Corporation",,,,https://www.bmc.gov.in/,0.90,collected,2026-07-18
2653,Subash Chandra Singh,,,BJD,,"Mayor, Cuttack Municipal Corporation",,,,https://en.wikipedia.org/wiki/Cuttack_Municipal_Corporation,0.80,collected,2026-07-18
2654,Inderjit Kaur,,,AAP,,"Mayor, Ludhiana Municipal Corporation",,,,https://mcludhiana.punjab.gov.in/Home/Index?lng=en&mcid=1010,0.90,collected,2026-07-18
2655,Jatinder Singh Moti Bhatia,,,AAP,,"Mayor, Amritsar Municipal Corporation",,,,https://timesofindia.indiatimes.com/city/chandigarh/aaps-jatinder-singh-moti-bhatia-elected-amritsar-mayor-amid-controversy-murder-of-democracy-cong/articleshow/117611000.cms,0.85,collected,2026-07-18
2656,Vaneet Dhir,,,AAP,,"Mayor, Jalandhar Municipal Corporation",,,,https://indianexpress.com/article/cities/chandigarh/ex-rss-worker-vaneet-dhir-jalandhar-first-aap-mayor-9774190/,0.85,collected,2026-07-18
2657,Kundan Gogia,,,AAP,,"Mayor, Patiala Municipal Corporation",,,,https://indianexpress.com/article/cities/chandigarh/aaps-kundan-gogia-unanimously-elected-as-patiala-mayor-9772714/,0.85,collected,2026-07-18
2658,Ram Pal Uppal,,,AAP,,"Mayor, Phagwara Municipal Corporation",,,,https://www.hindustantimes.com/cities/chandigarh-news/aaps-rampal-is-phagwara-mayor-101738432260322.html,0.85,collected,2026-07-18
2659,Padamjit Singh Mehta,,,AAP,,"Mayor, Bathinda Municipal Corporation",,,,https://indianexpress.com/article/cities/chandigarh/bathinda-barnala-municipal-corporation-elections-new-mayors-10735345/,0.90,collected,2026-07-18
2660,Bhupinder Singh Bajwa,,,AAP,,"Mayor, Batala Municipal Corporation",,,,https://theprint.in/india/punjab-aap-councillors-elected-mayors-of-barnala-batala-bathinda-moga-municipal-corporations/2957535/,0.90,collected,2026-07-18
2661,Sarabjit Singh Samana,,,AAP,,"Mayor, Mohali Municipal Corporation",,,,https://timesofindia.indiatimes.com/city/chandigarh/samana-becomes-youngest-mayor-of-mohali/articleshow/131619724.cms,0.90,collected,2026-07-18
2662,Vinaypal Kaur,,,AAP,,"Mayor, Moga Municipal Corporation",,,,https://www.tribuneindia.com/news/punjab/aaps-vinaypal-kaur-takes-charge-as-moga-municipal-corporation-mayor/,0.90,collected,2026-07-18
2663,Ganesh Kumar Sablaniya,,,AAP,,"Mayor, Abohar Municipal Corporation",,,,https://timesofindia.indiatimes.com/city/chandigarh/aap-bags-abohar-morinda-top-civic-posts-channi-cries-foul/articleshow/132319346.cms,0.80,collected,2026-07-18
2664,Narinder Singh Mansu,,,AAP,,"Mayor, Kapurthala Municipal Corporation",,,,https://timesofindia.indiatimes.com/city/chandigarh/aap-wins-kapurthala-mayoral-poll-despite-congress-majority/articleshow/132271019.cms,0.80,collected,2026-07-18
2665,Hasanpreet Bhardwaj,,,AAP,,"Mayor, Barnala Municipal Corporation",,,,https://theprint.in/india/punjab-aap-councillors-elected-mayors-of-barnala-batala-bathinda-moga-municipal-corporations/2957535/,0.90,collected,2026-07-18
2666,Tshering Palden Bhutia,,,SKM,,"Mayor, Gangtok Municipal Corporation",,,,https://gmc.sikkim.gov.in/,0.90,collected,2026-07-18
2667,R. Priya,,,DMK,,"Mayor, Greater Chennai Corporation",,,,https://chennaicorporation.gov.in/gcc/who-is-who/index_data.jsp,0.90,collected,2026-07-18
2668,Dipak Majumder,,,BJP,,"Mayor, Agartala Municipal Corporation",,,,https://tripurachronicle.in/local-news/amc-mayor-dipak-majumder-inspects-bypass-road-area-near-india-bangladesh-border/,0.85,collected,2026-07-18
2669,Archana Verma,,,BJP,,"Mayor, Shahjahanpur Municipal Corporation",,,,https://nagarnigamshahjahanpur.in/,0.90,collected,2026-07-18
2670,Saurabh Thapliyal,,,BJP,,"Mayor, Dehradun Municipal Corporation",,,,https://en.wikipedia.org/wiki/Dehradun_Municipal_Corporation,0.90,collected,2026-07-18
2671,Gajraj Singh Bisht,,,BJP,,"Mayor, Haldwani Municipal Corporation",,,,https://haldwaninagarnigam.com/Mayor,0.90,collected,2026-07-18
2672,Kiran Jaisal,,,BJP,,"Mayor, Haridwar Municipal Corporation",,,,https://reporterstoday.com/bjp-scores-big-victory-in-ulbs-elections-in-uttarakhand/,0.80,collected,2026-07-18
2673,Vikas Sharma,,,BJP,,"Mayor, Rudrapur Municipal Corporation",,,,https://reporterstoday.com/bjp-scores-big-victory-in-ulbs-elections-in-uttarakhand/,0.85,collected,2026-07-18
2674,Deepak Bali,,,BJP,,"Mayor, Kashipur Municipal Corporation",,,,https://reporterstoday.com/bjp-scores-big-victory-in-ulbs-elections-in-uttarakhand/,0.85,collected,2026-07-18
2675,Anita Agarwal,,,BJP,,"Mayor, Roorkee Municipal Corporation",,,,https://www.etnownews.com/news/uttarakhand-nikay-chunav-results-2025-live-municipal-election-winners-list-bjp-congress-mayor-nagar-panchayat-article-117570820,0.80,collected,2026-07-18
2676,Shambhu Paswan,,,BJP,,"Mayor, Rishikesh Municipal Corporation",,,,https://reporterstoday.com/bjp-scores-big-victory-in-ulbs-elections-in-uttarakhand/,0.85,collected,2026-07-18
2677,P. Gadeppa,,,INC,,"Mayor, Ballari City Corporation",,,,https://timesofindia.indiatimes.com/city/hubballi/gadeppa-pujar-elected-as-ballari-mayor-and-mubeena-his-deputy/articleshow/125351443.cms,0.70,collected,2026-07-18
2678,Dr. K.N. Anuradha,,,,,"District Magistrate / Collector, Bengaluru North (Karnataka)",,,,https://eedina.com/karnataka/dr-k-n-anuradha-assumes-charge-as-bangalore-rural-district-commissioner/2026-02-28/,0.85,collected,2026-07-18
2679,Yeshwanth V. Gurukar,,,,,"District Magistrate / Collector, Bengaluru South (Karnataka)",,,,https://bengalurusouth.nic.in/en/about-district/who-is-who/,0.90,collected,2026-07-18
2680,Angad Mehta,,,,,"Superintendent of Police, Keyi Panyor (Arunachal Pradesh)",,,,https://arunachaltimes.in/index.php/2026/07/09/central-team-assesses-flood-damage-in-keyi-panyor/,0.80,collected,2026-07-18
2681,Chandrakanth M.V.,,,,,"Superintendent of Police, Bengaluru North (Karnataka)",,,,https://timesofindia.indiatimes.com/city/bengaluru/major-ips-reshuffle-bengaluru-gets-five-new-dcps/articleshow/126277467.cms,0.85,collected,2026-07-18
2682,R. Srinivas Gowda,,,,,"Superintendent of Police, Bengaluru South (Karnataka)",,,,https://bengalurusouth.nic.in/en/about-district/who-is-who/,0.90,collected,2026-07-18
2683,Dr. Rai Singh Narwariya,,,,,"Superintendent of Police, Niwari (Madhya Pradesh)",,,,https://niwari.mppolice.gov.in/,0.85,collected,2026-07-18
2684,Nivedita Naidu,,,,,"Superintendent of Police, Panna (Madhya Pradesh)",,,,https://panna.nic.in/en/divisions/division-2/,0.90,collected,2026-07-18
2685,Shivam Siddharth,,,,,"Superintendent of Police, Hnahthial (Mizoram)",,,,https://police.mizoram.gov.in/senior-police-officers/,0.80,collected,2026-07-18
2686,Lokeshwaran R.,,,,,"Superintendent of Police, Lawngtlai (Mizoram)",,,,https://police.mizoram.gov.in/senior-police-officers/,0.70,collected,2026-07-18
2687,Manny Bhushan Singh,,,,,"Superintendent of Police, Saiha (Mizoram)",,,,https://police.mizoram.gov.in/senior-police-officers/,0.75,collected,2026-07-18
2688,Gaurav Tyagi,,,,,"Superintendent of Police, Saitual (Mizoram)",,,,https://police.mizoram.gov.in/senior-police-officers/,0.70,collected,2026-07-18
2689,Limatemsu Longkumer,,,,,"Superintendent of Police, Meluri (Nagaland)",,,,https://ipr.nagaland.gov.in/node/13737,0.85,collected,2026-07-18
2690,Rigzen Sandup,,,,,"Superintendent of Police, Zanskar (Ladakh)",,,,https://ladakh.gov.in/l-g-approved-the-appointment-of-dcs-and-sps-in-newly-created-districts-in-ladakh/,0.90,collected,2026-07-18
2691,Ishtyaq Ahmad,,,,,"Superintendent of Police, Drass (Ladakh)",,,,https://ladakh.gov.in/l-g-approved-the-appointment-of-dcs-and-sps-in-newly-created-districts-in-ladakh/,0.90,collected,2026-07-18
2692,Aijaz Malik,,,,,"Superintendent of Police, Sham (Ladakh)",,,,https://ladakh.gov.in/l-g-approved-the-appointment-of-dcs-and-sps-in-newly-created-districts-in-ladakh/,0.90,collected,2026-07-18
2693,Stanzin Losal,,,,,"Superintendent of Police, Nubra (Ladakh)",,,,https://ladakh.gov.in/l-g-approved-the-appointment-of-dcs-and-sps-in-newly-created-districts-in-ladakh/,0.90,collected,2026-07-18
2694,SZ Abbas Jaffari,,,,,"Superintendent of Police, Changthang (Ladakh)",,,,https://ladakh.gov.in/l-g-approved-the-appointment-of-dcs-and-sps-in-newly-created-districts-in-ladakh/,0.90,collected,2026-07-18
