id,body_id,jurisdiction_id,reports_to_position_id,title,position_type,branch,rank_level,is_vacant,description,source_url,confidence,data_status,last_verified_at
1,,1,,President of India,constitutional,executive,1,false,Head of State; supreme commander of the armed forces,https://www.presidentofindia.gov.in/,0.90,verified,2026-06-26
2,,1,,Vice President of India,constitutional,legislative,2,false,Ex-officio Chairman of the Rajya Sabha,https://vicepresidentofindia.nic.in/,0.90,verified,2026-06-26
3,1,1,,Prime Minister of India,political_executive,executive,3,false,Head of Government; chairs the Union Council of Ministers,https://www.pmindia.gov.in/en/,0.90,verified,2026-06-26
4,2,1,3,Minister of Home Affairs,political_executive,executive,4,false,Cabinet Minister heading the Ministry of Home Affairs,https://www.india.gov.in/directory/whos-who/council-of-ministers,0.80,collected,2026-06-26
5,3,1,3,Minister of Defence,political_executive,executive,4,false,Cabinet Minister heading the Ministry of Defence,https://www.india.gov.in/directory/whos-who/council-of-ministers,0.80,collected,2026-06-26
6,4,1,3,Minister of Finance,political_executive,executive,4,false,Cabinet Minister heading the Ministry of Finance,https://www.india.gov.in/directory/whos-who/council-of-ministers,0.75,collected,2026-06-26
7,5,1,3,Minister of Railways,political_executive,executive,4,false,Cabinet Minister heading the Ministry of Railways,https://www.india.gov.in/directory/whos-who/council-of-ministers,0.80,collected,2026-06-26
8,6,1,3,Minister of Education,political_executive,executive,4,false,Cabinet Minister heading the Ministry of Education,https://www.india.gov.in/directory/whos-who/council-of-ministers,0.80,collected,2026-06-26
9,2,1,4,Union Home Secretary,bureaucratic,administrative,6,false,Senior-most civil servant in the Ministry of Home Affairs,https://en.wikipedia.org/wiki/Govind_Mohan,0.80,collected,2026-06-26
10,7,1,3,Minister of Road Transport and Highways,political_executive,executive,4,false,"Cabinet Minister, Road Transport & Highways",https://en.wikipedia.org/wiki/Third_Modi_ministry,0.80,collected,2026-06-26
11,8,1,3,Minister of Health and Family Welfare,political_executive,executive,4,false,Cabinet Minister; also Chemicals & Fertilizers,https://en.wikipedia.org/wiki/Third_Modi_ministry,0.80,collected,2026-06-26
12,9,1,3,Minister of Agriculture and Farmers' Welfare,political_executive,executive,4,false,Cabinet Minister; also Rural Development,https://en.wikipedia.org/wiki/Third_Modi_ministry,0.80,collected,2026-06-26
13,10,1,3,Minister of External Affairs,political_executive,executive,4,false,"Cabinet Minister, External Affairs",https://en.wikipedia.org/wiki/Third_Modi_ministry,0.80,collected,2026-06-26
14,11,1,3,Minister of Power,political_executive,executive,4,false,Cabinet Minister; also Housing & Urban Affairs,https://en.wikipedia.org/wiki/Third_Modi_ministry,0.80,collected,2026-06-26
15,12,1,3,Minister of Heavy Industries,political_executive,executive,4,false,Cabinet Minister; also Steel,https://en.wikipedia.org/wiki/Third_Modi_ministry,0.80,collected,2026-06-26
16,13,1,3,Minister of Commerce and Industry,political_executive,executive,4,false,"Cabinet Minister, Commerce & Industry",https://en.wikipedia.org/wiki/Third_Modi_ministry,0.80,collected,2026-06-26
17,14,1,3,"Minister of Micro, Small and Medium Enterprises",political_executive,executive,4,false,"Cabinet Minister, MSME",https://en.wikipedia.org/wiki/Third_Modi_ministry,0.80,collected,2026-06-26
18,15,1,3,Minister of Panchayati Raj,political_executive,executive,4,false,"Cabinet Minister; also Fisheries, Animal Husbandry & Dairying",https://en.wikipedia.org/wiki/Third_Modi_ministry,0.80,collected,2026-06-26
19,16,1,3,"Minister of Ports, Shipping and Waterways",political_executive,executive,4,false,"Cabinet Minister, Ports/Shipping/Waterways",https://en.wikipedia.org/wiki/Third_Modi_ministry,0.80,collected,2026-06-26
20,17,1,3,Minister of Social Justice and Empowerment,political_executive,executive,4,false,"Cabinet Minister, Social Justice & Empowerment",https://en.wikipedia.org/wiki/Third_Modi_ministry,0.80,collected,2026-06-26
21,18,1,3,Minister of Civil Aviation,political_executive,executive,4,false,"Cabinet Minister, Civil Aviation",https://en.wikipedia.org/wiki/Third_Modi_ministry,0.80,collected,2026-06-26
22,19,1,3,"Minister of Consumer Affairs, Food and Public Distribution",political_executive,executive,4,false,Cabinet Minister; also New & Renewable Energy,https://en.wikipedia.org/wiki/Third_Modi_ministry,0.80,collected,2026-06-26
23,20,1,3,Minister of Tribal Affairs,political_executive,executive,4,false,"Cabinet Minister, Tribal Affairs",https://en.wikipedia.org/wiki/Third_Modi_ministry,0.80,collected,2026-06-26
24,21,1,3,Minister of Textiles,political_executive,executive,4,false,"Cabinet Minister, Textiles",https://en.wikipedia.org/wiki/Third_Modi_ministry,0.80,collected,2026-06-26
25,22,1,3,Minister of Communications,political_executive,executive,4,false,Cabinet Minister; also Development of North Eastern Region,https://en.wikipedia.org/wiki/Third_Modi_ministry,0.80,collected,2026-06-26
26,23,1,3,"Minister of Environment, Forest and Climate Change",political_executive,executive,4,false,"Cabinet Minister, Environment/Forest/Climate",https://en.wikipedia.org/wiki/Third_Modi_ministry,0.80,collected,2026-06-26
27,24,1,3,Minister of Culture,political_executive,executive,4,false,Cabinet Minister; also Tourism,https://en.wikipedia.org/wiki/Third_Modi_ministry,0.80,collected,2026-06-26
28,25,1,3,Minister of Women and Child Development,political_executive,executive,4,false,"Cabinet Minister, Women & Child Development",https://en.wikipedia.org/wiki/Third_Modi_ministry,0.80,collected,2026-06-26
29,26,1,3,Minister of Parliamentary Affairs,political_executive,executive,4,false,Cabinet Minister; also Minority Affairs,https://en.wikipedia.org/wiki/Third_Modi_ministry,0.80,collected,2026-06-26
30,27,1,3,Minister of Petroleum and Natural Gas,political_executive,executive,4,false,"Cabinet Minister, Petroleum & Natural Gas",https://en.wikipedia.org/wiki/Third_Modi_ministry,0.80,collected,2026-06-26
31,28,1,3,Minister of Labour and Employment,political_executive,executive,4,false,Cabinet Minister; also Youth Affairs & Sports,https://en.wikipedia.org/wiki/Third_Modi_ministry,0.80,collected,2026-06-26
32,29,1,3,Minister of Coal,political_executive,executive,4,false,Cabinet Minister; also Mines,https://en.wikipedia.org/wiki/Third_Modi_ministry,0.80,collected,2026-06-26
33,30,1,3,Minister of Food Processing Industries,political_executive,executive,4,false,"Cabinet Minister, Food Processing Industries",https://en.wikipedia.org/wiki/Third_Modi_ministry,0.80,collected,2026-06-26
34,31,1,3,Minister of Jal Shakti,political_executive,executive,4,false,"Cabinet Minister, Jal Shakti",https://en.wikipedia.org/wiki/Third_Modi_ministry,0.80,collected,2026-06-26
35,32,1,3,"Minister of State (Independent Charge), Statistics and Programme Implementation",political_executive,executive,4,false,MoS (IC); also Planning,https://en.wikipedia.org/wiki/Third_Modi_ministry,0.80,collected,2026-06-26
36,33,1,3,"Minister of State (Independent Charge), Science and Technology",political_executive,executive,4,false,"MoS (IC); also Earth Sciences, PMO, DoPT, Space, Atomic Energy",https://en.wikipedia.org/wiki/Third_Modi_ministry,0.80,collected,2026-06-26
37,34,1,3,"Minister of State (Independent Charge), Law and Justice",political_executive,executive,4,false,"MoS (IC), Law & Justice; also Parliamentary Affairs",https://en.wikipedia.org/wiki/Third_Modi_ministry,0.80,collected,2026-06-26
38,35,1,3,"Minister of State (Independent Charge), AYUSH",political_executive,executive,4,false,"MoS (IC), AYUSH; also Health & Family Welfare",https://en.wikipedia.org/wiki/Third_Modi_ministry,0.80,collected,2026-06-26
39,36,1,3,"Minister of State (Independent Charge), Skill Development and Entrepreneurship",political_executive,executive,4,false,MoS (IC); also Education,https://en.wikipedia.org/wiki/Third_Modi_ministry,0.80,collected,2026-06-26
40,,1,7,"Minister of State, Information & Broadcasting",political_executive,executive,5,false,"MoS, Information & Broadcasting; also Fisheries, Animal Husbandry & Dairying",https://en.wikipedia.org/wiki/Third_Modi_ministry,0.80,collected,2026-06-26
41,8,1,11,"Minister of State, Health & Family Welfare",political_executive,executive,5,false,"MoS, Health & Family Welfare; also Chemicals & Fertilizers",https://en.wikipedia.org/wiki/Third_Modi_ministry,0.80,collected,2026-06-26
42,6,1,8,"Minister of State, Education",political_executive,executive,5,false,"MoS, Education; also Development of North Eastern Region",https://en.wikipedia.org/wiki/Third_Modi_ministry,0.80,collected,2026-06-26
43,13,1,16,"Minister of State, Commerce & Industry",political_executive,executive,5,false,"MoS, Commerce & Industry; also Electronics & IT",https://en.wikipedia.org/wiki/Third_Modi_ministry,0.80,collected,2026-06-26
44,11,1,14,"Minister of State, Power",political_executive,executive,5,false,"MoS, Power; also New & Renewable Energy",https://en.wikipedia.org/wiki/Third_Modi_ministry,0.80,collected,2026-06-26
45,4,1,6,"Minister of State, Finance",political_executive,executive,5,false,"MoS, Finance",https://en.wikipedia.org/wiki/Third_Modi_ministry,0.80,collected,2026-06-26
46,,1,4,"Minister of State, Co-operation",political_executive,executive,5,false,"MoS, Co-operation",https://en.wikipedia.org/wiki/Third_Modi_ministry,0.80,collected,2026-06-26
47,17,1,20,"Minister of State, Social Justice & Empowerment",political_executive,executive,5,false,"MoS, Social Justice & Empowerment",https://en.wikipedia.org/wiki/Third_Modi_ministry,0.80,collected,2026-06-26
48,9,1,12,"Minister of State, Agriculture & Farmers Welfare",political_executive,executive,5,false,"MoS, Agriculture & Farmers Welfare",https://en.wikipedia.org/wiki/Third_Modi_ministry,0.80,collected,2026-06-26
49,2,1,4,"Minister of State, Home Affairs",political_executive,executive,5,false,"MoS, Home Affairs",https://en.wikipedia.org/wiki/Third_Modi_ministry,0.80,collected,2026-06-26
50,31,1,34,"Minister of State, Jal Shakti",political_executive,executive,5,false,"MoS, Jal Shakti; also Railways",https://en.wikipedia.org/wiki/Third_Modi_ministry,0.80,collected,2026-06-26
51,,1,12,"Minister of State, Rural Development",political_executive,executive,5,false,"MoS, Rural Development; also Communications",https://en.wikipedia.org/wiki/Third_Modi_ministry,0.80,collected,2026-06-26
52,15,1,18,"Minister of State, Fisheries, Animal Husbandry & Dairying",political_executive,executive,5,false,"MoS, Fisheries, Animal Husbandry & Dairying; also Panchayati Raj",https://en.wikipedia.org/wiki/Third_Modi_ministry,0.80,collected,2026-06-26
53,14,1,17,"Minister of State, MSME",political_executive,executive,5,false,"MoS, MSME; also Labour & Employment",https://en.wikipedia.org/wiki/Third_Modi_ministry,0.80,collected,2026-06-26
54,23,1,26,"Minister of State, Environment, Forest & Climate Change",political_executive,executive,5,false,"MoS, Environment, Forest & Climate Change; also External Affairs",https://en.wikipedia.org/wiki/Third_Modi_ministry,0.80,collected,2026-06-26
55,19,1,22,"Minister of State, Consumer Affairs, Food & PD",political_executive,executive,5,false,"MoS, Consumer Affairs, Food & PD; also Social Justice",https://en.wikipedia.org/wiki/Third_Modi_ministry,0.80,collected,2026-06-26
56,16,1,19,"Minister of State, Ports, Shipping & Waterways",political_executive,executive,5,false,"MoS, Ports, Shipping & Waterways",https://en.wikipedia.org/wiki/Third_Modi_ministry,0.80,collected,2026-06-26
57,27,1,30,"Minister of State, Petroleum & Natural Gas",political_executive,executive,5,false,"MoS, Petroleum & Natural Gas; also Tourism",https://en.wikipedia.org/wiki/Third_Modi_ministry,0.80,collected,2026-06-26
58,7,1,10,"Minister of State, Road Transport & Highways",political_executive,executive,5,false,"MoS, Road Transport & Highways",https://en.wikipedia.org/wiki/Third_Modi_ministry,0.80,collected,2026-06-26
59,2,1,4,"Minister of State, Home Affairs",political_executive,executive,5,false,"MoS, Home Affairs",https://en.wikipedia.org/wiki/Third_Modi_ministry,0.80,collected,2026-06-26
60,,1,12,"Minister of State, Rural Development",political_executive,executive,5,false,"MoS, Rural Development",https://en.wikipedia.org/wiki/Third_Modi_ministry,0.80,collected,2026-06-26
61,9,1,12,"Minister of State, Agriculture & Farmers Welfare",political_executive,executive,5,false,"MoS, Agriculture & Farmers Welfare",https://en.wikipedia.org/wiki/Third_Modi_ministry,0.80,collected,2026-06-26
62,29,1,32,"Minister of State, Coal",political_executive,executive,5,false,"MoS, Coal; also Mines",https://en.wikipedia.org/wiki/Third_Modi_ministry,0.80,collected,2026-06-26
63,3,1,5,"Minister of State, Defence",political_executive,executive,5,false,"MoS, Defence",https://en.wikipedia.org/wiki/Third_Modi_ministry,0.80,collected,2026-06-26
64,30,1,33,"Minister of State, Food Processing Industries",political_executive,executive,5,false,"MoS, Food Processing Industries; also Railways",https://en.wikipedia.org/wiki/Third_Modi_ministry,0.80,collected,2026-06-26
65,20,1,23,"Minister of State, Tribal Affairs",political_executive,executive,5,false,"MoS, Tribal Affairs",https://en.wikipedia.org/wiki/Third_Modi_ministry,0.80,collected,2026-06-26
66,,1,31,"Minister of State, Youth Affairs & Sports",political_executive,executive,5,false,"MoS, Youth Affairs & Sports",https://en.wikipedia.org/wiki/Third_Modi_ministry,0.80,collected,2026-06-26
67,25,1,28,"Minister of State, Women & Child Development",political_executive,executive,5,false,"MoS, Women & Child Development",https://en.wikipedia.org/wiki/Third_Modi_ministry,0.80,collected,2026-06-26
68,,1,14,"Minister of State, Housing & Urban Affairs",political_executive,executive,5,false,"MoS, Housing & Urban Affairs",https://en.wikipedia.org/wiki/Third_Modi_ministry,0.80,collected,2026-06-26
69,12,1,15,"Minister of State, Heavy Industries",political_executive,executive,5,false,"MoS, Heavy Industries; also Steel",https://en.wikipedia.org/wiki/Third_Modi_ministry,0.80,collected,2026-06-26
70,,1,6,"Minister of State, Corporate Affairs",political_executive,executive,5,false,"MoS, Corporate Affairs; also Road Transport & Highways",https://en.wikipedia.org/wiki/Third_Modi_ministry,0.80,collected,2026-06-26
71,18,1,21,"Minister of State, Civil Aviation",political_executive,executive,5,false,"MoS, Civil Aviation; also Co-operation",https://en.wikipedia.org/wiki/Third_Modi_ministry,0.80,collected,2026-06-26
72,,1,29,"Minister of State, Minority Affairs",political_executive,executive,5,false,"MoS, Minority Affairs; also Fisheries, Animal Husbandry & Dairying",https://en.wikipedia.org/wiki/Third_Modi_ministry,0.80,collected,2026-06-26
73,10,1,13,"Minister of State, External Affairs",political_executive,executive,5,false,"MoS, External Affairs; also Textiles",https://en.wikipedia.org/wiki/Third_Modi_ministry,0.80,collected,2026-06-26
74,19,1,22,"Minister of State, Consumer Affairs, Food & Public Distribution",political_executive,executive,5,false,"MoS, Consumer Affairs, Food & Public Distribution",https://en.wikipedia.org/wiki/Third_Modi_ministry,0.80,collected,2026-06-26
75,31,1,34,"Minister of State, Jal Shakti",political_executive,executive,5,false,"MoS, Jal Shakti",https://en.wikipedia.org/wiki/Third_Modi_ministry,0.80,collected,2026-06-26
76,,2,1,Governor of Andhra Pradesh,constitutional,executive,4,false,Constitutional head of Andhra Pradesh,https://en.wikipedia.org/wiki/List_of_current_Indian_governors,0.80,collected,2026-06-26
77,,2,76,Chief Minister of Andhra Pradesh,political_executive,executive,5,false,Head of Government of Andhra Pradesh,https://en.wikipedia.org/wiki/List_of_current_Indian_chief_ministers,0.80,collected,2026-06-26
78,,2,77,"Chief Secretary, Andhra Pradesh",bureaucratic,administrative,7,false,Senior-most civil servant of Andhra Pradesh,https://www.sarkaritel.com/chief-secretaries-of-states-union-territores/,0.85,collected,2026-06-26
79,,3,1,Governor of Arunachal Pradesh,constitutional,executive,4,false,Constitutional head of Arunachal Pradesh,https://en.wikipedia.org/wiki/List_of_current_Indian_governors,0.80,collected,2026-06-26
80,,3,79,Chief Minister of Arunachal Pradesh,political_executive,executive,5,false,Head of Government of Arunachal Pradesh,https://en.wikipedia.org/wiki/List_of_current_Indian_chief_ministers,0.80,collected,2026-06-26
81,,3,80,"Chief Secretary, Arunachal Pradesh",bureaucratic,administrative,7,false,Senior-most civil servant of Arunachal Pradesh,https://www.sarkaritel.com/chief-secretaries-of-states-union-territores/,0.85,collected,2026-06-26
82,,4,1,Governor of Assam,constitutional,executive,4,false,Constitutional head of Assam,https://en.wikipedia.org/wiki/List_of_current_Indian_governors,0.80,collected,2026-06-26
83,,4,82,Chief Minister of Assam,political_executive,executive,5,false,Head of Government of Assam,https://en.wikipedia.org/wiki/List_of_current_Indian_chief_ministers,0.80,collected,2026-06-26
84,,4,83,"Chief Secretary, Assam",bureaucratic,administrative,7,false,Senior-most civil servant of Assam,https://www.sarkaritel.com/chief-secretaries-of-states-union-territores/,0.85,collected,2026-06-26
85,,5,1,Governor of Bihar,constitutional,executive,4,false,Constitutional head of Bihar,https://en.wikipedia.org/wiki/List_of_current_Indian_governors,0.80,collected,2026-06-26
86,,5,85,Chief Minister of Bihar,political_executive,executive,5,false,Head of Government of Bihar,https://en.wikipedia.org/wiki/List_of_current_Indian_chief_ministers,0.80,collected,2026-06-26
87,,5,86,"Chief Secretary, Bihar",bureaucratic,administrative,7,false,Senior-most civil servant of Bihar,https://www.sarkaritel.com/chief-secretaries-of-states-union-territores/,0.85,collected,2026-06-26
88,,6,1,Governor of Chhattisgarh,constitutional,executive,4,false,Constitutional head of Chhattisgarh,https://en.wikipedia.org/wiki/List_of_current_Indian_governors,0.80,collected,2026-06-26
89,,6,88,Chief Minister of Chhattisgarh,political_executive,executive,5,false,Head of Government of Chhattisgarh,https://en.wikipedia.org/wiki/List_of_current_Indian_chief_ministers,0.80,collected,2026-06-26
90,,6,89,"Chief Secretary, Chhattisgarh",bureaucratic,administrative,7,false,Senior-most civil servant of Chhattisgarh,https://www.sarkaritel.com/chief-secretaries-of-states-union-territores/,0.85,collected,2026-06-26
91,,7,1,Governor of Goa,constitutional,executive,4,false,Constitutional head of Goa,https://en.wikipedia.org/wiki/List_of_current_Indian_governors,0.80,collected,2026-06-26
92,,7,91,Chief Minister of Goa,political_executive,executive,5,false,Head of Government of Goa,https://en.wikipedia.org/wiki/List_of_current_Indian_chief_ministers,0.80,collected,2026-06-26
93,,7,92,"Chief Secretary, Goa",bureaucratic,administrative,7,false,Senior-most civil servant of Goa,https://www.sarkaritel.com/chief-secretaries-of-states-union-territores/,0.85,collected,2026-06-26
94,,8,1,Governor of Gujarat,constitutional,executive,4,false,Constitutional head of Gujarat,https://en.wikipedia.org/wiki/List_of_current_Indian_governors,0.80,collected,2026-06-26
95,,8,94,Chief Minister of Gujarat,political_executive,executive,5,false,Head of Government of Gujarat,https://en.wikipedia.org/wiki/List_of_current_Indian_chief_ministers,0.80,collected,2026-06-26
96,,8,95,"Chief Secretary, Gujarat",bureaucratic,administrative,7,false,Senior-most civil servant of Gujarat,https://www.sarkaritel.com/chief-secretaries-of-states-union-territores/,0.85,collected,2026-06-26
97,,9,1,Governor of Haryana,constitutional,executive,4,false,Constitutional head of Haryana,https://en.wikipedia.org/wiki/List_of_current_Indian_governors,0.80,collected,2026-06-26
98,,9,97,Chief Minister of Haryana,political_executive,executive,5,false,Head of Government of Haryana,https://en.wikipedia.org/wiki/List_of_current_Indian_chief_ministers,0.80,collected,2026-06-26
99,,9,98,"Chief Secretary, Haryana",bureaucratic,administrative,7,false,Senior-most civil servant of Haryana,https://www.sarkaritel.com/chief-secretaries-of-states-union-territores/,0.85,collected,2026-06-26
100,,10,1,Governor of Himachal Pradesh,constitutional,executive,4,false,Constitutional head of Himachal Pradesh,https://en.wikipedia.org/wiki/List_of_current_Indian_governors,0.80,collected,2026-06-26
101,,10,100,Chief Minister of Himachal Pradesh,political_executive,executive,5,false,Head of Government of Himachal Pradesh,https://en.wikipedia.org/wiki/List_of_current_Indian_chief_ministers,0.80,collected,2026-06-26
102,,10,101,"Chief Secretary, Himachal Pradesh",bureaucratic,administrative,7,false,Senior-most civil servant of Himachal Pradesh,https://www.sarkaritel.com/chief-secretaries-of-states-union-territores/,0.85,collected,2026-06-26
103,,11,1,Governor of Jharkhand,constitutional,executive,4,false,Constitutional head of Jharkhand,https://en.wikipedia.org/wiki/List_of_current_Indian_governors,0.80,collected,2026-06-26
104,,11,103,Chief Minister of Jharkhand,political_executive,executive,5,false,Head of Government of Jharkhand,https://en.wikipedia.org/wiki/List_of_current_Indian_chief_ministers,0.80,collected,2026-06-26
105,,11,104,"Chief Secretary, Jharkhand",bureaucratic,administrative,7,false,Senior-most civil servant of Jharkhand,https://www.sarkaritel.com/chief-secretaries-of-states-union-territores/,0.85,collected,2026-06-26
106,,12,1,Governor of Karnataka,constitutional,executive,4,false,Constitutional head of Karnataka,https://en.wikipedia.org/wiki/List_of_current_Indian_governors,0.80,collected,2026-06-26
107,,12,106,Chief Minister of Karnataka,political_executive,executive,5,false,Head of Government of Karnataka,https://en.wikipedia.org/wiki/List_of_current_Indian_chief_ministers,0.80,collected,2026-06-26
108,,12,107,"Chief Secretary, Karnataka",bureaucratic,administrative,7,false,Senior-most civil servant of Karnataka,https://www.sarkaritel.com/chief-secretaries-of-states-union-territores/,0.85,collected,2026-06-26
109,,13,1,Governor of Kerala,constitutional,executive,4,false,Constitutional head of Kerala,https://en.wikipedia.org/wiki/List_of_current_Indian_governors,0.80,collected,2026-06-26
110,,13,109,Chief Minister of Kerala,political_executive,executive,5,false,Head of Government of Kerala,https://en.wikipedia.org/wiki/List_of_current_Indian_chief_ministers,0.80,collected,2026-06-26
111,,13,110,"Chief Secretary, Kerala",bureaucratic,administrative,7,false,Senior-most civil servant of Kerala,https://www.sarkaritel.com/chief-secretaries-of-states-union-territores/,0.85,collected,2026-06-26
112,,14,1,Governor of Madhya Pradesh,constitutional,executive,4,false,Constitutional head of Madhya Pradesh,https://en.wikipedia.org/wiki/List_of_current_Indian_governors,0.80,collected,2026-06-26
113,,14,112,Chief Minister of Madhya Pradesh,political_executive,executive,5,false,Head of Government of Madhya Pradesh,https://en.wikipedia.org/wiki/List_of_current_Indian_chief_ministers,0.80,collected,2026-06-26
114,,14,113,"Chief Secretary, Madhya Pradesh",bureaucratic,administrative,7,false,Senior-most civil servant of Madhya Pradesh,https://www.sarkaritel.com/chief-secretaries-of-states-union-territores/,0.85,collected,2026-06-26
115,,15,1,Governor of Maharashtra,constitutional,executive,4,false,Constitutional head of Maharashtra,https://en.wikipedia.org/wiki/List_of_current_Indian_governors,0.80,collected,2026-06-26
116,,15,115,Chief Minister of Maharashtra,political_executive,executive,5,false,Head of Government of Maharashtra,https://en.wikipedia.org/wiki/List_of_current_Indian_chief_ministers,0.80,collected,2026-06-26
117,,15,116,"Chief Secretary, Maharashtra",bureaucratic,administrative,7,false,Senior-most civil servant of Maharashtra,https://www.sarkaritel.com/chief-secretaries-of-states-union-territores/,0.85,collected,2026-06-26
118,,16,1,Governor of Manipur,constitutional,executive,4,false,Constitutional head of Manipur,https://en.wikipedia.org/wiki/List_of_current_Indian_governors,0.80,collected,2026-06-26
119,,16,118,Chief Minister of Manipur,political_executive,executive,5,false,Head of Government of Manipur,https://en.wikipedia.org/wiki/List_of_current_Indian_chief_ministers,0.80,collected,2026-06-26
120,,16,119,"Chief Secretary, Manipur",bureaucratic,administrative,7,false,Senior-most civil servant of Manipur,https://www.sarkaritel.com/chief-secretaries-of-states-union-territores/,0.85,collected,2026-06-26
121,,17,1,Governor of Meghalaya,constitutional,executive,4,false,Constitutional head of Meghalaya,https://en.wikipedia.org/wiki/List_of_current_Indian_governors,0.80,collected,2026-06-26
122,,17,121,Chief Minister of Meghalaya,political_executive,executive,5,false,Head of Government of Meghalaya,https://en.wikipedia.org/wiki/List_of_current_Indian_chief_ministers,0.80,collected,2026-06-26
123,,17,122,"Chief Secretary, Meghalaya",bureaucratic,administrative,7,false,Senior-most civil servant of Meghalaya,https://www.sarkaritel.com/chief-secretaries-of-states-union-territores/,0.85,collected,2026-06-26
124,,18,1,Governor of Mizoram,constitutional,executive,4,false,Constitutional head of Mizoram,https://en.wikipedia.org/wiki/List_of_current_Indian_governors,0.80,collected,2026-06-26
125,,18,124,Chief Minister of Mizoram,political_executive,executive,5,false,Head of Government of Mizoram,https://en.wikipedia.org/wiki/List_of_current_Indian_chief_ministers,0.80,collected,2026-06-26
126,,18,125,"Chief Secretary, Mizoram",bureaucratic,administrative,7,false,Senior-most civil servant of Mizoram,https://www.sarkaritel.com/chief-secretaries-of-states-union-territores/,0.85,collected,2026-06-26
127,,19,1,Governor of Nagaland,constitutional,executive,4,false,Constitutional head of Nagaland,https://en.wikipedia.org/wiki/List_of_current_Indian_governors,0.80,collected,2026-06-26
128,,19,127,Chief Minister of Nagaland,political_executive,executive,5,false,Head of Government of Nagaland,https://en.wikipedia.org/wiki/List_of_current_Indian_chief_ministers,0.80,collected,2026-06-26
129,,19,128,"Chief Secretary, Nagaland",bureaucratic,administrative,7,false,Senior-most civil servant of Nagaland,https://www.sarkaritel.com/chief-secretaries-of-states-union-territores/,0.85,collected,2026-06-26
130,,20,1,Governor of Odisha,constitutional,executive,4,false,Constitutional head of Odisha,https://en.wikipedia.org/wiki/List_of_current_Indian_governors,0.80,collected,2026-06-26
131,,20,130,Chief Minister of Odisha,political_executive,executive,5,false,Head of Government of Odisha,https://en.wikipedia.org/wiki/List_of_current_Indian_chief_ministers,0.80,collected,2026-06-26
132,,20,131,"Chief Secretary, Odisha",bureaucratic,administrative,7,false,Senior-most civil servant of Odisha,https://www.sarkaritel.com/chief-secretaries-of-states-union-territores/,0.85,collected,2026-06-26
133,,21,1,Governor of Punjab,constitutional,executive,4,false,Constitutional head of Punjab,https://en.wikipedia.org/wiki/List_of_current_Indian_governors,0.80,collected,2026-06-26
134,,21,133,Chief Minister of Punjab,political_executive,executive,5,false,Head of Government of Punjab,https://en.wikipedia.org/wiki/List_of_current_Indian_chief_ministers,0.80,collected,2026-06-26
135,,21,134,"Chief Secretary, Punjab",bureaucratic,administrative,7,false,Senior-most civil servant of Punjab,https://www.sarkaritel.com/chief-secretaries-of-states-union-territores/,0.85,collected,2026-06-26
136,,22,1,Governor of Rajasthan,constitutional,executive,4,false,Constitutional head of Rajasthan,https://en.wikipedia.org/wiki/List_of_current_Indian_governors,0.80,collected,2026-06-26
137,,22,136,Chief Minister of Rajasthan,political_executive,executive,5,false,Head of Government of Rajasthan,https://en.wikipedia.org/wiki/List_of_current_Indian_chief_ministers,0.80,collected,2026-06-26
138,,22,137,"Chief Secretary, Rajasthan",bureaucratic,administrative,7,false,Senior-most civil servant of Rajasthan,https://www.sarkaritel.com/chief-secretaries-of-states-union-territores/,0.85,collected,2026-06-26
139,,23,1,Governor of Sikkim,constitutional,executive,4,false,Constitutional head of Sikkim,https://en.wikipedia.org/wiki/List_of_current_Indian_governors,0.80,collected,2026-06-26
140,,23,139,Chief Minister of Sikkim,political_executive,executive,5,false,Head of Government of Sikkim,https://en.wikipedia.org/wiki/List_of_current_Indian_chief_ministers,0.80,collected,2026-06-26
141,,23,140,"Chief Secretary, Sikkim",bureaucratic,administrative,7,false,Senior-most civil servant of Sikkim,https://www.sarkaritel.com/chief-secretaries-of-states-union-territores/,0.85,collected,2026-06-26
142,,24,1,Governor of Tamil Nadu,constitutional,executive,4,false,Constitutional head of Tamil Nadu,https://en.wikipedia.org/wiki/List_of_current_Indian_governors,0.80,collected,2026-06-26
143,,24,142,Chief Minister of Tamil Nadu,political_executive,executive,5,false,Head of Government of Tamil Nadu,https://en.wikipedia.org/wiki/List_of_current_Indian_chief_ministers,0.80,collected,2026-06-26
144,,24,143,"Chief Secretary, Tamil Nadu",bureaucratic,administrative,7,false,Senior-most civil servant of Tamil Nadu,https://www.sarkaritel.com/chief-secretaries-of-states-union-territores/,0.85,collected,2026-06-26
145,,25,1,Governor of Telangana,constitutional,executive,4,false,Constitutional head of Telangana,https://en.wikipedia.org/wiki/List_of_current_Indian_governors,0.80,collected,2026-06-26
146,,25,145,Chief Minister of Telangana,political_executive,executive,5,false,Head of Government of Telangana,https://en.wikipedia.org/wiki/List_of_current_Indian_chief_ministers,0.80,collected,2026-06-26
147,,25,146,"Chief Secretary, Telangana",bureaucratic,administrative,7,false,Senior-most civil servant of Telangana,https://www.sarkaritel.com/chief-secretaries-of-states-union-territores/,0.85,collected,2026-06-26
148,,26,1,Governor of Tripura,constitutional,executive,4,false,Constitutional head of Tripura,https://en.wikipedia.org/wiki/List_of_current_Indian_governors,0.80,collected,2026-06-26
149,,26,148,Chief Minister of Tripura,political_executive,executive,5,false,Head of Government of Tripura,https://en.wikipedia.org/wiki/List_of_current_Indian_chief_ministers,0.80,collected,2026-06-26
150,,26,149,"Chief Secretary, Tripura",bureaucratic,administrative,7,false,Senior-most civil servant of Tripura,https://www.sarkaritel.com/chief-secretaries-of-states-union-territores/,0.85,collected,2026-06-26
151,,27,1,Governor of Uttarakhand,constitutional,executive,4,false,Constitutional head of Uttarakhand,https://en.wikipedia.org/wiki/List_of_current_Indian_governors,0.80,collected,2026-06-26
152,,27,151,Chief Minister of Uttarakhand,political_executive,executive,5,false,Head of Government of Uttarakhand,https://en.wikipedia.org/wiki/List_of_current_Indian_chief_ministers,0.80,collected,2026-06-26
153,,27,152,"Chief Secretary, Uttarakhand",bureaucratic,administrative,7,false,Senior-most civil servant of Uttarakhand,https://www.sarkaritel.com/chief-secretaries-of-states-union-territores/,0.85,collected,2026-06-26
154,,28,1,Governor of Uttar Pradesh,constitutional,executive,4,false,Constitutional head of Uttar Pradesh,https://en.wikipedia.org/wiki/List_of_current_Indian_governors,0.80,collected,2026-06-26
155,,28,154,Chief Minister of Uttar Pradesh,political_executive,executive,5,false,Head of Government of Uttar Pradesh,https://en.wikipedia.org/wiki/List_of_current_Indian_chief_ministers,0.80,collected,2026-06-26
156,,28,155,"Chief Secretary, Uttar Pradesh",bureaucratic,administrative,7,false,Senior-most civil servant of Uttar Pradesh,https://www.sarkaritel.com/chief-secretaries-of-states-union-territores/,0.85,collected,2026-06-26
157,,29,1,Governor of West Bengal,constitutional,executive,4,false,Constitutional head of West Bengal,https://en.wikipedia.org/wiki/List_of_current_Indian_governors,0.80,collected,2026-06-26
158,,29,157,Chief Minister of West Bengal,political_executive,executive,5,false,Head of Government of West Bengal,https://en.wikipedia.org/wiki/List_of_current_Indian_chief_ministers,0.80,collected,2026-06-26
159,,29,158,"Chief Secretary, West Bengal",bureaucratic,administrative,7,false,Senior-most civil servant of West Bengal,https://www.sarkaritel.com/chief-secretaries-of-states-union-territores/,0.85,collected,2026-06-26
160,,30,1,Lieutenant Governor of Delhi,constitutional,executive,4,false,Constitutional head of Delhi (NCT),https://en.wikipedia.org/wiki/List_of_current_Indian_lieutenant_governors_and_administrators,0.80,collected,2026-06-26
161,,30,160,Chief Minister of Delhi,political_executive,executive,5,false,Head of Government of Delhi (NCT),https://en.wikipedia.org/wiki/List_of_current_Indian_chief_ministers,0.80,collected,2026-06-26
162,,30,161,"Chief Secretary, Delhi",bureaucratic,administrative,7,false,Senior-most civil servant of Delhi (NCT),https://www.sarkaritel.com/chief-secretaries-of-states-union-territores/,0.85,collected,2026-06-26
163,,31,1,Lieutenant Governor of Jammu and Kashmir,constitutional,executive,4,false,Constitutional head of Jammu and Kashmir,https://en.wikipedia.org/wiki/List_of_current_Indian_lieutenant_governors_and_administrators,0.80,collected,2026-06-26
164,,31,163,Chief Minister of Jammu and Kashmir,political_executive,executive,5,false,Head of Government of Jammu and Kashmir,https://en.wikipedia.org/wiki/List_of_current_Indian_chief_ministers,0.80,collected,2026-06-26
165,,31,164,"Chief Secretary, Jammu and Kashmir",bureaucratic,administrative,7,false,Senior-most civil servant of Jammu and Kashmir,https://www.sarkaritel.com/chief-secretaries-of-states-union-territores/,0.85,collected,2026-06-26
166,,32,1,Lieutenant Governor of Puducherry,constitutional,executive,4,false,Constitutional head of Puducherry,https://en.wikipedia.org/wiki/List_of_current_Indian_lieutenant_governors_and_administrators,0.80,collected,2026-06-26
167,,32,166,Chief Minister of Puducherry,political_executive,executive,5,false,Head of Government of Puducherry,https://en.wikipedia.org/wiki/List_of_current_Indian_chief_ministers,0.80,collected,2026-06-26
168,,32,167,"Chief Secretary, Puducherry",bureaucratic,administrative,7,false,Senior-most civil servant of Puducherry,https://www.sarkaritel.com/chief-secretaries-of-states-union-territores/,0.85,collected,2026-06-26
169,,33,1,Lieutenant Governor of Andaman and Nicobar Islands,appointed,executive,4,false,Constitutional head / chief executive of Andaman and Nicobar Islands,https://andamannicobar.gov.in/,0.75,collected,2026-06-26
170,,34,1,Lieutenant Governor of Ladakh,appointed,executive,4,false,Constitutional head / chief executive of Ladakh,https://en.wikipedia.org/wiki/List_of_current_Indian_lieutenant_governors_and_administrators,0.80,collected,2026-06-26
171,,35,1,Administrator of Chandigarh,appointed,executive,4,false,Constitutional head / chief executive of Chandigarh,https://en.wikipedia.org/wiki/List_of_current_Indian_lieutenant_governors_and_administrators,0.80,collected,2026-06-26
172,,36,1,Administrator of Dadra and Nagar Haveli and Daman and Diu,appointed,executive,4,false,Constitutional head / chief executive of Dadra and Nagar Haveli and Daman and Diu,https://en.wikipedia.org/wiki/List_of_current_Indian_lieutenant_governors_and_administrators,0.80,collected,2026-06-26
173,,37,1,Administrator of Lakshadweep,appointed,executive,4,false,Constitutional head / chief executive of Lakshadweep,https://en.wikipedia.org/wiki/List_of_current_Indian_lieutenant_governors_and_administrators,0.80,collected,2026-06-26
174,,2,77,Deputy Chief Minister of Andhra Pradesh,political_executive,executive,6,false,Deputy CM of Andhra Pradesh,https://en.wikipedia.org/wiki/List_of_current_Indian_deputy_chief_ministers,0.80,collected,2026-06-26
175,,3,80,Deputy Chief Minister of Arunachal Pradesh,political_executive,executive,6,false,Deputy CM of Arunachal Pradesh,https://en.wikipedia.org/wiki/List_of_current_Indian_deputy_chief_ministers,0.80,collected,2026-06-26
176,,5,86,Deputy Chief Minister of Bihar,political_executive,executive,6,false,Deputy Chief Minister of Bihar,https://en.wikipedia.org/wiki/Samrat_Choudhary,0.85,collected,2026-06-26
177,,5,86,Deputy Chief Minister of Bihar,political_executive,executive,6,false,Deputy Chief Minister of Bihar,https://en.wikipedia.org/wiki/Samrat_Choudhary,0.85,collected,2026-06-26
178,,6,89,Deputy Chief Minister of Chhattisgarh,political_executive,executive,6,false,Deputy CM of Chhattisgarh,https://en.wikipedia.org/wiki/List_of_current_Indian_deputy_chief_ministers,0.80,collected,2026-06-26
179,,6,89,Deputy Chief Minister of Chhattisgarh,political_executive,executive,6,false,Deputy CM of Chhattisgarh,https://en.wikipedia.org/wiki/List_of_current_Indian_deputy_chief_ministers,0.80,collected,2026-06-26
180,,8,95,Deputy Chief Minister of Gujarat,political_executive,executive,6,false,Deputy CM of Gujarat,https://en.wikipedia.org/wiki/List_of_current_Indian_deputy_chief_ministers,0.80,collected,2026-06-26
181,,10,101,Deputy Chief Minister of Himachal Pradesh,political_executive,executive,6,false,Deputy CM of Himachal Pradesh,https://en.wikipedia.org/wiki/List_of_current_Indian_deputy_chief_ministers,0.80,collected,2026-06-26
182,,31,164,Deputy Chief Minister of Jammu and Kashmir,political_executive,executive,6,false,Deputy CM of Jammu and Kashmir,https://en.wikipedia.org/wiki/List_of_current_Indian_deputy_chief_ministers,0.80,collected,2026-06-26
183,,12,107,Deputy Chief Minister of Karnataka,political_executive,executive,6,false,Deputy CM of Karnataka,https://en.wikipedia.org/wiki/List_of_current_Indian_deputy_chief_ministers,0.80,collected,2026-06-26
184,,14,113,Deputy Chief Minister of Madhya Pradesh,political_executive,executive,6,false,Deputy CM of Madhya Pradesh,https://en.wikipedia.org/wiki/List_of_current_Indian_deputy_chief_ministers,0.80,collected,2026-06-26
185,,14,113,Deputy Chief Minister of Madhya Pradesh,political_executive,executive,6,false,Deputy CM of Madhya Pradesh,https://en.wikipedia.org/wiki/List_of_current_Indian_deputy_chief_ministers,0.80,collected,2026-06-26
186,,15,116,Deputy Chief Minister of Maharashtra,political_executive,executive,6,false,Deputy CM of Maharashtra,https://en.wikipedia.org/wiki/List_of_current_Indian_deputy_chief_ministers,0.80,collected,2026-06-26
187,,15,116,Deputy Chief Minister of Maharashtra,political_executive,executive,6,false,Deputy CM of Maharashtra,https://en.wikipedia.org/wiki/List_of_current_Indian_deputy_chief_ministers,0.80,collected,2026-06-26
188,,16,119,Deputy Chief Minister of Manipur,political_executive,executive,6,false,Deputy CM of Manipur,https://en.wikipedia.org/wiki/List_of_current_Indian_deputy_chief_ministers,0.80,collected,2026-06-26
189,,16,119,Deputy Chief Minister of Manipur,political_executive,executive,6,false,Deputy CM of Manipur,https://en.wikipedia.org/wiki/List_of_current_Indian_deputy_chief_ministers,0.80,collected,2026-06-26
190,,17,122,Deputy Chief Minister of Meghalaya,political_executive,executive,6,false,Deputy CM of Meghalaya,https://en.wikipedia.org/wiki/List_of_current_Indian_deputy_chief_ministers,0.80,collected,2026-06-26
191,,17,122,Deputy Chief Minister of Meghalaya,political_executive,executive,6,false,Deputy CM of Meghalaya,https://en.wikipedia.org/wiki/List_of_current_Indian_deputy_chief_ministers,0.80,collected,2026-06-26
192,,19,128,Deputy Chief Minister of Nagaland,political_executive,executive,6,false,Deputy CM of Nagaland,https://en.wikipedia.org/wiki/List_of_current_Indian_deputy_chief_ministers,0.80,collected,2026-06-26
193,,19,128,Deputy Chief Minister of Nagaland,political_executive,executive,6,false,Deputy CM of Nagaland,https://en.wikipedia.org/wiki/List_of_current_Indian_deputy_chief_ministers,0.80,collected,2026-06-26
194,,20,131,Deputy Chief Minister of Odisha,political_executive,executive,6,false,Deputy CM of Odisha,https://en.wikipedia.org/wiki/List_of_current_Indian_deputy_chief_ministers,0.80,collected,2026-06-26
195,,20,131,Deputy Chief Minister of Odisha,political_executive,executive,6,false,Deputy CM of Odisha,https://en.wikipedia.org/wiki/List_of_current_Indian_deputy_chief_ministers,0.80,collected,2026-06-26
196,,22,137,Deputy Chief Minister of Rajasthan,political_executive,executive,6,false,Deputy CM of Rajasthan,https://en.wikipedia.org/wiki/List_of_current_Indian_deputy_chief_ministers,0.80,collected,2026-06-26
197,,22,137,Deputy Chief Minister of Rajasthan,political_executive,executive,6,false,Deputy CM of Rajasthan,https://en.wikipedia.org/wiki/List_of_current_Indian_deputy_chief_ministers,0.80,collected,2026-06-26
198,,24,143,Deputy Chief Minister of Tamil Nadu,political_executive,executive,6,true,Deputy CM of Tamil Nadu,https://images.assettype.com/dt-next/2026-05-21/mgqcw36i/Lok_Bhavan__Tamil_Nadu_Press_Release_No__40_Dated__21_05_2026___Tamil_Nadu_Ministers_Portfolio_List_.pdf,0.80,collected,2026-07-03
199,,25,146,Deputy Chief Minister of Telangana,political_executive,executive,6,false,Deputy CM of Telangana,https://en.wikipedia.org/wiki/List_of_current_Indian_deputy_chief_ministers,0.80,collected,2026-06-26
200,,28,155,Deputy Chief Minister of Uttar Pradesh,political_executive,executive,6,false,Deputy CM of Uttar Pradesh,https://en.wikipedia.org/wiki/List_of_current_Indian_deputy_chief_ministers,0.80,collected,2026-06-26
201,,28,155,Deputy Chief Minister of Uttar Pradesh,political_executive,executive,6,false,Deputy CM of Uttar Pradesh,https://en.wikipedia.org/wiki/List_of_current_Indian_deputy_chief_ministers,0.80,collected,2026-06-26
202,37,1,,Chief Justice of India,constitutional,judicial,2,false,Head of the Indian judiciary,https://www.sci.gov.in/chief-justice-judges/,0.85,collected,2026-06-26
203,38,1,,Chief Election Commissioner of India,constitutional,administrative,3,false,Head of the Election Commission of India,https://en.wikipedia.org/wiki/Chief_Election_Commissioner_of_India,0.80,collected,2026-06-26
204,39,1,,Comptroller and Auditor General of India,constitutional,administrative,3,false,Audits government accounts,https://en.wikipedia.org/wiki/List_of_office-holders_in_the_Government_of_India,0.80,collected,2026-06-26
205,40,1,,Attorney General for India,appointed,judicial,3,false,Chief legal adviser to the Govt of India,https://en.wikipedia.org/wiki/List_of_office-holders_in_the_Government_of_India,0.80,collected,2026-06-26
206,41,1,,Speaker of the Lok Sabha,constitutional,legislative,3,false,Presiding officer of the Lok Sabha,https://www.pmindia.gov.in/en/news_updates/pm-congratulates-shri-om-birla-on-being-elected-as-speaker-of-lok-sabha/,0.85,collected,2026-06-26
207,43,1,3,Cabinet Secretary of India,bureaucratic,administrative,5,false,Senior-most civil servant; head of the civil services,https://en.wikipedia.org/wiki/Cabinet_Secretary_(India),0.80,collected,2026-06-26
208,1,1,3,Principal Secretary to the Prime Minister,bureaucratic,administrative,5,false,Top-most official in the PMO,https://www.pmindia.gov.in/en/list-of-officers-pmo/,0.80,collected,2026-06-26
209,1,1,3,Principal Secretary-2 to the Prime Minister,bureaucratic,administrative,5,false,Second Principal Secretary in the PMO,https://www.pmindia.gov.in/en/list-of-officers-pmo/,0.80,collected,2026-06-26
210,,28,155,Minister of Uttar Pradesh (Finance; Parliamentary Affairs),political_executive,executive,6,false,"Minister, Govt of Uttar Pradesh - Finance; Parliamentary Affairs",https://en.wikipedia.org/wiki/Second_Yogi_Adityanath_ministry,0.75,collected,2026-06-26
211,,28,155,Minister of Uttar Pradesh (Agriculture),political_executive,executive,6,false,"Minister, Govt of Uttar Pradesh - Agriculture",https://en.wikipedia.org/wiki/Second_Yogi_Adityanath_ministry,0.75,collected,2026-06-26
212,,28,155,Minister of Uttar Pradesh (Jal Shakti),political_executive,executive,6,false,"Minister, Govt of Uttar Pradesh - Jal Shakti",https://en.wikipedia.org/wiki/Second_Yogi_Adityanath_ministry,0.75,collected,2026-06-26
213,,28,155,Minister of Uttar Pradesh (Women & Child Development),political_executive,executive,6,false,"Minister, Govt of Uttar Pradesh - Women & Child Development",https://en.wikipedia.org/wiki/Second_Yogi_Adityanath_ministry,0.75,collected,2026-06-26
214,,28,155,Minister of Uttar Pradesh (Sugarcane Development & Sugar Mills),political_executive,executive,6,false,"Minister, Govt of Uttar Pradesh - Sugarcane Development & Sugar Mills",https://en.wikipedia.org/wiki/Second_Yogi_Adityanath_ministry,0.75,collected,2026-06-26
215,,28,155,Minister of Uttar Pradesh (Tourism & Culture),political_executive,executive,6,false,"Minister, Govt of Uttar Pradesh - Tourism & Culture",https://en.wikipedia.org/wiki/Second_Yogi_Adityanath_ministry,0.75,collected,2026-06-26
216,,28,155,Minister of Uttar Pradesh (Animal Husbandry & Dairying),political_executive,executive,6,false,"Minister, Govt of Uttar Pradesh - Animal Husbandry & Dairying",https://en.wikipedia.org/wiki/Second_Yogi_Adityanath_ministry,0.75,collected,2026-06-26
217,,28,155,Minister of Uttar Pradesh (Panchayati Raj; Minority Welfare),political_executive,executive,6,false,"Minister, Govt of Uttar Pradesh - Panchayati Raj; Minority Welfare",https://en.wikipedia.org/wiki/Second_Yogi_Adityanath_ministry,0.75,collected,2026-06-26
218,,28,155,Minister of Uttar Pradesh (Industrial Development),political_executive,executive,6,false,"Minister, Govt of Uttar Pradesh - Industrial Development",https://en.wikipedia.org/wiki/Second_Yogi_Adityanath_ministry,0.75,collected,2026-06-26
219,,28,155,Minister of Uttar Pradesh (Labour & Employment),political_executive,executive,6,false,"Minister, Govt of Uttar Pradesh - Labour & Employment",https://en.wikipedia.org/wiki/Second_Yogi_Adityanath_ministry,0.75,collected,2026-06-26
220,,28,155,Minister of Uttar Pradesh (MSME),political_executive,executive,6,false,"Minister, Govt of Uttar Pradesh - MSME",https://en.wikipedia.org/wiki/Second_Yogi_Adityanath_ministry,0.75,collected,2026-06-26
221,,28,155,Minister of Uttar Pradesh (Urban Development & Energy),political_executive,executive,6,false,"Minister, Govt of Uttar Pradesh - Urban Development & Energy",https://en.wikipedia.org/wiki/Second_Yogi_Adityanath_ministry,0.75,collected,2026-06-26
222,,28,155,Minister of Uttar Pradesh (Higher Education),political_executive,executive,6,false,"Minister, Govt of Uttar Pradesh - Higher Education",https://en.wikipedia.org/wiki/Second_Yogi_Adityanath_ministry,0.75,collected,2026-06-26
223,,28,155,Minister of Uttar Pradesh (Technical Education),political_executive,executive,6,false,"Minister, Govt of Uttar Pradesh - Technical Education",https://en.wikipedia.org/wiki/Second_Yogi_Adityanath_ministry,0.75,collected,2026-06-26
224,,28,155,Minister of Uttar Pradesh (Fisheries),political_executive,executive,6,false,"Minister, Govt of Uttar Pradesh - Fisheries",https://en.wikipedia.org/wiki/Second_Yogi_Adityanath_ministry,0.75,collected,2026-06-26
225,,28,155,Minister of State (Independent Charge) of Uttar Pradesh (Prisons (Independent Charge)),political_executive,executive,7,false,"Minister of State (Independent Charge), Govt of Uttar Pradesh - Prisons (Independent Charge)",https://en.wikipedia.org/wiki/Second_Yogi_Adityanath_ministry,0.75,collected,2026-06-26
226,,28,155,Minister of State (Independent Charge) of Uttar Pradesh (Excise & Liquor Prohibition),political_executive,executive,7,false,"Minister of State (Independent Charge), Govt of Uttar Pradesh - Excise & Liquor Prohibition",https://en.wikipedia.org/wiki/Second_Yogi_Adityanath_ministry,0.75,collected,2026-06-26
227,,28,155,Minister of State (Independent Charge) of Uttar Pradesh (Vocational Education & Skill Development),political_executive,executive,7,false,"Minister of State (Independent Charge), Govt of Uttar Pradesh - Vocational Education & Skill Development",https://en.wikipedia.org/wiki/Second_Yogi_Adityanath_ministry,0.75,collected,2026-06-26
228,,28,155,"Minister of State (Independent Charge) of Uttar Pradesh (Stamp, Court Fees & Registration)",political_executive,executive,7,false,"Minister of State (Independent Charge), Govt of Uttar Pradesh - Stamp, Court Fees & Registration",https://en.wikipedia.org/wiki/Second_Yogi_Adityanath_ministry,0.75,collected,2026-06-26
229,,28,155,Minister of State (Independent Charge) of Uttar Pradesh (Basic Education),political_executive,executive,7,false,"Minister of State (Independent Charge), Govt of Uttar Pradesh - Basic Education",https://en.wikipedia.org/wiki/Second_Yogi_Adityanath_ministry,0.75,collected,2026-06-26
230,,28,155,Minister of State (Independent Charge) of Uttar Pradesh (Secondary Education),political_executive,executive,7,false,"Minister of State (Independent Charge), Govt of Uttar Pradesh - Secondary Education",https://en.wikipedia.org/wiki/Second_Yogi_Adityanath_ministry,0.75,collected,2026-06-26
231,,28,155,Minister of State (Independent Charge) of Uttar Pradesh (Sports & Youth Affairs),political_executive,executive,7,false,"Minister of State (Independent Charge), Govt of Uttar Pradesh - Sports & Youth Affairs",https://en.wikipedia.org/wiki/Second_Yogi_Adityanath_ministry,0.75,collected,2026-06-26
232,,28,155,Minister of State (Independent Charge) of Uttar Pradesh (Civil Defence & Home Guards),political_executive,executive,7,false,"Minister of State (Independent Charge), Govt of Uttar Pradesh - Civil Defence & Home Guards",https://en.wikipedia.org/wiki/Second_Yogi_Adityanath_ministry,0.75,collected,2026-06-26
233,,28,155,Minister of State (Independent Charge) of Uttar Pradesh (Social Welfare; SC/ST Welfare),political_executive,executive,7,false,"Minister of State (Independent Charge), Govt of Uttar Pradesh - Social Welfare; SC/ST Welfare",https://en.wikipedia.org/wiki/Second_Yogi_Adityanath_ministry,0.75,collected,2026-06-26
234,,28,155,Minister of State (Independent Charge) of Uttar Pradesh (Co-operation),political_executive,executive,7,false,"Minister of State (Independent Charge), Govt of Uttar Pradesh - Co-operation",https://en.wikipedia.org/wiki/Second_Yogi_Adityanath_ministry,0.75,collected,2026-06-26
235,,28,155,Minister of State (Independent Charge) of Uttar Pradesh (Transport),political_executive,executive,7,false,"Minister of State (Independent Charge), Govt of Uttar Pradesh - Transport",https://en.wikipedia.org/wiki/Second_Yogi_Adityanath_ministry,0.75,collected,2026-06-26
236,,28,155,Minister of State (Independent Charge) of Uttar Pradesh (Backward Classes Welfare),political_executive,executive,7,false,"Minister of State (Independent Charge), Govt of Uttar Pradesh - Backward Classes Welfare",https://en.wikipedia.org/wiki/Second_Yogi_Adityanath_ministry,0.75,collected,2026-06-26
237,,28,155,Minister of State (Independent Charge) of Uttar Pradesh (Horticulture),political_executive,executive,7,false,"Minister of State (Independent Charge), Govt of Uttar Pradesh - Horticulture",https://en.wikipedia.org/wiki/Second_Yogi_Adityanath_ministry,0.75,collected,2026-06-26
238,,28,155,Minister of State (Independent Charge) of Uttar Pradesh (Environment & Forest),political_executive,executive,7,false,"Minister of State (Independent Charge), Govt of Uttar Pradesh - Environment & Forest",https://en.wikipedia.org/wiki/Second_Yogi_Adityanath_ministry,0.75,collected,2026-06-26
239,,28,155,Minister of State (Independent Charge) of Uttar Pradesh (AYUSH),political_executive,executive,7,false,"Minister of State (Independent Charge), Govt of Uttar Pradesh - AYUSH",https://en.wikipedia.org/wiki/Second_Yogi_Adityanath_ministry,0.75,collected,2026-06-26
240,,28,155,Minister of State (Independent Charge) of Uttar Pradesh (Electronics & Information Technology),political_executive,executive,7,false,"Minister of State (Independent Charge), Govt of Uttar Pradesh - Electronics & Information Technology",https://en.wikipedia.org/wiki/Second_Yogi_Adityanath_ministry,0.75,collected,2026-06-26
241,,28,155,Minister of State (Independent Charge) of Uttar Pradesh (Science & Technology),political_executive,executive,7,false,"Minister of State (Independent Charge), Govt of Uttar Pradesh - Science & Technology",https://en.wikipedia.org/wiki/Second_Yogi_Adityanath_ministry,0.75,collected,2026-06-26
242,,28,155,Minister of State of Uttar Pradesh (Medical Education),political_executive,executive,7,false,"Minister of State, Govt of Uttar Pradesh - Medical Education",https://en.wikipedia.org/wiki/Second_Yogi_Adityanath_ministry,0.75,collected,2026-06-26
243,,28,155,Minister of State of Uttar Pradesh (Jal Shakti),political_executive,executive,7,false,"Minister of State, Govt of Uttar Pradesh - Jal Shakti",https://en.wikipedia.org/wiki/Second_Yogi_Adityanath_ministry,0.75,collected,2026-06-26
244,,28,155,Minister of State of Uttar Pradesh (Social Welfare),political_executive,executive,7,false,"Minister of State, Govt of Uttar Pradesh - Social Welfare",https://en.wikipedia.org/wiki/Second_Yogi_Adityanath_ministry,0.75,collected,2026-06-26
245,,28,155,Minister of State of Uttar Pradesh (Agriculture),political_executive,executive,7,false,"Minister of State, Govt of Uttar Pradesh - Agriculture",https://en.wikipedia.org/wiki/Second_Yogi_Adityanath_ministry,0.75,collected,2026-06-26
246,,28,155,Minister of State of Uttar Pradesh (Science & Technology),political_executive,executive,7,false,"Minister of State, Govt of Uttar Pradesh - Science & Technology",https://en.wikipedia.org/wiki/Second_Yogi_Adityanath_ministry,0.75,collected,2026-06-26
247,,28,155,Minister of State of Uttar Pradesh (Industrial Development),political_executive,executive,7,false,"Minister of State, Govt of Uttar Pradesh - Industrial Development",https://en.wikipedia.org/wiki/Second_Yogi_Adityanath_ministry,0.75,collected,2026-06-26
248,,28,155,Minister of State of Uttar Pradesh (Jal Shakti),political_executive,executive,7,false,"Minister of State, Govt of Uttar Pradesh - Jal Shakti",https://en.wikipedia.org/wiki/Second_Yogi_Adityanath_ministry,0.75,collected,2026-06-26
249,,28,155,Minister of State of Uttar Pradesh (Labour & Employment),political_executive,executive,7,false,"Minister of State, Govt of Uttar Pradesh - Labour & Employment",https://en.wikipedia.org/wiki/Second_Yogi_Adityanath_ministry,0.75,collected,2026-06-26
250,,28,155,Minister of State of Uttar Pradesh (Sugarcane Development),political_executive,executive,7,false,"Minister of State, Govt of Uttar Pradesh - Sugarcane Development",https://en.wikipedia.org/wiki/Second_Yogi_Adityanath_ministry,0.75,collected,2026-06-26
251,,28,155,Minister of State of Uttar Pradesh (Public Works Department),political_executive,executive,7,false,"Minister of State, Govt of Uttar Pradesh - Public Works Department",https://en.wikipedia.org/wiki/Second_Yogi_Adityanath_ministry,0.75,collected,2026-06-26
252,,28,155,Minister of State of Uttar Pradesh (Environment & Forest),political_executive,executive,7,false,"Minister of State, Govt of Uttar Pradesh - Environment & Forest",https://en.wikipedia.org/wiki/Second_Yogi_Adityanath_ministry,0.75,collected,2026-06-26
253,,28,155,Minister of State of Uttar Pradesh (Prisons),political_executive,executive,7,false,"Minister of State, Govt of Uttar Pradesh - Prisons",https://en.wikipedia.org/wiki/Second_Yogi_Adityanath_ministry,0.75,collected,2026-06-26
254,,28,155,Minister of State of Uttar Pradesh (Women & Child Development),political_executive,executive,7,false,"Minister of State, Govt of Uttar Pradesh - Women & Child Development",https://en.wikipedia.org/wiki/Second_Yogi_Adityanath_ministry,0.75,collected,2026-06-26
255,,28,155,Minister of State of Uttar Pradesh (Urban Development),political_executive,executive,7,false,"Minister of State, Govt of Uttar Pradesh - Urban Development",https://en.wikipedia.org/wiki/Second_Yogi_Adityanath_ministry,0.75,collected,2026-06-26
256,,28,155,Minister of State of Uttar Pradesh (Energy),political_executive,executive,7,false,"Minister of State, Govt of Uttar Pradesh - Energy",https://en.wikipedia.org/wiki/Second_Yogi_Adityanath_ministry,0.75,collected,2026-06-26
257,,28,155,Minister of State of Uttar Pradesh (Higher Education),political_executive,executive,7,false,"Minister of State, Govt of Uttar Pradesh - Higher Education",https://en.wikipedia.org/wiki/Second_Yogi_Adityanath_ministry,0.75,collected,2026-06-26
258,,28,155,Minister of State of Uttar Pradesh (Food & Civil Supplies),political_executive,executive,7,false,"Minister of State, Govt of Uttar Pradesh - Food & Civil Supplies",https://en.wikipedia.org/wiki/Second_Yogi_Adityanath_ministry,0.75,collected,2026-06-26
259,,28,155,Minister of State of Uttar Pradesh (Minority Affairs; Haj & Wakf),political_executive,executive,7,false,"Minister of State, Govt of Uttar Pradesh - Minority Affairs; Haj & Wakf",https://en.wikipedia.org/wiki/Second_Yogi_Adityanath_ministry,0.75,collected,2026-06-26
260,,28,155,Minister of State of Uttar Pradesh (Rural Development),political_executive,executive,7,false,"Minister of State, Govt of Uttar Pradesh - Rural Development",https://en.wikipedia.org/wiki/Second_Yogi_Adityanath_ministry,0.75,collected,2026-06-26
261,,33,169,"Chief Secretary, Andaman and Nicobar Islands",bureaucratic,administrative,7,false,Senior-most civil servant of Andaman and Nicobar Islands,https://www.sarkaritel.com/chief-secretaries-of-states-union-territores/,0.80,collected,2026-06-26
262,,35,171,"Chief Secretary, Chandigarh",bureaucratic,administrative,7,false,Senior-most civil servant of Chandigarh,https://www.sarkaritel.com/chief-secretaries-of-states-union-territores/,0.80,collected,2026-06-26
263,,36,172,"Chief Secretary, Dadra and Nagar Haveli and Daman and Diu",bureaucratic,administrative,7,false,Senior-most civil servant of Dadra and Nagar Haveli and Daman and Diu,https://www.sarkaritel.com/chief-secretaries-of-states-union-territores/,0.80,collected,2026-06-26
264,,34,170,"Chief Secretary, Ladakh",bureaucratic,administrative,7,false,Senior-most civil servant of Ladakh,https://www.sarkaritel.com/chief-secretaries-of-states-union-territores/,0.80,collected,2026-06-26
265,,37,173,"Chief Secretary, Lakshadweep",bureaucratic,administrative,7,false,Senior-most civil servant of Lakshadweep,https://www.sarkaritel.com/chief-secretaries-of-states-union-territores/,0.80,collected,2026-06-26
266,,15,116,Minister of Maharashtra (Water Resources (Godavari & Krishna Valley)),political_executive,executive,6,false,"Minister, Govt of Maharashtra - Water Resources (Godavari & Krishna Valley)",https://en.wikipedia.org/wiki/Third_Fadnavis_ministry,0.75,collected,2026-06-26
267,,15,116,Minister of Maharashtra (Revenue),political_executive,executive,6,false,"Minister, Govt of Maharashtra - Revenue",https://en.wikipedia.org/wiki/Third_Fadnavis_ministry,0.75,collected,2026-06-26
268,,15,116,Minister of Maharashtra (Medical Education),political_executive,executive,6,false,"Minister, Govt of Maharashtra - Medical Education",https://en.wikipedia.org/wiki/Third_Fadnavis_ministry,0.75,collected,2026-06-26
269,,15,116,Minister of Maharashtra (Higher & Technical Education; Parliamentary Affairs),political_executive,executive,6,false,"Minister, Govt of Maharashtra - Higher & Technical Education; Parliamentary Affairs",https://en.wikipedia.org/wiki/Third_Fadnavis_ministry,0.75,collected,2026-06-26
270,,15,116,"Minister of Maharashtra (Water Resources (Vidharbha, Tapi, Konkan))",political_executive,executive,6,false,"Minister, Govt of Maharashtra - Water Resources (Vidharbha, Tapi, Konkan)",https://en.wikipedia.org/wiki/Third_Fadnavis_ministry,0.75,collected,2026-06-26
271,,15,116,Minister of Maharashtra (Water Supply; Sanitation),political_executive,executive,6,false,"Minister, Govt of Maharashtra - Water Supply; Sanitation",https://en.wikipedia.org/wiki/Third_Fadnavis_ministry,0.75,collected,2026-06-26
272,,15,116,Minister of Maharashtra (Forest),political_executive,executive,6,false,"Minister, Govt of Maharashtra - Forest",https://en.wikipedia.org/wiki/Third_Fadnavis_ministry,0.75,collected,2026-06-26
273,,15,116,Minister of Maharashtra (School Education),political_executive,executive,6,false,"Minister, Govt of Maharashtra - School Education",https://en.wikipedia.org/wiki/Third_Fadnavis_ministry,0.75,collected,2026-06-26
274,,15,116,Minister of Maharashtra (Soil & Water Conservation),political_executive,executive,6,false,"Minister, Govt of Maharashtra - Soil & Water Conservation",https://en.wikipedia.org/wiki/Third_Fadnavis_ministry,0.75,collected,2026-06-26
275,,15,116,Minister of Maharashtra (Food and Civil Supplies; Consumer Affairs),political_executive,executive,6,false,"Minister, Govt of Maharashtra - Food and Civil Supplies; Consumer Affairs",https://en.wikipedia.org/wiki/Third_Fadnavis_ministry,0.75,collected,2026-06-26
276,,15,116,Minister of Maharashtra (Skill Development & Entrepreneurship),political_executive,executive,6,false,"Minister, Govt of Maharashtra - Skill Development & Entrepreneurship",https://en.wikipedia.org/wiki/Third_Fadnavis_ministry,0.75,collected,2026-06-26
277,,15,116,Minister of Maharashtra (Industries; Marathi Language),political_executive,executive,6,false,"Minister, Govt of Maharashtra - Industries; Marathi Language",https://en.wikipedia.org/wiki/Third_Fadnavis_ministry,0.75,collected,2026-06-26
278,,15,116,Minister of Maharashtra (Marketing; Protocol),political_executive,executive,6,false,"Minister, Govt of Maharashtra - Marketing; Protocol",https://en.wikipedia.org/wiki/Third_Fadnavis_ministry,0.75,collected,2026-06-26
279,,15,116,Minister of Maharashtra (Environment & Climate Change; Animal Husbandry),political_executive,executive,6,false,"Minister, Govt of Maharashtra - Environment & Climate Change; Animal Husbandry",https://en.wikipedia.org/wiki/Third_Fadnavis_ministry,0.75,collected,2026-06-26
280,,15,116,Minister of Maharashtra (Other Backward Classes; Disability Welfare),political_executive,executive,6,false,"Minister, Govt of Maharashtra - Other Backward Classes; Disability Welfare",https://en.wikipedia.org/wiki/Third_Fadnavis_ministry,0.75,collected,2026-06-26
281,,15,116,Minister of Maharashtra (Tribal Development),political_executive,executive,6,false,"Minister, Govt of Maharashtra - Tribal Development",https://en.wikipedia.org/wiki/Third_Fadnavis_ministry,0.75,collected,2026-06-26
282,,15,116,Minister of Maharashtra (Tourism; Mining; Ex-Servicemen Welfare),political_executive,executive,6,false,"Minister, Govt of Maharashtra - Tourism; Mining; Ex-Servicemen Welfare",https://en.wikipedia.org/wiki/Third_Fadnavis_ministry,0.75,collected,2026-06-26
283,,15,116,Minister of Maharashtra (Information Technology; Cultural Affairs),political_executive,executive,6,false,"Minister, Govt of Maharashtra - Information Technology; Cultural Affairs",https://en.wikipedia.org/wiki/Third_Fadnavis_ministry,0.75,collected,2026-06-26
284,,15,116,Minister of Maharashtra (Women & Child Development),political_executive,executive,6,false,"Minister, Govt of Maharashtra - Women & Child Development",https://en.wikipedia.org/wiki/Third_Fadnavis_ministry,0.75,collected,2026-06-26
285,,15,116,Minister of Maharashtra (Public Works),political_executive,executive,6,false,"Minister, Govt of Maharashtra - Public Works",https://en.wikipedia.org/wiki/Third_Fadnavis_ministry,0.75,collected,2026-06-26
286,,15,116,Minister of Maharashtra (Agriculture),political_executive,executive,6,false,"Minister, Govt of Maharashtra - Agriculture",https://en.wikipedia.org/wiki/Third_Fadnavis_ministry,0.75,collected,2026-06-26
287,,15,116,Minister of Maharashtra (Rural Development; Panchayat Raj),political_executive,executive,6,false,"Minister, Govt of Maharashtra - Rural Development; Panchayat Raj",https://en.wikipedia.org/wiki/Third_Fadnavis_ministry,0.75,collected,2026-06-26
288,,15,116,Minister of Maharashtra (Food & Drug Administration; Special Assistance),political_executive,executive,6,false,"Minister, Govt of Maharashtra - Food & Drug Administration; Special Assistance",https://en.wikipedia.org/wiki/Third_Fadnavis_ministry,0.75,collected,2026-06-26
289,,15,116,Minister of Maharashtra (Textiles),political_executive,executive,6,false,"Minister, Govt of Maharashtra - Textiles",https://en.wikipedia.org/wiki/Third_Fadnavis_ministry,0.75,collected,2026-06-26
290,,15,116,Minister of Maharashtra (Social Justice),political_executive,executive,6,false,"Minister, Govt of Maharashtra - Social Justice",https://en.wikipedia.org/wiki/Third_Fadnavis_ministry,0.75,collected,2026-06-26
291,,15,116,Minister of Maharashtra (Transport),political_executive,executive,6,false,"Minister, Govt of Maharashtra - Transport",https://en.wikipedia.org/wiki/Third_Fadnavis_ministry,0.75,collected,2026-06-26
292,,15,116,Minister of Maharashtra (Horticulture; Employment Guarantee),political_executive,executive,6,false,"Minister, Govt of Maharashtra - Horticulture; Employment Guarantee",https://en.wikipedia.org/wiki/Third_Fadnavis_ministry,0.75,collected,2026-06-26
293,,15,116,Minister of Maharashtra (Relief & Rehabilitation),political_executive,executive,6,false,"Minister, Govt of Maharashtra - Relief & Rehabilitation",https://en.wikipedia.org/wiki/Third_Fadnavis_ministry,0.75,collected,2026-06-26
294,,15,116,Minister of Maharashtra (Fisheries; Ports Development),political_executive,executive,6,false,"Minister, Govt of Maharashtra - Fisheries; Ports Development",https://en.wikipedia.org/wiki/Third_Fadnavis_ministry,0.75,collected,2026-06-26
295,,15,116,Minister of Maharashtra (Labour),political_executive,executive,6,false,"Minister, Govt of Maharashtra - Labour",https://en.wikipedia.org/wiki/Third_Fadnavis_ministry,0.75,collected,2026-06-26
296,,15,116,Minister of Maharashtra (Co-operation),political_executive,executive,6,false,"Minister, Govt of Maharashtra - Co-operation",https://en.wikipedia.org/wiki/Third_Fadnavis_ministry,0.75,collected,2026-06-26
297,,15,116,Minister of Maharashtra (Public Health and Family Welfare),political_executive,executive,6,false,"Minister, Govt of Maharashtra - Public Health and Family Welfare",https://en.wikipedia.org/wiki/Third_Fadnavis_ministry,0.75,collected,2026-06-26
298,,15,116,Minister of State of Maharashtra (Urban Development; Social Justice),political_executive,executive,7,false,"Minister of State, Govt of Maharashtra - Urban Development; Social Justice",https://en.wikipedia.org/wiki/Third_Fadnavis_ministry,0.75,collected,2026-06-26
299,,15,116,Minister of State of Maharashtra (Finance; Planning; Agriculture),political_executive,executive,7,false,"Minister of State, Govt of Maharashtra - Finance; Planning; Agriculture",https://en.wikipedia.org/wiki/Third_Fadnavis_ministry,0.75,collected,2026-06-26
300,,15,116,Minister of State of Maharashtra (Home Affairs (Rural); Housing; School Education),political_executive,executive,7,false,"Minister of State, Govt of Maharashtra - Home Affairs (Rural); Housing; School Education",https://en.wikipedia.org/wiki/Third_Fadnavis_ministry,0.75,collected,2026-06-26
301,,15,116,Minister of State of Maharashtra (Water Supply; Sanitation; Public Health),political_executive,executive,7,false,"Minister of State, Govt of Maharashtra - Water Supply; Sanitation; Public Health",https://en.wikipedia.org/wiki/Third_Fadnavis_ministry,0.75,collected,2026-06-26
302,,15,116,Minister of State of Maharashtra (Industries; Public Works; Higher Education),political_executive,executive,7,false,"Minister of State, Govt of Maharashtra - Industries; Public Works; Higher Education",https://en.wikipedia.org/wiki/Third_Fadnavis_ministry,0.75,collected,2026-06-26
303,,15,116,Minister of State of Maharashtra (Home Affairs (Urban); Revenue; Rural Development),political_executive,executive,7,false,"Minister of State, Govt of Maharashtra - Home Affairs (Urban); Revenue; Rural Development",https://en.wikipedia.org/wiki/Third_Fadnavis_ministry,0.75,collected,2026-06-26
304,,14,113,Minister of Madhya Pradesh (Panchayat and Rural Development),political_executive,executive,6,false,"Minister, Govt of Madhya Pradesh - Panchayat and Rural Development",https://en.wikipedia.org/wiki/Mohan_Yadav_ministry,0.75,collected,2026-06-26
305,,14,113,Minister of Madhya Pradesh (Public Works),political_executive,executive,6,false,"Minister, Govt of Madhya Pradesh - Public Works",https://en.wikipedia.org/wiki/Mohan_Yadav_ministry,0.75,collected,2026-06-26
306,,14,113,Minister of Madhya Pradesh (Transport; School Education),political_executive,executive,6,false,"Minister, Govt of Madhya Pradesh - Transport; School Education",https://en.wikipedia.org/wiki/Mohan_Yadav_ministry,0.75,collected,2026-06-26
307,,14,113,Minister of Madhya Pradesh (Urban Development; Housing; Parliamentary Affairs),political_executive,executive,6,false,"Minister, Govt of Madhya Pradesh - Urban Development; Housing; Parliamentary Affairs",https://en.wikipedia.org/wiki/Mohan_Yadav_ministry,0.75,collected,2026-06-26
308,,14,113,Minister of Madhya Pradesh (Sports and Youth Affairs; Co-operatives),political_executive,executive,6,false,"Minister, Govt of Madhya Pradesh - Sports and Youth Affairs; Co-operatives",https://en.wikipedia.org/wiki/Mohan_Yadav_ministry,0.75,collected,2026-06-26
309,,14,113,Minister of Madhya Pradesh (Energy),political_executive,executive,6,false,"Minister, Govt of Madhya Pradesh - Energy",https://en.wikipedia.org/wiki/Mohan_Yadav_ministry,0.75,collected,2026-06-26
310,,14,113,Minister of Madhya Pradesh (Water Resources),political_executive,executive,6,false,"Minister, Govt of Madhya Pradesh - Water Resources",https://en.wikipedia.org/wiki/Mohan_Yadav_ministry,0.75,collected,2026-06-26
311,,14,113,Minister of Madhya Pradesh (Farmers' Welfare; Agricultural Development),political_executive,executive,6,false,"Minister, Govt of Madhya Pradesh - Farmers' Welfare; Agricultural Development",https://en.wikipedia.org/wiki/Mohan_Yadav_ministry,0.75,collected,2026-06-26
312,,14,113,Minister of Madhya Pradesh (Social Justice; Horticulture; Food Processing),political_executive,executive,6,false,"Minister, Govt of Madhya Pradesh - Social Justice; Horticulture; Food Processing",https://en.wikipedia.org/wiki/Mohan_Yadav_ministry,0.75,collected,2026-06-26
313,,14,113,Minister of Madhya Pradesh (Tribal Affairs),political_executive,executive,6,false,"Minister, Govt of Madhya Pradesh - Tribal Affairs",https://en.wikipedia.org/wiki/Mohan_Yadav_ministry,0.75,collected,2026-06-26
314,,14,113,Minister of Madhya Pradesh (Revenue),political_executive,executive,6,false,"Minister, Govt of Madhya Pradesh - Revenue",https://en.wikipedia.org/wiki/Mohan_Yadav_ministry,0.75,collected,2026-06-26
315,,14,113,Minister of Madhya Pradesh (Public Health Engineering),political_executive,executive,6,false,"Minister, Govt of Madhya Pradesh - Public Health Engineering",https://en.wikipedia.org/wiki/Mohan_Yadav_ministry,0.75,collected,2026-06-26
316,,14,113,Minister of Madhya Pradesh (Women and Child Development),political_executive,executive,6,false,"Minister, Govt of Madhya Pradesh - Women and Child Development",https://en.wikipedia.org/wiki/Mohan_Yadav_ministry,0.75,collected,2026-06-26
317,,14,113,Minister of Madhya Pradesh (Food and Civil Supplies),political_executive,executive,6,false,"Minister, Govt of Madhya Pradesh - Food and Civil Supplies",https://en.wikipedia.org/wiki/Mohan_Yadav_ministry,0.75,collected,2026-06-26
318,,14,113,Minister of Madhya Pradesh (Higher Education; Technical Education),political_executive,executive,6,false,"Minister, Govt of Madhya Pradesh - Higher Education; Technical Education",https://en.wikipedia.org/wiki/Mohan_Yadav_ministry,0.75,collected,2026-06-26
319,,14,113,Minister of Madhya Pradesh (Scheduled Castes Welfare),political_executive,executive,6,false,"Minister, Govt of Madhya Pradesh - Scheduled Castes Welfare",https://en.wikipedia.org/wiki/Mohan_Yadav_ministry,0.75,collected,2026-06-26
320,,14,113,"Minister of Madhya Pradesh (Micro, Small and Medium Enterprises)",political_executive,executive,6,false,"Minister, Govt of Madhya Pradesh - Micro, Small and Medium Enterprises",https://en.wikipedia.org/wiki/Mohan_Yadav_ministry,0.75,collected,2026-06-26
321,,14,113,Minister of Madhya Pradesh (New & Renewable Energy),political_executive,executive,6,false,"Minister, Govt of Madhya Pradesh - New & Renewable Energy",https://en.wikipedia.org/wiki/Mohan_Yadav_ministry,0.75,collected,2026-06-26
322,,14,113,Minister of Madhya Pradesh (Other Backward Classes and Minority Welfare),political_executive,executive,6,false,"Minister, Govt of Madhya Pradesh - Other Backward Classes and Minority Welfare",https://en.wikipedia.org/wiki/Mohan_Yadav_ministry,0.75,collected,2026-06-26
323,,14,113,Minister of Madhya Pradesh (Culture; Tourism),political_executive,executive,6,false,"Minister, Govt of Madhya Pradesh - Culture; Tourism",https://en.wikipedia.org/wiki/Mohan_Yadav_ministry,0.75,collected,2026-06-26
324,,14,113,Minister of Madhya Pradesh (Cottage and Village Industries),political_executive,executive,6,false,"Minister, Govt of Madhya Pradesh - Cottage and Village Industries",https://en.wikipedia.org/wiki/Mohan_Yadav_ministry,0.75,collected,2026-06-26
325,,14,113,Minister of Madhya Pradesh (Skill Development and Employment),political_executive,executive,6,false,"Minister, Govt of Madhya Pradesh - Skill Development and Employment",https://en.wikipedia.org/wiki/Mohan_Yadav_ministry,0.75,collected,2026-06-26
326,,14,113,Minister of Madhya Pradesh (Dairy and Animal Husbandry),political_executive,executive,6,false,"Minister, Govt of Madhya Pradesh - Dairy and Animal Husbandry",https://en.wikipedia.org/wiki/Mohan_Yadav_ministry,0.75,collected,2026-06-26
327,,14,113,Minister of Madhya Pradesh (Fisheries and Fishermen Welfare),political_executive,executive,6,false,"Minister, Govt of Madhya Pradesh - Fisheries and Fishermen Welfare",https://en.wikipedia.org/wiki/Mohan_Yadav_ministry,0.75,collected,2026-06-26
328,,22,137,Minister of Rajasthan (Agriculture and Industry; Rural Development),political_executive,executive,6,false,"Minister, Govt of Rajasthan - Agriculture and Industry; Rural Development",https://en.wikipedia.org/wiki/Bhajan_Lal_Sharma_ministry,0.75,collected,2026-06-26
329,,22,137,Minister of Rajasthan (Medical and Health),political_executive,executive,6,false,"Minister, Govt of Rajasthan - Medical and Health",https://en.wikipedia.org/wiki/Bhajan_Lal_Sharma_ministry,0.75,collected,2026-06-26
330,,22,137,Minister of Rajasthan (Industry and Commerce; IT and Communication; Youth Affairs),political_executive,executive,6,false,"Minister, Govt of Rajasthan - Industry and Commerce; IT and Communication; Youth Affairs",https://en.wikipedia.org/wiki/Bhajan_Lal_Sharma_ministry,0.75,collected,2026-06-26
331,,22,137,Minister of Rajasthan (Tribal Area Development; Home Guards),political_executive,executive,6,false,"Minister, Govt of Rajasthan - Tribal Area Development; Home Guards",https://en.wikipedia.org/wiki/Bhajan_Lal_Sharma_ministry,0.75,collected,2026-06-26
332,,22,137,Minister of Rajasthan (Parliamentary Affairs; Law and Legal Affairs),political_executive,executive,6,false,"Minister, Govt of Rajasthan - Parliamentary Affairs; Law and Legal Affairs",https://en.wikipedia.org/wiki/Bhajan_Lal_Sharma_ministry,0.75,collected,2026-06-26
333,,22,137,Minister of Rajasthan (Water Resources),political_executive,executive,6,false,"Minister, Govt of Rajasthan - Water Resources",https://en.wikipedia.org/wiki/Bhajan_Lal_Sharma_ministry,0.75,collected,2026-06-26
334,,22,137,Minister of Rajasthan (School Education; Panchayati Raj; Sanskrit Education),political_executive,executive,6,false,"Minister, Govt of Rajasthan - School Education; Panchayati Raj; Sanskrit Education",https://en.wikipedia.org/wiki/Bhajan_Lal_Sharma_ministry,0.75,collected,2026-06-26
335,,22,137,Minister of Rajasthan (Social Justice and Empowerment),political_executive,executive,6,false,"Minister, Govt of Rajasthan - Social Justice and Empowerment",https://en.wikipedia.org/wiki/Bhajan_Lal_Sharma_ministry,0.75,collected,2026-06-26
336,,22,137,Minister of Rajasthan (Animal Husbandry and Dairy; Devasthan),political_executive,executive,6,false,"Minister, Govt of Rajasthan - Animal Husbandry and Dairy; Devasthan",https://en.wikipedia.org/wiki/Bhajan_Lal_Sharma_ministry,0.75,collected,2026-06-26
337,,22,137,Minister of Rajasthan (Revenue; Colonization),political_executive,executive,6,false,"Minister, Govt of Rajasthan - Revenue; Colonization",https://en.wikipedia.org/wiki/Bhajan_Lal_Sharma_ministry,0.75,collected,2026-06-26
338,,22,137,Minister of Rajasthan (Food and Civil Supplies; Consumer Affairs),political_executive,executive,6,false,"Minister, Govt of Rajasthan - Food and Civil Supplies; Consumer Affairs",https://en.wikipedia.org/wiki/Bhajan_Lal_Sharma_ministry,0.75,collected,2026-06-26
339,,22,137,Minister of Rajasthan (Public Health Engineering; Ground Water),political_executive,executive,6,false,"Minister, Govt of Rajasthan - Public Health Engineering; Ground Water",https://en.wikipedia.org/wiki/Bhajan_Lal_Sharma_ministry,0.75,collected,2026-06-26
340,,22,137,"Minister of Rajasthan (Forest, Environment and Climate Change; Science and Technology)",political_executive,executive,6,false,"Minister, Govt of Rajasthan - Forest, Environment and Climate Change; Science and Technology",https://en.wikipedia.org/wiki/Bhajan_Lal_Sharma_ministry,0.75,collected,2026-06-26
341,,22,137,Minister of Rajasthan (Cooperative; Civil Development),political_executive,executive,6,false,"Minister, Govt of Rajasthan - Cooperative; Civil Development",https://en.wikipedia.org/wiki/Bhajan_Lal_Sharma_ministry,0.75,collected,2026-06-26
342,,22,137,Minister of Rajasthan (Urban Development),political_executive,executive,6,false,"Minister, Govt of Rajasthan - Urban Development",https://en.wikipedia.org/wiki/Bhajan_Lal_Sharma_ministry,0.75,collected,2026-06-26
343,,22,137,Minister of Rajasthan (Energy),political_executive,executive,6,false,"Minister, Govt of Rajasthan - Energy",https://en.wikipedia.org/wiki/Bhajan_Lal_Sharma_ministry,0.75,collected,2026-06-26
344,,22,137,Minister of State of Rajasthan (Panchayati Raj and Rural Development),political_executive,executive,7,false,"Minister of State, Govt of Rajasthan - Panchayati Raj and Rural Development",https://en.wikipedia.org/wiki/Bhajan_Lal_Sharma_ministry,0.75,collected,2026-06-26
345,,22,137,Minister of State of Rajasthan (Public Works; Women and Child Development),political_executive,executive,7,false,"Minister of State, Govt of Rajasthan - Public Works; Women and Child Development",https://en.wikipedia.org/wiki/Bhajan_Lal_Sharma_ministry,0.75,collected,2026-06-26
346,,22,137,Minister of State of Rajasthan (Revenue; Colonization; Sainik Kalyan),political_executive,executive,7,false,"Minister of State, Govt of Rajasthan - Revenue; Colonization; Sainik Kalyan",https://en.wikipedia.org/wiki/Bhajan_Lal_Sharma_ministry,0.75,collected,2026-06-26
347,,22,137,Minister of State of Rajasthan (Industry and Commerce; Youth Affairs and Sports),political_executive,executive,7,false,"Minister of State, Govt of Rajasthan - Industry and Commerce; Youth Affairs and Sports",https://en.wikipedia.org/wiki/Bhajan_Lal_Sharma_ministry,0.75,collected,2026-06-26
348,,22,137,Minister of State of Rajasthan (Home; Cow Husbandry; Animal Husbandry),political_executive,executive,7,false,"Minister of State, Govt of Rajasthan - Home; Cow Husbandry; Animal Husbandry",https://en.wikipedia.org/wiki/Bhajan_Lal_Sharma_ministry,0.75,collected,2026-06-26
349,,8,95,Minister of Gujarat (Finance; Urban Development and Urban Housing),political_executive,executive,6,false,"Minister, Govt of Gujarat - Finance; Urban Development and Urban Housing",https://en.wikipedia.org/wiki/Second_Bhupendrabhai_Patel_ministry,0.75,collected,2026-06-26
350,,8,95,Minister of Gujarat (Panchayat; Energy and Petrochemicals; Parliamentary Affairs),political_executive,executive,6,false,"Minister, Govt of Gujarat - Panchayat; Energy and Petrochemicals; Parliamentary Affairs",https://en.wikipedia.org/wiki/Second_Bhupendrabhai_Patel_ministry,0.75,collected,2026-06-26
351,,8,95,Minister of Gujarat (Science and Technology; Forest and Environment),political_executive,executive,6,false,"Minister, Govt of Gujarat - Science and Technology; Forest and Environment",https://en.wikipedia.org/wiki/Second_Bhupendrabhai_Patel_ministry,0.75,collected,2026-06-26
352,,8,95,Minister of Gujarat (Agriculture and Farmers Welfare; Cooperation),political_executive,executive,6,false,"Minister, Govt of Gujarat - Agriculture and Farmers Welfare; Cooperation",https://en.wikipedia.org/wiki/Second_Bhupendrabhai_Patel_ministry,0.75,collected,2026-06-26
353,,8,95,"Minister of Gujarat (Rural Development; Labour, Skill Development and Employment)",political_executive,executive,6,false,"Minister, Govt of Gujarat - Rural Development; Labour, Skill Development and Employment",https://en.wikipedia.org/wiki/Second_Bhupendrabhai_Patel_ministry,0.75,collected,2026-06-26
354,,8,95,"Minister of Gujarat (Cottage, Khadi and Rural Industries; Tribal Development)",political_executive,executive,6,false,"Minister, Govt of Gujarat - Cottage, Khadi and Rural Industries; Tribal Development",https://en.wikipedia.org/wiki/Second_Bhupendrabhai_Patel_ministry,0.75,collected,2026-06-26
355,,8,95,"Minister of Gujarat (Food, Civil Supplies and Consumer Affairs)",political_executive,executive,6,false,"Minister, Govt of Gujarat - Food, Civil Supplies and Consumer Affairs",https://en.wikipedia.org/wiki/Second_Bhupendrabhai_Patel_ministry,0.75,collected,2026-06-26
356,,8,95,Minister of Gujarat (Higher and Technical Education; Social Justice and Empowerment),political_executive,executive,6,false,"Minister, Govt of Gujarat - Higher and Technical Education; Social Justice and Empowerment",https://en.wikipedia.org/wiki/Second_Bhupendrabhai_Patel_ministry,0.75,collected,2026-06-26
357,,8,95,"Minister of State of Gujarat (Health, Family Welfare and Medical Education)",political_executive,executive,7,false,"Minister of State, Govt of Gujarat - Health, Family Welfare and Medical Education",https://en.wikipedia.org/wiki/Second_Bhupendrabhai_Patel_ministry,0.75,collected,2026-06-26
358,,8,95,Minister of State of Gujarat (Water Resources and Water Supply),political_executive,executive,7,false,"Minister of State, Govt of Gujarat - Water Resources and Water Supply",https://en.wikipedia.org/wiki/Second_Bhupendrabhai_Patel_ministry,0.75,collected,2026-06-26
359,,8,95,Minister of State of Gujarat (Women and Child Welfare; Social Justice and Empowerment),political_executive,executive,7,false,"Minister of State, Govt of Gujarat - Women and Child Welfare; Social Justice and Empowerment",https://en.wikipedia.org/wiki/Second_Bhupendrabhai_Patel_ministry,0.75,collected,2026-06-26
360,,8,95,Minister of State of Gujarat (Higher and Technical Education),political_executive,executive,7,false,"Minister of State, Govt of Gujarat - Higher and Technical Education",https://en.wikipedia.org/wiki/Second_Bhupendrabhai_Patel_ministry,0.75,collected,2026-06-26
361,,8,95,Minister of State of Gujarat (Police Housing; Finance; Revenue and Disaster Management),political_executive,executive,7,false,"Minister of State, Govt of Gujarat - Police Housing; Finance; Revenue and Disaster Management",https://en.wikipedia.org/wiki/Second_Bhupendrabhai_Patel_ministry,0.75,collected,2026-06-26
362,,8,95,Minister of State of Gujarat (Industries; Cultural Activities; Sports and Youth Services),political_executive,executive,7,false,"Minister of State, Govt of Gujarat - Industries; Cultural Activities; Sports and Youth Services",https://en.wikipedia.org/wiki/Second_Bhupendrabhai_Patel_ministry,0.75,collected,2026-06-26
363,,8,95,"Minister of State of Gujarat (Cottage, Khadi and Rural Industries)",political_executive,executive,7,false,"Minister of State, Govt of Gujarat - Cottage, Khadi and Rural Industries",https://en.wikipedia.org/wiki/Second_Bhupendrabhai_Patel_ministry,0.75,collected,2026-06-26
364,,8,95,Minister of State of Gujarat (Fisheries),political_executive,executive,7,false,"Minister of State, Govt of Gujarat - Fisheries",https://en.wikipedia.org/wiki/Second_Bhupendrabhai_Patel_ministry,0.75,collected,2026-06-26
365,,8,95,Minister of State of Gujarat (Animal Husbandry and Cow Breeding; Agriculture),political_executive,executive,7,false,"Minister of State, Govt of Gujarat - Animal Husbandry and Cow Breeding; Agriculture",https://en.wikipedia.org/wiki/Second_Bhupendrabhai_Patel_ministry,0.75,collected,2026-06-26
366,,8,95,Minister of State of Gujarat (Panchayat and Rural Housing; Rural Development),political_executive,executive,7,false,"Minister of State, Govt of Gujarat - Panchayat and Rural Housing; Rural Development",https://en.wikipedia.org/wiki/Second_Bhupendrabhai_Patel_ministry,0.75,collected,2026-06-26
367,,8,95,Minister of State of Gujarat (Forest and Environment; Transport),political_executive,executive,7,false,"Minister of State, Govt of Gujarat - Forest and Environment; Transport",https://en.wikipedia.org/wiki/Second_Bhupendrabhai_Patel_ministry,0.75,collected,2026-06-26
368,,8,95,Minister of State of Gujarat (Law and Justice; Energy and Petrochemicals),political_executive,executive,7,false,"Minister of State, Govt of Gujarat - Law and Justice; Energy and Petrochemicals",https://en.wikipedia.org/wiki/Second_Bhupendrabhai_Patel_ministry,0.75,collected,2026-06-26
369,,8,95,"Minister of State of Gujarat (Primary, Secondary and Adult Education)",political_executive,executive,7,false,"Minister of State, Govt of Gujarat - Primary, Secondary and Adult Education",https://en.wikipedia.org/wiki/Second_Bhupendrabhai_Patel_ministry,0.75,collected,2026-06-26
370,,8,95,"Minister of State of Gujarat (Food, Civil Supplies; Tribal Development)",political_executive,executive,7,false,"Minister of State, Govt of Gujarat - Food, Civil Supplies; Tribal Development",https://en.wikipedia.org/wiki/Second_Bhupendrabhai_Patel_ministry,0.75,collected,2026-06-26
371,,8,95,"Minister of State of Gujarat (Labour, Skill and Employment)",political_executive,executive,7,false,"Minister of State, Govt of Gujarat - Labour, Skill and Employment",https://en.wikipedia.org/wiki/Second_Bhupendrabhai_Patel_ministry,0.75,collected,2026-06-26
372,,8,95,Minister of State of Gujarat (Urban Development and Urban Housing),political_executive,executive,7,false,"Minister of State, Govt of Gujarat - Urban Development and Urban Housing",https://en.wikipedia.org/wiki/Second_Bhupendrabhai_Patel_ministry,0.75,collected,2026-06-26
373,,12,107,Minister of Karnataka (Home (excluding Intelligence)),political_executive,executive,6,false,"Minister, Govt of Karnataka - Home (excluding Intelligence)",https://en.wikipedia.org/wiki/Second_Siddaramaiah_ministry,0.75,collected,2026-06-26
374,,12,107,Minister of Karnataka (Law; Parliamentary Affairs; Tourism),political_executive,executive,6,false,"Minister, Govt of Karnataka - Law; Parliamentary Affairs; Tourism",https://en.wikipedia.org/wiki/Second_Siddaramaiah_ministry,0.75,collected,2026-06-26
375,,12,107,Minister of Karnataka (Food & Civil Supplies; Consumer Affairs),political_executive,executive,6,false,"Minister, Govt of Karnataka - Food & Civil Supplies; Consumer Affairs",https://en.wikipedia.org/wiki/Second_Siddaramaiah_ministry,0.75,collected,2026-06-26
376,,12,107,Minister of Karnataka (Energy),political_executive,executive,6,false,"Minister, Govt of Karnataka - Energy",https://en.wikipedia.org/wiki/Second_Siddaramaiah_ministry,0.75,collected,2026-06-26
377,,12,107,Minister of Karnataka (Large & Medium Industries; Infrastructure Development),political_executive,executive,6,false,"Minister, Govt of Karnataka - Large & Medium Industries; Infrastructure Development",https://en.wikipedia.org/wiki/Second_Siddaramaiah_ministry,0.75,collected,2026-06-26
378,,12,107,Minister of Karnataka (Transport; MUZRAI),political_executive,executive,6,false,"Minister, Govt of Karnataka - Transport; MUZRAI",https://en.wikipedia.org/wiki/Second_Siddaramaiah_ministry,0.75,collected,2026-06-26
379,,12,107,Minister of Karnataka (Public Works Department),political_executive,executive,6,false,"Minister, Govt of Karnataka - Public Works Department",https://en.wikipedia.org/wiki/Second_Siddaramaiah_ministry,0.75,collected,2026-06-26
380,,12,107,Minister of Karnataka (Rural Development; Panchayati Raj; IT & BT),political_executive,executive,6,false,"Minister, Govt of Karnataka - Rural Development; Panchayati Raj; IT & BT",https://en.wikipedia.org/wiki/Second_Siddaramaiah_ministry,0.75,collected,2026-06-26
381,,12,107,Minister of Karnataka (Housing; Waqf; Minorities),political_executive,executive,6,false,"Minister, Govt of Karnataka - Housing; Waqf; Minorities",https://en.wikipedia.org/wiki/Second_Siddaramaiah_ministry,0.75,collected,2026-06-26
382,,12,107,Minister of Karnataka (Revenue),political_executive,executive,6,false,"Minister, Govt of Karnataka - Revenue",https://en.wikipedia.org/wiki/Second_Siddaramaiah_ministry,0.75,collected,2026-06-26
383,,12,107,Minister of Karnataka (Health & Family Welfare),political_executive,executive,6,false,"Minister, Govt of Karnataka - Health & Family Welfare",https://en.wikipedia.org/wiki/Second_Siddaramaiah_ministry,0.75,collected,2026-06-26
384,,12,107,Minister of Karnataka (Agriculture),political_executive,executive,6,false,"Minister, Govt of Karnataka - Agriculture",https://en.wikipedia.org/wiki/Second_Siddaramaiah_ministry,0.75,collected,2026-06-26
385,,12,107,Minister of Karnataka (Animal Husbandry; Sericulture),political_executive,executive,6,false,"Minister, Govt of Karnataka - Animal Husbandry; Sericulture",https://en.wikipedia.org/wiki/Second_Siddaramaiah_ministry,0.75,collected,2026-06-26
386,,12,107,Minister of Karnataka (Social Welfare),political_executive,executive,6,false,"Minister, Govt of Karnataka - Social Welfare",https://en.wikipedia.org/wiki/Second_Siddaramaiah_ministry,0.75,collected,2026-06-26
387,,12,107,Minister of Karnataka (Forest; Ecology; Environment),political_executive,executive,6,false,"Minister, Govt of Karnataka - Forest; Ecology; Environment",https://en.wikipedia.org/wiki/Second_Siddaramaiah_ministry,0.75,collected,2026-06-26
388,,12,107,Minister of Karnataka (Small Scale Industries),political_executive,executive,6,false,"Minister, Govt of Karnataka - Small Scale Industries",https://en.wikipedia.org/wiki/Second_Siddaramaiah_ministry,0.75,collected,2026-06-26
389,,12,107,Minister of Karnataka (Textiles; Sugarcane Development),political_executive,executive,6,false,"Minister, Govt of Karnataka - Textiles; Sugarcane Development",https://en.wikipedia.org/wiki/Second_Siddaramaiah_ministry,0.75,collected,2026-06-26
390,,12,107,Minister of Karnataka (Excise),political_executive,executive,6,false,"Minister, Govt of Karnataka - Excise",https://en.wikipedia.org/wiki/Second_Siddaramaiah_ministry,0.75,collected,2026-06-26
391,,12,107,Minister of Karnataka (Mines & Geology; Horticulture),political_executive,executive,6,false,"Minister, Govt of Karnataka - Mines & Geology; Horticulture",https://en.wikipedia.org/wiki/Second_Siddaramaiah_ministry,0.75,collected,2026-06-26
392,,12,107,Minister of Karnataka (Backward Class; Kannada & Culture),political_executive,executive,6,false,"Minister, Govt of Karnataka - Backward Class; Kannada & Culture",https://en.wikipedia.org/wiki/Second_Siddaramaiah_ministry,0.75,collected,2026-06-26
393,,12,107,Minister of Karnataka (Medical Education; Skill Development),political_executive,executive,6,false,"Minister, Govt of Karnataka - Medical Education; Skill Development",https://en.wikipedia.org/wiki/Second_Siddaramaiah_ministry,0.75,collected,2026-06-26
394,,12,107,Minister of Karnataka (Fisheries & Ports),political_executive,executive,6,false,"Minister, Govt of Karnataka - Fisheries & Ports",https://en.wikipedia.org/wiki/Second_Siddaramaiah_ministry,0.75,collected,2026-06-26
395,,12,107,Minister of Karnataka (Women & Child Development),political_executive,executive,6,false,"Minister, Govt of Karnataka - Women & Child Development",https://en.wikipedia.org/wiki/Second_Siddaramaiah_ministry,0.75,collected,2026-06-26
396,,12,107,Minister of Karnataka (Municipal Administration; Haj),political_executive,executive,6,false,"Minister, Govt of Karnataka - Municipal Administration; Haj",https://en.wikipedia.org/wiki/Second_Siddaramaiah_ministry,0.75,collected,2026-06-26
397,,12,107,Minister of Karnataka (Planning & Statistics),political_executive,executive,6,false,"Minister, Govt of Karnataka - Planning & Statistics",https://en.wikipedia.org/wiki/Second_Siddaramaiah_ministry,0.75,collected,2026-06-26
398,,12,107,Minister of Karnataka (Labour),political_executive,executive,6,false,"Minister, Govt of Karnataka - Labour",https://en.wikipedia.org/wiki/Second_Siddaramaiah_ministry,0.75,collected,2026-06-26
399,,12,107,Minister of Karnataka (Minor Irrigation; Science & Technology),political_executive,executive,6,false,"Minister, Govt of Karnataka - Minor Irrigation; Science & Technology",https://en.wikipedia.org/wiki/Second_Siddaramaiah_ministry,0.75,collected,2026-06-26
400,,12,107,Minister of Karnataka (Urban Development & Town Planning),political_executive,executive,6,false,"Minister, Govt of Karnataka - Urban Development & Town Planning",https://en.wikipedia.org/wiki/Second_Siddaramaiah_ministry,0.75,collected,2026-06-26
401,,12,107,Minister of Karnataka (Primary & Secondary Education),political_executive,executive,6,false,"Minister, Govt of Karnataka - Primary & Secondary Education",https://en.wikipedia.org/wiki/Second_Siddaramaiah_ministry,0.75,collected,2026-06-26
402,,12,107,Minister of Karnataka (Higher Education),political_executive,executive,6,false,"Minister, Govt of Karnataka - Higher Education",https://en.wikipedia.org/wiki/Second_Siddaramaiah_ministry,0.75,collected,2026-06-26
403,,5,86,Minister of Bihar (Rural Development; Information and Public Relations),political_executive,executive,6,false,"Minister, Govt of Bihar - Rural Development; Information and Public Relations",https://en.wikipedia.org/wiki/Choudhary_ministry,0.75,collected,2026-06-26
404,,5,86,Minister of Bihar (Agriculture),political_executive,executive,6,false,"Minister, Govt of Bihar - Agriculture",https://en.wikipedia.org/wiki/Choudhary_ministry,0.75,collected,2026-06-26
405,,5,86,Minister of Bihar (Revenue and Land Reforms),political_executive,executive,6,false,"Minister, Govt of Bihar - Revenue and Land Reforms",https://en.wikipedia.org/wiki/Choudhary_ministry,0.75,collected,2026-06-26
406,,5,86,Minister of Bihar (Health),political_executive,executive,6,false,"Minister, Govt of Bihar - Health",https://en.wikipedia.org/wiki/Choudhary_ministry,0.75,collected,2026-06-26
407,,5,86,Minister of Bihar (Public Works Department),political_executive,executive,6,false,"Minister, Govt of Bihar - Public Works Department",https://en.wikipedia.org/wiki/Choudhary_ministry,0.75,collected,2026-06-26
408,,5,86,Minister of Bihar (Co-operative),political_executive,executive,6,false,"Minister, Govt of Bihar - Co-operative",https://en.wikipedia.org/wiki/Choudhary_ministry,0.75,collected,2026-06-26
409,,5,86,Minister of Bihar (Housing and Urban Development; Information Technology),political_executive,executive,6,false,"Minister, Govt of Bihar - Housing and Urban Development; Information Technology",https://en.wikipedia.org/wiki/Choudhary_ministry,0.75,collected,2026-06-26
410,,5,86,Minister of Bihar (Transport),political_executive,executive,6,false,"Minister, Govt of Bihar - Transport",https://en.wikipedia.org/wiki/Choudhary_ministry,0.75,collected,2026-06-26
411,,5,86,Minister of Bihar (Higher Education; Law),political_executive,executive,6,false,"Minister, Govt of Bihar - Higher Education; Law",https://en.wikipedia.org/wiki/Choudhary_ministry,0.75,collected,2026-06-26
412,,5,86,Minister of Bihar (Food and Consumer Protection),political_executive,executive,6,false,"Minister, Govt of Bihar - Food and Consumer Protection",https://en.wikipedia.org/wiki/Choudhary_ministry,0.75,collected,2026-06-26
413,,5,86,Minister of Bihar (Planning and Development),political_executive,executive,6,false,"Minister, Govt of Bihar - Planning and Development",https://en.wikipedia.org/wiki/Choudhary_ministry,0.75,collected,2026-06-26
414,,5,86,"Minister of Bihar (Labour Resources; Youth, Employment & Skill Development)",political_executive,executive,6,false,"Minister, Govt of Bihar - Labour Resources; Youth, Employment & Skill Development",https://en.wikipedia.org/wiki/Choudhary_ministry,0.75,collected,2026-06-26
415,,5,86,"Minister of Bihar (Prohibition, Excise and Registration)",political_executive,executive,6,false,"Minister, Govt of Bihar - Prohibition, Excise and Registration",https://en.wikipedia.org/wiki/Choudhary_ministry,0.75,collected,2026-06-26
416,,5,86,Minister of Bihar (Minor Water Resources),political_executive,executive,6,false,"Minister, Govt of Bihar - Minor Water Resources",https://en.wikipedia.org/wiki/Choudhary_ministry,0.75,collected,2026-06-26
417,,5,86,Minister of Bihar (BC and EBC Welfare),political_executive,executive,6,false,"Minister, Govt of Bihar - BC and EBC Welfare",https://en.wikipedia.org/wiki/Choudhary_ministry,0.75,collected,2026-06-26
418,,5,86,Minister of Bihar (Disaster Management),political_executive,executive,6,false,"Minister, Govt of Bihar - Disaster Management",https://en.wikipedia.org/wiki/Choudhary_ministry,0.75,collected,2026-06-26
419,,5,86,Minister of Bihar (Road Construction),political_executive,executive,6,false,"Minister, Govt of Bihar - Road Construction",https://en.wikipedia.org/wiki/Choudhary_ministry,0.75,collected,2026-06-26
420,,5,86,"Minister of Bihar (Science, Technology & Technical Education)",political_executive,executive,6,false,"Minister, Govt of Bihar - Science, Technology & Technical Education",https://en.wikipedia.org/wiki/Choudhary_ministry,0.75,collected,2026-06-26
421,,5,86,Minister of Bihar (Tourism),political_executive,executive,6,false,"Minister, Govt of Bihar - Tourism",https://en.wikipedia.org/wiki/Choudhary_ministry,0.75,collected,2026-06-26
422,,5,86,Minister of Bihar (SC and ST Welfare),political_executive,executive,6,false,"Minister, Govt of Bihar - SC and ST Welfare",https://en.wikipedia.org/wiki/Choudhary_ministry,0.75,collected,2026-06-26
423,,5,86,Minister of Bihar (Rural Works),political_executive,executive,6,false,"Minister, Govt of Bihar - Rural Works",https://en.wikipedia.org/wiki/Choudhary_ministry,0.75,collected,2026-06-26
424,,5,86,Minister of Bihar (Industries; Sports),political_executive,executive,6,false,"Minister, Govt of Bihar - Industries; Sports",https://en.wikipedia.org/wiki/Choudhary_ministry,0.75,collected,2026-06-26
425,,5,86,Minister of Bihar (Minority Welfare),political_executive,executive,6,false,"Minister, Govt of Bihar - Minority Welfare",https://en.wikipedia.org/wiki/Choudhary_ministry,0.75,collected,2026-06-26
426,,5,86,"Minister of Bihar (Dairy, Fisheries and Animal Resources)",political_executive,executive,6,false,"Minister, Govt of Bihar - Dairy, Fisheries and Animal Resources",https://en.wikipedia.org/wiki/Choudhary_ministry,0.75,collected,2026-06-26
427,,5,86,Minister of Bihar (Energy),political_executive,executive,6,false,"Minister, Govt of Bihar - Energy",https://en.wikipedia.org/wiki/Choudhary_ministry,0.75,collected,2026-06-26
428,,5,86,Minister of Bihar (Mining and Geology; Art and Culture),political_executive,executive,6,false,"Minister, Govt of Bihar - Mining and Geology; Art and Culture",https://en.wikipedia.org/wiki/Choudhary_ministry,0.75,collected,2026-06-26
429,,5,86,Minister of Bihar (Social Welfare),political_executive,executive,6,false,"Minister, Govt of Bihar - Social Welfare",https://en.wikipedia.org/wiki/Choudhary_ministry,0.75,collected,2026-06-26
430,,5,86,Minister of Bihar (Education),political_executive,executive,6,false,"Minister, Govt of Bihar - Education",https://en.wikipedia.org/wiki/Choudhary_ministry,0.75,collected,2026-06-26
431,,5,86,"Minister of Bihar (Environment, Forest and Climate Change)",political_executive,executive,6,false,"Minister, Govt of Bihar - Environment, Forest and Climate Change",https://en.wikipedia.org/wiki/Choudhary_ministry,0.75,collected,2026-06-26
432,,5,86,Minister of Bihar (Public Health Engineering),political_executive,executive,6,false,"Minister, Govt of Bihar - Public Health Engineering",https://en.wikipedia.org/wiki/Choudhary_ministry,0.75,collected,2026-06-26
433,,5,86,Minister of Bihar (Sugarcane Industries),political_executive,executive,6,false,"Minister, Govt of Bihar - Sugarcane Industries",https://en.wikipedia.org/wiki/Choudhary_ministry,0.75,collected,2026-06-26
434,,5,86,Minister of Bihar (Panchayati Raj),political_executive,executive,6,false,"Minister, Govt of Bihar - Panchayati Raj",https://en.wikipedia.org/wiki/Choudhary_ministry,0.75,collected,2026-06-26
435,,24,143,Minister of Tamil Nadu (Irrigation; Law; Legislative Assembly),political_executive,executive,6,false,"Minister, Govt of Tamil Nadu - Irrigation; Law; Legislative Assembly",https://images.assettype.com/dt-next/2026-05-21/mgqcw36i/Lok_Bhavan__Tamil_Nadu_Press_Release_No__40_Dated__21_05_2026___Tamil_Nadu_Ministers_Portfolio_List_.pdf,0.85,collected,2026-07-03
436,,24,143,"Minister of Tamil Nadu (Municipal Administration, Urban and Water Supply)",political_executive,executive,6,false,"Minister, Govt of Tamil Nadu - Municipal Administration, Urban and Water Supply",https://images.assettype.com/dt-next/2026-05-21/mgqcw36i/Lok_Bhavan__Tamil_Nadu_Press_Release_No__40_Dated__21_05_2026___Tamil_Nadu_Ministers_Portfolio_List_.pdf,0.90,collected,2026-07-03
437,,24,143,Minister of Tamil Nadu (Rural Development; Panchayats),political_executive,executive,6,false,"Minister, Govt of Tamil Nadu - Rural Development; Panchayats",https://images.assettype.com/dt-next/2026-05-21/mgqcw36i/Lok_Bhavan__Tamil_Nadu_Press_Release_No__40_Dated__21_05_2026___Tamil_Nadu_Ministers_Portfolio_List_.pdf,0.90,collected,2026-07-03
438,,24,143,"Minister of Tamil Nadu (Public Works (Buildings), Highways and Minor Ports)",political_executive,executive,6,false,"Minister, Govt of Tamil Nadu - Public Works (Buildings), Highways and Minor Ports",https://images.assettype.com/dt-next/2026-05-21/mgqcw36i/Lok_Bhavan__Tamil_Nadu_Press_Release_No__40_Dated__21_05_2026___Tamil_Nadu_Ministers_Portfolio_List_.pdf,0.90,collected,2026-07-03
439,,24,143,Minister of Tamil Nadu (Agriculture; Horticulture),political_executive,executive,6,false,"Minister, Govt of Tamil Nadu - Agriculture; Horticulture",https://images.assettype.com/dt-next/2026-05-21/mgqcw36i/Lok_Bhavan__Tamil_Nadu_Press_Release_No__40_Dated__21_05_2026___Tamil_Nadu_Ministers_Portfolio_List_.pdf,0.90,collected,2026-07-03
440,,24,143,Minister of Tamil Nadu (Revenue; Disaster Management),political_executive,executive,6,false,"Minister, Govt of Tamil Nadu - Revenue; Disaster Management",https://images.assettype.com/dt-next/2026-05-21/mgqcw36i/Lok_Bhavan__Tamil_Nadu_Press_Release_No__40_Dated__21_05_2026___Tamil_Nadu_Ministers_Portfolio_List_.pdf,0.90,collected,2026-07-03
441,,24,143,Minister of Tamil Nadu (Finance; Human Resources Management),political_executive,executive,6,false,"Minister, Govt of Tamil Nadu - Finance; Human Resources Management",https://images.assettype.com/dt-next/2026-05-21/mgqcw36i/Lok_Bhavan__Tamil_Nadu_Press_Release_No__40_Dated__21_05_2026___Tamil_Nadu_Ministers_Portfolio_List_.pdf,0.90,collected,2026-07-03
442,,24,143,Minister of Tamil Nadu (Minerals and Mines),political_executive,executive,6,false,"Minister, Govt of Tamil Nadu - Minerals and Mines",https://images.assettype.com/dt-next/2026-05-21/mgqcw36i/Lok_Bhavan__Tamil_Nadu_Press_Release_No__40_Dated__21_05_2026___Tamil_Nadu_Ministers_Portfolio_List_.pdf,0.90,collected,2026-07-03
443,,24,143,Minister of Tamil Nadu (Housing; Town Planning),political_executive,executive,6,false,"Minister, Govt of Tamil Nadu - Housing; Town Planning",https://images.assettype.com/dt-next/2026-05-21/mgqcw36i/Lok_Bhavan__Tamil_Nadu_Press_Release_No__40_Dated__21_05_2026___Tamil_Nadu_Ministers_Portfolio_List_.pdf,0.90,collected,2026-07-03
444,,24,143,Minister of Tamil Nadu (Co-operation),political_executive,executive,6,false,"Minister, Govt of Tamil Nadu - Co-operation",https://images.assettype.com/dt-next/2026-05-21/mgqcw36i/Lok_Bhavan__Tamil_Nadu_Press_Release_No__40_Dated__21_05_2026___Tamil_Nadu_Ministers_Portfolio_List_.pdf,0.90,collected,2026-07-03
445,,24,143,Minister of Tamil Nadu (Rural Industries; Small Industries),political_executive,executive,6,false,"Minister, Govt of Tamil Nadu - Rural Industries; Small Industries",https://images.assettype.com/dt-next/2026-05-21/mgqcw36i/Lok_Bhavan__Tamil_Nadu_Press_Release_No__40_Dated__21_05_2026___Tamil_Nadu_Ministers_Portfolio_List_.pdf,0.90,collected,2026-07-03
446,,24,143,Minister of Tamil Nadu (Tamil Official Language and Culture; Information & Publicity),political_executive,executive,6,false,"Minister, Govt of Tamil Nadu - Tamil Official Language and Culture; Information & Publicity",https://images.assettype.com/dt-next/2026-05-21/mgqcw36i/Lok_Bhavan__Tamil_Nadu_Press_Release_No__40_Dated__21_05_2026___Tamil_Nadu_Ministers_Portfolio_List_.pdf,0.90,collected,2026-07-03
447,,24,143,Minister of Tamil Nadu (Social Welfare; Women and Children Welfare),political_executive,executive,6,false,"Minister, Govt of Tamil Nadu - Social Welfare; Women and Children Welfare",https://images.assettype.com/dt-next/2026-05-21/mgqcw36i/Lok_Bhavan__Tamil_Nadu_Press_Release_No__40_Dated__21_05_2026___Tamil_Nadu_Ministers_Portfolio_List_.pdf,0.90,collected,2026-07-03
448,,24,143,Minister of Tamil Nadu (Fisheries; Animal Husbandry),political_executive,executive,6,false,"Minister, Govt of Tamil Nadu - Fisheries; Animal Husbandry",https://images.assettype.com/dt-next/2026-05-21/mgqcw36i/Lok_Bhavan__Tamil_Nadu_Press_Release_No__40_Dated__21_05_2026___Tamil_Nadu_Ministers_Portfolio_List_.pdf,0.85,collected,2026-07-03
449,,24,143,Minister of Tamil Nadu (Milk and Dairy Development),political_executive,executive,6,false,"Minister, Govt of Tamil Nadu - Milk and Dairy Development",https://images.assettype.com/dt-next/2026-05-21/mgqcw36i/Lok_Bhavan__Tamil_Nadu_Press_Release_No__40_Dated__21_05_2026___Tamil_Nadu_Ministers_Portfolio_List_.pdf,0.90,collected,2026-07-03
450,,24,143,Minister of Tamil Nadu (Tourism),political_executive,executive,6,false,"Minister, Govt of Tamil Nadu - Tourism",https://images.assettype.com/dt-next/2026-05-21/mgqcw36i/Lok_Bhavan__Tamil_Nadu_Press_Release_No__40_Dated__21_05_2026___Tamil_Nadu_Ministers_Portfolio_List_.pdf,0.90,collected,2026-07-03
451,,24,143,Minister of Tamil Nadu (Food and Civil Supplies; Consumer Protection),political_executive,executive,6,false,"Minister, Govt of Tamil Nadu - Food and Civil Supplies; Consumer Protection",https://images.assettype.com/dt-next/2026-05-21/mgqcw36i/Lok_Bhavan__Tamil_Nadu_Press_Release_No__40_Dated__21_05_2026___Tamil_Nadu_Ministers_Portfolio_List_.pdf,0.90,collected,2026-07-03
452,,24,143,Minister of Tamil Nadu (Handlooms and Textiles),political_executive,executive,6,false,"Minister, Govt of Tamil Nadu - Handlooms and Textiles",https://images.assettype.com/dt-next/2026-05-21/mgqcw36i/Lok_Bhavan__Tamil_Nadu_Press_Release_No__40_Dated__21_05_2026___Tamil_Nadu_Ministers_Portfolio_List_.pdf,0.90,collected,2026-07-03
453,,24,143,"Minister of Tamil Nadu (Health, Medical Education and Family Welfare)",political_executive,executive,6,false,"Minister, Govt of Tamil Nadu - Health, Medical Education and Family Welfare",https://images.assettype.com/dt-next/2026-05-21/mgqcw36i/Lok_Bhavan__Tamil_Nadu_Press_Release_No__40_Dated__21_05_2026___Tamil_Nadu_Ministers_Portfolio_List_.pdf,0.90,collected,2026-07-03
454,,24,143,Minister of Tamil Nadu (Commercial Taxes; Registration),political_executive,executive,6,false,"Minister, Govt of Tamil Nadu - Commercial Taxes; Registration",https://images.assettype.com/dt-next/2026-05-21/mgqcw36i/Lok_Bhavan__Tamil_Nadu_Press_Release_No__40_Dated__21_05_2026___Tamil_Nadu_Ministers_Portfolio_List_.pdf,0.90,collected,2026-07-03
455,,24,143,Minister of Tamil Nadu (Transport; Electricity),political_executive,executive,6,false,"Minister, Govt of Tamil Nadu - Transport; Electricity",https://images.assettype.com/dt-next/2026-05-21/mgqcw36i/Lok_Bhavan__Tamil_Nadu_Press_Release_No__40_Dated__21_05_2026___Tamil_Nadu_Ministers_Portfolio_List_.pdf,0.85,collected,2026-07-03
456,,24,143,Minister of Tamil Nadu (Hindu Religious and Charitable Endowments),political_executive,executive,6,false,"Minister, Govt of Tamil Nadu - Hindu Religious and Charitable Endowments",https://images.assettype.com/dt-next/2026-05-21/mgqcw36i/Lok_Bhavan__Tamil_Nadu_Press_Release_No__40_Dated__21_05_2026___Tamil_Nadu_Ministers_Portfolio_List_.pdf,0.90,collected,2026-07-03
457,,24,143,Minister of Tamil Nadu (Higher Education; Science and Technology),political_executive,executive,6,false,"Minister, Govt of Tamil Nadu - Higher Education; Science and Technology",https://images.assettype.com/dt-next/2026-05-21/mgqcw36i/Lok_Bhavan__Tamil_Nadu_Press_Release_No__40_Dated__21_05_2026___Tamil_Nadu_Ministers_Portfolio_List_.pdf,0.90,collected,2026-07-03
458,,24,143,Minister of Tamil Nadu (Information Technology & Digital Services),political_executive,executive,6,false,"Minister, Govt of Tamil Nadu - Information Technology & Digital Services",https://images.assettype.com/dt-next/2026-05-21/mgqcw36i/Lok_Bhavan__Tamil_Nadu_Press_Release_No__40_Dated__21_05_2026___Tamil_Nadu_Ministers_Portfolio_List_.pdf,0.90,collected,2026-07-03
459,,24,143,Minister of Tamil Nadu (Minorities Welfare; Wakf Board),political_executive,executive,6,true,"Minister, Govt of Tamil Nadu - Minorities Welfare; Wakf Board",https://images.assettype.com/dt-next/2026-05-21/mgqcw36i/Lok_Bhavan__Tamil_Nadu_Press_Release_No__40_Dated__21_05_2026___Tamil_Nadu_Ministers_Portfolio_List_.pdf,0.75,collected,2026-07-03
460,,24,143,Minister of Tamil Nadu (School Education),political_executive,executive,6,false,"Minister, Govt of Tamil Nadu - School Education",https://images.assettype.com/dt-next/2026-05-21/mgqcw36i/Lok_Bhavan__Tamil_Nadu_Press_Release_No__40_Dated__21_05_2026___Tamil_Nadu_Ministers_Portfolio_List_.pdf,0.90,collected,2026-07-03
461,,24,143,Minister of Tamil Nadu (Backward Classes Welfare),political_executive,executive,6,false,"Minister, Govt of Tamil Nadu - Backward Classes Welfare",https://images.assettype.com/dt-next/2026-05-21/mgqcw36i/Lok_Bhavan__Tamil_Nadu_Press_Release_No__40_Dated__21_05_2026___Tamil_Nadu_Ministers_Portfolio_List_.pdf,0.90,collected,2026-07-03
462,,24,143,Minister of Tamil Nadu (Labour Welfare; Employment and Training),political_executive,executive,6,false,"Minister, Govt of Tamil Nadu - Labour Welfare; Employment and Training",https://images.assettype.com/dt-next/2026-05-21/mgqcw36i/Lok_Bhavan__Tamil_Nadu_Press_Release_No__40_Dated__21_05_2026___Tamil_Nadu_Ministers_Portfolio_List_.pdf,0.90,collected,2026-07-03
463,,24,143,Minister of Tamil Nadu (Milk and Dairy Development),political_executive,executive,6,false,"Minister, Govt of Tamil Nadu - Milk and Dairy Development",https://images.assettype.com/dt-next/2026-05-21/mgqcw36i/Lok_Bhavan__Tamil_Nadu_Press_Release_No__40_Dated__21_05_2026___Tamil_Nadu_Ministers_Portfolio_List_.pdf,0.90,collected,2026-07-03
464,,24,143,Minister of Tamil Nadu (Industries),political_executive,executive,6,false,"Minister, Govt of Tamil Nadu - Industries",https://images.assettype.com/dt-next/2026-05-21/mgqcw36i/Lok_Bhavan__Tamil_Nadu_Press_Release_No__40_Dated__21_05_2026___Tamil_Nadu_Ministers_Portfolio_List_.pdf,0.90,collected,2026-07-03
465,,24,143,Minister of Tamil Nadu (Adi Dravidar and Tribal Welfare),political_executive,executive,6,true,"Minister, Govt of Tamil Nadu - Adi Dravidar and Tribal Welfare",https://images.assettype.com/dt-next/2026-05-21/mgqcw36i/Lok_Bhavan__Tamil_Nadu_Press_Release_No__40_Dated__21_05_2026___Tamil_Nadu_Ministers_Portfolio_List_.pdf,0.75,collected,2026-07-03
466,,24,143,Minister of Tamil Nadu (Human Resources Management; Ex-Servicemen Welfare),political_executive,executive,6,false,"Minister, Govt of Tamil Nadu - Human Resources Management; Ex-Servicemen Welfare",https://images.assettype.com/dt-next/2026-05-21/mgqcw36i/Lok_Bhavan__Tamil_Nadu_Press_Release_No__40_Dated__21_05_2026___Tamil_Nadu_Ministers_Portfolio_List_.pdf,0.90,collected,2026-07-03
467,,24,143,Minister of Tamil Nadu (Forests; Khadi & Village Industries),political_executive,executive,6,false,"Minister, Govt of Tamil Nadu - Forests; Khadi & Village Industries",https://images.assettype.com/dt-next/2026-05-21/mgqcw36i/Lok_Bhavan__Tamil_Nadu_Press_Release_No__40_Dated__21_05_2026___Tamil_Nadu_Ministers_Portfolio_List_.pdf,0.85,collected,2026-07-03
468,,2,77,"Minister of Andhra Pradesh (Health, Family Welfare & Medical Education)",political_executive,executive,6,false,"Minister, Govt of Andhra Pradesh - Health, Family Welfare & Medical Education",https://en.wikipedia.org/wiki/Fourth_N._Chandrababu_Naidu_ministry,0.75,collected,2026-06-26
469,,2,77,Minister of Andhra Pradesh (Agriculture; Animal Husbandry; Fisheries),political_executive,executive,6,false,"Minister, Govt of Andhra Pradesh - Agriculture; Animal Husbandry; Fisheries",https://en.wikipedia.org/wiki/Fourth_N._Chandrababu_Naidu_ministry,0.75,collected,2026-06-26
470,,2,77,Minister of Andhra Pradesh (Mines & Geology; Excise),political_executive,executive,6,false,"Minister, Govt of Andhra Pradesh - Mines & Geology; Excise",https://en.wikipedia.org/wiki/Fourth_N._Chandrababu_Naidu_ministry,0.75,collected,2026-06-26
471,,2,77,Minister of Andhra Pradesh (Food & Civil Supplies; Consumer Affairs),political_executive,executive,6,false,"Minister, Govt of Andhra Pradesh - Food & Civil Supplies; Consumer Affairs",https://en.wikipedia.org/wiki/Fourth_N._Chandrababu_Naidu_ministry,0.75,collected,2026-06-26
472,,2,77,Minister of Andhra Pradesh (Municipal Administration & Urban Development),political_executive,executive,6,false,"Minister, Govt of Andhra Pradesh - Municipal Administration & Urban Development",https://en.wikipedia.org/wiki/Fourth_N._Chandrababu_Naidu_ministry,0.75,collected,2026-06-26
473,,2,77,Minister of Andhra Pradesh (Home Affairs & Disaster Management),political_executive,executive,6,false,"Minister, Govt of Andhra Pradesh - Home Affairs & Disaster Management",https://en.wikipedia.org/wiki/Fourth_N._Chandrababu_Naidu_ministry,0.75,collected,2026-06-26
474,,2,77,Minister of Andhra Pradesh (Human Resources Development; Information Technology),political_executive,executive,6,false,"Minister, Govt of Andhra Pradesh - Human Resources Development; Information Technology",https://en.wikipedia.org/wiki/Fourth_N._Chandrababu_Naidu_ministry,0.75,collected,2026-06-26
475,,2,77,Minister of Andhra Pradesh (Water Resources Development),political_executive,executive,6,false,"Minister, Govt of Andhra Pradesh - Water Resources Development",https://en.wikipedia.org/wiki/Fourth_N._Chandrababu_Naidu_ministry,0.75,collected,2026-06-26
476,,2,77,Minister of Andhra Pradesh (Law & Justice; Minority Welfare),political_executive,executive,6,false,"Minister, Govt of Andhra Pradesh - Law & Justice; Minority Welfare",https://en.wikipedia.org/wiki/Fourth_N._Chandrababu_Naidu_ministry,0.75,collected,2026-06-26
477,,2,77,Minister of Andhra Pradesh (Endowments),political_executive,executive,6,false,"Minister, Govt of Andhra Pradesh - Endowments",https://en.wikipedia.org/wiki/Fourth_N._Chandrababu_Naidu_ministry,0.75,collected,2026-06-26
478,,2,77,Minister of Andhra Pradesh (Finance; Planning; Commercial Taxes),political_executive,executive,6,false,"Minister, Govt of Andhra Pradesh - Finance; Planning; Commercial Taxes",https://en.wikipedia.org/wiki/Fourth_N._Chandrababu_Naidu_ministry,0.75,collected,2026-06-26
479,,2,77,Minister of Andhra Pradesh (Revenue; Registration & Stamps),political_executive,executive,6,false,"Minister, Govt of Andhra Pradesh - Revenue; Registration & Stamps",https://en.wikipedia.org/wiki/Fourth_N._Chandrababu_Naidu_ministry,0.75,collected,2026-06-26
480,,2,77,Minister of Andhra Pradesh (Housing; Information & Public Relations),political_executive,executive,6,false,"Minister, Govt of Andhra Pradesh - Housing; Information & Public Relations",https://en.wikipedia.org/wiki/Fourth_N._Chandrababu_Naidu_ministry,0.75,collected,2026-06-26
481,,2,77,Minister of Andhra Pradesh (Social Welfare),political_executive,executive,6,false,"Minister, Govt of Andhra Pradesh - Social Welfare",https://en.wikipedia.org/wiki/Fourth_N._Chandrababu_Naidu_ministry,0.75,collected,2026-06-26
482,,2,77,Minister of Andhra Pradesh (Energy),political_executive,executive,6,false,"Minister, Govt of Andhra Pradesh - Energy",https://en.wikipedia.org/wiki/Fourth_N._Chandrababu_Naidu_ministry,0.75,collected,2026-06-26
483,,2,77,Minister of Andhra Pradesh (Tourism; Culture; Cinematography),political_executive,executive,6,false,"Minister, Govt of Andhra Pradesh - Tourism; Culture; Cinematography",https://en.wikipedia.org/wiki/Fourth_N._Chandrababu_Naidu_ministry,0.75,collected,2026-06-26
484,,2,77,Minister of Andhra Pradesh (Women & Child Welfare; Tribal Welfare),political_executive,executive,6,false,"Minister, Govt of Andhra Pradesh - Women & Child Welfare; Tribal Welfare",https://en.wikipedia.org/wiki/Fourth_N._Chandrababu_Naidu_ministry,0.75,collected,2026-06-26
485,,2,77,Minister of Andhra Pradesh (Roads & Buildings; Infrastructure),political_executive,executive,6,false,"Minister, Govt of Andhra Pradesh - Roads & Buildings; Infrastructure",https://en.wikipedia.org/wiki/Fourth_N._Chandrababu_Naidu_ministry,0.75,collected,2026-06-26
486,,2,77,Minister of Andhra Pradesh (Industries & Commerce; Food Processing),political_executive,executive,6,false,"Minister, Govt of Andhra Pradesh - Industries & Commerce; Food Processing",https://en.wikipedia.org/wiki/Fourth_N._Chandrababu_Naidu_ministry,0.75,collected,2026-06-26
487,,2,77,Minister of Andhra Pradesh (Backward Classes Welfare; Handlooms & Textiles),political_executive,executive,6,false,"Minister, Govt of Andhra Pradesh - Backward Classes Welfare; Handlooms & Textiles",https://en.wikipedia.org/wiki/Fourth_N._Chandrababu_Naidu_ministry,0.75,collected,2026-06-26
488,,2,77,Minister of Andhra Pradesh (Labour; Factories),political_executive,executive,6,false,"Minister, Govt of Andhra Pradesh - Labour; Factories",https://en.wikipedia.org/wiki/Fourth_N._Chandrababu_Naidu_ministry,0.75,collected,2026-06-26
489,,2,77,"Minister of Andhra Pradesh (Micro, Small and Medium Enterprises)",political_executive,executive,6,false,"Minister, Govt of Andhra Pradesh - Micro, Small and Medium Enterprises",https://en.wikipedia.org/wiki/Fourth_N._Chandrababu_Naidu_ministry,0.75,collected,2026-06-26
490,,2,77,Minister of Andhra Pradesh (Transport; Youth & Sports),political_executive,executive,6,false,"Minister, Govt of Andhra Pradesh - Transport; Youth & Sports",https://en.wikipedia.org/wiki/Fourth_N._Chandrababu_Naidu_ministry,0.75,collected,2026-06-26
491,,25,146,Minister of Telangana (Irrigation; Food and Civil Supplies),political_executive,executive,6,false,"Minister, Govt of Telangana - Irrigation; Food and Civil Supplies",https://en.wikipedia.org/wiki/Revanth_Reddy_ministry,0.75,collected,2026-06-26
492,,25,146,Minister of Telangana (Transport; Backward Classes Welfare),political_executive,executive,6,false,"Minister, Govt of Telangana - Transport; Backward Classes Welfare",https://en.wikipedia.org/wiki/Revanth_Reddy_ministry,0.75,collected,2026-06-26
493,,25,146,Minister of Telangana (Roads and Buildings; Cinematography),political_executive,executive,6,false,"Minister, Govt of Telangana - Roads and Buildings; Cinematography",https://en.wikipedia.org/wiki/Revanth_Reddy_ministry,0.75,collected,2026-06-26
494,,25,146,Minister of Telangana (Environment & Forests; Endowment),political_executive,executive,6,false,"Minister, Govt of Telangana - Environment & Forests; Endowment",https://en.wikipedia.org/wiki/Revanth_Reddy_ministry,0.75,collected,2026-06-26
495,,25,146,Minister of Telangana (Panchayat Raj and Rural Development; Women and Child Development),political_executive,executive,6,false,"Minister, Govt of Telangana - Panchayat Raj and Rural Development; Women and Child Development",https://en.wikipedia.org/wiki/Revanth_Reddy_ministry,0.75,collected,2026-06-26
496,,25,146,Minister of Telangana (Information Technology; Industries and Commerce),political_executive,executive,6,false,"Minister, Govt of Telangana - Information Technology; Industries and Commerce",https://en.wikipedia.org/wiki/Revanth_Reddy_ministry,0.75,collected,2026-06-26
497,,25,146,Minister of Telangana (Revenue; Housing),political_executive,executive,6,false,"Minister, Govt of Telangana - Revenue; Housing",https://en.wikipedia.org/wiki/Revanth_Reddy_ministry,0.75,collected,2026-06-26
498,,25,146,Minister of Telangana (Agriculture and Co-operation; Handlooms & Textiles),political_executive,executive,6,false,"Minister, Govt of Telangana - Agriculture and Co-operation; Handlooms & Textiles",https://en.wikipedia.org/wiki/Revanth_Reddy_ministry,0.75,collected,2026-06-26
499,,25,146,"Minister of Telangana (Health, Medical and Family Welfare)",political_executive,executive,6,false,"Minister, Govt of Telangana - Health, Medical and Family Welfare",https://en.wikipedia.org/wiki/Revanth_Reddy_ministry,0.75,collected,2026-06-26
500,,25,146,Minister of Telangana (Prohibition & Excise; Tourism & Culture),political_executive,executive,6,false,"Minister, Govt of Telangana - Prohibition & Excise; Tourism & Culture",https://en.wikipedia.org/wiki/Revanth_Reddy_ministry,0.75,collected,2026-06-26
501,,25,146,Minister of Telangana (Labour; Mines & Geology),political_executive,executive,6,false,"Minister, Govt of Telangana - Labour; Mines & Geology",https://en.wikipedia.org/wiki/Revanth_Reddy_ministry,0.75,collected,2026-06-26
502,,25,146,Minister of Telangana (Scheduled Castes Development; Tribal Welfare),political_executive,executive,6,false,"Minister, Govt of Telangana - Scheduled Castes Development; Tribal Welfare",https://en.wikipedia.org/wiki/Revanth_Reddy_ministry,0.75,collected,2026-06-26
503,,25,146,Minister of Telangana (Animal Husbandry; Sports & Youth Services),political_executive,executive,6,false,"Minister, Govt of Telangana - Animal Husbandry; Sports & Youth Services",https://en.wikipedia.org/wiki/Revanth_Reddy_ministry,0.75,collected,2026-06-26
504,,25,146,Minister of Telangana (Public Enterprises; Minorities Welfare),political_executive,executive,6,false,"Minister, Govt of Telangana - Public Enterprises; Minorities Welfare",https://en.wikipedia.org/wiki/Revanth_Reddy_ministry,0.75,collected,2026-06-26
505,,29,158,Minister of West Bengal (Animal Resources Development; Agricultural Marketing; Co-operation),political_executive,executive,6,false,"Minister, Govt of West Bengal - Animal Resources Development; Agricultural Marketing; Co-operation",https://en.wikipedia.org/wiki/Suvendu_Adhikari_ministry,0.80,collected,2026-06-26
506,,29,158,Minister of West Bengal (Urban Development and Municipal Affairs; Women and Child Development),political_executive,executive,6,false,"Minister, Govt of West Bengal - Urban Development and Municipal Affairs; Women and Child Development",https://en.wikipedia.org/wiki/Suvendu_Adhikari_ministry,0.80,collected,2026-06-26
507,,29,158,Minister of West Bengal (Co-operation; Food and Supplies),political_executive,executive,6,false,"Minister, Govt of West Bengal - Co-operation; Food and Supplies",https://en.wikipedia.org/wiki/Suvendu_Adhikari_ministry,0.80,collected,2026-06-26
508,,29,158,Minister of West Bengal (Backward Classes Welfare; Tribal Development),political_executive,executive,6,false,"Minister, Govt of West Bengal - Backward Classes Welfare; Tribal Development",https://en.wikipedia.org/wiki/Suvendu_Adhikari_ministry,0.80,collected,2026-06-26
509,,29,158,Minister of West Bengal (North Bengal Development; Youth Services and Sports),political_executive,executive,6,false,"Minister, Govt of West Bengal - North Bengal Development; Youth Services and Sports",https://en.wikipedia.org/wiki/Suvendu_Adhikari_ministry,0.80,collected,2026-06-26
510,,29,158,Minister of West Bengal,political_executive,executive,6,false,"Minister, Govt of West Bengal - ",https://en.wikipedia.org/wiki/Suvendu_Adhikari_ministry,0.80,collected,2026-06-26
511,,29,158,Minister of West Bengal,political_executive,executive,6,false,"Minister, Govt of West Bengal - ",https://en.wikipedia.org/wiki/Suvendu_Adhikari_ministry,0.80,collected,2026-06-26
512,,29,158,Minister of West Bengal,political_executive,executive,6,false,"Minister, Govt of West Bengal - ",https://en.wikipedia.org/wiki/Suvendu_Adhikari_ministry,0.80,collected,2026-06-26
513,,29,158,Minister of West Bengal,political_executive,executive,6,false,"Minister, Govt of West Bengal - ",https://en.wikipedia.org/wiki/Suvendu_Adhikari_ministry,0.80,collected,2026-06-26
514,,29,158,Minister of West Bengal,political_executive,executive,6,false,"Minister, Govt of West Bengal - ",https://en.wikipedia.org/wiki/Suvendu_Adhikari_ministry,0.80,collected,2026-06-26
515,,29,158,Minister of West Bengal,political_executive,executive,6,false,"Minister, Govt of West Bengal - ",https://en.wikipedia.org/wiki/Suvendu_Adhikari_ministry,0.80,collected,2026-06-26
516,,29,158,Minister of West Bengal,political_executive,executive,6,false,"Minister, Govt of West Bengal - ",https://en.wikipedia.org/wiki/Suvendu_Adhikari_ministry,0.80,collected,2026-06-26
517,,29,158,Minister of West Bengal,political_executive,executive,6,false,"Minister, Govt of West Bengal - ",https://en.wikipedia.org/wiki/Suvendu_Adhikari_ministry,0.80,collected,2026-06-26
518,,29,158,Minister of West Bengal,political_executive,executive,6,false,"Minister, Govt of West Bengal - ",https://en.wikipedia.org/wiki/Suvendu_Adhikari_ministry,0.80,collected,2026-06-26
519,,29,158,Minister of West Bengal,political_executive,executive,6,false,"Minister, Govt of West Bengal - ",https://en.wikipedia.org/wiki/Suvendu_Adhikari_ministry,0.80,collected,2026-06-26
520,,29,158,Minister of West Bengal,political_executive,executive,6,false,"Minister, Govt of West Bengal - ",https://en.wikipedia.org/wiki/Suvendu_Adhikari_ministry,0.80,collected,2026-06-26
521,,29,158,Minister of West Bengal,political_executive,executive,6,false,"Minister, Govt of West Bengal - ",https://en.wikipedia.org/wiki/Suvendu_Adhikari_ministry,0.80,collected,2026-06-26
522,,29,158,Minister of West Bengal,political_executive,executive,6,false,"Minister, Govt of West Bengal - ",https://en.wikipedia.org/wiki/Suvendu_Adhikari_ministry,0.80,collected,2026-06-26
523,,29,158,Minister of State of West Bengal,political_executive,executive,7,false,"Minister of State, Govt of West Bengal - ",https://en.wikipedia.org/wiki/Suvendu_Adhikari_ministry,0.80,collected,2026-06-26
524,,29,158,Minister of State of West Bengal,political_executive,executive,7,false,"Minister of State, Govt of West Bengal - ",https://en.wikipedia.org/wiki/Suvendu_Adhikari_ministry,0.80,collected,2026-06-26
525,,29,158,Minister of State of West Bengal,political_executive,executive,7,false,"Minister of State, Govt of West Bengal - ",https://en.wikipedia.org/wiki/Suvendu_Adhikari_ministry,0.80,collected,2026-06-26
526,,29,158,Minister of State of West Bengal,political_executive,executive,7,false,"Minister of State, Govt of West Bengal - ",https://en.wikipedia.org/wiki/Suvendu_Adhikari_ministry,0.80,collected,2026-06-26
527,,29,158,Minister of State of West Bengal,political_executive,executive,7,false,"Minister of State, Govt of West Bengal - ",https://en.wikipedia.org/wiki/Suvendu_Adhikari_ministry,0.80,collected,2026-06-26
528,,29,158,Minister of State of West Bengal,political_executive,executive,7,false,"Minister of State, Govt of West Bengal - ",https://en.wikipedia.org/wiki/Suvendu_Adhikari_ministry,0.80,collected,2026-06-26
529,,29,158,Minister of State of West Bengal,political_executive,executive,7,false,"Minister of State, Govt of West Bengal - ",https://en.wikipedia.org/wiki/Suvendu_Adhikari_ministry,0.80,collected,2026-06-26
530,,29,158,Minister of State of West Bengal,political_executive,executive,7,false,"Minister of State, Govt of West Bengal - ",https://en.wikipedia.org/wiki/Suvendu_Adhikari_ministry,0.80,collected,2026-06-26
531,,29,158,Minister of State of West Bengal,political_executive,executive,7,false,"Minister of State, Govt of West Bengal - ",https://en.wikipedia.org/wiki/Suvendu_Adhikari_ministry,0.80,collected,2026-06-26
532,,29,158,Minister of State of West Bengal,political_executive,executive,7,false,"Minister of State, Govt of West Bengal - ",https://en.wikipedia.org/wiki/Suvendu_Adhikari_ministry,0.80,collected,2026-06-26
533,,29,158,Minister of State of West Bengal,political_executive,executive,7,false,"Minister of State, Govt of West Bengal - ",https://en.wikipedia.org/wiki/Suvendu_Adhikari_ministry,0.80,collected,2026-06-26
534,,29,158,Minister of State of West Bengal,political_executive,executive,7,false,"Minister of State, Govt of West Bengal - ",https://en.wikipedia.org/wiki/Suvendu_Adhikari_ministry,0.80,collected,2026-06-26
535,,29,158,Minister of State of West Bengal,political_executive,executive,7,false,"Minister of State, Govt of West Bengal - ",https://en.wikipedia.org/wiki/Suvendu_Adhikari_ministry,0.80,collected,2026-06-26
536,,29,158,Minister of State of West Bengal,political_executive,executive,7,false,"Minister of State, Govt of West Bengal - ",https://en.wikipedia.org/wiki/Suvendu_Adhikari_ministry,0.80,collected,2026-06-26
537,,29,158,Minister of State of West Bengal,political_executive,executive,7,false,"Minister of State, Govt of West Bengal - ",https://en.wikipedia.org/wiki/Suvendu_Adhikari_ministry,0.80,collected,2026-06-26
538,,29,158,Minister of State of West Bengal,political_executive,executive,7,false,"Minister of State, Govt of West Bengal - ",https://en.wikipedia.org/wiki/Suvendu_Adhikari_ministry,0.80,collected,2026-06-26
539,,29,158,Minister of State of West Bengal,political_executive,executive,7,false,"Minister of State, Govt of West Bengal - ",https://en.wikipedia.org/wiki/Suvendu_Adhikari_ministry,0.80,collected,2026-06-26
540,,29,158,Minister of State of West Bengal,political_executive,executive,7,false,"Minister of State, Govt of West Bengal - ",https://en.wikipedia.org/wiki/Suvendu_Adhikari_ministry,0.80,collected,2026-06-26
541,,29,158,Minister of State of West Bengal,political_executive,executive,7,false,"Minister of State, Govt of West Bengal - ",https://en.wikipedia.org/wiki/Suvendu_Adhikari_ministry,0.80,collected,2026-06-26
542,,29,158,Minister of State of West Bengal,political_executive,executive,7,false,"Minister of State, Govt of West Bengal - ",https://en.wikipedia.org/wiki/Suvendu_Adhikari_ministry,0.80,collected,2026-06-26
543,,29,158,Minister of State of West Bengal,political_executive,executive,7,false,"Minister of State, Govt of West Bengal - ",https://en.wikipedia.org/wiki/Suvendu_Adhikari_ministry,0.80,collected,2026-06-26
544,,29,158,Minister of State of West Bengal,political_executive,executive,7,false,"Minister of State, Govt of West Bengal - ",https://en.wikipedia.org/wiki/Suvendu_Adhikari_ministry,0.80,collected,2026-06-26
545,,20,131,Minister of Odisha (Revenue & Disaster Management),political_executive,executive,6,false,"Minister, Govt of Odisha - Revenue & Disaster Management",https://en.wikipedia.org/wiki/Mohan_Charan_Majhi_ministry,0.75,collected,2026-06-26
546,,20,131,Minister of Odisha (Rural Development; Panchayati Raj & Drinking Water),political_executive,executive,6,false,"Minister, Govt of Odisha - Rural Development; Panchayati Raj & Drinking Water",https://en.wikipedia.org/wiki/Mohan_Charan_Majhi_ministry,0.75,collected,2026-06-26
547,,20,131,Minister of Odisha (School & Mass Education; ST & SC Development),political_executive,executive,6,false,"Minister, Govt of Odisha - School & Mass Education; ST & SC Development",https://en.wikipedia.org/wiki/Mohan_Charan_Majhi_ministry,0.75,collected,2026-06-26
548,,20,131,Minister of Odisha (Food Supplies & Consumer Welfare; Science & Technology),political_executive,executive,6,false,"Minister, Govt of Odisha - Food Supplies & Consumer Welfare; Science & Technology",https://en.wikipedia.org/wiki/Mohan_Charan_Majhi_ministry,0.75,collected,2026-06-26
549,,20,131,Minister of Odisha (Law; Works; Excise),political_executive,executive,6,false,"Minister, Govt of Odisha - Law; Works; Excise",https://en.wikipedia.org/wiki/Mohan_Charan_Majhi_ministry,0.75,collected,2026-06-26
550,,20,131,Minister of Odisha (Health & Family Welfare; Parliamentary Affairs; IT),political_executive,executive,6,false,"Minister, Govt of Odisha - Health & Family Welfare; Parliamentary Affairs; IT",https://en.wikipedia.org/wiki/Mohan_Charan_Majhi_ministry,0.75,collected,2026-06-26
551,,20,131,Minister of Odisha (Commerce and Transport; Steel & Mines),political_executive,executive,6,false,"Minister, Govt of Odisha - Commerce and Transport; Steel & Mines",https://en.wikipedia.org/wiki/Mohan_Charan_Majhi_ministry,0.75,collected,2026-06-26
552,,20,131,Minister of Odisha (Housing & Urban Development; Public Enterprises),political_executive,executive,6,false,"Minister, Govt of Odisha - Housing & Urban Development; Public Enterprises",https://en.wikipedia.org/wiki/Mohan_Charan_Majhi_ministry,0.75,collected,2026-06-26
553,,20,131,Minister of State of Odisha (Forest & Environment; Labour & ESI),political_executive,executive,7,false,"Minister of State, Govt of Odisha - Forest & Environment; Labour & ESI",https://en.wikipedia.org/wiki/Mohan_Charan_Majhi_ministry,0.75,collected,2026-06-26
554,,20,131,Minister of State of Odisha (Higher Education; Sports & Youth Services; Odia Language & Culture),political_executive,executive,7,false,"Minister of State, Govt of Odisha - Higher Education; Sports & Youth Services; Odia Language & Culture",https://en.wikipedia.org/wiki/Mohan_Charan_Majhi_ministry,0.75,collected,2026-06-26
555,,20,131,"Minister of State of Odisha (Co-operation; Handlooms, Textiles & Handicrafts)",political_executive,executive,7,false,"Minister of State, Govt of Odisha - Co-operation; Handlooms, Textiles & Handicrafts",https://en.wikipedia.org/wiki/Mohan_Charan_Majhi_ministry,0.75,collected,2026-06-26
556,,20,131,Minister of State of Odisha (Fisheries & Animal Resources; MSME),political_executive,executive,7,false,"Minister of State, Govt of Odisha - Fisheries & Animal Resources; MSME",https://en.wikipedia.org/wiki/Mohan_Charan_Majhi_ministry,0.75,collected,2026-06-26
557,,20,131,Minister of State of Odisha (Industries; Skill Development & Technical Education),political_executive,executive,7,false,"Minister of State, Govt of Odisha - Industries; Skill Development & Technical Education",https://en.wikipedia.org/wiki/Mohan_Charan_Majhi_ministry,0.75,collected,2026-06-26
558,,11,104,Minister of Jharkhand (Finance; Commercial Tax; Planning; Parliamentary Affairs),political_executive,executive,6,false,"Minister, Govt of Jharkhand - Finance; Commercial Tax; Planning; Parliamentary Affairs",https://en.wikipedia.org/wiki/Fourth_Hemant_Soren_ministry,0.75,collected,2026-06-26
559,,11,104,Minister of Jharkhand (Revenue; Registration and Land Reforms; Transport),political_executive,executive,6,false,"Minister, Govt of Jharkhand - Revenue; Registration and Land Reforms; Transport",https://en.wikipedia.org/wiki/Fourth_Hemant_Soren_ministry,0.75,collected,2026-06-26
560,,11,104,Minister of Jharkhand (School Education and Literacy; Registration),political_executive,executive,6,false,"Minister, Govt of Jharkhand - School Education and Literacy; Registration",https://en.wikipedia.org/wiki/Fourth_Hemant_Soren_ministry,0.75,collected,2026-06-26
561,,11,104,"Minister of Jharkhand (Scheduled Tribes, SC and Backward Classes)",political_executive,executive,6,false,"Minister, Govt of Jharkhand - Scheduled Tribes, SC and Backward Classes",https://en.wikipedia.org/wiki/Fourth_Hemant_Soren_ministry,0.75,collected,2026-06-26
562,,11,104,"Minister of Jharkhand (Health, Medical Education and Family Welfare; Food & Consumer Affairs)",political_executive,executive,6,false,"Minister, Govt of Jharkhand - Health, Medical Education and Family Welfare; Food & Consumer Affairs",https://en.wikipedia.org/wiki/Fourth_Hemant_Soren_ministry,0.75,collected,2026-06-26
563,,11,104,Minister of Jharkhand (Water Resources; Minority Welfare),political_executive,executive,6,false,"Minister, Govt of Jharkhand - Water Resources; Minority Welfare",https://en.wikipedia.org/wiki/Fourth_Hemant_Soren_ministry,0.75,collected,2026-06-26
564,,11,104,Minister of Jharkhand (Rural Development; Panchayati Raj),political_executive,executive,6,false,"Minister, Govt of Jharkhand - Rural Development; Panchayati Raj",https://en.wikipedia.org/wiki/Fourth_Hemant_Soren_ministry,0.75,collected,2026-06-26
565,,11,104,Minister of Jharkhand (Drinking Water and Sanitation; Excise and Prohibition),political_executive,executive,6,false,"Minister, Govt of Jharkhand - Drinking Water and Sanitation; Excise and Prohibition",https://en.wikipedia.org/wiki/Fourth_Hemant_Soren_ministry,0.75,collected,2026-06-26
566,,11,104,Minister of Jharkhand (Urban Development and Housing; Higher and Technical Education; Tourism),political_executive,executive,6,false,"Minister, Govt of Jharkhand - Urban Development and Housing; Higher and Technical Education; Tourism",https://en.wikipedia.org/wiki/Fourth_Hemant_Soren_ministry,0.75,collected,2026-06-26
567,,11,104,"Minister of Jharkhand (Agriculture, Animal Husbandry and Cooperatives)",political_executive,executive,6,false,"Minister, Govt of Jharkhand - Agriculture, Animal Husbandry and Cooperatives",https://en.wikipedia.org/wiki/Fourth_Hemant_Soren_ministry,0.75,collected,2026-06-26
568,,21,134,Minister of Punjab (Finance; Planning; Excise & Taxation),political_executive,executive,6,false,"Minister, Govt of Punjab - Finance; Planning; Excise & Taxation",https://en.wikipedia.org/wiki/Bhagwant_Mann_ministry,0.75,collected,2026-06-26
569,,21,134,"Minister of Punjab (Social Justice, Empowerment & Minorities; Women & Child Development)",political_executive,executive,6,false,"Minister, Govt of Punjab - Social Justice, Empowerment & Minorities; Women & Child Development",https://en.wikipedia.org/wiki/Bhagwant_Mann_ministry,0.75,collected,2026-06-26
570,,21,134,Minister of Punjab (Governance Reforms; New & Renewable Energy; Employment Generation),political_executive,executive,6,false,"Minister, Govt of Punjab - Governance Reforms; New & Renewable Energy; Employment Generation",https://en.wikipedia.org/wiki/Bhagwant_Mann_ministry,0.75,collected,2026-06-26
571,,21,134,Minister of Punjab (Health & Family Welfare; Medical Education & Research),political_executive,executive,6,false,"Minister, Govt of Punjab - Health & Family Welfare; Medical Education & Research",https://en.wikipedia.org/wiki/Bhagwant_Mann_ministry,0.75,collected,2026-06-26
572,,21,134,Minister of Punjab (Public Works (B&R)),political_executive,executive,6,false,"Minister, Govt of Punjab - Public Works (B&R)",https://en.wikipedia.org/wiki/Bhagwant_Mann_ministry,0.75,collected,2026-06-26
573,,21,134,"Minister of Punjab (Food, Civil Supplies & Consumer Affairs; Forests & Wildlife)",political_executive,executive,6,false,"Minister, Govt of Punjab - Food, Civil Supplies & Consumer Affairs; Forests & Wildlife",https://en.wikipedia.org/wiki/Bhagwant_Mann_ministry,0.75,collected,2026-06-26
574,,21,134,"Minister of Punjab (Transport; Animal Husbandry, Fisheries & Dairy)",political_executive,executive,6,false,"Minister, Govt of Punjab - Transport; Animal Husbandry, Fisheries & Dairy",https://en.wikipedia.org/wiki/Bhagwant_Mann_ministry,0.75,collected,2026-06-26
575,,21,134,Minister of Punjab (Technical & School Education; Information & Public Relations),political_executive,executive,6,false,"Minister, Govt of Punjab - Technical & School Education; Information & Public Relations",https://en.wikipedia.org/wiki/Bhagwant_Mann_ministry,0.75,collected,2026-06-26
576,,21,134,Minister of Punjab (Agriculture & Farmer Welfare; Rural Development & Panchayats),political_executive,executive,6,false,"Minister, Govt of Punjab - Agriculture & Farmer Welfare; Rural Development & Panchayats",https://en.wikipedia.org/wiki/Bhagwant_Mann_ministry,0.75,collected,2026-06-26
577,,21,134,Minister of Punjab (Mines & Geology; Water Resources),political_executive,executive,6,false,"Minister, Govt of Punjab - Mines & Geology; Water Resources",https://en.wikipedia.org/wiki/Bhagwant_Mann_ministry,0.75,collected,2026-06-26
578,,21,134,Minister of Punjab (Tourism & Cultural Affairs; Labour; Hospitality),political_executive,executive,6,false,"Minister, Govt of Punjab - Tourism & Cultural Affairs; Labour; Hospitality",https://en.wikipedia.org/wiki/Bhagwant_Mann_ministry,0.75,collected,2026-06-26
579,,21,134,Minister of Punjab (Parliamentary Affairs; NRI Affairs),political_executive,executive,6,false,"Minister, Govt of Punjab - Parliamentary Affairs; NRI Affairs",https://en.wikipedia.org/wiki/Bhagwant_Mann_ministry,0.75,collected,2026-06-26
580,,21,134,Minister of Punjab (Revenue & Disaster Management; Housing & Urban Development),political_executive,executive,6,false,"Minister, Govt of Punjab - Revenue & Disaster Management; Housing & Urban Development",https://en.wikipedia.org/wiki/Bhagwant_Mann_ministry,0.75,collected,2026-06-26
581,,21,134,Minister of Punjab (Defence Services Welfare; Horticulture),political_executive,executive,6,false,"Minister, Govt of Punjab - Defence Services Welfare; Horticulture",https://en.wikipedia.org/wiki/Bhagwant_Mann_ministry,0.75,collected,2026-06-26
582,,21,134,Minister of Punjab (Industries & Commerce; Information Technology; Power; Local Government),political_executive,executive,6,false,"Minister, Govt of Punjab - Industries & Commerce; Information Technology; Power; Local Government",https://en.wikipedia.org/wiki/Bhagwant_Mann_ministry,0.75,collected,2026-06-26
583,,6,89,Minister of Chhattisgarh (Tribal Development; Agriculture; Fisheries and Animal Husbandry),political_executive,executive,6,false,"Minister, Govt of Chhattisgarh - Tribal Development; Agriculture; Fisheries and Animal Husbandry",https://www.thehitavada.com/Encyc/2025/8/21/portfolios-allocated-to-all-cabinet-ministers.html,0.75,collected,2026-06-26
584,,6,89,"Minister of Chhattisgarh (Food, Civil Supplies and Consumer Protection)",political_executive,executive,6,false,"Minister, Govt of Chhattisgarh - Food, Civil Supplies and Consumer Protection",https://www.thehitavada.com/Encyc/2025/8/21/portfolios-allocated-to-all-cabinet-ministers.html,0.75,collected,2026-06-26
585,,6,89,Minister of Chhattisgarh (Forest and Climate Change; Transport; Cooperative; Parliamentary Affairs),political_executive,executive,6,false,"Minister, Govt of Chhattisgarh - Forest and Climate Change; Transport; Cooperative; Parliamentary Affairs",https://www.thehitavada.com/Encyc/2025/8/21/portfolios-allocated-to-all-cabinet-ministers.html,0.75,collected,2026-06-26
586,,6,89,Minister of Chhattisgarh (Commerce and Industries; Labour),political_executive,executive,6,false,"Minister, Govt of Chhattisgarh - Commerce and Industries; Labour",https://www.thehitavada.com/Encyc/2025/8/21/portfolios-allocated-to-all-cabinet-ministers.html,0.75,collected,2026-06-26
587,,6,89,Minister of Chhattisgarh (Public Health and Family Welfare; Medical Education; OBC and Minorities),political_executive,executive,6,false,"Minister, Govt of Chhattisgarh - Public Health and Family Welfare; Medical Education; OBC and Minorities",https://www.thehitavada.com/Encyc/2025/8/21/portfolios-allocated-to-all-cabinet-ministers.html,0.75,collected,2026-06-26
588,,6,89,Minister of Chhattisgarh (Finance; Commercial Tax; Housing and Environment; Planning),political_executive,executive,6,false,"Minister, Govt of Chhattisgarh - Finance; Commercial Tax; Housing and Environment; Planning",https://www.thehitavada.com/Encyc/2025/8/21/portfolios-allocated-to-all-cabinet-ministers.html,0.75,collected,2026-06-26
589,,6,89,Minister of Chhattisgarh (Women and Child Development; Social Welfare),political_executive,executive,6,false,"Minister, Govt of Chhattisgarh - Women and Child Development; Social Welfare",https://www.thehitavada.com/Encyc/2025/8/21/portfolios-allocated-to-all-cabinet-ministers.html,0.75,collected,2026-06-26
590,,6,89,Minister of Chhattisgarh (Revenue and Disaster Management; Higher Education),political_executive,executive,6,false,"Minister, Govt of Chhattisgarh - Revenue and Disaster Management; Higher Education",https://www.thehitavada.com/Encyc/2025/8/21/portfolios-allocated-to-all-cabinet-ministers.html,0.75,collected,2026-06-26
591,,6,89,Minister of Chhattisgarh (School Education; Rural Industries; Law),political_executive,executive,6,false,"Minister, Govt of Chhattisgarh - School Education; Rural Industries; Law",https://www.thehitavada.com/Encyc/2025/8/21/portfolios-allocated-to-all-cabinet-ministers.html,0.75,collected,2026-06-26
592,,6,89,Minister of Chhattisgarh (Skill Development; Technical Education; SC Development),political_executive,executive,6,false,"Minister, Govt of Chhattisgarh - Skill Development; Technical Education; SC Development",https://www.thehitavada.com/Encyc/2025/8/21/portfolios-allocated-to-all-cabinet-ministers.html,0.75,collected,2026-06-26
593,,6,89,Minister of Chhattisgarh (Culture; Tourism; Religious Trust and Endowment),political_executive,executive,6,false,"Minister, Govt of Chhattisgarh - Culture; Tourism; Religious Trust and Endowment",https://www.thehitavada.com/Encyc/2025/8/21/portfolios-allocated-to-all-cabinet-ministers.html,0.75,collected,2026-06-26
594,,9,98,Minister of Haryana (Energy; Transport; Labour),political_executive,executive,6,false,"Minister, Govt of Haryana - Energy; Transport; Labour",https://www.indiatvnews.com/haryana/haryana-polls-2024-cm-nayab-saini-cabinet,0.75,collected,2026-06-26
595,,9,98,Minister of Haryana (Development and Panchayat; Mines and Geology),political_executive,executive,6,false,"Minister, Govt of Haryana - Development and Panchayat; Mines and Geology",https://www.indiatvnews.com/haryana/haryana-polls-2024-cm-nayab-saini-cabinet,0.75,collected,2026-06-26
596,,9,98,Minister of Haryana (Industries and Commerce; Environment and Forests),political_executive,executive,6,false,"Minister, Govt of Haryana - Industries and Commerce; Environment and Forests",https://www.indiatvnews.com/haryana/haryana-polls-2024-cm-nayab-saini-cabinet,0.75,collected,2026-06-26
597,,9,98,Minister of Haryana (School Education; Higher Education; Parliamentary Affairs),political_executive,executive,6,false,"Minister, Govt of Haryana - School Education; Higher Education; Parliamentary Affairs",https://www.indiatvnews.com/haryana/haryana-polls-2024-cm-nayab-saini-cabinet,0.75,collected,2026-06-26
598,,9,98,Minister of Haryana (Cooperation; Jail; Heritage and Tourism),political_executive,executive,6,false,"Minister, Govt of Haryana - Cooperation; Jail; Heritage and Tourism",https://www.indiatvnews.com/haryana/haryana-polls-2024-cm-nayab-saini-cabinet,0.75,collected,2026-06-26
599,,9,98,Minister of Haryana (Revenue; Disaster Management; Urban Local Bodies),political_executive,executive,6,false,"Minister, Govt of Haryana - Revenue; Disaster Management; Urban Local Bodies",https://www.indiatvnews.com/haryana/haryana-polls-2024-cm-nayab-saini-cabinet,0.75,collected,2026-06-26
600,,9,98,Minister of Haryana (Agriculture and Farmers' Welfare; Animal Husbandry),political_executive,executive,6,false,"Minister, Govt of Haryana - Agriculture and Farmers' Welfare; Animal Husbandry",https://www.indiatvnews.com/haryana/haryana-polls-2024-cm-nayab-saini-cabinet,0.75,collected,2026-06-26
601,,9,98,Minister of Haryana (Public Health Engineering; Public Works (B&R)),political_executive,executive,6,false,"Minister, Govt of Haryana - Public Health Engineering; Public Works (B&R)",https://www.indiatvnews.com/haryana/haryana-polls-2024-cm-nayab-saini-cabinet,0.75,collected,2026-06-26
602,,9,98,"Minister of Haryana (Social Justice, Empowerment, SC and BC Welfare)",political_executive,executive,6,false,"Minister, Govt of Haryana - Social Justice, Empowerment, SC and BC Welfare",https://www.indiatvnews.com/haryana/haryana-polls-2024-cm-nayab-saini-cabinet,0.75,collected,2026-06-26
603,,9,98,Minister of Haryana (Women and Child Development; Irrigation and Water Resources),political_executive,executive,6,false,"Minister, Govt of Haryana - Women and Child Development; Irrigation and Water Resources",https://www.indiatvnews.com/haryana/haryana-polls-2024-cm-nayab-saini-cabinet,0.75,collected,2026-06-26
604,,9,98,Minister of Haryana (Health; Medical Education and Research; AYUSH),political_executive,executive,6,false,"Minister, Govt of Haryana - Health; Medical Education and Research; AYUSH",https://www.indiatvnews.com/haryana/haryana-polls-2024-cm-nayab-saini-cabinet,0.75,collected,2026-06-26
605,,9,98,"Minister of State of Haryana (Food, Civil Supplies and Consumer Affairs)",political_executive,executive,7,false,"Minister of State, Govt of Haryana - Food, Civil Supplies and Consumer Affairs",https://www.indiatvnews.com/haryana/haryana-polls-2024-cm-nayab-saini-cabinet,0.75,collected,2026-06-26
606,,9,98,Minister of State of Haryana (Youth Empowerment and Entrepreneurship; Sports),political_executive,executive,7,false,"Minister of State, Govt of Haryana - Youth Empowerment and Entrepreneurship; Sports",https://www.indiatvnews.com/haryana/haryana-polls-2024-cm-nayab-saini-cabinet,0.75,collected,2026-06-26
607,,4,83,Minister of Assam (Panchayat and Rural Development; General Administration; Tourism),political_executive,executive,6,false,"Minister, Govt of Assam - Panchayat and Rural Development; General Administration; Tourism",https://en.wikipedia.org/wiki/Himanta_Biswa_Sarma_ministry,0.75,collected,2026-06-26
608,,4,83,Minister of Assam (Agriculture and Horticulture; Border Protection; Excise),political_executive,executive,6,false,"Minister, Govt of Assam - Agriculture and Horticulture; Border Protection; Excise",https://en.wikipedia.org/wiki/Himanta_Biswa_Sarma_ministry,0.75,collected,2026-06-26
609,,4,83,Minister of Assam (Information Technology; Science & Technology; Revenue and Disaster Management),political_executive,executive,6,false,"Minister, Govt of Assam - Information Technology; Science & Technology; Revenue and Disaster Management",https://en.wikipedia.org/wiki/Himanta_Biswa_Sarma_ministry,0.75,collected,2026-06-26
610,,4,83,"Minister of Assam (Handloom, Textiles and Sericulture; Soil Conservation)",political_executive,executive,6,false,"Minister, Govt of Assam - Handloom, Textiles and Sericulture; Soil Conservation",https://en.wikipedia.org/wiki/Himanta_Biswa_Sarma_ministry,0.75,collected,2026-06-26
611,,4,83,Minister of Assam (Environment and Forests; Act East Policy; Parliamentary Affairs),political_executive,executive,6,false,"Minister, Govt of Assam - Environment and Forests; Act East Policy; Parliamentary Affairs",https://en.wikipedia.org/wiki/Himanta_Biswa_Sarma_ministry,0.75,collected,2026-06-26
612,,4,83,Minister of Assam (Education; Tribal Welfare),political_executive,executive,6,false,"Minister, Govt of Assam - Education; Tribal Welfare",https://en.wikipedia.org/wiki/Himanta_Biswa_Sarma_ministry,0.75,collected,2026-06-26
613,,4,83,Minister of Assam (Health and Family Welfare; Irrigation),political_executive,executive,6,false,"Minister, Govt of Assam - Health and Family Welfare; Irrigation",https://en.wikipedia.org/wiki/Himanta_Biswa_Sarma_ministry,0.75,collected,2026-06-26
614,,4,83,Minister of Assam (Hill Areas Development; Cooperation; Public Works (Buildings & NH)),political_executive,executive,6,false,"Minister, Govt of Assam - Hill Areas Development; Cooperation; Public Works (Buildings & NH)",https://en.wikipedia.org/wiki/Himanta_Biswa_Sarma_ministry,0.75,collected,2026-06-26
615,,4,83,Minister of Assam (Finance; Women and Child Development),political_executive,executive,6,false,"Minister, Govt of Assam - Finance; Women and Child Development",https://en.wikipedia.org/wiki/Himanta_Biswa_Sarma_ministry,0.75,collected,2026-06-26
616,,4,83,Minister of Assam (Social Justice and Empowerment),political_executive,executive,6,false,"Minister, Govt of Assam - Social Justice and Empowerment",https://en.wikipedia.org/wiki/Himanta_Biswa_Sarma_ministry,0.75,collected,2026-06-26
617,,4,83,Minister of Assam (Industries and Commerce; Public Enterprises; Cultural Affairs),political_executive,executive,6,false,"Minister, Govt of Assam - Industries and Commerce; Public Enterprises; Cultural Affairs",https://en.wikipedia.org/wiki/Himanta_Biswa_Sarma_ministry,0.75,collected,2026-06-26
618,,4,83,Minister of Assam (Welfare of Minorities; Sports and Youth Welfare),political_executive,executive,6,false,"Minister, Govt of Assam - Welfare of Minorities; Sports and Youth Welfare",https://en.wikipedia.org/wiki/Himanta_Biswa_Sarma_ministry,0.75,collected,2026-06-26
619,,4,83,Minister of Assam (Public Health Engineering; Housing and Urban Affairs),political_executive,executive,6,false,"Minister, Govt of Assam - Public Health Engineering; Housing and Urban Affairs",https://en.wikipedia.org/wiki/Himanta_Biswa_Sarma_ministry,0.75,collected,2026-06-26
620,,4,83,"Minister of Assam (Skill, Employment; Power; Medical Education)",political_executive,executive,6,false,"Minister, Govt of Assam - Skill, Employment; Power; Medical Education",https://en.wikipedia.org/wiki/Himanta_Biswa_Sarma_ministry,0.75,collected,2026-06-26
621,,4,83,"Minister of Assam (Food, Public Distribution; Mines and Minerals; Barak Valley Development)",political_executive,executive,6,false,"Minister, Govt of Assam - Food, Public Distribution; Mines and Minerals; Barak Valley Development",https://en.wikipedia.org/wiki/Himanta_Biswa_Sarma_ministry,0.75,collected,2026-06-26
622,,4,83,Minister of Assam (Animal Husbandry and Veterinary; Fisheries; Public Works (Roads)),political_executive,executive,6,false,"Minister, Govt of Assam - Animal Husbandry and Veterinary; Fisheries; Public Works (Roads)",https://en.wikipedia.org/wiki/Himanta_Biswa_Sarma_ministry,0.75,collected,2026-06-26
623,,4,83,Minister of Assam (Welfare of Tea Tribes; Labour and Welfare; Home (Prisons)),political_executive,executive,6,false,"Minister, Govt of Assam - Welfare of Tea Tribes; Labour and Welfare; Home (Prisons)",https://en.wikipedia.org/wiki/Himanta_Biswa_Sarma_ministry,0.75,collected,2026-06-26
624,,4,83,Minister of Assam (Transport; Welfare of Bodoland),political_executive,executive,6,false,"Minister, Govt of Assam - Transport; Welfare of Bodoland",https://en.wikipedia.org/wiki/Himanta_Biswa_Sarma_ministry,0.75,collected,2026-06-26
625,,30,161,Minister of Delhi (NCT) (Public Works; Legislative Affairs; Irrigation & Flood Control),political_executive,executive,6,false,"Minister, Govt of Delhi (NCT) - Public Works; Legislative Affairs; Irrigation & Flood Control",https://en.wikipedia.org/wiki/Rekha_Gupta_ministry,0.75,collected,2026-06-26
626,,30,161,Minister of Delhi (NCT) (Home; Power; Education; Higher Education),political_executive,executive,6,false,"Minister, Govt of Delhi (NCT) - Home; Power; Education; Higher Education",https://en.wikipedia.org/wiki/Rekha_Gupta_ministry,0.75,collected,2026-06-26
627,,30,161,Minister of Delhi (NCT) (Food & Supplies; Forest & Environment; Industries),political_executive,executive,6,false,"Minister, Govt of Delhi (NCT) - Food & Supplies; Forest & Environment; Industries",https://en.wikipedia.org/wiki/Rekha_Gupta_ministry,0.75,collected,2026-06-26
628,,30,161,Minister of Delhi (NCT) (Social Welfare; SC & ST Welfare; Cooperative),political_executive,executive,6,false,"Minister, Govt of Delhi (NCT) - Social Welfare; SC & ST Welfare; Cooperative",https://en.wikipedia.org/wiki/Rekha_Gupta_ministry,0.75,collected,2026-06-26
629,,30,161,Minister of Delhi (NCT) (Law & Justice; Labour; Art & Culture; Tourism),political_executive,executive,6,false,"Minister, Govt of Delhi (NCT) - Law & Justice; Labour; Art & Culture; Tourism",https://en.wikipedia.org/wiki/Rekha_Gupta_ministry,0.75,collected,2026-06-26
630,,30,161,Minister of Delhi (NCT) (Health and Family Welfare; Transport; Information Technology),political_executive,executive,6,false,"Minister, Govt of Delhi (NCT) - Health and Family Welfare; Transport; Information Technology",https://en.wikipedia.org/wiki/Rekha_Gupta_ministry,0.75,collected,2026-06-26
631,,10,101,Minister of Himachal Pradesh (Health & Family Welfare; Social Justice & Empowerment),political_executive,executive,6,false,"Minister, Govt of Himachal Pradesh - Health & Family Welfare; Social Justice & Empowerment",https://en.wikipedia.org/wiki/Sukhu_ministry,0.75,collected,2026-06-26
632,,10,101,Minister of Himachal Pradesh (Agriculture; Animal Husbandry),political_executive,executive,6,false,"Minister, Govt of Himachal Pradesh - Agriculture; Animal Husbandry",https://en.wikipedia.org/wiki/Sukhu_ministry,0.75,collected,2026-06-26
633,,10,101,Minister of Himachal Pradesh (Industries; Parliamentary Affairs; Labour & Employment),political_executive,executive,6,false,"Minister, Govt of Himachal Pradesh - Industries; Parliamentary Affairs; Labour & Employment",https://en.wikipedia.org/wiki/Sukhu_ministry,0.75,collected,2026-06-26
634,,10,101,Minister of Himachal Pradesh (Revenue; Horticulture; Tribal Development),political_executive,executive,6,false,"Minister, Govt of Himachal Pradesh - Revenue; Horticulture; Tribal Development",https://en.wikipedia.org/wiki/Sukhu_ministry,0.75,collected,2026-06-26
635,,10,101,Minister of Himachal Pradesh (Higher & Elementary Education),political_executive,executive,6,false,"Minister, Govt of Himachal Pradesh - Higher & Elementary Education",https://en.wikipedia.org/wiki/Sukhu_ministry,0.75,collected,2026-06-26
636,,10,101,Minister of Himachal Pradesh (Rural Development & Panchayati Raj),political_executive,executive,6,false,"Minister, Govt of Himachal Pradesh - Rural Development & Panchayati Raj",https://en.wikipedia.org/wiki/Sukhu_ministry,0.75,collected,2026-06-26
637,,10,101,Minister of Himachal Pradesh (Public Works; Urban Development),political_executive,executive,6,false,"Minister, Govt of Himachal Pradesh - Public Works; Urban Development",https://en.wikipedia.org/wiki/Sukhu_ministry,0.75,collected,2026-06-26
638,,10,101,Minister of Himachal Pradesh (Technical Education; Vocational & Industrial Training),political_executive,executive,6,false,"Minister, Govt of Himachal Pradesh - Technical Education; Vocational & Industrial Training",https://en.wikipedia.org/wiki/Sukhu_ministry,0.75,collected,2026-06-26
639,,10,101,Minister of Himachal Pradesh (Ayush; Youth Services & Sports; Law),political_executive,executive,6,false,"Minister, Govt of Himachal Pradesh - Ayush; Youth Services & Sports; Law",https://en.wikipedia.org/wiki/Sukhu_ministry,0.75,collected,2026-06-26
640,,27,152,Minister of Uttarakhand (Public Works Department; Panchayati Raj),political_executive,executive,6,false,"Minister, Govt of Uttarakhand - Public Works Department; Panchayati Raj",https://en.wikipedia.org/wiki/Second_Dhami_ministry,0.75,collected,2026-06-26
641,,27,152,Minister of Uttarakhand (Agriculture; Rural Development),political_executive,executive,6,false,"Minister, Govt of Uttarakhand - Agriculture; Rural Development",https://en.wikipedia.org/wiki/Second_Dhami_ministry,0.75,collected,2026-06-26
642,,27,152,"Minister of Uttarakhand (Basic, Secondary and Higher Education)",political_executive,executive,6,false,"Minister, Govt of Uttarakhand - Basic, Secondary and Higher Education",https://en.wikipedia.org/wiki/Second_Dhami_ministry,0.75,collected,2026-06-26
643,,27,152,Minister of Uttarakhand (Forest; Parliamentary Affairs),political_executive,executive,6,false,"Minister, Govt of Uttarakhand - Forest; Parliamentary Affairs",https://en.wikipedia.org/wiki/Second_Dhami_ministry,0.75,collected,2026-06-26
644,,27,152,Minister of Uttarakhand (Women and Child Development; Food and Civil Supplies),political_executive,executive,6,false,"Minister, Govt of Uttarakhand - Women and Child Development; Food and Civil Supplies",https://en.wikipedia.org/wiki/Second_Dhami_ministry,0.75,collected,2026-06-26
645,,27,152,"Minister of Uttarakhand (Animal Husbandry, Dairying and Fisheries; Sugarcane)",political_executive,executive,6,false,"Minister, Govt of Uttarakhand - Animal Husbandry, Dairying and Fisheries; Sugarcane",https://en.wikipedia.org/wiki/Second_Dhami_ministry,0.75,collected,2026-06-26
646,,27,152,Minister of Uttarakhand (Disaster Management; Ayush),political_executive,executive,6,false,"Minister, Govt of Uttarakhand - Disaster Management; Ayush",https://en.wikipedia.org/wiki/Second_Dhami_ministry,0.75,collected,2026-06-26
647,,27,152,Minister of Uttarakhand (Rural Development; MSME),political_executive,executive,6,false,"Minister, Govt of Uttarakhand - Rural Development; MSME",https://en.wikipedia.org/wiki/Second_Dhami_ministry,0.75,collected,2026-06-26
648,,27,152,Minister of Uttarakhand (Transportation; Information Technology),political_executive,executive,6,false,"Minister, Govt of Uttarakhand - Transportation; Information Technology",https://en.wikipedia.org/wiki/Second_Dhami_ministry,0.75,collected,2026-06-26
649,,27,152,Minister of Uttarakhand (Social Welfare; Minority Welfare),political_executive,executive,6,false,"Minister, Govt of Uttarakhand - Social Welfare; Minority Welfare",https://en.wikipedia.org/wiki/Second_Dhami_ministry,0.75,collected,2026-06-26
650,,27,152,Minister of Uttarakhand (Urban Development; Environmental Protection),political_executive,executive,6,false,"Minister, Govt of Uttarakhand - Urban Development; Environmental Protection",https://en.wikipedia.org/wiki/Second_Dhami_ministry,0.75,collected,2026-06-26
651,,7,92,Minister of Goa (Health; Urban Development; TCP; Forest),political_executive,executive,6,false,"Minister, Govt of Goa - Health; Urban Development; TCP; Forest",https://en.wikipedia.org/wiki/Second_Pramod_Sawant_ministry,0.75,collected,2026-06-26
652,,7,92,Minister of Goa (Water Resources; Co-operation),political_executive,executive,6,false,"Minister, Govt of Goa - Water Resources; Co-operation",https://en.wikipedia.org/wiki/Second_Pramod_Sawant_ministry,0.75,collected,2026-06-26
653,,7,92,Minister of Goa (Transport; Industries; Panchayat),political_executive,executive,6,false,"Minister, Govt of Goa - Transport; Industries; Panchayat",https://en.wikipedia.org/wiki/Second_Pramod_Sawant_ministry,0.75,collected,2026-06-26
654,,7,92,Minister of Goa (Tourism; IT),political_executive,executive,6,false,"Minister, Govt of Goa - Tourism; IT",https://en.wikipedia.org/wiki/Second_Pramod_Sawant_ministry,0.75,collected,2026-06-26
655,,7,92,Minister of Goa (Revenue; Labour & Employment; Waste Management),political_executive,executive,6,false,"Minister, Govt of Goa - Revenue; Labour & Employment; Waste Management",https://en.wikipedia.org/wiki/Second_Pramod_Sawant_ministry,0.75,collected,2026-06-26
656,,7,92,Minister of Goa (Social Welfare; Drinking Water),political_executive,executive,6,false,"Minister, Govt of Goa - Social Welfare; Drinking Water",https://en.wikipedia.org/wiki/Second_Pramod_Sawant_ministry,0.75,collected,2026-06-26
657,,7,92,Minister of Goa (Power; New and Renewable Energy),political_executive,executive,6,false,"Minister, Govt of Goa - Power; New and Renewable Energy",https://en.wikipedia.org/wiki/Second_Pramod_Sawant_ministry,0.75,collected,2026-06-26
658,,7,92,Minister of Goa (Fisheries; Animal Husbandry & Veterinary Services),political_executive,executive,6,false,"Minister, Govt of Goa - Fisheries; Animal Husbandry & Veterinary Services",https://en.wikipedia.org/wiki/Second_Pramod_Sawant_ministry,0.75,collected,2026-06-26
659,,7,92,Minister of Goa (Public Works Department; Captain of Ports),political_executive,executive,6,false,"Minister, Govt of Goa - Public Works Department; Captain of Ports",https://en.wikipedia.org/wiki/Second_Pramod_Sawant_ministry,0.75,collected,2026-06-26
660,,7,92,Minister of Goa (Art & Culture; Sports & Youth Affairs; Tribal Welfare),political_executive,executive,6,false,"Minister, Govt of Goa - Art & Culture; Sports & Youth Affairs; Tribal Welfare",https://en.wikipedia.org/wiki/Second_Pramod_Sawant_ministry,0.75,collected,2026-06-26
661,,31,164,Minister of Jammu and Kashmir (Health & Medical Education; School Education; Social Welfare),political_executive,executive,6,false,"Minister, Govt of Jammu and Kashmir - Health & Medical Education; School Education; Social Welfare",https://en.wikipedia.org/wiki/Second_Omar_Abdullah_ministry,0.75,collected,2026-06-26
662,,31,164,Minister of Jammu and Kashmir (Agriculture Production; Rural Development & Panchayati Raj; Cooperative),political_executive,executive,6,false,"Minister, Govt of Jammu and Kashmir - Agriculture Production; Rural Development & Panchayati Raj; Cooperative",https://en.wikipedia.org/wiki/Second_Omar_Abdullah_ministry,0.75,collected,2026-06-26
663,,31,164,Minister of Jammu and Kashmir (Jal Shakti; Forest; Tribal Affairs),political_executive,executive,6,false,"Minister, Govt of Jammu and Kashmir - Jal Shakti; Forest; Tribal Affairs",https://en.wikipedia.org/wiki/Second_Omar_Abdullah_ministry,0.75,collected,2026-06-26
664,,31,164,"Minister of Jammu and Kashmir (Food, Civil Supplies & Consumer Affairs; Transport; Information)",political_executive,executive,6,false,"Minister, Govt of Jammu and Kashmir - Food, Civil Supplies & Consumer Affairs; Transport; Information",https://en.wikipedia.org/wiki/Second_Omar_Abdullah_ministry,0.75,collected,2026-06-26
665,,26,149,Minister of Tripura (Power; Agriculture & Farmers' Welfare; Law),political_executive,executive,6,false,"Minister, Govt of Tripura - Power; Agriculture & Farmers' Welfare; Law",https://en.wikipedia.org/wiki/Second_Saha_ministry,0.75,collected,2026-06-26
666,,26,149,Minister of Tripura (Finance; Planning; Information Technology),political_executive,executive,6,false,"Minister, Govt of Tripura - Finance; Planning; Information Technology",https://en.wikipedia.org/wiki/Second_Saha_ministry,0.75,collected,2026-06-26
667,,26,149,Minister of Tripura (Industries and Commerce; Jail; Welfare of OBCs),political_executive,executive,6,false,"Minister, Govt of Tripura - Industries and Commerce; Jail; Welfare of OBCs",https://en.wikipedia.org/wiki/Second_Saha_ministry,0.75,collected,2026-06-26
668,,26,149,"Minister of Tripura (Food, Civil Supplies & Consumer Affairs; Transport; Tourism)",political_executive,executive,6,false,"Minister, Govt of Tripura - Food, Civil Supplies & Consumer Affairs; Transport; Tourism",https://en.wikipedia.org/wiki/Second_Saha_ministry,0.75,collected,2026-06-26
669,,26,149,Minister of Tripura (Youth Affairs & Sports; Social Welfare; Labour),political_executive,executive,6,false,"Minister, Govt of Tripura - Youth Affairs & Sports; Social Welfare; Labour",https://en.wikipedia.org/wiki/Second_Saha_ministry,0.75,collected,2026-06-26
670,,26,149,"Minister of Tripura (Tribal Welfare; Handloom, Handicrafts & Sericulture)",political_executive,executive,6,false,"Minister, Govt of Tripura - Tribal Welfare; Handloom, Handicrafts & Sericulture",https://en.wikipedia.org/wiki/Second_Saha_ministry,0.75,collected,2026-06-26
671,,26,149,Minister of Tripura (Welfare of Scheduled Castes; Animal Resource Development; Fisheries),political_executive,executive,6,false,"Minister, Govt of Tripura - Welfare of Scheduled Castes; Animal Resource Development; Fisheries",https://en.wikipedia.org/wiki/Second_Saha_ministry,0.75,collected,2026-06-26
672,,26,149,Minister of Tripura (Cooperation; Tribal Welfare; Welfare of Minorities),political_executive,executive,6,false,"Minister, Govt of Tripura - Cooperation; Tribal Welfare; Welfare of Minorities",https://en.wikipedia.org/wiki/Second_Saha_ministry,0.75,collected,2026-06-26
673,,26,149,Minister of Tripura (Forests; General Administration; Science & Technology),political_executive,executive,6,false,"Minister, Govt of Tripura - Forests; General Administration; Science & Technology",https://en.wikipedia.org/wiki/Second_Saha_ministry,0.75,collected,2026-06-26
674,,26,149,Minister of Tripura (Higher Education; Panchayat),political_executive,executive,6,false,"Minister, Govt of Tripura - Higher Education; Panchayat",https://en.wikipedia.org/wiki/Second_Saha_ministry,0.75,collected,2026-06-26
675,,26,149,Minister of State of Tripura (Industries & Commerce),political_executive,executive,7,false,"Minister of State, Govt of Tripura - Industries & Commerce",https://en.wikipedia.org/wiki/Second_Saha_ministry,0.75,collected,2026-06-26
676,,17,122,Minister of Meghalaya (Housing; Public Health Engineering; Soil and Water Conservation),political_executive,executive,6,false,"Minister, Govt of Meghalaya - Housing; Public Health Engineering; Soil and Water Conservation",https://en.wikipedia.org/wiki/Second_Conrad_Sangma_ministry,0.75,collected,2026-06-26
677,,17,122,Minister of Meghalaya (Animal Husbandry and Veterinary; Arts and Culture),political_executive,executive,6,false,"Minister, Govt of Meghalaya - Animal Husbandry and Veterinary; Arts and Culture",https://en.wikipedia.org/wiki/Second_Conrad_Sangma_ministry,0.75,collected,2026-06-26
678,,17,122,Minister of Meghalaya (Secretariat Administration; Community and Rural Development),political_executive,executive,6,false,"Minister, Govt of Meghalaya - Secretariat Administration; Community and Rural Development",https://en.wikipedia.org/wiki/Second_Conrad_Sangma_ministry,0.75,collected,2026-06-26
679,,17,122,Minister of Meghalaya (Fisheries; Agriculture and Farmers' Welfare; Tourism),political_executive,executive,6,false,"Minister, Govt of Meghalaya - Fisheries; Agriculture and Farmers' Welfare; Tourism",https://en.wikipedia.org/wiki/Second_Conrad_Sangma_ministry,0.75,collected,2026-06-26
680,,17,122,Minister of Meghalaya (Health and Family Welfare; Sports and Youth Affairs),political_executive,executive,6,false,"Minister, Govt of Meghalaya - Health and Family Welfare; Sports and Youth Affairs",https://en.wikipedia.org/wiki/Second_Conrad_Sangma_ministry,0.75,collected,2026-06-26
681,,17,122,Minister of Meghalaya (Information and Public Relations; Law; Education; Revenue),political_executive,executive,6,false,"Minister, Govt of Meghalaya - Information and Public Relations; Law; Education; Revenue",https://en.wikipedia.org/wiki/Second_Conrad_Sangma_ministry,0.75,collected,2026-06-26
682,,17,122,Minister of Meghalaya (Textiles; Water Resources; Power; Taxation),political_executive,executive,6,false,"Minister, Govt of Meghalaya - Textiles; Water Resources; Power; Taxation",https://en.wikipedia.org/wiki/Second_Conrad_Sangma_ministry,0.75,collected,2026-06-26
683,,17,122,"Minister of Meghalaya (Cooperation; Food, Civil Supplies; Labour & Skill)",political_executive,executive,6,false,"Minister, Govt of Meghalaya - Cooperation; Food, Civil Supplies; Labour & Skill",https://en.wikipedia.org/wiki/Second_Conrad_Sangma_ministry,0.75,collected,2026-06-26
684,,17,122,Minister of Meghalaya (Home (Civil Defence); Excise; Border Areas Development),political_executive,executive,6,false,"Minister, Govt of Meghalaya - Home (Civil Defence); Excise; Border Areas Development",https://en.wikipedia.org/wiki/Second_Conrad_Sangma_ministry,0.75,collected,2026-06-26
685,,32,167,Minister of Puducherry,political_executive,executive,6,false,"Minister, Govt of Puducherry - ",https://py.gov.in/ministers,0.75,collected,2026-06-26
686,,32,167,Minister of Puducherry,political_executive,executive,6,false,"Minister, Govt of Puducherry - ",https://py.gov.in/ministers,0.75,collected,2026-06-26
687,,32,167,Minister of Puducherry,political_executive,executive,6,false,"Minister, Govt of Puducherry - ",https://py.gov.in/ministers,0.75,collected,2026-06-26
688,,32,167,Minister of Puducherry,political_executive,executive,6,false,"Minister, Govt of Puducherry - ",https://py.gov.in/ministers,0.75,collected,2026-06-26
689,,32,167,Minister of Puducherry,political_executive,executive,6,false,"Minister, Govt of Puducherry - ",https://py.gov.in/ministers,0.75,collected,2026-06-26
690,,16,119,Minister of Manipur (Home; Youth Affairs & Sports),political_executive,executive,6,false,"Minister, Govt of Manipur - Home; Youth Affairs & Sports",https://assembly.mn.gov.in/council-of-ministers,0.75,collected,2026-06-26
691,,16,119,Minister of Manipur (Arts & Culture; Tourism),political_executive,executive,6,false,"Minister, Govt of Manipur - Arts & Culture; Tourism",https://assembly.mn.gov.in/council-of-ministers,0.75,collected,2026-06-26
692,,19,128,"Minister of Nagaland (Forest, Environment and Climate Change; Village Guard)",political_executive,executive,6,false,"Minister, Govt of Nagaland - Forest, Environment and Climate Change; Village Guard",https://en.wikipedia.org/wiki/Fifth_Rio_ministry,0.75,collected,2026-06-26
693,,19,128,Minister of Nagaland (Roads and Bridges),political_executive,executive,6,false,"Minister, Govt of Nagaland - Roads and Bridges",https://en.wikipedia.org/wiki/Fifth_Rio_ministry,0.75,collected,2026-06-26
694,,19,128,Minister of Nagaland (Public Health Engineering; Cooperation),political_executive,executive,6,false,"Minister, Govt of Nagaland - Public Health Engineering; Cooperation",https://en.wikipedia.org/wiki/Fifth_Rio_ministry,0.75,collected,2026-06-26
695,,19,128,Minister of Nagaland (Power; Parliamentary Affairs),political_executive,executive,6,false,"Minister, Govt of Nagaland - Power; Parliamentary Affairs",https://en.wikipedia.org/wiki/Fifth_Rio_ministry,0.75,collected,2026-06-26
696,,19,128,Minister of Nagaland (Rural Development),political_executive,executive,6,false,"Minister, Govt of Nagaland - Rural Development",https://en.wikipedia.org/wiki/Fifth_Rio_ministry,0.75,collected,2026-06-26
697,,19,128,Minister of Nagaland (Housing and Mechanical Engineering),political_executive,executive,6,false,"Minister, Govt of Nagaland - Housing and Mechanical Engineering",https://en.wikipedia.org/wiki/Fifth_Rio_ministry,0.75,collected,2026-06-26
698,,19,128,Minister of Nagaland (Health and Family Welfare),political_executive,executive,6,false,"Minister, Govt of Nagaland - Health and Family Welfare",https://en.wikipedia.org/wiki/Fifth_Rio_ministry,0.75,collected,2026-06-26
699,,19,128,Minister of Nagaland (Women Resource Development; Horticulture),political_executive,executive,6,false,"Minister, Govt of Nagaland - Women Resource Development; Horticulture",https://en.wikipedia.org/wiki/Fifth_Rio_ministry,0.75,collected,2026-06-26
700,,19,128,Minister of Nagaland (Tourism; Higher Education),political_executive,executive,6,false,"Minister, Govt of Nagaland - Tourism; Higher Education",https://en.wikipedia.org/wiki/Fifth_Rio_ministry,0.75,collected,2026-06-26
701,,3,80,Minister of Arunachal Pradesh (Rural Development & Panchayati Raj; Cooperation; Transport),political_executive,executive,6,false,"Minister, Govt of Arunachal Pradesh - Rural Development & Panchayati Raj; Cooperation; Transport",https://en.wikipedia.org/wiki/Fifth_Pema_Khandu_ministry,0.75,collected,2026-06-26
702,,3,80,"Minister of Arunachal Pradesh (Law, Legislative & Justice; Social Justice & Tribal Affairs)",political_executive,executive,6,false,"Minister, Govt of Arunachal Pradesh - Law, Legislative & Justice; Social Justice & Tribal Affairs",https://en.wikipedia.org/wiki/Fifth_Pema_Khandu_ministry,0.75,collected,2026-06-26
703,,3,80,Minister of Arunachal Pradesh (Urban Affairs; Land Management; Civil Aviation),political_executive,executive,6,false,"Minister, Govt of Arunachal Pradesh - Urban Affairs; Land Management; Civil Aviation",https://en.wikipedia.org/wiki/Fifth_Pema_Khandu_ministry,0.75,collected,2026-06-26
704,,3,80,Minister of Arunachal Pradesh (Home & Inter State Border Affairs; Public Health Engineering),political_executive,executive,6,false,"Minister, Govt of Arunachal Pradesh - Home & Inter State Border Affairs; Public Health Engineering",https://en.wikipedia.org/wiki/Fifth_Pema_Khandu_ministry,0.75,collected,2026-06-26
705,,3,80,Minister of Arunachal Pradesh (Women & Child Development; Cultural Affairs; Science & Technology),political_executive,executive,6,false,"Minister, Govt of Arunachal Pradesh - Women & Child Development; Cultural Affairs; Science & Technology",https://en.wikipedia.org/wiki/Fifth_Pema_Khandu_ministry,0.75,collected,2026-06-26
706,,3,80,Minister of Arunachal Pradesh (Education; Rural Works; Parliamentary Affairs; Tourism),political_executive,executive,6,false,"Minister, Govt of Arunachal Pradesh - Education; Rural Works; Parliamentary Affairs; Tourism",https://en.wikipedia.org/wiki/Fifth_Pema_Khandu_ministry,0.75,collected,2026-06-26
707,,3,80,Minister of Arunachal Pradesh (Agriculture; Horticulture; Animal Husbandry; Fisheries),political_executive,executive,6,false,"Minister, Govt of Arunachal Pradesh - Agriculture; Horticulture; Animal Husbandry; Fisheries",https://en.wikipedia.org/wiki/Fifth_Pema_Khandu_ministry,0.75,collected,2026-06-26
708,,3,80,"Minister of Arunachal Pradesh (Environment & Forests; Geology, Mining & Minerals)",political_executive,executive,6,false,"Minister, Govt of Arunachal Pradesh - Environment & Forests; Geology, Mining & Minerals",https://en.wikipedia.org/wiki/Fifth_Pema_Khandu_ministry,0.75,collected,2026-06-26
709,,3,80,Minister of Arunachal Pradesh (Commerce & Industries; Labour & Employment; Information & PR),political_executive,executive,6,false,"Minister, Govt of Arunachal Pradesh - Commerce & Industries; Labour & Employment; Information & PR",https://en.wikipedia.org/wiki/Fifth_Pema_Khandu_ministry,0.75,collected,2026-06-26
710,,3,80,Minister of Arunachal Pradesh (Health & Family Welfare; Water Resources),political_executive,executive,6,false,"Minister, Govt of Arunachal Pradesh - Health & Family Welfare; Water Resources",https://en.wikipedia.org/wiki/Fifth_Pema_Khandu_ministry,0.75,collected,2026-06-26
711,,18,125,Minister of Mizoram (Public Works; Transport; Parliamentary Affairs),political_executive,executive,6,false,"Minister, Govt of Mizoram - Public Works; Transport; Parliamentary Affairs",https://en.wikipedia.org/wiki/Lalduhoma_ministry,0.75,collected,2026-06-26
712,,18,125,Minister of Mizoram (Local Administration; District Council and Minority Affairs),political_executive,executive,6,false,"Minister, Govt of Mizoram - Local Administration; District Council and Minority Affairs",https://en.wikipedia.org/wiki/Lalduhoma_ministry,0.75,collected,2026-06-26
713,,18,125,"Minister of Mizoram (Environment, Forests and Climate Change; Sericulture)",political_executive,executive,6,false,"Minister, Govt of Mizoram - Environment, Forests and Climate Change; Sericulture",https://en.wikipedia.org/wiki/Lalduhoma_ministry,0.75,collected,2026-06-26
714,,18,125,Minister of Mizoram (School Education; Higher and Technical Education),political_executive,executive,6,false,"Minister, Govt of Mizoram - School Education; Higher and Technical Education",https://en.wikipedia.org/wiki/Lalduhoma_ministry,0.75,collected,2026-06-26
715,,18,125,Minister of Mizoram (Agriculture; Irrigation and Water Resources),political_executive,executive,6,false,"Minister, Govt of Mizoram - Agriculture; Irrigation and Water Resources",https://en.wikipedia.org/wiki/Lalduhoma_ministry,0.75,collected,2026-06-26
716,,18,125,Minister of Mizoram (Health and Family Welfare; Social Welfare and Tribal Affairs),political_executive,executive,6,false,"Minister, Govt of Mizoram - Health and Family Welfare; Social Welfare and Tribal Affairs",https://en.wikipedia.org/wiki/Lalduhoma_ministry,0.75,collected,2026-06-26
717,,18,125,Minister of State of Mizoram (Power and Electricity),political_executive,executive,7,false,"Minister of State, Govt of Mizoram - Power and Electricity",https://en.wikipedia.org/wiki/Lalduhoma_ministry,0.75,collected,2026-06-26
718,,18,125,"Minister of State of Mizoram (Food, Civil Supplies and Consumer Affairs)",political_executive,executive,7,false,"Minister of State, Govt of Mizoram - Food, Civil Supplies and Consumer Affairs",https://en.wikipedia.org/wiki/Lalduhoma_ministry,0.75,collected,2026-06-26
719,,18,125,Minister of State of Mizoram (Rural Development),political_executive,executive,7,false,"Minister of State, Govt of Mizoram - Rural Development",https://en.wikipedia.org/wiki/Lalduhoma_ministry,0.75,collected,2026-06-26
720,,18,125,"Minister of State of Mizoram (Labour, Employment, Skill Development)",political_executive,executive,7,false,"Minister of State, Govt of Mizoram - Labour, Employment, Skill Development",https://en.wikipedia.org/wiki/Lalduhoma_ministry,0.75,collected,2026-06-26
721,,23,140,Minister of Sikkim (Public Health Engineering; Water Resources; Ecclesiastical Affairs),political_executive,executive,6,false,"Minister, Govt of Sikkim - Public Health Engineering; Water Resources; Ecclesiastical Affairs",https://en.wikipedia.org/wiki/Second_Tamang_ministry,0.75,collected,2026-06-26
722,,23,140,Minister of Sikkim (Rural Development; Cooperation),political_executive,executive,6,false,"Minister, Govt of Sikkim - Rural Development; Cooperation",https://en.wikipedia.org/wiki/Second_Tamang_ministry,0.75,collected,2026-06-26
723,,23,140,Minister of Sikkim (Social Welfare; Women and Child Development),political_executive,executive,6,false,"Minister, Govt of Sikkim - Social Welfare; Women and Child Development",https://en.wikipedia.org/wiki/Second_Tamang_ministry,0.75,collected,2026-06-26
724,,23,140,Minister of Sikkim (Buildings & Housing; Labour),political_executive,executive,6,false,"Minister, Govt of Sikkim - Buildings & Housing; Labour",https://en.wikipedia.org/wiki/Second_Tamang_ministry,0.75,collected,2026-06-26
725,,23,140,Minister of Sikkim (Urban Development; Food & Civil Supplies),political_executive,executive,6,false,"Minister, Govt of Sikkim - Urban Development; Food & Civil Supplies",https://en.wikipedia.org/wiki/Second_Tamang_ministry,0.75,collected,2026-06-26
726,,23,140,Minister of Sikkim (Health & Family Welfare; Culture),political_executive,executive,6,false,"Minister, Govt of Sikkim - Health & Family Welfare; Culture",https://en.wikipedia.org/wiki/Second_Tamang_ministry,0.75,collected,2026-06-26
727,,23,140,Minister of Sikkim (Agriculture; Horticulture; Animal Husbandry),political_executive,executive,6,false,"Minister, Govt of Sikkim - Agriculture; Horticulture; Animal Husbandry",https://en.wikipedia.org/wiki/Second_Tamang_ministry,0.75,collected,2026-06-26
728,,23,140,Minister of Sikkim (Forest & Environment; Mines and Geology; Science & Technology),political_executive,executive,6,false,"Minister, Govt of Sikkim - Forest & Environment; Mines and Geology; Science & Technology",https://en.wikipedia.org/wiki/Second_Tamang_ministry,0.75,collected,2026-06-26
729,,23,140,Minister of Sikkim (Roads & Bridges),political_executive,executive,6,false,"Minister, Govt of Sikkim - Roads & Bridges",https://en.wikipedia.org/wiki/Second_Tamang_ministry,0.75,collected,2026-06-26
730,,23,140,Minister of Sikkim (Education; Sports & Youth Affairs; Law; Parliamentary Affairs),political_executive,executive,6,false,"Minister, Govt of Sikkim - Education; Sports & Youth Affairs; Law; Parliamentary Affairs",https://en.wikipedia.org/wiki/Second_Tamang_ministry,0.75,collected,2026-06-26
731,,23,140,Minister of Sikkim (Tourism and Civil Aviation; Commerce & Industries),political_executive,executive,6,false,"Minister, Govt of Sikkim - Tourism and Civil Aviation; Commerce & Industries",https://en.wikipedia.org/wiki/Second_Tamang_ministry,0.75,collected,2026-06-26
732,,38,78,"District Magistrate / Collector, Srikakulam (Andhra Pradesh)",bureaucratic,administrative,8,false,"Head of district administration, Srikakulam, Andhra Pradesh",https://en.wikipedia.org/wiki/List_of_districts_of_India,0.60,collected,2026-06-26
733,,38,732,"Superintendent of Police, Srikakulam (Andhra Pradesh)",bureaucratic,administrative,8,false,"District police chief, Srikakulam, Andhra Pradesh",https://en.wikipedia.org/wiki/List_of_districts_of_India,0.55,collected,2026-06-26
734,,39,78,"District Magistrate / Collector, Parvathipuram Manyam (Andhra Pradesh)",bureaucratic,administrative,8,false,"Head of district administration, Parvathipuram Manyam, Andhra Pradesh",https://en.wikipedia.org/wiki/List_of_districts_of_India,0.60,collected,2026-06-26
735,,39,734,"Superintendent of Police, Parvathipuram Manyam (Andhra Pradesh)",bureaucratic,administrative,8,false,"District police chief, Parvathipuram Manyam, Andhra Pradesh",https://en.wikipedia.org/wiki/List_of_districts_of_India,0.55,collected,2026-06-26
736,,40,78,"District Magistrate / Collector, Vizianagaram (Andhra Pradesh)",bureaucratic,administrative,8,false,"Head of district administration, Vizianagaram, Andhra Pradesh",https://en.wikipedia.org/wiki/List_of_districts_of_India,0.40,pending,2026-06-26
737,,40,736,"Superintendent of Police, Vizianagaram (Andhra Pradesh)",bureaucratic,administrative,8,false,"District police chief, Vizianagaram, Andhra Pradesh",https://en.wikipedia.org/wiki/List_of_districts_of_India,0.55,collected,2026-06-26
738,,41,78,"District Magistrate / Collector, Visakhapatnam (Andhra Pradesh)",bureaucratic,administrative,8,false,"Head of district administration, Visakhapatnam, Andhra Pradesh",https://en.wikipedia.org/wiki/List_of_districts_of_India,0.60,collected,2026-06-26
739,,41,738,"Superintendent of Police, Visakhapatnam (Andhra Pradesh)",bureaucratic,administrative,8,false,"District police chief, Visakhapatnam, Andhra Pradesh",https://en.wikipedia.org/wiki/List_of_districts_of_India,0.55,collected,2026-06-26
740,,42,78,"District Magistrate / Collector, Alluri Sitharama Raju (Andhra Pradesh)",bureaucratic,administrative,8,false,"Head of district administration, Alluri Sitharama Raju, Andhra Pradesh",https://en.wikipedia.org/wiki/List_of_districts_of_India,0.60,collected,2026-06-26
741,,42,740,"Superintendent of Police, Alluri Sitharama Raju (Andhra Pradesh)",bureaucratic,administrative,8,false,"District police chief, Alluri Sitharama Raju, Andhra Pradesh",https://en.wikipedia.org/wiki/List_of_districts_of_India,0.55,collected,2026-06-26
742,,43,78,"District Magistrate / Collector, Anakapalli (Andhra Pradesh)",bureaucratic,administrative,8,false,"Head of district administration, Anakapalli, Andhra Pradesh",https://en.wikipedia.org/wiki/List_of_districts_of_India,0.60,collected,2026-06-26
743,,43,742,"Superintendent of Police, Anakapalli (Andhra Pradesh)",bureaucratic,administrative,8,false,"District police chief, Anakapalli, Andhra Pradesh",https://en.wikipedia.org/wiki/List_of_districts_of_India,0.55,collected,2026-06-26
744,,44,78,"District Magistrate / Collector, Kakinada (Andhra Pradesh)",bureaucratic,administrative,8,false,"Head of district administration, Kakinada, Andhra Pradesh",https://en.wikipedia.org/wiki/List_of_districts_of_India,0.60,collected,2026-06-26
745,,44,744,"Superintendent of Police, Kakinada (Andhra Pradesh)",bureaucratic,administrative,8,false,"District police chief, Kakinada, Andhra Pradesh",https://en.wikipedia.org/wiki/List_of_districts_of_India,0.55,collected,2026-06-26
746,,45,78,"District Magistrate / Collector, East Godavari (Andhra Pradesh)",bureaucratic,administrative,8,false,"Head of district administration, East Godavari, Andhra Pradesh",https://en.wikipedia.org/wiki/List_of_districts_of_India,0.60,collected,2026-06-26
747,,45,746,"Superintendent of Police, East Godavari (Andhra Pradesh)",bureaucratic,administrative,8,false,"District police chief, East Godavari, Andhra Pradesh",https://en.wikipedia.org/wiki/List_of_districts_of_India,0.55,collected,2026-06-26
748,,46,78,"District Magistrate / Collector, Dr. B. R. Ambedkar Konaseema (Andhra Pradesh)",bureaucratic,administrative,8,false,"Head of district administration, Dr. B. R. Ambedkar Konaseema, Andhra Pradesh",https://en.wikipedia.org/wiki/List_of_districts_of_India,0.60,collected,2026-06-26
749,,46,748,"Superintendent of Police, Dr. B. R. Ambedkar Konaseema (Andhra Pradesh)",bureaucratic,administrative,8,false,"District police chief, Dr. B. R. Ambedkar Konaseema, Andhra Pradesh",https://en.wikipedia.org/wiki/List_of_districts_of_India,0.55,collected,2026-06-26
750,,47,78,"District Magistrate / Collector, Eluru (Andhra Pradesh)",bureaucratic,administrative,8,false,"Head of district administration, Eluru, Andhra Pradesh",https://en.wikipedia.org/wiki/List_of_districts_of_India,0.60,collected,2026-06-26
751,,47,750,"Superintendent of Police, Eluru (Andhra Pradesh)",bureaucratic,administrative,8,false,"District police chief, Eluru, Andhra Pradesh",https://en.wikipedia.org/wiki/List_of_districts_of_India,0.55,collected,2026-06-26
752,,48,78,"District Magistrate / Collector, West Godavari (Andhra Pradesh)",bureaucratic,administrative,8,false,"Head of district administration, West Godavari, Andhra Pradesh",https://en.wikipedia.org/wiki/List_of_districts_of_India,0.60,collected,2026-06-26
753,,48,752,"Superintendent of Police, West Godavari (Andhra Pradesh)",bureaucratic,administrative,8,false,"District police chief, West Godavari, Andhra Pradesh",https://en.wikipedia.org/wiki/List_of_districts_of_India,0.55,collected,2026-06-26
754,,49,78,"District Magistrate / Collector, NTR (Andhra Pradesh)",bureaucratic,administrative,8,false,"Head of district administration, NTR, Andhra Pradesh",https://en.wikipedia.org/wiki/List_of_districts_of_India,0.60,collected,2026-06-26
755,,49,754,"Superintendent of Police, NTR (Andhra Pradesh)",bureaucratic,administrative,8,false,"District police chief, NTR, Andhra Pradesh",https://en.wikipedia.org/wiki/List_of_districts_of_India,0.55,collected,2026-06-26
756,,50,78,"District Magistrate / Collector, Krishna (Andhra Pradesh)",bureaucratic,administrative,8,false,"Head of district administration, Krishna, Andhra Pradesh",https://en.wikipedia.org/wiki/List_of_districts_of_India,0.60,collected,2026-06-26
757,,50,756,"Superintendent of Police, Krishna (Andhra Pradesh)",bureaucratic,administrative,8,false,"District police chief, Krishna, Andhra Pradesh",https://en.wikipedia.org/wiki/List_of_districts_of_India,0.55,collected,2026-06-26
758,,51,78,"District Magistrate / Collector, Palnadu (Andhra Pradesh)",bureaucratic,administrative,8,false,"Head of district administration, Palnadu, Andhra Pradesh",https://en.wikipedia.org/wiki/List_of_districts_of_India,0.60,collected,2026-06-26
759,,51,758,"Superintendent of Police, Palnadu (Andhra Pradesh)",bureaucratic,administrative,8,false,"District police chief, Palnadu, Andhra Pradesh",https://en.wikipedia.org/wiki/List_of_districts_of_India,0.55,collected,2026-06-26
760,,52,78,"District Magistrate / Collector, Guntur (Andhra Pradesh)",bureaucratic,administrative,8,false,"Head of district administration, Guntur, Andhra Pradesh",https://en.wikipedia.org/wiki/List_of_districts_of_India,0.60,collected,2026-06-26
761,,52,760,"Superintendent of Police, Guntur (Andhra Pradesh)",bureaucratic,administrative,8,false,"District police chief, Guntur, Andhra Pradesh",https://en.wikipedia.org/wiki/List_of_districts_of_India,0.55,collected,2026-06-26
762,,53,78,"District Magistrate / Collector, Bapatla (Andhra Pradesh)",bureaucratic,administrative,8,false,"Head of district administration, Bapatla, Andhra Pradesh",https://en.wikipedia.org/wiki/List_of_districts_of_India,0.60,collected,2026-06-26
763,,53,762,"Superintendent of Police, Bapatla (Andhra Pradesh)",bureaucratic,administrative,8,false,"District police chief, Bapatla, Andhra Pradesh",https://en.wikipedia.org/wiki/List_of_districts_of_India,0.55,collected,2026-06-26
764,,54,78,"District Magistrate / Collector, Prakasam (Andhra Pradesh)",bureaucratic,administrative,8,false,"Head of district administration, Prakasam, Andhra Pradesh",https://en.wikipedia.org/wiki/List_of_districts_of_India,0.60,collected,2026-06-26
765,,54,764,"Superintendent of Police, Prakasam (Andhra Pradesh)",bureaucratic,administrative,8,false,"District police chief, Prakasam, Andhra Pradesh",https://en.wikipedia.org/wiki/List_of_districts_of_India,0.55,collected,2026-06-26
766,,55,78,"District Magistrate / Collector, Sri Potti Sriramulu Nellore (Andhra Pradesh)",bureaucratic,administrative,8,false,"Head of district administration, Sri Potti Sriramulu Nellore, Andhra Pradesh",https://en.wikipedia.org/wiki/List_of_districts_of_India,0.60,collected,2026-06-26
767,,55,766,"Superintendent of Police, Sri Potti Sriramulu Nellore (Andhra Pradesh)",bureaucratic,administrative,8,false,"District police chief, Sri Potti Sriramulu Nellore, Andhra Pradesh",https://en.wikipedia.org/wiki/List_of_districts_of_India,0.55,collected,2026-06-26
768,,56,78,"District Magistrate / Collector, Kurnool (Andhra Pradesh)",bureaucratic,administrative,8,false,"Head of district administration, Kurnool, Andhra Pradesh",https://en.wikipedia.org/wiki/List_of_districts_of_India,0.60,collected,2026-06-26
769,,56,768,"Superintendent of Police, Kurnool (Andhra Pradesh)",bureaucratic,administrative,8,false,"District police chief, Kurnool, Andhra Pradesh",https://en.wikipedia.org/wiki/List_of_districts_of_India,0.55,collected,2026-06-26
770,,57,78,"District Magistrate / Collector, Nandyal (Andhra Pradesh)",bureaucratic,administrative,8,false,"Head of district administration, Nandyal, Andhra Pradesh",https://en.wikipedia.org/wiki/List_of_districts_of_India,0.60,collected,2026-06-26
771,,57,770,"Superintendent of Police, Nandyal (Andhra Pradesh)",bureaucratic,administrative,8,false,"District police chief, Nandyal, Andhra Pradesh",https://en.wikipedia.org/wiki/List_of_districts_of_India,0.55,collected,2026-06-26
772,,58,78,"District Magistrate / Collector, Ananthapuramu (Andhra Pradesh)",bureaucratic,administrative,8,false,"Head of district administration, Ananthapuramu, Andhra Pradesh",https://en.wikipedia.org/wiki/List_of_districts_of_India,0.60,collected,2026-06-26
773,,58,772,"Superintendent of Police, Ananthapuramu (Andhra Pradesh)",bureaucratic,administrative,8,false,"District police chief, Ananthapuramu, Andhra Pradesh",https://en.wikipedia.org/wiki/List_of_districts_of_India,0.55,collected,2026-06-26
774,,59,78,"District Magistrate / Collector, Sri Sathya Sai (Andhra Pradesh)",bureaucratic,administrative,8,false,"Head of district administration, Sri Sathya Sai, Andhra Pradesh",https://en.wikipedia.org/wiki/List_of_districts_of_India,0.60,collected,2026-06-26
775,,59,774,"Superintendent of Police, Sri Sathya Sai (Andhra Pradesh)",bureaucratic,administrative,8,false,"District police chief, Sri Sathya Sai, Andhra Pradesh",https://en.wikipedia.org/wiki/List_of_districts_of_India,0.55,collected,2026-06-26
776,,60,78,"District Magistrate / Collector, YSR Kadapa (Andhra Pradesh)",bureaucratic,administrative,8,false,"Head of district administration, YSR Kadapa, Andhra Pradesh",https://en.wikipedia.org/wiki/List_of_districts_of_India,0.60,collected,2026-06-26
777,,60,776,"Superintendent of Police, YSR Kadapa (Andhra Pradesh)",bureaucratic,administrative,8,false,"District police chief, YSR Kadapa, Andhra Pradesh",https://en.wikipedia.org/wiki/List_of_districts_of_India,0.55,collected,2026-06-26
778,,61,78,"District Magistrate / Collector, Annamayya (Andhra Pradesh)",bureaucratic,administrative,8,false,"Head of district administration, Annamayya, Andhra Pradesh",https://en.wikipedia.org/wiki/List_of_districts_of_India,0.60,collected,2026-06-26
779,,61,778,"Superintendent of Police, Annamayya (Andhra Pradesh)",bureaucratic,administrative,8,false,"District police chief, Annamayya, Andhra Pradesh",https://en.wikipedia.org/wiki/List_of_districts_of_India,0.55,collected,2026-06-26
780,,62,78,"District Magistrate / Collector, Tirupati (Andhra Pradesh)",bureaucratic,administrative,8,false,"Head of district administration, Tirupati, Andhra Pradesh",https://en.wikipedia.org/wiki/List_of_districts_of_India,0.60,collected,2026-06-26
781,,62,780,"Superintendent of Police, Tirupati (Andhra Pradesh)",bureaucratic,administrative,8,false,"District police chief, Tirupati, Andhra Pradesh",https://en.wikipedia.org/wiki/List_of_districts_of_India,0.55,collected,2026-06-26
782,,63,78,"District Magistrate / Collector, Chittoor (Andhra Pradesh)",bureaucratic,administrative,8,false,"Head of district administration, Chittoor, Andhra Pradesh",https://en.wikipedia.org/wiki/List_of_districts_of_India,0.60,collected,2026-06-26
783,,63,782,"Superintendent of Police, Chittoor (Andhra Pradesh)",bureaucratic,administrative,8,false,"District police chief, Chittoor, Andhra Pradesh",https://en.wikipedia.org/wiki/List_of_districts_of_India,0.55,collected,2026-06-26
784,,64,81,"District Magistrate / Collector, Tawang (Arunachal Pradesh)",bureaucratic,administrative,8,false,"Head of district administration, Tawang, Arunachal Pradesh",https://en.wikipedia.org/wiki/List_of_districts_of_India,0.55,collected,2026-06-26
785,,64,784,"Superintendent of Police, Tawang (Arunachal Pradesh)",bureaucratic,administrative,8,false,"District police chief, Tawang, Arunachal Pradesh",https://en.wikipedia.org/wiki/List_of_districts_of_India,0.60,collected,2026-06-26
786,,65,81,"District Magistrate / Collector, West Kameng (Arunachal Pradesh)",bureaucratic,administrative,8,false,"Head of district administration, West Kameng, Arunachal Pradesh",https://en.wikipedia.org/wiki/List_of_districts_of_India,0.55,collected,2026-06-26
787,,65,786,"Superintendent of Police, West Kameng (Arunachal Pradesh)",bureaucratic,administrative,8,false,"District police chief, West Kameng, Arunachal Pradesh",https://en.wikipedia.org/wiki/List_of_districts_of_India,0.60,collected,2026-06-26
788,,66,81,"District Magistrate / Collector, East Kameng (Arunachal Pradesh)",bureaucratic,administrative,8,false,"Head of district administration, East Kameng, Arunachal Pradesh",https://en.wikipedia.org/wiki/List_of_districts_of_India,0.55,collected,2026-06-26
789,,66,788,"Superintendent of Police, East Kameng (Arunachal Pradesh)",bureaucratic,administrative,8,false,"District police chief, East Kameng, Arunachal Pradesh",https://en.wikipedia.org/wiki/List_of_districts_of_India,0.60,collected,2026-06-26
790,,67,81,"District Magistrate / Collector, Pakke-Kessang (Arunachal Pradesh)",bureaucratic,administrative,8,false,"Head of district administration, Pakke-Kessang, Arunachal Pradesh",https://en.wikipedia.org/wiki/List_of_districts_of_India,0.55,collected,2026-06-26
791,,67,790,"Superintendent of Police, Pakke-Kessang (Arunachal Pradesh)",bureaucratic,administrative,8,false,"District police chief, Pakke-Kessang, Arunachal Pradesh",https://en.wikipedia.org/wiki/List_of_districts_of_India,0.60,collected,2026-06-26
792,,68,81,"District Magistrate / Collector, Kurung Kumey (Arunachal Pradesh)",bureaucratic,administrative,8,false,"Head of district administration, Kurung Kumey, Arunachal Pradesh",https://en.wikipedia.org/wiki/List_of_districts_of_India,0.55,collected,2026-06-26
793,,68,792,"Superintendent of Police, Kurung Kumey (Arunachal Pradesh)",bureaucratic,administrative,8,false,"District police chief, Kurung Kumey, Arunachal Pradesh",https://en.wikipedia.org/wiki/List_of_districts_of_India,0.60,collected,2026-06-26
794,,69,81,"District Magistrate / Collector, Papum Pare (Arunachal Pradesh)",bureaucratic,administrative,8,false,"Head of district administration, Papum Pare, Arunachal Pradesh",https://en.wikipedia.org/wiki/List_of_districts_of_India,0.55,collected,2026-06-26
795,,69,794,"Superintendent of Police, Papum Pare (Arunachal Pradesh)",bureaucratic,administrative,8,false,"District police chief, Papum Pare, Arunachal Pradesh",https://en.wikipedia.org/wiki/List_of_districts_of_India,0.60,collected,2026-06-26
796,,70,81,"District Magistrate / Collector, Kra Daadi (Arunachal Pradesh)",bureaucratic,administrative,8,false,"Head of district administration, Kra Daadi, Arunachal Pradesh",https://en.wikipedia.org/wiki/List_of_districts_of_India,0.55,collected,2026-06-26
797,,70,796,"Superintendent of Police, Kra Daadi (Arunachal Pradesh)",bureaucratic,administrative,8,false,"District police chief, Kra Daadi, Arunachal Pradesh",https://en.wikipedia.org/wiki/List_of_districts_of_India,0.60,collected,2026-06-26
798,,71,81,"District Magistrate / Collector, Lower Subansiri (Arunachal Pradesh)",bureaucratic,administrative,8,false,"Head of district administration, Lower Subansiri, Arunachal Pradesh",https://en.wikipedia.org/wiki/List_of_districts_of_India,0.55,collected,2026-06-26
799,,71,798,"Superintendent of Police, Lower Subansiri (Arunachal Pradesh)",bureaucratic,administrative,8,false,"District police chief, Lower Subansiri, Arunachal Pradesh",https://en.wikipedia.org/wiki/List_of_districts_of_India,0.60,collected,2026-06-26
800,,72,81,"District Magistrate / Collector, Kamle (Arunachal Pradesh)",bureaucratic,administrative,8,false,"Head of district administration, Kamle, Arunachal Pradesh",https://en.wikipedia.org/wiki/List_of_districts_of_India,0.55,collected,2026-06-26
801,,72,800,"Superintendent of Police, Kamle (Arunachal Pradesh)",bureaucratic,administrative,8,false,"District police chief, Kamle, Arunachal Pradesh",https://en.wikipedia.org/wiki/List_of_districts_of_India,0.60,collected,2026-06-26
802,,73,81,"District Magistrate / Collector, Keyi Panyor (Arunachal Pradesh)",bureaucratic,administrative,8,false,"Head of district administration, Keyi Panyor, Arunachal Pradesh",https://en.wikipedia.org/wiki/List_of_districts_of_India,0.55,collected,2026-06-26
803,,73,802,"Superintendent of Police, Keyi Panyor (Arunachal Pradesh)",bureaucratic,administrative,8,false,"District police chief, Keyi Panyor, Arunachal Pradesh",https://arunpol.nic.in/contactdir.html,0.80,collected,2026-07-03
804,,74,81,"District Magistrate / Collector, Upper Subansiri (Arunachal Pradesh)",bureaucratic,administrative,8,false,"Head of district administration, Upper Subansiri, Arunachal Pradesh",https://en.wikipedia.org/wiki/List_of_districts_of_India,0.55,collected,2026-06-26
805,,74,804,"Superintendent of Police, Upper Subansiri (Arunachal Pradesh)",bureaucratic,administrative,8,false,"District police chief, Upper Subansiri, Arunachal Pradesh",https://en.wikipedia.org/wiki/List_of_districts_of_India,0.60,collected,2026-06-26
806,,75,81,"District Magistrate / Collector, Shi-Yomi (Arunachal Pradesh)",bureaucratic,administrative,8,false,"Head of district administration, Shi-Yomi, Arunachal Pradesh",https://en.wikipedia.org/wiki/List_of_districts_of_India,0.55,collected,2026-06-26
807,,75,806,"Superintendent of Police, Shi-Yomi (Arunachal Pradesh)",bureaucratic,administrative,8,false,"District police chief, Shi-Yomi, Arunachal Pradesh",https://en.wikipedia.org/wiki/List_of_districts_of_India,0.60,collected,2026-06-26
808,,76,81,"District Magistrate / Collector, West Siang (Arunachal Pradesh)",bureaucratic,administrative,8,false,"Head of district administration, West Siang, Arunachal Pradesh",https://en.wikipedia.org/wiki/List_of_districts_of_India,0.55,collected,2026-06-26
809,,76,808,"Superintendent of Police, West Siang (Arunachal Pradesh)",bureaucratic,administrative,8,false,"District police chief, West Siang, Arunachal Pradesh",https://en.wikipedia.org/wiki/List_of_districts_of_India,0.60,collected,2026-06-26
810,,77,81,"District Magistrate / Collector, Siang (Arunachal Pradesh)",bureaucratic,administrative,8,false,"Head of district administration, Siang, Arunachal Pradesh",https://en.wikipedia.org/wiki/List_of_districts_of_India,0.55,collected,2026-06-26
811,,77,810,"Superintendent of Police, Siang (Arunachal Pradesh)",bureaucratic,administrative,8,false,"District police chief, Siang, Arunachal Pradesh",https://en.wikipedia.org/wiki/List_of_districts_of_India,0.60,collected,2026-06-26
812,,78,81,"District Magistrate / Collector, Lower Siang (Arunachal Pradesh)",bureaucratic,administrative,8,false,"Head of district administration, Lower Siang, Arunachal Pradesh",https://en.wikipedia.org/wiki/List_of_districts_of_India,0.55,collected,2026-06-26
813,,78,812,"Superintendent of Police, Lower Siang (Arunachal Pradesh)",bureaucratic,administrative,8,false,"District police chief, Lower Siang, Arunachal Pradesh",https://en.wikipedia.org/wiki/List_of_districts_of_India,0.60,collected,2026-06-26
814,,79,81,"District Magistrate / Collector, Lepa-Rada (Arunachal Pradesh)",bureaucratic,administrative,8,false,"Head of district administration, Lepa-Rada, Arunachal Pradesh",https://en.wikipedia.org/wiki/List_of_districts_of_India,0.55,collected,2026-06-26
815,,79,814,"Superintendent of Police, Lepa-Rada (Arunachal Pradesh)",bureaucratic,administrative,8,false,"District police chief, Lepa-Rada, Arunachal Pradesh",https://en.wikipedia.org/wiki/List_of_districts_of_India,0.60,collected,2026-06-26
816,,80,81,"District Magistrate / Collector, Upper Siang (Arunachal Pradesh)",bureaucratic,administrative,8,false,"Head of district administration, Upper Siang, Arunachal Pradesh",https://en.wikipedia.org/wiki/List_of_districts_of_India,0.55,collected,2026-06-26
817,,80,816,"Superintendent of Police, Upper Siang (Arunachal Pradesh)",bureaucratic,administrative,8,false,"District police chief, Upper Siang, Arunachal Pradesh",https://en.wikipedia.org/wiki/List_of_districts_of_India,0.60,collected,2026-06-26
818,,81,81,"District Magistrate / Collector, East Siang (Arunachal Pradesh)",bureaucratic,administrative,8,false,"Head of district administration, East Siang, Arunachal Pradesh",https://en.wikipedia.org/wiki/List_of_districts_of_India,0.55,collected,2026-06-26
819,,81,818,"Superintendent of Police, East Siang (Arunachal Pradesh)",bureaucratic,administrative,8,false,"District police chief, East Siang, Arunachal Pradesh",https://en.wikipedia.org/wiki/List_of_districts_of_India,0.60,collected,2026-06-26
820,,82,81,"District Magistrate / Collector, Dibang Valley (Arunachal Pradesh)",bureaucratic,administrative,8,false,"Head of district administration, Dibang Valley, Arunachal Pradesh",https://en.wikipedia.org/wiki/List_of_districts_of_India,0.55,collected,2026-06-26
821,,82,820,"Superintendent of Police, Dibang Valley (Arunachal Pradesh)",bureaucratic,administrative,8,false,"District police chief, Dibang Valley, Arunachal Pradesh",https://en.wikipedia.org/wiki/List_of_districts_of_India,0.60,collected,2026-06-26
822,,83,81,"District Magistrate / Collector, Lower Dibang Valley (Arunachal Pradesh)",bureaucratic,administrative,8,false,"Head of district administration, Lower Dibang Valley, Arunachal Pradesh",https://en.wikipedia.org/wiki/List_of_districts_of_India,0.55,collected,2026-06-26
823,,83,822,"Superintendent of Police, Lower Dibang Valley (Arunachal Pradesh)",bureaucratic,administrative,8,false,"District police chief, Lower Dibang Valley, Arunachal Pradesh",https://en.wikipedia.org/wiki/List_of_districts_of_India,0.60,collected,2026-06-26
824,,84,81,"District Magistrate / Collector, Lohit (Arunachal Pradesh)",bureaucratic,administrative,8,false,"Head of district administration, Lohit, Arunachal Pradesh",https://en.wikipedia.org/wiki/List_of_districts_of_India,0.55,collected,2026-06-26
825,,84,824,"Superintendent of Police, Lohit (Arunachal Pradesh)",bureaucratic,administrative,8,false,"District police chief, Lohit, Arunachal Pradesh",https://en.wikipedia.org/wiki/List_of_districts_of_India,0.60,collected,2026-06-26
826,,85,81,"District Magistrate / Collector, Anjaw (Arunachal Pradesh)",bureaucratic,administrative,8,false,"Head of district administration, Anjaw, Arunachal Pradesh",https://en.wikipedia.org/wiki/List_of_districts_of_India,0.55,collected,2026-06-26
827,,85,826,"Superintendent of Police, Anjaw (Arunachal Pradesh)",bureaucratic,administrative,8,false,"District police chief, Anjaw, Arunachal Pradesh",https://en.wikipedia.org/wiki/List_of_districts_of_India,0.60,collected,2026-06-26
828,,86,81,"District Magistrate / Collector, Namsai (Arunachal Pradesh)",bureaucratic,administrative,8,false,"Head of district administration, Namsai, Arunachal Pradesh",https://en.wikipedia.org/wiki/List_of_districts_of_India,0.55,collected,2026-06-26
829,,86,828,"Superintendent of Police, Namsai (Arunachal Pradesh)",bureaucratic,administrative,8,false,"District police chief, Namsai, Arunachal Pradesh",https://en.wikipedia.org/wiki/List_of_districts_of_India,0.60,collected,2026-06-26
830,,87,81,"District Magistrate / Collector, Changlang (Arunachal Pradesh)",bureaucratic,administrative,8,false,"Head of district administration, Changlang, Arunachal Pradesh",https://en.wikipedia.org/wiki/List_of_districts_of_India,0.55,collected,2026-06-26
831,,87,830,"Superintendent of Police, Changlang (Arunachal Pradesh)",bureaucratic,administrative,8,false,"District police chief, Changlang, Arunachal Pradesh",https://en.wikipedia.org/wiki/List_of_districts_of_India,0.60,collected,2026-06-26
832,,88,81,"District Magistrate / Collector, Tirap (Arunachal Pradesh)",bureaucratic,administrative,8,false,"Head of district administration, Tirap, Arunachal Pradesh",https://en.wikipedia.org/wiki/List_of_districts_of_India,0.55,collected,2026-06-26
833,,88,832,"Superintendent of Police, Tirap (Arunachal Pradesh)",bureaucratic,administrative,8,false,"District police chief, Tirap, Arunachal Pradesh",https://en.wikipedia.org/wiki/List_of_districts_of_India,0.60,collected,2026-06-26
834,,89,81,"District Magistrate / Collector, Longding (Arunachal Pradesh)",bureaucratic,administrative,8,false,"Head of district administration, Longding, Arunachal Pradesh",https://en.wikipedia.org/wiki/List_of_districts_of_India,0.55,collected,2026-06-26
835,,89,834,"Superintendent of Police, Longding (Arunachal Pradesh)",bureaucratic,administrative,8,false,"District police chief, Longding, Arunachal Pradesh",https://en.wikipedia.org/wiki/List_of_districts_of_India,0.60,collected,2026-06-26
836,,90,84,"District Magistrate / Collector, Baksa (Assam)",bureaucratic,administrative,8,false,"Head of district administration, Baksa, Assam",https://en.wikipedia.org/wiki/List_of_districts_of_India,0.60,collected,2026-06-26
837,,90,836,"Superintendent of Police, Baksa (Assam)",bureaucratic,administrative,8,false,"District police chief, Baksa, Assam",https://en.wikipedia.org/wiki/List_of_districts_of_India,0.65,collected,2026-06-26
838,,91,84,"District Magistrate / Collector, Bajali (Assam)",bureaucratic,administrative,8,false,"Head of district administration, Bajali, Assam",https://en.wikipedia.org/wiki/List_of_districts_of_India,0.60,collected,2026-06-26
839,,91,838,"Superintendent of Police, Bajali (Assam)",bureaucratic,administrative,8,false,"District police chief, Bajali, Assam",https://en.wikipedia.org/wiki/List_of_districts_of_India,0.65,collected,2026-06-26
840,,92,84,"District Magistrate / Collector, Barpeta (Assam)",bureaucratic,administrative,8,false,"Head of district administration, Barpeta, Assam",https://en.wikipedia.org/wiki/List_of_districts_of_India,0.60,collected,2026-06-26
841,,92,840,"Superintendent of Police, Barpeta (Assam)",bureaucratic,administrative,8,false,"District police chief, Barpeta, Assam",https://en.wikipedia.org/wiki/List_of_districts_of_India,0.65,collected,2026-06-26
842,,93,84,"District Magistrate / Collector, Biswanath (Assam)",bureaucratic,administrative,8,false,"Head of district administration, Biswanath, Assam",https://en.wikipedia.org/wiki/List_of_districts_of_India,0.60,collected,2026-06-26
843,,93,842,"Superintendent of Police, Biswanath (Assam)",bureaucratic,administrative,8,false,"District police chief, Biswanath, Assam",https://en.wikipedia.org/wiki/List_of_districts_of_India,0.65,collected,2026-06-26
844,,94,84,"District Magistrate / Collector, Bongaigaon (Assam)",bureaucratic,administrative,8,false,"Head of district administration, Bongaigaon, Assam",https://en.wikipedia.org/wiki/List_of_districts_of_India,0.60,collected,2026-06-26
845,,94,844,"Superintendent of Police, Bongaigaon (Assam)",bureaucratic,administrative,8,false,"District police chief, Bongaigaon, Assam",https://en.wikipedia.org/wiki/List_of_districts_of_India,0.65,collected,2026-06-26
846,,95,84,"District Magistrate / Collector, Cachar (Assam)",bureaucratic,administrative,8,false,"Head of district administration, Cachar, Assam",https://en.wikipedia.org/wiki/List_of_districts_of_India,0.60,collected,2026-06-26
847,,95,846,"Superintendent of Police, Cachar (Assam)",bureaucratic,administrative,8,false,"District police chief, Cachar, Assam",https://en.wikipedia.org/wiki/List_of_districts_of_India,0.65,collected,2026-06-26
848,,96,84,"District Magistrate / Collector, Charaideo (Assam)",bureaucratic,administrative,8,false,"Head of district administration, Charaideo, Assam",https://en.wikipedia.org/wiki/List_of_districts_of_India,0.60,collected,2026-06-26
849,,96,848,"Superintendent of Police, Charaideo (Assam)",bureaucratic,administrative,8,false,"District police chief, Charaideo, Assam",https://en.wikipedia.org/wiki/List_of_districts_of_India,0.65,collected,2026-06-26
850,,97,84,"District Magistrate / Collector, Chirang (Assam)",bureaucratic,administrative,8,false,"Head of district administration, Chirang, Assam",https://en.wikipedia.org/wiki/List_of_districts_of_India,0.60,collected,2026-06-26
851,,97,850,"Superintendent of Police, Chirang (Assam)",bureaucratic,administrative,8,false,"District police chief, Chirang, Assam",https://en.wikipedia.org/wiki/List_of_districts_of_India,0.65,collected,2026-06-26
852,,98,84,"District Magistrate / Collector, Darrang (Assam)",bureaucratic,administrative,8,false,"Head of district administration, Darrang, Assam",https://en.wikipedia.org/wiki/List_of_districts_of_India,0.60,collected,2026-06-26
853,,98,852,"Superintendent of Police, Darrang (Assam)",bureaucratic,administrative,8,false,"District police chief, Darrang, Assam",https://en.wikipedia.org/wiki/List_of_districts_of_India,0.65,collected,2026-06-26
854,,99,84,"District Magistrate / Collector, Dhemaji (Assam)",bureaucratic,administrative,8,false,"Head of district administration, Dhemaji, Assam",https://en.wikipedia.org/wiki/List_of_districts_of_India,0.60,collected,2026-06-26
855,,99,854,"Superintendent of Police, Dhemaji (Assam)",bureaucratic,administrative,8,false,"District police chief, Dhemaji, Assam",https://en.wikipedia.org/wiki/List_of_districts_of_India,0.65,collected,2026-06-26
856,,100,84,"District Magistrate / Collector, Dhubri (Assam)",bureaucratic,administrative,8,false,"Head of district administration, Dhubri, Assam",https://en.wikipedia.org/wiki/List_of_districts_of_India,0.60,collected,2026-06-26
857,,100,856,"Superintendent of Police, Dhubri (Assam)",bureaucratic,administrative,8,false,"District police chief, Dhubri, Assam",https://en.wikipedia.org/wiki/List_of_districts_of_India,0.65,collected,2026-06-26
858,,101,84,"District Magistrate / Collector, Dibrugarh (Assam)",bureaucratic,administrative,8,false,"Head of district administration, Dibrugarh, Assam",https://en.wikipedia.org/wiki/List_of_districts_of_India,0.60,collected,2026-06-26
859,,101,858,"Superintendent of Police, Dibrugarh (Assam)",bureaucratic,administrative,8,false,"District police chief, Dibrugarh, Assam",https://en.wikipedia.org/wiki/List_of_districts_of_India,0.65,collected,2026-06-26
860,,102,84,"District Magistrate / Collector, Dima Hasao (Assam)",bureaucratic,administrative,8,false,"Head of district administration, Dima Hasao, Assam",https://en.wikipedia.org/wiki/List_of_districts_of_India,0.60,collected,2026-06-26
861,,102,860,"Superintendent of Police, Dima Hasao (Assam)",bureaucratic,administrative,8,false,"District police chief, Dima Hasao, Assam",https://en.wikipedia.org/wiki/List_of_districts_of_India,0.65,collected,2026-06-26
862,,103,84,"District Magistrate / Collector, Goalpara (Assam)",bureaucratic,administrative,8,false,"Head of district administration, Goalpara, Assam",https://en.wikipedia.org/wiki/List_of_districts_of_India,0.60,collected,2026-06-26
863,,103,862,"Superintendent of Police, Goalpara (Assam)",bureaucratic,administrative,8,false,"District police chief, Goalpara, Assam",https://en.wikipedia.org/wiki/List_of_districts_of_India,0.65,collected,2026-06-26
864,,104,84,"District Magistrate / Collector, Golaghat (Assam)",bureaucratic,administrative,8,false,"Head of district administration, Golaghat, Assam",https://en.wikipedia.org/wiki/List_of_districts_of_India,0.60,collected,2026-06-26
865,,104,864,"Superintendent of Police, Golaghat (Assam)",bureaucratic,administrative,8,false,"District police chief, Golaghat, Assam",https://en.wikipedia.org/wiki/List_of_districts_of_India,0.65,collected,2026-06-26
866,,105,84,"District Magistrate / Collector, Hailakandi (Assam)",bureaucratic,administrative,8,false,"Head of district administration, Hailakandi, Assam",https://en.wikipedia.org/wiki/List_of_districts_of_India,0.60,collected,2026-06-26
867,,105,866,"Superintendent of Police, Hailakandi (Assam)",bureaucratic,administrative,8,false,"District police chief, Hailakandi, Assam",https://en.wikipedia.org/wiki/List_of_districts_of_India,0.65,collected,2026-06-26
868,,106,84,"District Magistrate / Collector, Hojai (Assam)",bureaucratic,administrative,8,false,"Head of district administration, Hojai, Assam",https://en.wikipedia.org/wiki/List_of_districts_of_India,0.60,collected,2026-06-26
869,,106,868,"Superintendent of Police, Hojai (Assam)",bureaucratic,administrative,8,false,"District police chief, Hojai, Assam",https://en.wikipedia.org/wiki/List_of_districts_of_India,0.65,collected,2026-06-26
870,,107,84,"District Magistrate / Collector, Jorhat (Assam)",bureaucratic,administrative,8,false,"Head of district administration, Jorhat, Assam",https://en.wikipedia.org/wiki/List_of_districts_of_India,0.60,collected,2026-06-26
871,,107,870,"Superintendent of Police, Jorhat (Assam)",bureaucratic,administrative,8,false,"District police chief, Jorhat, Assam",https://en.wikipedia.org/wiki/List_of_districts_of_India,0.65,collected,2026-06-26
872,,108,84,"District Magistrate / Collector, Kamrup Metropolitan (Assam)",bureaucratic,administrative,8,false,"Head of district administration, Kamrup Metropolitan, Assam",https://en.wikipedia.org/wiki/List_of_districts_of_India,0.60,collected,2026-06-26
873,,108,872,"Superintendent of Police, Kamrup Metropolitan (Assam)",bureaucratic,administrative,8,false,"District police chief, Kamrup Metropolitan, Assam",https://en.wikipedia.org/wiki/List_of_districts_of_India,0.65,collected,2026-06-26
874,,109,84,"District Magistrate / Collector, Kamrup (Assam)",bureaucratic,administrative,8,false,"Head of district administration, Kamrup, Assam",https://en.wikipedia.org/wiki/List_of_districts_of_India,0.60,collected,2026-06-26
875,,109,874,"Superintendent of Police, Kamrup (Assam)",bureaucratic,administrative,8,false,"District police chief, Kamrup, Assam",https://en.wikipedia.org/wiki/List_of_districts_of_India,0.65,collected,2026-06-26
876,,110,84,"District Magistrate / Collector, Karbi Anglong (Assam)",bureaucratic,administrative,8,false,"Head of district administration, Karbi Anglong, Assam",https://en.wikipedia.org/wiki/List_of_districts_of_India,0.60,collected,2026-06-26
877,,110,876,"Superintendent of Police, Karbi Anglong (Assam)",bureaucratic,administrative,8,false,"District police chief, Karbi Anglong, Assam",https://en.wikipedia.org/wiki/List_of_districts_of_India,0.65,collected,2026-06-26
878,,111,84,"District Magistrate / Collector, Sribhumi (Assam)",bureaucratic,administrative,8,false,"Head of district administration, Sribhumi, Assam",https://en.wikipedia.org/wiki/List_of_districts_of_India,0.60,collected,2026-06-26
879,,111,878,"Superintendent of Police, Sribhumi (Assam)",bureaucratic,administrative,8,false,"District police chief, Sribhumi, Assam",https://en.wikipedia.org/wiki/List_of_districts_of_India,0.65,collected,2026-06-26
880,,112,84,"District Magistrate / Collector, Kokrajhar (Assam)",bureaucratic,administrative,8,false,"Head of district administration, Kokrajhar, Assam",https://en.wikipedia.org/wiki/List_of_districts_of_India,0.60,collected,2026-06-26
881,,112,880,"Superintendent of Police, Kokrajhar (Assam)",bureaucratic,administrative,8,false,"District police chief, Kokrajhar, Assam",https://en.wikipedia.org/wiki/List_of_districts_of_India,0.65,collected,2026-06-26
882,,113,84,"District Magistrate / Collector, Lakhimpur (Assam)",bureaucratic,administrative,8,false,"Head of district administration, Lakhimpur, Assam",https://en.wikipedia.org/wiki/List_of_districts_of_India,0.60,collected,2026-06-26
883,,113,882,"Superintendent of Police, Lakhimpur (Assam)",bureaucratic,administrative,8,false,"District police chief, Lakhimpur, Assam",https://en.wikipedia.org/wiki/List_of_districts_of_India,0.65,collected,2026-06-26
884,,114,84,"District Magistrate / Collector, Majuli (Assam)",bureaucratic,administrative,8,false,"Head of district administration, Majuli, Assam",https://en.wikipedia.org/wiki/List_of_districts_of_India,0.60,collected,2026-06-26
885,,114,884,"Superintendent of Police, Majuli (Assam)",bureaucratic,administrative,8,false,"District police chief, Majuli, Assam",https://en.wikipedia.org/wiki/List_of_districts_of_India,0.65,collected,2026-06-26
886,,115,84,"District Magistrate / Collector, Morigaon (Assam)",bureaucratic,administrative,8,false,"Head of district administration, Morigaon, Assam",https://en.wikipedia.org/wiki/List_of_districts_of_India,0.60,collected,2026-06-26
887,,115,886,"Superintendent of Police, Morigaon (Assam)",bureaucratic,administrative,8,false,"District police chief, Morigaon, Assam",https://en.wikipedia.org/wiki/List_of_districts_of_India,0.65,collected,2026-06-26
888,,116,84,"District Magistrate / Collector, Nagaon (Assam)",bureaucratic,administrative,8,false,"Head of district administration, Nagaon, Assam",https://en.wikipedia.org/wiki/List_of_districts_of_India,0.60,collected,2026-06-26
889,,116,888,"Superintendent of Police, Nagaon (Assam)",bureaucratic,administrative,8,false,"District police chief, Nagaon, Assam",https://en.wikipedia.org/wiki/List_of_districts_of_India,0.65,collected,2026-06-26
890,,117,84,"District Magistrate / Collector, Nalbari (Assam)",bureaucratic,administrative,8,false,"Head of district administration, Nalbari, Assam",https://en.wikipedia.org/wiki/List_of_districts_of_India,0.60,collected,2026-06-26
891,,117,890,"Superintendent of Police, Nalbari (Assam)",bureaucratic,administrative,8,false,"District police chief, Nalbari, Assam",https://en.wikipedia.org/wiki/List_of_districts_of_India,0.65,collected,2026-06-26
892,,118,84,"District Magistrate / Collector, Sivasagar (Assam)",bureaucratic,administrative,8,false,"Head of district administration, Sivasagar, Assam",https://en.wikipedia.org/wiki/List_of_districts_of_India,0.60,collected,2026-06-26
893,,118,892,"Superintendent of Police, Sivasagar (Assam)",bureaucratic,administrative,8,false,"District police chief, Sivasagar, Assam",https://en.wikipedia.org/wiki/List_of_districts_of_India,0.65,collected,2026-06-26
894,,119,84,"District Magistrate / Collector, Sonitpur (Assam)",bureaucratic,administrative,8,false,"Head of district administration, Sonitpur, Assam",https://en.wikipedia.org/wiki/List_of_districts_of_India,0.60,collected,2026-06-26
895,,119,894,"Superintendent of Police, Sonitpur (Assam)",bureaucratic,administrative,8,false,"District police chief, Sonitpur, Assam",https://en.wikipedia.org/wiki/List_of_districts_of_India,0.65,collected,2026-06-26
896,,120,84,"District Magistrate / Collector, South Salmara-Mankachar (Assam)",bureaucratic,administrative,8,false,"Head of district administration, South Salmara-Mankachar, Assam",https://en.wikipedia.org/wiki/List_of_districts_of_India,0.60,collected,2026-06-26
897,,120,896,"Superintendent of Police, South Salmara-Mankachar (Assam)",bureaucratic,administrative,8,false,"District police chief, South Salmara-Mankachar, Assam",https://en.wikipedia.org/wiki/List_of_districts_of_India,0.65,collected,2026-06-26
898,,121,84,"District Magistrate / Collector, Tamulpur (Assam)",bureaucratic,administrative,8,false,"Head of district administration, Tamulpur, Assam",https://en.wikipedia.org/wiki/List_of_districts_of_India,0.60,collected,2026-06-26
899,,121,898,"Superintendent of Police, Tamulpur (Assam)",bureaucratic,administrative,8,false,"District police chief, Tamulpur, Assam",https://en.wikipedia.org/wiki/List_of_districts_of_India,0.65,collected,2026-06-26
900,,122,84,"District Magistrate / Collector, Tinsukia (Assam)",bureaucratic,administrative,8,false,"Head of district administration, Tinsukia, Assam",https://en.wikipedia.org/wiki/List_of_districts_of_India,0.60,collected,2026-06-26
901,,122,900,"Superintendent of Police, Tinsukia (Assam)",bureaucratic,administrative,8,false,"District police chief, Tinsukia, Assam",https://en.wikipedia.org/wiki/List_of_districts_of_India,0.65,collected,2026-06-26
902,,123,84,"District Magistrate / Collector, Udalguri (Assam)",bureaucratic,administrative,8,false,"Head of district administration, Udalguri, Assam",https://en.wikipedia.org/wiki/List_of_districts_of_India,0.60,collected,2026-06-26
903,,123,902,"Superintendent of Police, Udalguri (Assam)",bureaucratic,administrative,8,false,"District police chief, Udalguri, Assam",https://en.wikipedia.org/wiki/List_of_districts_of_India,0.65,collected,2026-06-26
904,,124,84,"District Magistrate / Collector, West Karbi Anglong (Assam)",bureaucratic,administrative,8,false,"Head of district administration, West Karbi Anglong, Assam",https://en.wikipedia.org/wiki/List_of_districts_of_India,0.60,collected,2026-06-26
905,,124,904,"Superintendent of Police, West Karbi Anglong (Assam)",bureaucratic,administrative,8,false,"District police chief, West Karbi Anglong, Assam",https://en.wikipedia.org/wiki/List_of_districts_of_India,0.65,collected,2026-06-26
906,,125,87,"District Magistrate / Collector, Araria (Bihar)",bureaucratic,administrative,8,false,"Head of district administration, Araria, Bihar",https://en.wikipedia.org/wiki/List_of_districts_of_India,0.60,collected,2026-06-26
907,,125,906,"Superintendent of Police, Araria (Bihar)",bureaucratic,administrative,8,false,"District police chief, Araria, Bihar",https://en.wikipedia.org/wiki/List_of_districts_of_India,0.60,collected,2026-06-26
908,,126,87,"District Magistrate / Collector, Arwal (Bihar)",bureaucratic,administrative,8,false,"Head of district administration, Arwal, Bihar",https://en.wikipedia.org/wiki/List_of_districts_of_India,0.60,collected,2026-06-26
909,,126,908,"Superintendent of Police, Arwal (Bihar)",bureaucratic,administrative,8,false,"District police chief, Arwal, Bihar",https://en.wikipedia.org/wiki/List_of_districts_of_India,0.60,collected,2026-06-26
910,,127,87,"District Magistrate / Collector, Aurangabad (Bihar)",bureaucratic,administrative,8,false,"Head of district administration, Aurangabad, Bihar",https://en.wikipedia.org/wiki/List_of_districts_of_India,0.60,collected,2026-06-26
911,,127,910,"Superintendent of Police, Aurangabad (Bihar)",bureaucratic,administrative,8,false,"District police chief, Aurangabad, Bihar",https://en.wikipedia.org/wiki/List_of_districts_of_India,0.60,collected,2026-06-26
912,,128,87,"District Magistrate / Collector, Banka (Bihar)",bureaucratic,administrative,8,false,"Head of district administration, Banka, Bihar",https://en.wikipedia.org/wiki/List_of_districts_of_India,0.60,collected,2026-06-26
913,,128,912,"Superintendent of Police, Banka (Bihar)",bureaucratic,administrative,8,false,"District police chief, Banka, Bihar",https://en.wikipedia.org/wiki/List_of_districts_of_India,0.60,collected,2026-06-26
914,,129,87,"District Magistrate / Collector, Begusarai (Bihar)",bureaucratic,administrative,8,false,"Head of district administration, Begusarai, Bihar",https://en.wikipedia.org/wiki/List_of_districts_of_India,0.60,collected,2026-06-26
915,,129,914,"Superintendent of Police, Begusarai (Bihar)",bureaucratic,administrative,8,false,"District police chief, Begusarai, Bihar",https://en.wikipedia.org/wiki/List_of_districts_of_India,0.60,collected,2026-06-26
916,,130,87,"District Magistrate / Collector, Bhagalpur (Bihar)",bureaucratic,administrative,8,false,"Head of district administration, Bhagalpur, Bihar",https://en.wikipedia.org/wiki/List_of_districts_of_India,0.60,collected,2026-06-26
917,,130,916,"Superintendent of Police, Bhagalpur (Bihar)",bureaucratic,administrative,8,false,"District police chief, Bhagalpur, Bihar",https://en.wikipedia.org/wiki/List_of_districts_of_India,0.60,collected,2026-06-26
918,,131,87,"District Magistrate / Collector, Bhojpur (Bihar)",bureaucratic,administrative,8,false,"Head of district administration, Bhojpur, Bihar",https://en.wikipedia.org/wiki/List_of_districts_of_India,0.60,collected,2026-06-26
919,,131,918,"Superintendent of Police, Bhojpur (Bihar)",bureaucratic,administrative,8,false,"District police chief, Bhojpur, Bihar",https://en.wikipedia.org/wiki/List_of_districts_of_India,0.60,collected,2026-06-26
920,,132,87,"District Magistrate / Collector, Buxar (Bihar)",bureaucratic,administrative,8,false,"Head of district administration, Buxar, Bihar",https://en.wikipedia.org/wiki/List_of_districts_of_India,0.60,collected,2026-06-26
921,,132,920,"Superintendent of Police, Buxar (Bihar)",bureaucratic,administrative,8,false,"District police chief, Buxar, Bihar",https://en.wikipedia.org/wiki/List_of_districts_of_India,0.60,collected,2026-06-26
922,,133,87,"District Magistrate / Collector, Darbhanga (Bihar)",bureaucratic,administrative,8,false,"Head of district administration, Darbhanga, Bihar",https://en.wikipedia.org/wiki/List_of_districts_of_India,0.60,collected,2026-06-26
923,,133,922,"Superintendent of Police, Darbhanga (Bihar)",bureaucratic,administrative,8,false,"District police chief, Darbhanga, Bihar",https://en.wikipedia.org/wiki/List_of_districts_of_India,0.60,collected,2026-06-26
924,,134,87,"District Magistrate / Collector, East Champaran (Bihar)",bureaucratic,administrative,8,false,"Head of district administration, East Champaran, Bihar",https://en.wikipedia.org/wiki/List_of_districts_of_India,0.60,collected,2026-06-26
925,,134,924,"Superintendent of Police, East Champaran (Bihar)",bureaucratic,administrative,8,false,"District police chief, East Champaran, Bihar",https://en.wikipedia.org/wiki/List_of_districts_of_India,0.60,collected,2026-06-26
926,,135,87,"District Magistrate / Collector, Gaya (Bihar)",bureaucratic,administrative,8,false,"Head of district administration, Gaya, Bihar",https://en.wikipedia.org/wiki/List_of_districts_of_India,0.60,collected,2026-06-26
927,,135,926,"Superintendent of Police, Gaya (Bihar)",bureaucratic,administrative,8,false,"District police chief, Gaya, Bihar",https://en.wikipedia.org/wiki/List_of_districts_of_India,0.60,collected,2026-06-26
928,,136,87,"District Magistrate / Collector, Gopalganj (Bihar)",bureaucratic,administrative,8,false,"Head of district administration, Gopalganj, Bihar",https://en.wikipedia.org/wiki/List_of_districts_of_India,0.60,collected,2026-06-26
929,,136,928,"Superintendent of Police, Gopalganj (Bihar)",bureaucratic,administrative,8,false,"District police chief, Gopalganj, Bihar",https://en.wikipedia.org/wiki/List_of_districts_of_India,0.60,collected,2026-06-26
930,,137,87,"District Magistrate / Collector, Jamui (Bihar)",bureaucratic,administrative,8,false,"Head of district administration, Jamui, Bihar",https://en.wikipedia.org/wiki/List_of_districts_of_India,0.60,collected,2026-06-26
931,,137,930,"Superintendent of Police, Jamui (Bihar)",bureaucratic,administrative,8,false,"District police chief, Jamui, Bihar",https://en.wikipedia.org/wiki/List_of_districts_of_India,0.60,collected,2026-06-26
932,,138,87,"District Magistrate / Collector, Jehanabad (Bihar)",bureaucratic,administrative,8,false,"Head of district administration, Jehanabad, Bihar",https://en.wikipedia.org/wiki/List_of_districts_of_India,0.60,collected,2026-06-26
933,,138,932,"Superintendent of Police, Jehanabad (Bihar)",bureaucratic,administrative,8,false,"District police chief, Jehanabad, Bihar",https://en.wikipedia.org/wiki/List_of_districts_of_India,0.60,collected,2026-06-26
934,,139,87,"District Magistrate / Collector, Khagaria (Bihar)",bureaucratic,administrative,8,false,"Head of district administration, Khagaria, Bihar",https://en.wikipedia.org/wiki/List_of_districts_of_India,0.60,collected,2026-06-26
935,,139,934,"Superintendent of Police, Khagaria (Bihar)",bureaucratic,administrative,8,false,"District police chief, Khagaria, Bihar",https://en.wikipedia.org/wiki/List_of_districts_of_India,0.60,collected,2026-06-26
936,,140,87,"District Magistrate / Collector, Kishanganj (Bihar)",bureaucratic,administrative,8,false,"Head of district administration, Kishanganj, Bihar",https://en.wikipedia.org/wiki/List_of_districts_of_India,0.60,collected,2026-06-26
937,,140,936,"Superintendent of Police, Kishanganj (Bihar)",bureaucratic,administrative,8,false,"District police chief, Kishanganj, Bihar",https://en.wikipedia.org/wiki/List_of_districts_of_India,0.60,collected,2026-06-26
938,,141,87,"District Magistrate / Collector, Kaimur (Bihar)",bureaucratic,administrative,8,false,"Head of district administration, Kaimur, Bihar",https://en.wikipedia.org/wiki/List_of_districts_of_India,0.60,collected,2026-06-26
939,,141,938,"Superintendent of Police, Kaimur (Bihar)",bureaucratic,administrative,8,false,"District police chief, Kaimur, Bihar",https://en.wikipedia.org/wiki/List_of_districts_of_India,0.60,collected,2026-06-26
940,,142,87,"District Magistrate / Collector, Katihar (Bihar)",bureaucratic,administrative,8,false,"Head of district administration, Katihar, Bihar",https://en.wikipedia.org/wiki/List_of_districts_of_India,0.60,collected,2026-06-26
941,,142,940,"Superintendent of Police, Katihar (Bihar)",bureaucratic,administrative,8,false,"District police chief, Katihar, Bihar",https://en.wikipedia.org/wiki/List_of_districts_of_India,0.60,collected,2026-06-26
942,,143,87,"District Magistrate / Collector, Lakhisarai (Bihar)",bureaucratic,administrative,8,false,"Head of district administration, Lakhisarai, Bihar",https://en.wikipedia.org/wiki/List_of_districts_of_India,0.60,collected,2026-06-26
943,,143,942,"Superintendent of Police, Lakhisarai (Bihar)",bureaucratic,administrative,8,false,"District police chief, Lakhisarai, Bihar",https://en.wikipedia.org/wiki/List_of_districts_of_India,0.60,collected,2026-06-26
944,,144,87,"District Magistrate / Collector, Madhubani (Bihar)",bureaucratic,administrative,8,false,"Head of district administration, Madhubani, Bihar",https://en.wikipedia.org/wiki/List_of_districts_of_India,0.40,pending,2026-06-26
945,,144,944,"Superintendent of Police, Madhubani (Bihar)",bureaucratic,administrative,8,false,"District police chief, Madhubani, Bihar",https://en.wikipedia.org/wiki/List_of_districts_of_India,0.60,collected,2026-06-26
946,,145,87,"District Magistrate / Collector, Munger (Bihar)",bureaucratic,administrative,8,false,"Head of district administration, Munger, Bihar",https://en.wikipedia.org/wiki/List_of_districts_of_India,0.60,collected,2026-06-26
947,,145,946,"Superintendent of Police, Munger (Bihar)",bureaucratic,administrative,8,false,"District police chief, Munger, Bihar",https://en.wikipedia.org/wiki/List_of_districts_of_India,0.60,collected,2026-06-26
948,,146,87,"District Magistrate / Collector, Madhepura (Bihar)",bureaucratic,administrative,8,false,"Head of district administration, Madhepura, Bihar",https://en.wikipedia.org/wiki/List_of_districts_of_India,0.60,collected,2026-06-26
949,,146,948,"Superintendent of Police, Madhepura (Bihar)",bureaucratic,administrative,8,false,"District police chief, Madhepura, Bihar",https://en.wikipedia.org/wiki/List_of_districts_of_India,0.60,collected,2026-06-26
950,,147,87,"District Magistrate / Collector, Muzaffarpur (Bihar)",bureaucratic,administrative,8,false,"Head of district administration, Muzaffarpur, Bihar",https://en.wikipedia.org/wiki/List_of_districts_of_India,0.60,collected,2026-06-26
951,,147,950,"Superintendent of Police, Muzaffarpur (Bihar)",bureaucratic,administrative,8,false,"District police chief, Muzaffarpur, Bihar",https://en.wikipedia.org/wiki/List_of_districts_of_India,0.60,collected,2026-06-26
952,,148,87,"District Magistrate / Collector, Nalanda (Bihar)",bureaucratic,administrative,8,false,"Head of district administration, Nalanda, Bihar",https://en.wikipedia.org/wiki/List_of_districts_of_India,0.60,collected,2026-06-26
953,,148,952,"Superintendent of Police, Nalanda (Bihar)",bureaucratic,administrative,8,false,"District police chief, Nalanda, Bihar",https://en.wikipedia.org/wiki/List_of_districts_of_India,0.60,collected,2026-06-26
954,,149,87,"District Magistrate / Collector, Nawada (Bihar)",bureaucratic,administrative,8,false,"Head of district administration, Nawada, Bihar",https://en.wikipedia.org/wiki/List_of_districts_of_India,0.60,collected,2026-06-26
955,,149,954,"Superintendent of Police, Nawada (Bihar)",bureaucratic,administrative,8,false,"District police chief, Nawada, Bihar",https://en.wikipedia.org/wiki/List_of_districts_of_India,0.60,collected,2026-06-26
956,,150,87,"District Magistrate / Collector, Patna (Bihar)",bureaucratic,administrative,8,false,"Head of district administration, Patna, Bihar",https://en.wikipedia.org/wiki/List_of_districts_of_India,0.60,collected,2026-06-26
957,,150,956,"Superintendent of Police, Patna (Bihar)",bureaucratic,administrative,8,false,"District police chief, Patna, Bihar",https://en.wikipedia.org/wiki/List_of_districts_of_India,0.60,collected,2026-06-26
958,,151,87,"District Magistrate / Collector, Purnia (Bihar)",bureaucratic,administrative,8,false,"Head of district administration, Purnia, Bihar",https://en.wikipedia.org/wiki/List_of_districts_of_India,0.60,collected,2026-06-26
959,,151,958,"Superintendent of Police, Purnia (Bihar)",bureaucratic,administrative,8,false,"District police chief, Purnia, Bihar",https://en.wikipedia.org/wiki/List_of_districts_of_India,0.60,collected,2026-06-26
960,,152,87,"District Magistrate / Collector, Rohtas (Bihar)",bureaucratic,administrative,8,false,"Head of district administration, Rohtas, Bihar",https://en.wikipedia.org/wiki/List_of_districts_of_India,0.60,collected,2026-06-26
961,,152,960,"Superintendent of Police, Rohtas (Bihar)",bureaucratic,administrative,8,false,"District police chief, Rohtas, Bihar",https://en.wikipedia.org/wiki/List_of_districts_of_India,0.60,collected,2026-06-26
962,,153,87,"District Magistrate / Collector, Saharsa (Bihar)",bureaucratic,administrative,8,false,"Head of district administration, Saharsa, Bihar",https://en.wikipedia.org/wiki/List_of_districts_of_India,0.60,collected,2026-06-26
963,,153,962,"Superintendent of Police, Saharsa (Bihar)",bureaucratic,administrative,8,false,"District police chief, Saharsa, Bihar",https://en.wikipedia.org/wiki/List_of_districts_of_India,0.60,collected,2026-06-26
964,,154,87,"District Magistrate / Collector, Samastipur (Bihar)",bureaucratic,administrative,8,false,"Head of district administration, Samastipur, Bihar",https://en.wikipedia.org/wiki/List_of_districts_of_India,0.60,collected,2026-06-26
965,,154,964,"Superintendent of Police, Samastipur (Bihar)",bureaucratic,administrative,8,false,"District police chief, Samastipur, Bihar",https://en.wikipedia.org/wiki/List_of_districts_of_India,0.60,collected,2026-06-26
966,,155,87,"District Magistrate / Collector, Sheohar (Bihar)",bureaucratic,administrative,8,false,"Head of district administration, Sheohar, Bihar",https://en.wikipedia.org/wiki/List_of_districts_of_India,0.60,collected,2026-06-26
967,,155,966,"Superintendent of Police, Sheohar (Bihar)",bureaucratic,administrative,8,false,"District police chief, Sheohar, Bihar",https://en.wikipedia.org/wiki/List_of_districts_of_India,0.60,collected,2026-06-26
968,,156,87,"District Magistrate / Collector, Sheikhpura (Bihar)",bureaucratic,administrative,8,false,"Head of district administration, Sheikhpura, Bihar",https://en.wikipedia.org/wiki/List_of_districts_of_India,0.60,collected,2026-06-26
969,,156,968,"Superintendent of Police, Sheikhpura (Bihar)",bureaucratic,administrative,8,false,"District police chief, Sheikhpura, Bihar",https://en.wikipedia.org/wiki/List_of_districts_of_India,0.60,collected,2026-06-26
970,,157,87,"District Magistrate / Collector, Saran (Bihar)",bureaucratic,administrative,8,false,"Head of district administration, Saran, Bihar",https://en.wikipedia.org/wiki/List_of_districts_of_India,0.60,collected,2026-06-26
971,,157,970,"Superintendent of Police, Saran (Bihar)",bureaucratic,administrative,8,false,"District police chief, Saran, Bihar",https://en.wikipedia.org/wiki/List_of_districts_of_India,0.60,collected,2026-06-26
972,,158,87,"District Magistrate / Collector, Sitamarhi (Bihar)",bureaucratic,administrative,8,false,"Head of district administration, Sitamarhi, Bihar",https://en.wikipedia.org/wiki/List_of_districts_of_India,0.60,collected,2026-06-26
973,,158,972,"Superintendent of Police, Sitamarhi (Bihar)",bureaucratic,administrative,8,false,"District police chief, Sitamarhi, Bihar",https://en.wikipedia.org/wiki/List_of_districts_of_India,0.60,collected,2026-06-26
974,,159,87,"District Magistrate / Collector, Supaul (Bihar)",bureaucratic,administrative,8,false,"Head of district administration, Supaul, Bihar",https://en.wikipedia.org/wiki/List_of_districts_of_India,0.60,collected,2026-06-26
975,,159,974,"Superintendent of Police, Supaul (Bihar)",bureaucratic,administrative,8,false,"District police chief, Supaul, Bihar",https://en.wikipedia.org/wiki/List_of_districts_of_India,0.60,collected,2026-06-26
976,,160,87,"District Magistrate / Collector, Siwan (Bihar)",bureaucratic,administrative,8,false,"Head of district administration, Siwan, Bihar",https://en.wikipedia.org/wiki/List_of_districts_of_India,0.60,collected,2026-06-26
977,,160,976,"Superintendent of Police, Siwan (Bihar)",bureaucratic,administrative,8,false,"District police chief, Siwan, Bihar",https://en.wikipedia.org/wiki/List_of_districts_of_India,0.60,collected,2026-06-26
978,,161,87,"District Magistrate / Collector, Vaishali (Bihar)",bureaucratic,administrative,8,false,"Head of district administration, Vaishali, Bihar",https://en.wikipedia.org/wiki/List_of_districts_of_India,0.60,collected,2026-06-26
979,,161,978,"Superintendent of Police, Vaishali (Bihar)",bureaucratic,administrative,8,false,"District police chief, Vaishali, Bihar",https://en.wikipedia.org/wiki/List_of_districts_of_India,0.60,collected,2026-06-26
980,,162,87,"District Magistrate / Collector, West Champaran (Bihar)",bureaucratic,administrative,8,false,"Head of district administration, West Champaran, Bihar",https://en.wikipedia.org/wiki/List_of_districts_of_India,0.60,collected,2026-06-26
981,,162,980,"Superintendent of Police, West Champaran (Bihar)",bureaucratic,administrative,8,false,"District police chief, West Champaran, Bihar",https://en.wikipedia.org/wiki/List_of_districts_of_India,0.60,collected,2026-06-26
982,,163,90,"District Magistrate / Collector, Balod (Chhattisgarh)",bureaucratic,administrative,8,false,"Head of district administration, Balod, Chhattisgarh",https://en.wikipedia.org/wiki/List_of_districts_of_India,0.60,collected,2026-06-26
983,,163,982,"Superintendent of Police, Balod (Chhattisgarh)",bureaucratic,administrative,8,false,"District police chief, Balod, Chhattisgarh",https://en.wikipedia.org/wiki/List_of_districts_of_India,0.55,collected,2026-06-26
984,,164,90,"District Magistrate / Collector, Baloda Bazar-Bhatapara (Chhattisgarh)",bureaucratic,administrative,8,false,"Head of district administration, Baloda Bazar-Bhatapara, Chhattisgarh",https://en.wikipedia.org/wiki/List_of_districts_of_India,0.60,collected,2026-06-26
985,,164,984,"Superintendent of Police, Baloda Bazar-Bhatapara (Chhattisgarh)",bureaucratic,administrative,8,false,"District police chief, Baloda Bazar-Bhatapara, Chhattisgarh",https://en.wikipedia.org/wiki/List_of_districts_of_India,0.55,collected,2026-06-26
986,,165,90,"District Magistrate / Collector, Balrampur (Chhattisgarh)",bureaucratic,administrative,8,false,"Head of district administration, Balrampur, Chhattisgarh",https://en.wikipedia.org/wiki/List_of_districts_of_India,0.60,collected,2026-06-26
987,,165,986,"Superintendent of Police, Balrampur (Chhattisgarh)",bureaucratic,administrative,8,false,"District police chief, Balrampur, Chhattisgarh",https://en.wikipedia.org/wiki/List_of_districts_of_India,0.55,collected,2026-06-26
988,,166,90,"District Magistrate / Collector, Bastar (Chhattisgarh)",bureaucratic,administrative,8,false,"Head of district administration, Bastar, Chhattisgarh",https://en.wikipedia.org/wiki/List_of_districts_of_India,0.60,collected,2026-06-26
989,,166,988,"Superintendent of Police, Bastar (Chhattisgarh)",bureaucratic,administrative,8,false,"District police chief, Bastar, Chhattisgarh",https://en.wikipedia.org/wiki/List_of_districts_of_India,0.55,collected,2026-06-26
990,,167,90,"District Magistrate / Collector, Bemetara (Chhattisgarh)",bureaucratic,administrative,8,false,"Head of district administration, Bemetara, Chhattisgarh",https://en.wikipedia.org/wiki/List_of_districts_of_India,0.60,collected,2026-06-26
991,,167,990,"Superintendent of Police, Bemetara (Chhattisgarh)",bureaucratic,administrative,8,false,"District police chief, Bemetara, Chhattisgarh",https://en.wikipedia.org/wiki/List_of_districts_of_India,0.55,collected,2026-06-26
992,,168,90,"District Magistrate / Collector, Bijapur (Chhattisgarh)",bureaucratic,administrative,8,false,"Head of district administration, Bijapur, Chhattisgarh",https://en.wikipedia.org/wiki/List_of_districts_of_India,0.60,collected,2026-06-26
993,,168,992,"Superintendent of Police, Bijapur (Chhattisgarh)",bureaucratic,administrative,8,false,"District police chief, Bijapur, Chhattisgarh",https://en.wikipedia.org/wiki/List_of_districts_of_India,0.55,collected,2026-06-26
994,,169,90,"District Magistrate / Collector, Bilaspur (Chhattisgarh)",bureaucratic,administrative,8,false,"Head of district administration, Bilaspur, Chhattisgarh",https://en.wikipedia.org/wiki/List_of_districts_of_India,0.60,collected,2026-06-26
995,,169,994,"Superintendent of Police, Bilaspur (Chhattisgarh)",bureaucratic,administrative,8,false,"District police chief, Bilaspur, Chhattisgarh",https://en.wikipedia.org/wiki/List_of_districts_of_India,0.55,collected,2026-06-26
996,,170,90,"District Magistrate / Collector, Dantewada (Chhattisgarh)",bureaucratic,administrative,8,false,"Head of district administration, Dantewada, Chhattisgarh",https://en.wikipedia.org/wiki/List_of_districts_of_India,0.60,collected,2026-06-26
997,,170,996,"Superintendent of Police, Dantewada (Chhattisgarh)",bureaucratic,administrative,8,false,"District police chief, Dantewada, Chhattisgarh",https://en.wikipedia.org/wiki/List_of_districts_of_India,0.55,collected,2026-06-26
998,,171,90,"District Magistrate / Collector, Dhamtari (Chhattisgarh)",bureaucratic,administrative,8,false,"Head of district administration, Dhamtari, Chhattisgarh",https://en.wikipedia.org/wiki/List_of_districts_of_India,0.60,collected,2026-06-26
999,,171,998,"Superintendent of Police, Dhamtari (Chhattisgarh)",bureaucratic,administrative,8,false,"District police chief, Dhamtari, Chhattisgarh",https://en.wikipedia.org/wiki/List_of_districts_of_India,0.55,collected,2026-06-26
1000,,172,90,"District Magistrate / Collector, Durg (Chhattisgarh)",bureaucratic,administrative,8,false,"Head of district administration, Durg, Chhattisgarh",https://en.wikipedia.org/wiki/List_of_districts_of_India,0.60,collected,2026-06-26
1001,,172,1000,"Superintendent of Police, Durg (Chhattisgarh)",bureaucratic,administrative,8,false,"District police chief, Durg, Chhattisgarh",https://en.wikipedia.org/wiki/List_of_districts_of_India,0.55,collected,2026-06-26
1002,,173,90,"District Magistrate / Collector, Gariaband (Chhattisgarh)",bureaucratic,administrative,8,false,"Head of district administration, Gariaband, Chhattisgarh",https://en.wikipedia.org/wiki/List_of_districts_of_India,0.60,collected,2026-06-26
1003,,173,1002,"Superintendent of Police, Gariaband (Chhattisgarh)",bureaucratic,administrative,8,false,"District police chief, Gariaband, Chhattisgarh",https://en.wikipedia.org/wiki/List_of_districts_of_India,0.55,collected,2026-06-26
1004,,174,90,"District Magistrate / Collector, Gaurella-Pendra-Marwahi (Chhattisgarh)",bureaucratic,administrative,8,false,"Head of district administration, Gaurella-Pendra-Marwahi, Chhattisgarh",https://en.wikipedia.org/wiki/List_of_districts_of_India,0.60,collected,2026-06-26
1005,,174,1004,"Superintendent of Police, Gaurella-Pendra-Marwahi (Chhattisgarh)",bureaucratic,administrative,8,false,"District police chief, Gaurella-Pendra-Marwahi, Chhattisgarh",https://en.wikipedia.org/wiki/List_of_districts_of_India,0.55,collected,2026-06-26
1006,,175,90,"District Magistrate / Collector, Janjgir-Champa (Chhattisgarh)",bureaucratic,administrative,8,false,"Head of district administration, Janjgir-Champa, Chhattisgarh",https://en.wikipedia.org/wiki/List_of_districts_of_India,0.60,collected,2026-06-26
1007,,175,1006,"Superintendent of Police, Janjgir-Champa (Chhattisgarh)",bureaucratic,administrative,8,false,"District police chief, Janjgir-Champa, Chhattisgarh",https://en.wikipedia.org/wiki/List_of_districts_of_India,0.55,collected,2026-06-26
1008,,176,90,"District Magistrate / Collector, Jashpur (Chhattisgarh)",bureaucratic,administrative,8,false,"Head of district administration, Jashpur, Chhattisgarh",https://en.wikipedia.org/wiki/List_of_districts_of_India,0.40,pending,2026-06-26
1009,,176,1008,"Superintendent of Police, Jashpur (Chhattisgarh)",bureaucratic,administrative,8,false,"District police chief, Jashpur, Chhattisgarh",https://en.wikipedia.org/wiki/List_of_districts_of_India,0.55,collected,2026-06-26
1010,,177,90,"District Magistrate / Collector, Kabirdham (Chhattisgarh)",bureaucratic,administrative,8,false,"Head of district administration, Kabirdham, Chhattisgarh",https://en.wikipedia.org/wiki/List_of_districts_of_India,0.60,collected,2026-06-26
1011,,177,1010,"Superintendent of Police, Kabirdham (Chhattisgarh)",bureaucratic,administrative,8,false,"District police chief, Kabirdham, Chhattisgarh",https://en.wikipedia.org/wiki/List_of_districts_of_India,0.40,pending,2026-06-26
1012,,178,90,"District Magistrate / Collector, Kanker (Chhattisgarh)",bureaucratic,administrative,8,false,"Head of district administration, Kanker, Chhattisgarh",https://en.wikipedia.org/wiki/List_of_districts_of_India,0.60,collected,2026-06-26
1013,,178,1012,"Superintendent of Police, Kanker (Chhattisgarh)",bureaucratic,administrative,8,false,"District police chief, Kanker, Chhattisgarh",https://en.wikipedia.org/wiki/List_of_districts_of_India,0.55,collected,2026-06-26
1014,,179,90,"District Magistrate / Collector, Kondagaon (Chhattisgarh)",bureaucratic,administrative,8,false,"Head of district administration, Kondagaon, Chhattisgarh",https://en.wikipedia.org/wiki/List_of_districts_of_India,0.60,collected,2026-06-26
1015,,179,1014,"Superintendent of Police, Kondagaon (Chhattisgarh)",bureaucratic,administrative,8,false,"District police chief, Kondagaon, Chhattisgarh",https://en.wikipedia.org/wiki/List_of_districts_of_India,0.55,collected,2026-06-26
1016,,180,90,"District Magistrate / Collector, Khairagarh-Chhuikhadan-Gandai (Chhattisgarh)",bureaucratic,administrative,8,false,"Head of district administration, Khairagarh-Chhuikhadan-Gandai, Chhattisgarh",https://en.wikipedia.org/wiki/List_of_districts_of_India,0.60,collected,2026-06-26
1017,,180,1016,"Superintendent of Police, Khairagarh-Chhuikhadan-Gandai (Chhattisgarh)",bureaucratic,administrative,8,false,"District police chief, Khairagarh-Chhuikhadan-Gandai, Chhattisgarh",https://en.wikipedia.org/wiki/List_of_districts_of_India,0.55,collected,2026-06-26
1018,,181,90,"District Magistrate / Collector, Korba (Chhattisgarh)",bureaucratic,administrative,8,false,"Head of district administration, Korba, Chhattisgarh",https://en.wikipedia.org/wiki/List_of_districts_of_India,0.60,collected,2026-06-26
1019,,181,1018,"Superintendent of Police, Korba (Chhattisgarh)",bureaucratic,administrative,8,false,"District police chief, Korba, Chhattisgarh",https://en.wikipedia.org/wiki/List_of_districts_of_India,0.55,collected,2026-06-26
1020,,182,90,"District Magistrate / Collector, Koriya (Chhattisgarh)",bureaucratic,administrative,8,false,"Head of district administration, Koriya, Chhattisgarh",https://en.wikipedia.org/wiki/List_of_districts_of_India,0.40,pending,2026-06-26
1021,,182,1020,"Superintendent of Police, Koriya (Chhattisgarh)",bureaucratic,administrative,8,false,"District police chief, Koriya, Chhattisgarh",https://en.wikipedia.org/wiki/List_of_districts_of_India,0.55,collected,2026-06-26
1022,,183,90,"District Magistrate / Collector, Mahasamund (Chhattisgarh)",bureaucratic,administrative,8,false,"Head of district administration, Mahasamund, Chhattisgarh",https://en.wikipedia.org/wiki/List_of_districts_of_India,0.60,collected,2026-06-26
1023,,183,1022,"Superintendent of Police, Mahasamund (Chhattisgarh)",bureaucratic,administrative,8,false,"District police chief, Mahasamund, Chhattisgarh",https://en.wikipedia.org/wiki/List_of_districts_of_India,0.55,collected,2026-06-26
1024,,184,90,"District Magistrate / Collector, Manendragarh-Chirmiri-Bharatpur (Chhattisgarh)",bureaucratic,administrative,8,false,"Head of district administration, Manendragarh-Chirmiri-Bharatpur, Chhattisgarh",https://en.wikipedia.org/wiki/List_of_districts_of_India,0.60,collected,2026-06-26
1025,,184,1024,"Superintendent of Police, Manendragarh-Chirmiri-Bharatpur (Chhattisgarh)",bureaucratic,administrative,8,false,"District police chief, Manendragarh-Chirmiri-Bharatpur, Chhattisgarh",https://en.wikipedia.org/wiki/List_of_districts_of_India,0.55,collected,2026-06-26
1026,,185,90,"District Magistrate / Collector, Mohla-Manpur-Ambagarh Chowki (Chhattisgarh)",bureaucratic,administrative,8,false,"Head of district administration, Mohla-Manpur-Ambagarh Chowki, Chhattisgarh",https://en.wikipedia.org/wiki/List_of_districts_of_India,0.60,collected,2026-06-26
1027,,185,1026,"Superintendent of Police, Mohla-Manpur-Ambagarh Chowki (Chhattisgarh)",bureaucratic,administrative,8,false,"District police chief, Mohla-Manpur-Ambagarh Chowki, Chhattisgarh",https://en.wikipedia.org/wiki/List_of_districts_of_India,0.40,pending,2026-06-26
1028,,186,90,"District Magistrate / Collector, Mungeli (Chhattisgarh)",bureaucratic,administrative,8,false,"Head of district administration, Mungeli, Chhattisgarh",https://en.wikipedia.org/wiki/List_of_districts_of_India,0.60,collected,2026-06-26
1029,,186,1028,"Superintendent of Police, Mungeli (Chhattisgarh)",bureaucratic,administrative,8,false,"District police chief, Mungeli, Chhattisgarh",https://en.wikipedia.org/wiki/List_of_districts_of_India,0.55,collected,2026-06-26
1030,,187,90,"District Magistrate / Collector, Narayanpur (Chhattisgarh)",bureaucratic,administrative,8,false,"Head of district administration, Narayanpur, Chhattisgarh",https://en.wikipedia.org/wiki/List_of_districts_of_India,0.60,collected,2026-06-26
1031,,187,1030,"Superintendent of Police, Narayanpur (Chhattisgarh)",bureaucratic,administrative,8,false,"District police chief, Narayanpur, Chhattisgarh",https://en.wikipedia.org/wiki/List_of_districts_of_India,0.55,collected,2026-06-26
1032,,188,90,"District Magistrate / Collector, Raigarh (Chhattisgarh)",bureaucratic,administrative,8,false,"Head of district administration, Raigarh, Chhattisgarh",https://en.wikipedia.org/wiki/List_of_districts_of_India,0.60,collected,2026-06-26
1033,,188,1032,"Superintendent of Police, Raigarh (Chhattisgarh)",bureaucratic,administrative,8,false,"District police chief, Raigarh, Chhattisgarh",https://en.wikipedia.org/wiki/List_of_districts_of_India,0.55,collected,2026-06-26
1034,,189,90,"District Magistrate / Collector, Raipur (Chhattisgarh)",bureaucratic,administrative,8,false,"Head of district administration, Raipur, Chhattisgarh",https://en.wikipedia.org/wiki/List_of_districts_of_India,0.60,collected,2026-06-26
1035,,189,1034,"Superintendent of Police, Raipur (Chhattisgarh)",bureaucratic,administrative,8,false,"District police chief, Raipur, Chhattisgarh",https://en.wikipedia.org/wiki/List_of_districts_of_India,0.55,collected,2026-06-26
1036,,190,90,"District Magistrate / Collector, Rajnandgaon (Chhattisgarh)",bureaucratic,administrative,8,false,"Head of district administration, Rajnandgaon, Chhattisgarh",https://en.wikipedia.org/wiki/List_of_districts_of_India,0.60,collected,2026-06-26
1037,,190,1036,"Superintendent of Police, Rajnandgaon (Chhattisgarh)",bureaucratic,administrative,8,false,"District police chief, Rajnandgaon, Chhattisgarh",https://en.wikipedia.org/wiki/List_of_districts_of_India,0.55,collected,2026-06-26
1038,,191,90,"District Magistrate / Collector, Sarangarh-Bilaigarh (Chhattisgarh)",bureaucratic,administrative,8,false,"Head of district administration, Sarangarh-Bilaigarh, Chhattisgarh",https://en.wikipedia.org/wiki/List_of_districts_of_India,0.60,collected,2026-06-26
1039,,191,1038,"Superintendent of Police, Sarangarh-Bilaigarh (Chhattisgarh)",bureaucratic,administrative,8,false,"District police chief, Sarangarh-Bilaigarh, Chhattisgarh",https://en.wikipedia.org/wiki/List_of_districts_of_India,0.40,pending,2026-06-26
1040,,192,90,"District Magistrate / Collector, Sakti (Chhattisgarh)",bureaucratic,administrative,8,false,"Head of district administration, Sakti, Chhattisgarh",https://en.wikipedia.org/wiki/List_of_districts_of_India,0.60,collected,2026-06-26
1041,,192,1040,"Superintendent of Police, Sakti (Chhattisgarh)",bureaucratic,administrative,8,false,"District police chief, Sakti, Chhattisgarh",https://en.wikipedia.org/wiki/List_of_districts_of_India,0.55,collected,2026-06-26
1042,,193,90,"District Magistrate / Collector, Sukma (Chhattisgarh)",bureaucratic,administrative,8,false,"Head of district administration, Sukma, Chhattisgarh",https://en.wikipedia.org/wiki/List_of_districts_of_India,0.60,collected,2026-06-26
1043,,193,1042,"Superintendent of Police, Sukma (Chhattisgarh)",bureaucratic,administrative,8,false,"District police chief, Sukma, Chhattisgarh",https://en.wikipedia.org/wiki/List_of_districts_of_India,0.55,collected,2026-06-26
1044,,194,90,"District Magistrate / Collector, Surajpur (Chhattisgarh)",bureaucratic,administrative,8,false,"Head of district administration, Surajpur, Chhattisgarh",https://en.wikipedia.org/wiki/List_of_districts_of_India,0.60,collected,2026-06-26
1045,,194,1044,"Superintendent of Police, Surajpur (Chhattisgarh)",bureaucratic,administrative,8,false,"District police chief, Surajpur, Chhattisgarh",https://en.wikipedia.org/wiki/List_of_districts_of_India,0.55,collected,2026-06-26
1046,,195,90,"District Magistrate / Collector, Surguja (Chhattisgarh)",bureaucratic,administrative,8,false,"Head of district administration, Surguja, Chhattisgarh",https://en.wikipedia.org/wiki/List_of_districts_of_India,0.60,collected,2026-06-26
1047,,195,1046,"Superintendent of Police, Surguja (Chhattisgarh)",bureaucratic,administrative,8,false,"District police chief, Surguja, Chhattisgarh",https://en.wikipedia.org/wiki/List_of_districts_of_India,0.55,collected,2026-06-26
1048,,196,93,"District Magistrate / Collector, North Goa (Goa)",bureaucratic,administrative,8,false,"Head of district administration, North Goa, Goa",https://en.wikipedia.org/wiki/List_of_districts_of_India,0.60,collected,2026-06-26
1049,,196,1048,"Superintendent of Police, North Goa (Goa)",bureaucratic,administrative,8,false,"District police chief, North Goa, Goa",https://en.wikipedia.org/wiki/List_of_districts_of_India,0.55,collected,2026-06-26
1050,,197,93,"District Magistrate / Collector, South Goa (Goa)",bureaucratic,administrative,8,false,"Head of district administration, South Goa, Goa",https://en.wikipedia.org/wiki/List_of_districts_of_India,0.60,collected,2026-06-26
1051,,197,1050,"Superintendent of Police, South Goa (Goa)",bureaucratic,administrative,8,false,"District police chief, South Goa, Goa",https://en.wikipedia.org/wiki/List_of_districts_of_India,0.55,collected,2026-06-26
1052,,198,96,"District Magistrate / Collector, Ahmedabad (Gujarat)",bureaucratic,administrative,8,false,"Head of district administration, Ahmedabad, Gujarat",https://en.wikipedia.org/wiki/List_of_districts_of_India,0.70,collected,2026-06-26
1053,,198,1052,"Superintendent of Police, Ahmedabad (Gujarat)",bureaucratic,administrative,8,false,"District police chief, Ahmedabad, Gujarat",https://en.wikipedia.org/wiki/List_of_districts_of_India,0.40,pending,2026-06-26
1054,,199,96,"District Magistrate / Collector, Amreli (Gujarat)",bureaucratic,administrative,8,false,"Head of district administration, Amreli, Gujarat",https://en.wikipedia.org/wiki/List_of_districts_of_India,0.70,collected,2026-06-26
1055,,199,1054,"Superintendent of Police, Amreli (Gujarat)",bureaucratic,administrative,8,false,"District police chief, Amreli, Gujarat",https://en.wikipedia.org/wiki/List_of_districts_of_India,0.55,collected,2026-06-26
1056,,200,96,"District Magistrate / Collector, Anand (Gujarat)",bureaucratic,administrative,8,false,"Head of district administration, Anand, Gujarat",https://en.wikipedia.org/wiki/List_of_districts_of_India,0.70,collected,2026-06-26
1057,,200,1056,"Superintendent of Police, Anand (Gujarat)",bureaucratic,administrative,8,false,"District police chief, Anand, Gujarat",https://en.wikipedia.org/wiki/List_of_districts_of_India,0.55,collected,2026-06-26
1058,,201,96,"District Magistrate / Collector, Aravalli (Gujarat)",bureaucratic,administrative,8,false,"Head of district administration, Aravalli, Gujarat",https://en.wikipedia.org/wiki/List_of_districts_of_India,0.70,collected,2026-06-26
1059,,201,1058,"Superintendent of Police, Aravalli (Gujarat)",bureaucratic,administrative,8,false,"District police chief, Aravalli, Gujarat",https://en.wikipedia.org/wiki/List_of_districts_of_India,0.55,collected,2026-06-26
1060,,202,96,"District Magistrate / Collector, Banaskantha (Gujarat)",bureaucratic,administrative,8,false,"Head of district administration, Banaskantha, Gujarat",https://en.wikipedia.org/wiki/List_of_districts_of_India,0.70,collected,2026-06-26
1061,,202,1060,"Superintendent of Police, Banaskantha (Gujarat)",bureaucratic,administrative,8,false,"District police chief, Banaskantha, Gujarat",https://en.wikipedia.org/wiki/List_of_districts_of_India,0.55,collected,2026-06-26
1062,,203,96,"District Magistrate / Collector, Bharuch (Gujarat)",bureaucratic,administrative,8,false,"Head of district administration, Bharuch, Gujarat",https://en.wikipedia.org/wiki/List_of_districts_of_India,0.70,collected,2026-06-26
1063,,203,1062,"Superintendent of Police, Bharuch (Gujarat)",bureaucratic,administrative,8,false,"District police chief, Bharuch, Gujarat",https://en.wikipedia.org/wiki/List_of_districts_of_India,0.55,collected,2026-06-26
1064,,204,96,"District Magistrate / Collector, Bhavnagar (Gujarat)",bureaucratic,administrative,8,false,"Head of district administration, Bhavnagar, Gujarat",https://en.wikipedia.org/wiki/List_of_districts_of_India,0.70,collected,2026-06-26
1065,,204,1064,"Superintendent of Police, Bhavnagar (Gujarat)",bureaucratic,administrative,8,false,"District police chief, Bhavnagar, Gujarat",https://en.wikipedia.org/wiki/List_of_districts_of_India,0.55,collected,2026-06-26
1066,,205,96,"District Magistrate / Collector, Botad (Gujarat)",bureaucratic,administrative,8,false,"Head of district administration, Botad, Gujarat",https://en.wikipedia.org/wiki/List_of_districts_of_India,0.70,collected,2026-06-26
1067,,205,1066,"Superintendent of Police, Botad (Gujarat)",bureaucratic,administrative,8,false,"District police chief, Botad, Gujarat",https://en.wikipedia.org/wiki/List_of_districts_of_India,0.55,collected,2026-06-26
1068,,206,96,"District Magistrate / Collector, Chhota Udaipur (Gujarat)",bureaucratic,administrative,8,false,"Head of district administration, Chhota Udaipur, Gujarat",https://en.wikipedia.org/wiki/List_of_districts_of_India,0.70,collected,2026-06-26
1069,,206,1068,"Superintendent of Police, Chhota Udaipur (Gujarat)",bureaucratic,administrative,8,false,"District police chief, Chhota Udaipur, Gujarat",https://en.wikipedia.org/wiki/List_of_districts_of_India,0.55,collected,2026-06-26
1070,,207,96,"District Magistrate / Collector, Dahod (Gujarat)",bureaucratic,administrative,8,false,"Head of district administration, Dahod, Gujarat",https://en.wikipedia.org/wiki/List_of_districts_of_India,0.70,collected,2026-06-26
1071,,207,1070,"Superintendent of Police, Dahod (Gujarat)",bureaucratic,administrative,8,false,"District police chief, Dahod, Gujarat",https://en.wikipedia.org/wiki/List_of_districts_of_India,0.55,collected,2026-06-26
1072,,208,96,"District Magistrate / Collector, Dang (Gujarat)",bureaucratic,administrative,8,false,"Head of district administration, Dang, Gujarat",https://en.wikipedia.org/wiki/List_of_districts_of_India,0.70,collected,2026-06-26
1073,,208,1072,"Superintendent of Police, Dang (Gujarat)",bureaucratic,administrative,8,false,"District police chief, Dang, Gujarat",https://en.wikipedia.org/wiki/List_of_districts_of_India,0.55,collected,2026-06-26
1074,,209,96,"District Magistrate / Collector, Devbhoomi Dwarka (Gujarat)",bureaucratic,administrative,8,false,"Head of district administration, Devbhoomi Dwarka, Gujarat",https://en.wikipedia.org/wiki/List_of_districts_of_India,0.70,collected,2026-06-26
1075,,209,1074,"Superintendent of Police, Devbhoomi Dwarka (Gujarat)",bureaucratic,administrative,8,false,"District police chief, Devbhoomi Dwarka, Gujarat",https://en.wikipedia.org/wiki/List_of_districts_of_India,0.55,collected,2026-06-26
1076,,210,96,"District Magistrate / Collector, Gandhinagar (Gujarat)",bureaucratic,administrative,8,false,"Head of district administration, Gandhinagar, Gujarat",https://en.wikipedia.org/wiki/List_of_districts_of_India,0.70,collected,2026-06-26
1077,,210,1076,"Superintendent of Police, Gandhinagar (Gujarat)",bureaucratic,administrative,8,false,"District police chief, Gandhinagar, Gujarat",https://en.wikipedia.org/wiki/List_of_districts_of_India,0.55,collected,2026-06-26
1078,,211,96,"District Magistrate / Collector, Gir Somnath (Gujarat)",bureaucratic,administrative,8,false,"Head of district administration, Gir Somnath, Gujarat",https://en.wikipedia.org/wiki/List_of_districts_of_India,0.70,collected,2026-06-26
1079,,211,1078,"Superintendent of Police, Gir Somnath (Gujarat)",bureaucratic,administrative,8,false,"District police chief, Gir Somnath, Gujarat",https://en.wikipedia.org/wiki/List_of_districts_of_India,0.55,collected,2026-06-26
1080,,212,96,"District Magistrate / Collector, Jamnagar (Gujarat)",bureaucratic,administrative,8,false,"Head of district administration, Jamnagar, Gujarat",https://en.wikipedia.org/wiki/List_of_districts_of_India,0.70,collected,2026-06-26
1081,,212,1080,"Superintendent of Police, Jamnagar (Gujarat)",bureaucratic,administrative,8,false,"District police chief, Jamnagar, Gujarat",https://en.wikipedia.org/wiki/List_of_districts_of_India,0.55,collected,2026-06-26
1082,,213,96,"District Magistrate / Collector, Junagadh (Gujarat)",bureaucratic,administrative,8,false,"Head of district administration, Junagadh, Gujarat",https://en.wikipedia.org/wiki/List_of_districts_of_India,0.40,pending,2026-06-26
1083,,213,1082,"Superintendent of Police, Junagadh (Gujarat)",bureaucratic,administrative,8,false,"District police chief, Junagadh, Gujarat",https://en.wikipedia.org/wiki/List_of_districts_of_India,0.55,collected,2026-06-26
1084,,214,96,"District Magistrate / Collector, Kheda (Gujarat)",bureaucratic,administrative,8,false,"Head of district administration, Kheda, Gujarat",https://en.wikipedia.org/wiki/List_of_districts_of_India,0.70,collected,2026-06-26
1085,,214,1084,"Superintendent of Police, Kheda (Gujarat)",bureaucratic,administrative,8,false,"District police chief, Kheda, Gujarat",https://en.wikipedia.org/wiki/List_of_districts_of_India,0.55,collected,2026-06-26
1086,,215,96,"District Magistrate / Collector, Kutch (Gujarat)",bureaucratic,administrative,8,false,"Head of district administration, Kutch, Gujarat",https://en.wikipedia.org/wiki/List_of_districts_of_India,0.70,collected,2026-06-26
1087,,215,1086,"Superintendent of Police, Kutch (Gujarat)",bureaucratic,administrative,8,false,"District police chief, Kutch, Gujarat",https://en.wikipedia.org/wiki/List_of_districts_of_India,0.55,collected,2026-06-26
1088,,216,96,"District Magistrate / Collector, Mahisagar (Gujarat)",bureaucratic,administrative,8,false,"Head of district administration, Mahisagar, Gujarat",https://en.wikipedia.org/wiki/List_of_districts_of_India,0.40,pending,2026-06-26
1089,,216,1088,"Superintendent of Police, Mahisagar (Gujarat)",bureaucratic,administrative,8,false,"District police chief, Mahisagar, Gujarat",https://en.wikipedia.org/wiki/List_of_districts_of_India,0.55,collected,2026-06-26
1090,,217,96,"District Magistrate / Collector, Mehsana (Gujarat)",bureaucratic,administrative,8,false,"Head of district administration, Mehsana, Gujarat",https://en.wikipedia.org/wiki/List_of_districts_of_India,0.70,collected,2026-06-26
1091,,217,1090,"Superintendent of Police, Mehsana (Gujarat)",bureaucratic,administrative,8,false,"District police chief, Mehsana, Gujarat",https://en.wikipedia.org/wiki/List_of_districts_of_India,0.55,collected,2026-06-26
1092,,218,96,"District Magistrate / Collector, Morbi (Gujarat)",bureaucratic,administrative,8,false,"Head of district administration, Morbi, Gujarat",https://en.wikipedia.org/wiki/List_of_districts_of_India,0.70,collected,2026-06-26
1093,,218,1092,"Superintendent of Police, Morbi (Gujarat)",bureaucratic,administrative,8,false,"District police chief, Morbi, Gujarat",https://en.wikipedia.org/wiki/List_of_districts_of_India,0.55,collected,2026-06-26
1094,,219,96,"District Magistrate / Collector, Narmada (Gujarat)",bureaucratic,administrative,8,false,"Head of district administration, Narmada, Gujarat",https://en.wikipedia.org/wiki/List_of_districts_of_India,0.70,collected,2026-06-26
1095,,219,1094,"Superintendent of Police, Narmada (Gujarat)",bureaucratic,administrative,8,false,"District police chief, Narmada, Gujarat",https://en.wikipedia.org/wiki/List_of_districts_of_India,0.55,collected,2026-06-26
1096,,220,96,"District Magistrate / Collector, Navsari (Gujarat)",bureaucratic,administrative,8,false,"Head of district administration, Navsari, Gujarat",https://en.wikipedia.org/wiki/List_of_districts_of_India,0.70,collected,2026-06-26
1097,,220,1096,"Superintendent of Police, Navsari (Gujarat)",bureaucratic,administrative,8,false,"District police chief, Navsari, Gujarat",https://en.wikipedia.org/wiki/List_of_districts_of_India,0.55,collected,2026-06-26
1098,,221,96,"District Magistrate / Collector, Panchmahal (Gujarat)",bureaucratic,administrative,8,false,"Head of district administration, Panchmahal, Gujarat",https://en.wikipedia.org/wiki/List_of_districts_of_India,0.70,collected,2026-06-26
1099,,221,1098,"Superintendent of Police, Panchmahal (Gujarat)",bureaucratic,administrative,8,false,"District police chief, Panchmahal, Gujarat",https://en.wikipedia.org/wiki/List_of_districts_of_India,0.55,collected,2026-06-26
1100,,222,96,"District Magistrate / Collector, Patan (Gujarat)",bureaucratic,administrative,8,false,"Head of district administration, Patan, Gujarat",https://en.wikipedia.org/wiki/List_of_districts_of_India,0.70,collected,2026-06-26
1101,,222,1100,"Superintendent of Police, Patan (Gujarat)",bureaucratic,administrative,8,false,"District police chief, Patan, Gujarat",https://en.wikipedia.org/wiki/List_of_districts_of_India,0.55,collected,2026-06-26
1102,,223,96,"District Magistrate / Collector, Porbandar (Gujarat)",bureaucratic,administrative,8,false,"Head of district administration, Porbandar, Gujarat",https://en.wikipedia.org/wiki/List_of_districts_of_India,0.70,collected,2026-06-26
1103,,223,1102,"Superintendent of Police, Porbandar (Gujarat)",bureaucratic,administrative,8,false,"District police chief, Porbandar, Gujarat",https://en.wikipedia.org/wiki/List_of_districts_of_India,0.55,collected,2026-06-26
1104,,224,96,"District Magistrate / Collector, Rajkot (Gujarat)",bureaucratic,administrative,8,false,"Head of district administration, Rajkot, Gujarat",https://en.wikipedia.org/wiki/List_of_districts_of_India,0.70,collected,2026-06-26
1105,,224,1104,"Superintendent of Police, Rajkot (Gujarat)",bureaucratic,administrative,8,false,"District police chief, Rajkot, Gujarat",https://en.wikipedia.org/wiki/List_of_districts_of_India,0.55,collected,2026-06-26
1106,,225,96,"District Magistrate / Collector, Sabarkantha (Gujarat)",bureaucratic,administrative,8,false,"Head of district administration, Sabarkantha, Gujarat",https://en.wikipedia.org/wiki/List_of_districts_of_India,0.70,collected,2026-06-26
1107,,225,1106,"Superintendent of Police, Sabarkantha (Gujarat)",bureaucratic,administrative,8,false,"District police chief, Sabarkantha, Gujarat",https://en.wikipedia.org/wiki/List_of_districts_of_India,0.55,collected,2026-06-26
1108,,226,96,"District Magistrate / Collector, Surat (Gujarat)",bureaucratic,administrative,8,false,"Head of district administration, Surat, Gujarat",https://en.wikipedia.org/wiki/List_of_districts_of_India,0.40,pending,2026-06-26
1109,,226,1108,"Superintendent of Police, Surat (Gujarat)",bureaucratic,administrative,8,false,"District police chief, Surat, Gujarat",https://en.wikipedia.org/wiki/List_of_districts_of_India,0.55,collected,2026-06-26
1110,,227,96,"District Magistrate / Collector, Surendranagar (Gujarat)",bureaucratic,administrative,8,false,"Head of district administration, Surendranagar, Gujarat",https://en.wikipedia.org/wiki/List_of_districts_of_India,0.70,collected,2026-06-26
1111,,227,1110,"Superintendent of Police, Surendranagar (Gujarat)",bureaucratic,administrative,8,false,"District police chief, Surendranagar, Gujarat",https://en.wikipedia.org/wiki/List_of_districts_of_India,0.55,collected,2026-06-26
1112,,228,96,"District Magistrate / Collector, Tapi (Gujarat)",bureaucratic,administrative,8,false,"Head of district administration, Tapi, Gujarat",https://en.wikipedia.org/wiki/List_of_districts_of_India,0.70,collected,2026-06-26
1113,,228,1112,"Superintendent of Police, Tapi (Gujarat)",bureaucratic,administrative,8,false,"District police chief, Tapi, Gujarat",https://en.wikipedia.org/wiki/List_of_districts_of_India,0.55,collected,2026-06-26
1114,,229,96,"District Magistrate / Collector, Vadodara (Gujarat)",bureaucratic,administrative,8,false,"Head of district administration, Vadodara, Gujarat",https://en.wikipedia.org/wiki/List_of_districts_of_India,0.70,collected,2026-06-26
1115,,229,1114,"Superintendent of Police, Vadodara (Gujarat)",bureaucratic,administrative,8,false,"District police chief, Vadodara, Gujarat",https://en.wikipedia.org/wiki/List_of_districts_of_India,0.55,collected,2026-06-26
1116,,230,96,"District Magistrate / Collector, Valsad (Gujarat)",bureaucratic,administrative,8,false,"Head of district administration, Valsad, Gujarat",https://en.wikipedia.org/wiki/List_of_districts_of_India,0.40,pending,2026-06-26
1117,,230,1116,"Superintendent of Police, Valsad (Gujarat)",bureaucratic,administrative,8,false,"District police chief, Valsad, Gujarat",https://en.wikipedia.org/wiki/List_of_districts_of_India,0.55,collected,2026-06-26
1118,,231,96,"District Magistrate / Collector, Vav-Tharad (Gujarat)",bureaucratic,administrative,8,false,"Head of district administration, Vav-Tharad, Gujarat",https://en.wikipedia.org/wiki/List_of_districts_of_India,0.70,collected,2026-06-26
1119,,231,1118,"Superintendent of Police, Vav-Tharad (Gujarat)",bureaucratic,administrative,8,false,"District police chief, Vav-Tharad, Gujarat",https://en.wikipedia.org/wiki/List_of_districts_of_India,0.40,pending,2026-06-26
1120,,232,99,"District Magistrate / Collector, Ambala (Haryana)",bureaucratic,administrative,8,false,"Head of district administration, Ambala, Haryana",https://en.wikipedia.org/wiki/List_of_districts_of_India,0.60,collected,2026-06-26
1121,,232,1120,"Superintendent of Police, Ambala (Haryana)",bureaucratic,administrative,8,false,"District police chief, Ambala, Haryana",https://en.wikipedia.org/wiki/List_of_districts_of_India,0.65,collected,2026-06-26
1122,,233,99,"District Magistrate / Collector, Kurukshetra (Haryana)",bureaucratic,administrative,8,false,"Head of district administration, Kurukshetra, Haryana",https://en.wikipedia.org/wiki/List_of_districts_of_India,0.60,collected,2026-06-26
1123,,233,1122,"Superintendent of Police, Kurukshetra (Haryana)",bureaucratic,administrative,8,false,"District police chief, Kurukshetra, Haryana",https://en.wikipedia.org/wiki/List_of_districts_of_India,0.65,collected,2026-06-26
1124,,234,99,"District Magistrate / Collector, Panchkula (Haryana)",bureaucratic,administrative,8,false,"Head of district administration, Panchkula, Haryana",https://en.wikipedia.org/wiki/List_of_districts_of_India,0.60,collected,2026-06-26
1125,,234,1124,"Superintendent of Police, Panchkula (Haryana)",bureaucratic,administrative,8,false,"District police chief, Panchkula, Haryana",https://en.wikipedia.org/wiki/List_of_districts_of_India,0.40,pending,2026-06-26
1126,,235,99,"District Magistrate / Collector, Yamunanagar (Haryana)",bureaucratic,administrative,8,false,"Head of district administration, Yamunanagar, Haryana",https://en.wikipedia.org/wiki/List_of_districts_of_India,0.60,collected,2026-06-26
1127,,235,1126,"Superintendent of Police, Yamunanagar (Haryana)",bureaucratic,administrative,8,false,"District police chief, Yamunanagar, Haryana",https://en.wikipedia.org/wiki/List_of_districts_of_India,0.65,collected,2026-06-26
1128,,236,99,"District Magistrate / Collector, Faridabad (Haryana)",bureaucratic,administrative,8,false,"Head of district administration, Faridabad, Haryana",https://en.wikipedia.org/wiki/List_of_districts_of_India,0.60,collected,2026-06-26
1129,,236,1128,"Superintendent of Police, Faridabad (Haryana)",bureaucratic,administrative,8,false,"District police chief, Faridabad, Haryana",https://en.wikipedia.org/wiki/List_of_districts_of_India,0.65,collected,2026-06-26
1130,,237,99,"District Magistrate / Collector, Nuh (Haryana)",bureaucratic,administrative,8,false,"Head of district administration, Nuh, Haryana",https://en.wikipedia.org/wiki/List_of_districts_of_India,0.60,collected,2026-06-26
1131,,237,1130,"Superintendent of Police, Nuh (Haryana)",bureaucratic,administrative,8,false,"District police chief, Nuh, Haryana",https://en.wikipedia.org/wiki/List_of_districts_of_India,0.65,collected,2026-06-26
1132,,238,99,"District Magistrate / Collector, Palwal (Haryana)",bureaucratic,administrative,8,false,"Head of district administration, Palwal, Haryana",https://en.wikipedia.org/wiki/List_of_districts_of_India,0.60,collected,2026-06-26
1133,,238,1132,"Superintendent of Police, Palwal (Haryana)",bureaucratic,administrative,8,false,"District police chief, Palwal, Haryana",https://en.wikipedia.org/wiki/List_of_districts_of_India,0.65,collected,2026-06-26
1134,,239,99,"District Magistrate / Collector, Gurugram (Haryana)",bureaucratic,administrative,8,false,"Head of district administration, Gurugram, Haryana",https://en.wikipedia.org/wiki/List_of_districts_of_India,0.60,collected,2026-06-26
1135,,239,1134,"Superintendent of Police, Gurugram (Haryana)",bureaucratic,administrative,8,false,"District police chief, Gurugram, Haryana",https://en.wikipedia.org/wiki/List_of_districts_of_India,0.65,collected,2026-06-26
1136,,240,99,"District Magistrate / Collector, Mahendragarh (Haryana)",bureaucratic,administrative,8,false,"Head of district administration, Mahendragarh, Haryana",https://en.wikipedia.org/wiki/List_of_districts_of_India,0.60,collected,2026-06-26
1137,,240,1136,"Superintendent of Police, Mahendragarh (Haryana)",bureaucratic,administrative,8,false,"District police chief, Mahendragarh, Haryana",https://en.wikipedia.org/wiki/List_of_districts_of_India,0.65,collected,2026-06-26
1138,,241,99,"District Magistrate / Collector, Rewari (Haryana)",bureaucratic,administrative,8,false,"Head of district administration, Rewari, Haryana",https://en.wikipedia.org/wiki/List_of_districts_of_India,0.60,collected,2026-06-26
1139,,241,1138,"Superintendent of Police, Rewari (Haryana)",bureaucratic,administrative,8,false,"District police chief, Rewari, Haryana",https://en.wikipedia.org/wiki/List_of_districts_of_India,0.65,collected,2026-06-26
1140,,242,99,"District Magistrate / Collector, Hisar (Haryana)",bureaucratic,administrative,8,false,"Head of district administration, Hisar, Haryana",https://en.wikipedia.org/wiki/List_of_districts_of_India,0.60,collected,2026-06-26
1141,,242,1140,"Superintendent of Police, Hisar (Haryana)",bureaucratic,administrative,8,false,"District police chief, Hisar, Haryana",https://en.wikipedia.org/wiki/List_of_districts_of_India,0.65,collected,2026-06-26
1142,,243,99,"District Magistrate / Collector, Fatehabad (Haryana)",bureaucratic,administrative,8,false,"Head of district administration, Fatehabad, Haryana",https://en.wikipedia.org/wiki/List_of_districts_of_India,0.60,collected,2026-06-26
1143,,243,1142,"Superintendent of Police, Fatehabad (Haryana)",bureaucratic,administrative,8,false,"District police chief, Fatehabad, Haryana",https://en.wikipedia.org/wiki/List_of_districts_of_India,0.65,collected,2026-06-26
1144,,244,99,"District Magistrate / Collector, Jind (Haryana)",bureaucratic,administrative,8,false,"Head of district administration, Jind, Haryana",https://en.wikipedia.org/wiki/List_of_districts_of_India,0.60,collected,2026-06-26
1145,,244,1144,"Superintendent of Police, Jind (Haryana)",bureaucratic,administrative,8,false,"District police chief, Jind, Haryana",https://en.wikipedia.org/wiki/List_of_districts_of_India,0.65,collected,2026-06-26
1146,,245,99,"District Magistrate / Collector, Sirsa (Haryana)",bureaucratic,administrative,8,false,"Head of district administration, Sirsa, Haryana",https://en.wikipedia.org/wiki/List_of_districts_of_India,0.60,collected,2026-06-26
1147,,245,1146,"Superintendent of Police, Sirsa (Haryana)",bureaucratic,administrative,8,false,"District police chief, Sirsa, Haryana",https://en.wikipedia.org/wiki/List_of_districts_of_India,0.65,collected,2026-06-26
1148,,246,99,"District Magistrate / Collector, Karnal (Haryana)",bureaucratic,administrative,8,false,"Head of district administration, Karnal, Haryana",https://en.wikipedia.org/wiki/List_of_districts_of_India,0.60,collected,2026-06-26
1149,,246,1148,"Superintendent of Police, Karnal (Haryana)",bureaucratic,administrative,8,false,"District police chief, Karnal, Haryana",https://en.wikipedia.org/wiki/List_of_districts_of_India,0.65,collected,2026-06-26
1150,,247,99,"District Magistrate / Collector, Kaithal (Haryana)",bureaucratic,administrative,8,false,"Head of district administration, Kaithal, Haryana",https://en.wikipedia.org/wiki/List_of_districts_of_India,0.60,collected,2026-06-26
1151,,247,1150,"Superintendent of Police, Kaithal (Haryana)",bureaucratic,administrative,8,false,"District police chief, Kaithal, Haryana",https://en.wikipedia.org/wiki/List_of_districts_of_India,0.65,collected,2026-06-26
1152,,248,99,"District Magistrate / Collector, Panipat (Haryana)",bureaucratic,administrative,8,false,"Head of district administration, Panipat, Haryana",https://en.wikipedia.org/wiki/List_of_districts_of_India,0.60,collected,2026-06-26
1153,,248,1152,"Superintendent of Police, Panipat (Haryana)",bureaucratic,administrative,8,false,"District police chief, Panipat, Haryana",https://en.wikipedia.org/wiki/List_of_districts_of_India,0.65,collected,2026-06-26
1154,,249,99,"District Magistrate / Collector, Rohtak (Haryana)",bureaucratic,administrative,8,false,"Head of district administration, Rohtak, Haryana",https://en.wikipedia.org/wiki/List_of_districts_of_India,0.60,collected,2026-06-26
1155,,249,1154,"Superintendent of Police, Rohtak (Haryana)",bureaucratic,administrative,8,false,"District police chief, Rohtak, Haryana",https://en.wikipedia.org/wiki/List_of_districts_of_India,0.65,collected,2026-06-26
1156,,250,99,"District Magistrate / Collector, Bhiwani (Haryana)",bureaucratic,administrative,8,false,"Head of district administration, Bhiwani, Haryana",https://en.wikipedia.org/wiki/List_of_districts_of_India,0.60,collected,2026-06-26
1157,,250,1156,"Superintendent of Police, Bhiwani (Haryana)",bureaucratic,administrative,8,false,"District police chief, Bhiwani, Haryana",https://en.wikipedia.org/wiki/List_of_districts_of_India,0.65,collected,2026-06-26
1158,,251,99,"District Magistrate / Collector, Charkhi Dadri (Haryana)",bureaucratic,administrative,8,false,"Head of district administration, Charkhi Dadri, Haryana",https://en.wikipedia.org/wiki/List_of_districts_of_India,0.60,collected,2026-06-26
1159,,251,1158,"Superintendent of Police, Charkhi Dadri (Haryana)",bureaucratic,administrative,8,false,"District police chief, Charkhi Dadri, Haryana",https://en.wikipedia.org/wiki/List_of_districts_of_India,0.65,collected,2026-06-26
1160,,252,99,"District Magistrate / Collector, Jhajjar (Haryana)",bureaucratic,administrative,8,false,"Head of district administration, Jhajjar, Haryana",https://en.wikipedia.org/wiki/List_of_districts_of_India,0.60,collected,2026-06-26
1161,,252,1160,"Superintendent of Police, Jhajjar (Haryana)",bureaucratic,administrative,8,false,"District police chief, Jhajjar, Haryana",https://en.wikipedia.org/wiki/List_of_districts_of_India,0.65,collected,2026-06-26
1162,,253,99,"District Magistrate / Collector, Sonipat (Haryana)",bureaucratic,administrative,8,false,"Head of district administration, Sonipat, Haryana",https://en.wikipedia.org/wiki/List_of_districts_of_India,0.60,collected,2026-06-26
1163,,253,1162,"Superintendent of Police, Sonipat (Haryana)",bureaucratic,administrative,8,false,"District police chief, Sonipat, Haryana",https://en.wikipedia.org/wiki/List_of_districts_of_India,0.65,collected,2026-06-26
1164,,254,99,"District Magistrate / Collector, Hansi (Haryana)",bureaucratic,administrative,8,false,"Head of district administration, Hansi, Haryana",https://en.wikipedia.org/wiki/List_of_districts_of_India,0.40,pending,2026-06-26
1165,,254,1164,"Superintendent of Police, Hansi (Haryana)",bureaucratic,administrative,8,false,"District police chief, Hansi, Haryana",https://en.wikipedia.org/wiki/List_of_districts_of_India,0.40,pending,2026-06-26
1166,,255,102,"District Magistrate / Collector, Bilaspur (Himachal Pradesh)",bureaucratic,administrative,8,false,"Head of district administration, Bilaspur, Himachal Pradesh",https://en.wikipedia.org/wiki/List_of_districts_of_India,0.60,collected,2026-06-26
1167,,255,1166,"Superintendent of Police, Bilaspur (Himachal Pradesh)",bureaucratic,administrative,8,false,"District police chief, Bilaspur, Himachal Pradesh",https://en.wikipedia.org/wiki/List_of_districts_of_India,0.60,collected,2026-06-26
1168,,256,102,"District Magistrate / Collector, Chamba (Himachal Pradesh)",bureaucratic,administrative,8,false,"Head of district administration, Chamba, Himachal Pradesh",https://en.wikipedia.org/wiki/List_of_districts_of_India,0.60,collected,2026-06-26
1169,,256,1168,"Superintendent of Police, Chamba (Himachal Pradesh)",bureaucratic,administrative,8,false,"District police chief, Chamba, Himachal Pradesh",https://en.wikipedia.org/wiki/List_of_districts_of_India,0.60,collected,2026-06-26
1170,,257,102,"District Magistrate / Collector, Hamirpur (Himachal Pradesh)",bureaucratic,administrative,8,false,"Head of district administration, Hamirpur, Himachal Pradesh",https://en.wikipedia.org/wiki/List_of_districts_of_India,0.60,collected,2026-06-26
1171,,257,1170,"Superintendent of Police, Hamirpur (Himachal Pradesh)",bureaucratic,administrative,8,false,"District police chief, Hamirpur, Himachal Pradesh",https://en.wikipedia.org/wiki/List_of_districts_of_India,0.60,collected,2026-06-26
1172,,258,102,"District Magistrate / Collector, Kangra (Himachal Pradesh)",bureaucratic,administrative,8,false,"Head of district administration, Kangra, Himachal Pradesh",https://en.wikipedia.org/wiki/List_of_districts_of_India,0.60,collected,2026-06-26
1173,,258,1172,"Superintendent of Police, Kangra (Himachal Pradesh)",bureaucratic,administrative,8,false,"District police chief, Kangra, Himachal Pradesh",https://en.wikipedia.org/wiki/List_of_districts_of_India,0.60,collected,2026-06-26
1174,,259,102,"District Magistrate / Collector, Kinnaur (Himachal Pradesh)",bureaucratic,administrative,8,false,"Head of district administration, Kinnaur, Himachal Pradesh",https://en.wikipedia.org/wiki/List_of_districts_of_India,0.60,collected,2026-06-26
1175,,259,1174,"Superintendent of Police, Kinnaur (Himachal Pradesh)",bureaucratic,administrative,8,false,"District police chief, Kinnaur, Himachal Pradesh",https://en.wikipedia.org/wiki/List_of_districts_of_India,0.60,collected,2026-06-26
1176,,260,102,"District Magistrate / Collector, Kullu (Himachal Pradesh)",bureaucratic,administrative,8,false,"Head of district administration, Kullu, Himachal Pradesh",https://en.wikipedia.org/wiki/List_of_districts_of_India,0.60,collected,2026-06-26
1177,,260,1176,"Superintendent of Police, Kullu (Himachal Pradesh)",bureaucratic,administrative,8,false,"District police chief, Kullu, Himachal Pradesh",https://en.wikipedia.org/wiki/List_of_districts_of_India,0.60,collected,2026-06-26
1178,,261,102,"District Magistrate / Collector, Lahaul and Spiti (Himachal Pradesh)",bureaucratic,administrative,8,false,"Head of district administration, Lahaul and Spiti, Himachal Pradesh",https://en.wikipedia.org/wiki/List_of_districts_of_India,0.60,collected,2026-06-26
1179,,261,1178,"Superintendent of Police, Lahaul and Spiti (Himachal Pradesh)",bureaucratic,administrative,8,false,"District police chief, Lahaul and Spiti, Himachal Pradesh",https://en.wikipedia.org/wiki/List_of_districts_of_India,0.60,collected,2026-06-26
1180,,262,102,"District Magistrate / Collector, Mandi (Himachal Pradesh)",bureaucratic,administrative,8,false,"Head of district administration, Mandi, Himachal Pradesh",https://en.wikipedia.org/wiki/List_of_districts_of_India,0.60,collected,2026-06-26
1181,,262,1180,"Superintendent of Police, Mandi (Himachal Pradesh)",bureaucratic,administrative,8,false,"District police chief, Mandi, Himachal Pradesh",https://en.wikipedia.org/wiki/List_of_districts_of_India,0.60,collected,2026-06-26
1182,,263,102,"District Magistrate / Collector, Shimla (Himachal Pradesh)",bureaucratic,administrative,8,false,"Head of district administration, Shimla, Himachal Pradesh",https://en.wikipedia.org/wiki/List_of_districts_of_India,0.60,collected,2026-06-26
1183,,263,1182,"Superintendent of Police, Shimla (Himachal Pradesh)",bureaucratic,administrative,8,false,"District police chief, Shimla, Himachal Pradesh",https://en.wikipedia.org/wiki/List_of_districts_of_India,0.60,collected,2026-06-26
1184,,264,102,"District Magistrate / Collector, Sirmaur (Himachal Pradesh)",bureaucratic,administrative,8,false,"Head of district administration, Sirmaur, Himachal Pradesh",https://en.wikipedia.org/wiki/List_of_districts_of_India,0.60,collected,2026-06-26
1185,,264,1184,"Superintendent of Police, Sirmaur (Himachal Pradesh)",bureaucratic,administrative,8,false,"District police chief, Sirmaur, Himachal Pradesh",https://en.wikipedia.org/wiki/List_of_districts_of_India,0.60,collected,2026-06-26
1186,,265,102,"District Magistrate / Collector, Solan (Himachal Pradesh)",bureaucratic,administrative,8,false,"Head of district administration, Solan, Himachal Pradesh",https://en.wikipedia.org/wiki/List_of_districts_of_India,0.60,collected,2026-06-26
1187,,265,1186,"Superintendent of Police, Solan (Himachal Pradesh)",bureaucratic,administrative,8,false,"District police chief, Solan, Himachal Pradesh",https://en.wikipedia.org/wiki/List_of_districts_of_India,0.60,collected,2026-06-26
1188,,266,102,"District Magistrate / Collector, Una (Himachal Pradesh)",bureaucratic,administrative,8,false,"Head of district administration, Una, Himachal Pradesh",https://en.wikipedia.org/wiki/List_of_districts_of_India,0.60,collected,2026-06-26
1189,,266,1188,"Superintendent of Police, Una (Himachal Pradesh)",bureaucratic,administrative,8,false,"District police chief, Una, Himachal Pradesh",https://en.wikipedia.org/wiki/List_of_districts_of_India,0.60,collected,2026-06-26
1190,,267,105,"District Magistrate / Collector, Bokaro (Jharkhand)",bureaucratic,administrative,8,false,"Head of district administration, Bokaro, Jharkhand",https://en.wikipedia.org/wiki/List_of_districts_of_India,0.60,collected,2026-06-26
1191,,267,1190,"Superintendent of Police, Bokaro (Jharkhand)",bureaucratic,administrative,8,false,"District police chief, Bokaro, Jharkhand",https://en.wikipedia.org/wiki/List_of_districts_of_India,0.55,collected,2026-06-26
1192,,268,105,"District Magistrate / Collector, Chatra (Jharkhand)",bureaucratic,administrative,8,false,"Head of district administration, Chatra, Jharkhand",https://en.wikipedia.org/wiki/List_of_districts_of_India,0.60,collected,2026-06-26
1193,,268,1192,"Superintendent of Police, Chatra (Jharkhand)",bureaucratic,administrative,8,false,"District police chief, Chatra, Jharkhand",https://en.wikipedia.org/wiki/List_of_districts_of_India,0.55,collected,2026-06-26
1194,,269,105,"District Magistrate / Collector, Deoghar (Jharkhand)",bureaucratic,administrative,8,false,"Head of district administration, Deoghar, Jharkhand",https://en.wikipedia.org/wiki/List_of_districts_of_India,0.60,collected,2026-06-26
1195,,269,1194,"Superintendent of Police, Deoghar (Jharkhand)",bureaucratic,administrative,8,false,"District police chief, Deoghar, Jharkhand",https://en.wikipedia.org/wiki/List_of_districts_of_India,0.55,collected,2026-06-26
1196,,270,105,"District Magistrate / Collector, Dhanbad (Jharkhand)",bureaucratic,administrative,8,false,"Head of district administration, Dhanbad, Jharkhand",https://en.wikipedia.org/wiki/List_of_districts_of_India,0.60,collected,2026-06-26
1197,,270,1196,"Superintendent of Police, Dhanbad (Jharkhand)",bureaucratic,administrative,8,false,"District police chief, Dhanbad, Jharkhand",https://en.wikipedia.org/wiki/List_of_districts_of_India,0.55,collected,2026-06-26
1198,,271,105,"District Magistrate / Collector, Dumka (Jharkhand)",bureaucratic,administrative,8,false,"Head of district administration, Dumka, Jharkhand",https://en.wikipedia.org/wiki/List_of_districts_of_India,0.60,collected,2026-06-26
1199,,271,1198,"Superintendent of Police, Dumka (Jharkhand)",bureaucratic,administrative,8,false,"District police chief, Dumka, Jharkhand",https://en.wikipedia.org/wiki/List_of_districts_of_India,0.55,collected,2026-06-26
1200,,272,105,"District Magistrate / Collector, East Singhbhum (Jharkhand)",bureaucratic,administrative,8,false,"Head of district administration, East Singhbhum, Jharkhand",https://en.wikipedia.org/wiki/List_of_districts_of_India,0.60,collected,2026-06-26
1201,,272,1200,"Superintendent of Police, East Singhbhum (Jharkhand)",bureaucratic,administrative,8,false,"District police chief, East Singhbhum, Jharkhand",https://en.wikipedia.org/wiki/List_of_districts_of_India,0.55,collected,2026-06-26
1202,,273,105,"District Magistrate / Collector, Garhwa (Jharkhand)",bureaucratic,administrative,8,false,"Head of district administration, Garhwa, Jharkhand",https://en.wikipedia.org/wiki/List_of_districts_of_India,0.60,collected,2026-06-26
1203,,273,1202,"Superintendent of Police, Garhwa (Jharkhand)",bureaucratic,administrative,8,false,"District police chief, Garhwa, Jharkhand",https://en.wikipedia.org/wiki/List_of_districts_of_India,0.55,collected,2026-06-26
1204,,274,105,"District Magistrate / Collector, Giridih (Jharkhand)",bureaucratic,administrative,8,false,"Head of district administration, Giridih, Jharkhand",https://en.wikipedia.org/wiki/List_of_districts_of_India,0.40,pending,2026-06-26
1205,,274,1204,"Superintendent of Police, Giridih (Jharkhand)",bureaucratic,administrative,8,false,"District police chief, Giridih, Jharkhand",https://en.wikipedia.org/wiki/List_of_districts_of_India,0.55,collected,2026-06-26
1206,,275,105,"District Magistrate / Collector, Godda (Jharkhand)",bureaucratic,administrative,8,false,"Head of district administration, Godda, Jharkhand",https://en.wikipedia.org/wiki/List_of_districts_of_India,0.60,collected,2026-06-26
1207,,275,1206,"Superintendent of Police, Godda (Jharkhand)",bureaucratic,administrative,8,false,"District police chief, Godda, Jharkhand",https://en.wikipedia.org/wiki/List_of_districts_of_India,0.55,collected,2026-06-26
1208,,276,105,"District Magistrate / Collector, Gumla (Jharkhand)",bureaucratic,administrative,8,false,"Head of district administration, Gumla, Jharkhand",https://en.wikipedia.org/wiki/List_of_districts_of_India,0.60,collected,2026-06-26
1209,,276,1208,"Superintendent of Police, Gumla (Jharkhand)",bureaucratic,administrative,8,false,"District police chief, Gumla, Jharkhand",https://en.wikipedia.org/wiki/List_of_districts_of_India,0.55,collected,2026-06-26
1210,,277,105,"District Magistrate / Collector, Hazaribagh (Jharkhand)",bureaucratic,administrative,8,false,"Head of district administration, Hazaribagh, Jharkhand",https://en.wikipedia.org/wiki/List_of_districts_of_India,0.60,collected,2026-06-26
1211,,277,1210,"Superintendent of Police, Hazaribagh (Jharkhand)",bureaucratic,administrative,8,false,"District police chief, Hazaribagh, Jharkhand",https://en.wikipedia.org/wiki/List_of_districts_of_India,0.55,collected,2026-06-26
1212,,278,105,"District Magistrate / Collector, Jamtara (Jharkhand)",bureaucratic,administrative,8,false,"Head of district administration, Jamtara, Jharkhand",https://en.wikipedia.org/wiki/List_of_districts_of_India,0.40,pending,2026-06-26
1213,,278,1212,"Superintendent of Police, Jamtara (Jharkhand)",bureaucratic,administrative,8,false,"District police chief, Jamtara, Jharkhand",https://en.wikipedia.org/wiki/List_of_districts_of_India,0.55,collected,2026-06-26
1214,,279,105,"District Magistrate / Collector, Khunti (Jharkhand)",bureaucratic,administrative,8,false,"Head of district administration, Khunti, Jharkhand",https://en.wikipedia.org/wiki/List_of_districts_of_India,0.60,collected,2026-06-26
1215,,279,1214,"Superintendent of Police, Khunti (Jharkhand)",bureaucratic,administrative,8,false,"District police chief, Khunti, Jharkhand",https://en.wikipedia.org/wiki/List_of_districts_of_India,0.55,collected,2026-06-26
1216,,280,105,"District Magistrate / Collector, Koderma (Jharkhand)",bureaucratic,administrative,8,false,"Head of district administration, Koderma, Jharkhand",https://en.wikipedia.org/wiki/List_of_districts_of_India,0.60,collected,2026-06-26
1217,,280,1216,"Superintendent of Police, Koderma (Jharkhand)",bureaucratic,administrative,8,false,"District police chief, Koderma, Jharkhand",https://en.wikipedia.org/wiki/List_of_districts_of_India,0.55,collected,2026-06-26
1218,,281,105,"District Magistrate / Collector, Latehar (Jharkhand)",bureaucratic,administrative,8,false,"Head of district administration, Latehar, Jharkhand",https://en.wikipedia.org/wiki/List_of_districts_of_India,0.60,collected,2026-06-26
1219,,281,1218,"Superintendent of Police, Latehar (Jharkhand)",bureaucratic,administrative,8,false,"District police chief, Latehar, Jharkhand",https://en.wikipedia.org/wiki/List_of_districts_of_India,0.55,collected,2026-06-26
1220,,282,105,"District Magistrate / Collector, Lohardaga (Jharkhand)",bureaucratic,administrative,8,false,"Head of district administration, Lohardaga, Jharkhand",https://en.wikipedia.org/wiki/List_of_districts_of_India,0.60,collected,2026-06-26
1221,,282,1220,"Superintendent of Police, Lohardaga (Jharkhand)",bureaucratic,administrative,8,false,"District police chief, Lohardaga, Jharkhand",https://en.wikipedia.org/wiki/List_of_districts_of_India,0.55,collected,2026-06-26
1222,,283,105,"District Magistrate / Collector, Pakur (Jharkhand)",bureaucratic,administrative,8,false,"Head of district administration, Pakur, Jharkhand",https://en.wikipedia.org/wiki/List_of_districts_of_India,0.60,collected,2026-06-26
1223,,283,1222,"Superintendent of Police, Pakur (Jharkhand)",bureaucratic,administrative,8,false,"District police chief, Pakur, Jharkhand",https://en.wikipedia.org/wiki/List_of_districts_of_India,0.55,collected,2026-06-26
1224,,284,105,"District Magistrate / Collector, Palamu (Jharkhand)",bureaucratic,administrative,8,false,"Head of district administration, Palamu, Jharkhand",https://en.wikipedia.org/wiki/List_of_districts_of_India,0.60,collected,2026-06-26
1225,,284,1224,"Superintendent of Police, Palamu (Jharkhand)",bureaucratic,administrative,8,false,"District police chief, Palamu, Jharkhand",https://en.wikipedia.org/wiki/List_of_districts_of_India,0.55,collected,2026-06-26
1226,,285,105,"District Magistrate / Collector, Ramgarh (Jharkhand)",bureaucratic,administrative,8,false,"Head of district administration, Ramgarh, Jharkhand",https://en.wikipedia.org/wiki/List_of_districts_of_India,0.60,collected,2026-06-26
1227,,285,1226,"Superintendent of Police, Ramgarh (Jharkhand)",bureaucratic,administrative,8,false,"District police chief, Ramgarh, Jharkhand",https://en.wikipedia.org/wiki/List_of_districts_of_India,0.55,collected,2026-06-26
1228,,286,105,"District Magistrate / Collector, Ranchi (Jharkhand)",bureaucratic,administrative,8,false,"Head of district administration, Ranchi, Jharkhand",https://en.wikipedia.org/wiki/List_of_districts_of_India,0.60,collected,2026-06-26
1229,,286,1228,"Superintendent of Police, Ranchi (Jharkhand)",bureaucratic,administrative,8,false,"District police chief, Ranchi, Jharkhand",https://en.wikipedia.org/wiki/List_of_districts_of_India,0.55,collected,2026-06-26
1230,,287,105,"District Magistrate / Collector, Sahibganj (Jharkhand)",bureaucratic,administrative,8,false,"Head of district administration, Sahibganj, Jharkhand",https://en.wikipedia.org/wiki/List_of_districts_of_India,0.60,collected,2026-06-26
1231,,287,1230,"Superintendent of Police, Sahibganj (Jharkhand)",bureaucratic,administrative,8,false,"District police chief, Sahibganj, Jharkhand",https://en.wikipedia.org/wiki/List_of_districts_of_India,0.55,collected,2026-06-26
1232,,288,105,"District Magistrate / Collector, Saraikela-Kharsawan (Jharkhand)",bureaucratic,administrative,8,false,"Head of district administration, Saraikela-Kharsawan, Jharkhand",https://en.wikipedia.org/wiki/List_of_districts_of_India,0.60,collected,2026-06-26
1233,,288,1232,"Superintendent of Police, Saraikela-Kharsawan (Jharkhand)",bureaucratic,administrative,8,false,"District police chief, Saraikela-Kharsawan, Jharkhand",https://en.wikipedia.org/wiki/List_of_districts_of_India,0.55,collected,2026-06-26
1234,,289,105,"District Magistrate / Collector, Simdega (Jharkhand)",bureaucratic,administrative,8,false,"Head of district administration, Simdega, Jharkhand",https://en.wikipedia.org/wiki/List_of_districts_of_India,0.60,collected,2026-06-26
1235,,289,1234,"Superintendent of Police, Simdega (Jharkhand)",bureaucratic,administrative,8,false,"District police chief, Simdega, Jharkhand",https://en.wikipedia.org/wiki/List_of_districts_of_India,0.55,collected,2026-06-26
1236,,290,105,"District Magistrate / Collector, West Singhbhum (Jharkhand)",bureaucratic,administrative,8,false,"Head of district administration, West Singhbhum, Jharkhand",https://en.wikipedia.org/wiki/List_of_districts_of_India,0.60,collected,2026-06-26
1237,,290,1236,"Superintendent of Police, West Singhbhum (Jharkhand)",bureaucratic,administrative,8,false,"District police chief, West Singhbhum, Jharkhand",https://en.wikipedia.org/wiki/List_of_districts_of_India,0.55,collected,2026-06-26
1238,,291,108,"District Magistrate / Collector, Bagalkote (Karnataka)",bureaucratic,administrative,8,false,"Head of district administration, Bagalkote, Karnataka",https://en.wikipedia.org/wiki/List_of_districts_of_India,0.65,collected,2026-06-26
1239,,291,1238,"Superintendent of Police, Bagalkote (Karnataka)",bureaucratic,administrative,8,false,"District police chief, Bagalkote, Karnataka",https://en.wikipedia.org/wiki/List_of_districts_of_India,0.55,collected,2026-06-26
1240,,292,108,"District Magistrate / Collector, Bengaluru Urban (Karnataka)",bureaucratic,administrative,8,false,"Head of district administration, Bengaluru Urban, Karnataka",https://en.wikipedia.org/wiki/List_of_districts_of_India,0.65,collected,2026-06-26
1241,,292,1240,"Superintendent of Police, Bengaluru Urban (Karnataka)",bureaucratic,administrative,8,false,"District police chief, Bengaluru Urban, Karnataka",https://en.wikipedia.org/wiki/List_of_districts_of_India,0.55,collected,2026-06-26
1242,,293,108,"District Magistrate / Collector, Bengaluru North (Karnataka)",bureaucratic,administrative,8,false,"Head of district administration, Bengaluru North, Karnataka",https://bangalorerural.nic.in/en/whos-who-en/,0.90,collected,2026-07-03
1243,,293,1242,"Superintendent of Police, Bengaluru North (Karnataka)",bureaucratic,administrative,8,false,"District police chief, Bengaluru North, Karnataka",https://www.newindianexpress.com/states/karnataka/2026/Jan/01/karnataka-government-reshuffles-police-department-transfers-promotes-68-ips-officers,0.80,collected,2026-07-03
1244,,294,108,"District Magistrate / Collector, Bengaluru South (Karnataka)",bureaucratic,administrative,8,false,"Head of district administration, Bengaluru South, Karnataka",https://bengalurusouth.nic.in/en/deputy-commissioner/,0.90,collected,2026-07-03
1245,,294,1244,"Superintendent of Police, Bengaluru South (Karnataka)",bureaucratic,administrative,8,false,"District police chief, Bengaluru South, Karnataka",https://bengalurusouth.nic.in/en/superdent-of-police/,0.90,collected,2026-07-03
1246,,295,108,"District Magistrate / Collector, Belagavi (Karnataka)",bureaucratic,administrative,8,false,"Head of district administration, Belagavi, Karnataka",https://en.wikipedia.org/wiki/List_of_districts_of_India,0.65,collected,2026-06-26
1247,,295,1246,"Superintendent of Police, Belagavi (Karnataka)",bureaucratic,administrative,8,false,"District police chief, Belagavi, Karnataka",https://en.wikipedia.org/wiki/List_of_districts_of_India,0.55,collected,2026-06-26
1248,,296,108,"District Magistrate / Collector, Ballari (Karnataka)",bureaucratic,administrative,8,false,"Head of district administration, Ballari, Karnataka",https://en.wikipedia.org/wiki/List_of_districts_of_India,0.65,collected,2026-06-26
1249,,296,1248,"Superintendent of Police, Ballari (Karnataka)",bureaucratic,administrative,8,false,"District police chief, Ballari, Karnataka",https://en.wikipedia.org/wiki/List_of_districts_of_India,0.55,collected,2026-06-26
1250,,297,108,"District Magistrate / Collector, Bidar (Karnataka)",bureaucratic,administrative,8,false,"Head of district administration, Bidar, Karnataka",https://en.wikipedia.org/wiki/List_of_districts_of_India,0.65,collected,2026-06-26
1251,,297,1250,"Superintendent of Police, Bidar (Karnataka)",bureaucratic,administrative,8,false,"District police chief, Bidar, Karnataka",https://en.wikipedia.org/wiki/List_of_districts_of_India,0.55,collected,2026-06-26
1252,,298,108,"District Magistrate / Collector, Vijayapura (Karnataka)",bureaucratic,administrative,8,false,"Head of district administration, Vijayapura, Karnataka",https://en.wikipedia.org/wiki/List_of_districts_of_India,0.65,collected,2026-06-26
1253,,298,1252,"Superintendent of Police, Vijayapura (Karnataka)",bureaucratic,administrative,8,false,"District police chief, Vijayapura, Karnataka",https://en.wikipedia.org/wiki/List_of_districts_of_India,0.55,collected,2026-06-26
1254,,299,108,"District Magistrate / Collector, Chamarajanagara (Karnataka)",bureaucratic,administrative,8,false,"Head of district administration, Chamarajanagara, Karnataka",https://en.wikipedia.org/wiki/List_of_districts_of_India,0.65,collected,2026-06-26
1255,,299,1254,"Superintendent of Police, Chamarajanagara (Karnataka)",bureaucratic,administrative,8,false,"District police chief, Chamarajanagara, Karnataka",https://en.wikipedia.org/wiki/List_of_districts_of_India,0.55,collected,2026-06-26
1256,,300,108,"District Magistrate / Collector, Chikkaballapura (Karnataka)",bureaucratic,administrative,8,false,"Head of district administration, Chikkaballapura, Karnataka",https://en.wikipedia.org/wiki/List_of_districts_of_India,0.65,collected,2026-06-26
1257,,300,1256,"Superintendent of Police, Chikkaballapura (Karnataka)",bureaucratic,administrative,8,false,"District police chief, Chikkaballapura, Karnataka",https://en.wikipedia.org/wiki/List_of_districts_of_India,0.55,collected,2026-06-26
1258,,301,108,"District Magistrate / Collector, Chikkamagaluru (Karnataka)",bureaucratic,administrative,8,false,"Head of district administration, Chikkamagaluru, Karnataka",https://en.wikipedia.org/wiki/List_of_districts_of_India,0.65,collected,2026-06-26
1259,,301,1258,"Superintendent of Police, Chikkamagaluru (Karnataka)",bureaucratic,administrative,8,false,"District police chief, Chikkamagaluru, Karnataka",https://en.wikipedia.org/wiki/List_of_districts_of_India,0.55,collected,2026-06-26
1260,,302,108,"District Magistrate / Collector, Chitradurga (Karnataka)",bureaucratic,administrative,8,false,"Head of district administration, Chitradurga, Karnataka",https://en.wikipedia.org/wiki/List_of_districts_of_India,0.65,collected,2026-06-26
1261,,302,1260,"Superintendent of Police, Chitradurga (Karnataka)",bureaucratic,administrative,8,false,"District police chief, Chitradurga, Karnataka",https://en.wikipedia.org/wiki/List_of_districts_of_India,0.55,collected,2026-06-26
1262,,303,108,"District Magistrate / Collector, Dakshina Kannada (Karnataka)",bureaucratic,administrative,8,false,"Head of district administration, Dakshina Kannada, Karnataka",https://en.wikipedia.org/wiki/List_of_districts_of_India,0.65,collected,2026-06-26
1263,,303,1262,"Superintendent of Police, Dakshina Kannada (Karnataka)",bureaucratic,administrative,8,false,"District police chief, Dakshina Kannada, Karnataka",https://en.wikipedia.org/wiki/List_of_districts_of_India,0.55,collected,2026-06-26
1264,,304,108,"District Magistrate / Collector, Davanagere (Karnataka)",bureaucratic,administrative,8,false,"Head of district administration, Davanagere, Karnataka",https://en.wikipedia.org/wiki/List_of_districts_of_India,0.65,collected,2026-06-26
1265,,304,1264,"Superintendent of Police, Davanagere (Karnataka)",bureaucratic,administrative,8,false,"District police chief, Davanagere, Karnataka",https://en.wikipedia.org/wiki/List_of_districts_of_India,0.55,collected,2026-06-26
1266,,305,108,"District Magistrate / Collector, Dharwad (Karnataka)",bureaucratic,administrative,8,false,"Head of district administration, Dharwad, Karnataka",https://en.wikipedia.org/wiki/List_of_districts_of_India,0.65,collected,2026-06-26
1267,,305,1266,"Superintendent of Police, Dharwad (Karnataka)",bureaucratic,administrative,8,false,"District police chief, Dharwad, Karnataka",https://en.wikipedia.org/wiki/List_of_districts_of_India,0.55,collected,2026-06-26
1268,,306,108,"District Magistrate / Collector, Gadag (Karnataka)",bureaucratic,administrative,8,false,"Head of district administration, Gadag, Karnataka",https://en.wikipedia.org/wiki/List_of_districts_of_India,0.65,collected,2026-06-26
1269,,306,1268,"Superintendent of Police, Gadag (Karnataka)",bureaucratic,administrative,8,false,"District police chief, Gadag, Karnataka",https://en.wikipedia.org/wiki/List_of_districts_of_India,0.55,collected,2026-06-26
1270,,307,108,"District Magistrate / Collector, Kalaburagi (Karnataka)",bureaucratic,administrative,8,false,"Head of district administration, Kalaburagi, Karnataka",https://en.wikipedia.org/wiki/List_of_districts_of_India,0.65,collected,2026-06-26
1271,,307,1270,"Superintendent of Police, Kalaburagi (Karnataka)",bureaucratic,administrative,8,false,"District police chief, Kalaburagi, Karnataka",https://en.wikipedia.org/wiki/List_of_districts_of_India,0.55,collected,2026-06-26
1272,,308,108,"District Magistrate / Collector, Hassan (Karnataka)",bureaucratic,administrative,8,false,"Head of district administration, Hassan, Karnataka",https://en.wikipedia.org/wiki/List_of_districts_of_India,0.65,collected,2026-06-26
1273,,308,1272,"Superintendent of Police, Hassan (Karnataka)",bureaucratic,administrative,8,false,"District police chief, Hassan, Karnataka",https://en.wikipedia.org/wiki/List_of_districts_of_India,0.55,collected,2026-06-26
1274,,309,108,"District Magistrate / Collector, Haveri (Karnataka)",bureaucratic,administrative,8,false,"Head of district administration, Haveri, Karnataka",https://en.wikipedia.org/wiki/List_of_districts_of_India,0.65,collected,2026-06-26
1275,,309,1274,"Superintendent of Police, Haveri (Karnataka)",bureaucratic,administrative,8,false,"District police chief, Haveri, Karnataka",https://en.wikipedia.org/wiki/List_of_districts_of_India,0.55,collected,2026-06-26
1276,,310,108,"District Magistrate / Collector, Kodagu (Karnataka)",bureaucratic,administrative,8,false,"Head of district administration, Kodagu, Karnataka",https://en.wikipedia.org/wiki/List_of_districts_of_India,0.65,collected,2026-06-26
1277,,310,1276,"Superintendent of Police, Kodagu (Karnataka)",bureaucratic,administrative,8,false,"District police chief, Kodagu, Karnataka",https://en.wikipedia.org/wiki/List_of_districts_of_India,0.55,collected,2026-06-26
1278,,311,108,"District Magistrate / Collector, Kolar (Karnataka)",bureaucratic,administrative,8,false,"Head of district administration, Kolar, Karnataka",https://en.wikipedia.org/wiki/List_of_districts_of_India,0.65,collected,2026-06-26
1279,,311,1278,"Superintendent of Police, Kolar (Karnataka)",bureaucratic,administrative,8,false,"District police chief, Kolar, Karnataka",https://en.wikipedia.org/wiki/List_of_districts_of_India,0.40,pending,2026-06-26
1280,,312,108,"District Magistrate / Collector, Koppal (Karnataka)",bureaucratic,administrative,8,false,"Head of district administration, Koppal, Karnataka",https://en.wikipedia.org/wiki/List_of_districts_of_India,0.65,collected,2026-06-26
1281,,312,1280,"Superintendent of Police, Koppal (Karnataka)",bureaucratic,administrative,8,false,"District police chief, Koppal, Karnataka",https://en.wikipedia.org/wiki/List_of_districts_of_India,0.55,collected,2026-06-26
1282,,313,108,"District Magistrate / Collector, Mandya (Karnataka)",bureaucratic,administrative,8,false,"Head of district administration, Mandya, Karnataka",https://en.wikipedia.org/wiki/List_of_districts_of_India,0.65,collected,2026-06-26
1283,,313,1282,"Superintendent of Police, Mandya (Karnataka)",bureaucratic,administrative,8,false,"District police chief, Mandya, Karnataka",https://en.wikipedia.org/wiki/List_of_districts_of_India,0.55,collected,2026-06-26
1284,,314,108,"District Magistrate / Collector, Mysuru (Karnataka)",bureaucratic,administrative,8,false,"Head of district administration, Mysuru, Karnataka",https://en.wikipedia.org/wiki/List_of_districts_of_India,0.65,collected,2026-06-26
1285,,314,1284,"Superintendent of Police, Mysuru (Karnataka)",bureaucratic,administrative,8,false,"District police chief, Mysuru, Karnataka",https://en.wikipedia.org/wiki/List_of_districts_of_India,0.55,collected,2026-06-26
1286,,315,108,"District Magistrate / Collector, Raichur (Karnataka)",bureaucratic,administrative,8,false,"Head of district administration, Raichur, Karnataka",https://en.wikipedia.org/wiki/List_of_districts_of_India,0.65,collected,2026-06-26
1287,,315,1286,"Superintendent of Police, Raichur (Karnataka)",bureaucratic,administrative,8,false,"District police chief, Raichur, Karnataka",https://en.wikipedia.org/wiki/List_of_districts_of_India,0.55,collected,2026-06-26
1288,,316,108,"District Magistrate / Collector, Shivamogga (Karnataka)",bureaucratic,administrative,8,false,"Head of district administration, Shivamogga, Karnataka",https://en.wikipedia.org/wiki/List_of_districts_of_India,0.65,collected,2026-06-26
1289,,316,1288,"Superintendent of Police, Shivamogga (Karnataka)",bureaucratic,administrative,8,false,"District police chief, Shivamogga, Karnataka",https://en.wikipedia.org/wiki/List_of_districts_of_India,0.55,collected,2026-06-26
1290,,317,108,"District Magistrate / Collector, Tumakuru (Karnataka)",bureaucratic,administrative,8,false,"Head of district administration, Tumakuru, Karnataka",https://en.wikipedia.org/wiki/List_of_districts_of_India,0.65,collected,2026-06-26
1291,,317,1290,"Superintendent of Police, Tumakuru (Karnataka)",bureaucratic,administrative,8,false,"District police chief, Tumakuru, Karnataka",https://en.wikipedia.org/wiki/List_of_districts_of_India,0.55,collected,2026-06-26
1292,,318,108,"District Magistrate / Collector, Udupi (Karnataka)",bureaucratic,administrative,8,false,"Head of district administration, Udupi, Karnataka",https://en.wikipedia.org/wiki/List_of_districts_of_India,0.65,collected,2026-06-26
1293,,318,1292,"Superintendent of Police, Udupi (Karnataka)",bureaucratic,administrative,8,false,"District police chief, Udupi, Karnataka",https://en.wikipedia.org/wiki/List_of_districts_of_India,0.55,collected,2026-06-26
1294,,319,108,"District Magistrate / Collector, Uttara Kannada (Karnataka)",bureaucratic,administrative,8,false,"Head of district administration, Uttara Kannada, Karnataka",https://en.wikipedia.org/wiki/List_of_districts_of_India,0.65,collected,2026-06-26
1295,,319,1294,"Superintendent of Police, Uttara Kannada (Karnataka)",bureaucratic,administrative,8,false,"District police chief, Uttara Kannada, Karnataka",https://en.wikipedia.org/wiki/List_of_districts_of_India,0.55,collected,2026-06-26
1296,,320,108,"District Magistrate / Collector, Vijayanagara (Karnataka)",bureaucratic,administrative,8,false,"Head of district administration, Vijayanagara, Karnataka",https://en.wikipedia.org/wiki/List_of_districts_of_India,0.65,collected,2026-06-26
1297,,320,1296,"Superintendent of Police, Vijayanagara (Karnataka)",bureaucratic,administrative,8,false,"District police chief, Vijayanagara, Karnataka",https://en.wikipedia.org/wiki/List_of_districts_of_India,0.55,collected,2026-06-26
1298,,321,108,"District Magistrate / Collector, Yadgiri (Karnataka)",bureaucratic,administrative,8,false,"Head of district administration, Yadgiri, Karnataka",https://en.wikipedia.org/wiki/List_of_districts_of_India,0.65,collected,2026-06-26
1299,,321,1298,"Superintendent of Police, Yadgiri (Karnataka)",bureaucratic,administrative,8,false,"District police chief, Yadgiri, Karnataka",https://en.wikipedia.org/wiki/List_of_districts_of_India,0.55,collected,2026-06-26
1300,,322,111,"District Magistrate / Collector, Alappuzha (Kerala)",bureaucratic,administrative,8,false,"Head of district administration, Alappuzha, Kerala",https://en.wikipedia.org/wiki/List_of_districts_of_India,0.70,collected,2026-06-26
1301,,322,1300,"Superintendent of Police, Alappuzha (Kerala)",bureaucratic,administrative,8,false,"District police chief, Alappuzha, Kerala",https://en.wikipedia.org/wiki/List_of_districts_of_India,0.65,collected,2026-06-26
1302,,323,111,"District Magistrate / Collector, Ernakulam (Kerala)",bureaucratic,administrative,8,false,"Head of district administration, Ernakulam, Kerala",https://en.wikipedia.org/wiki/List_of_districts_of_India,0.70,collected,2026-06-26
1303,,323,1302,"Superintendent of Police, Ernakulam (Kerala)",bureaucratic,administrative,8,false,"District police chief, Ernakulam, Kerala",https://en.wikipedia.org/wiki/List_of_districts_of_India,0.65,collected,2026-06-26
1304,,324,111,"District Magistrate / Collector, Idukki (Kerala)",bureaucratic,administrative,8,false,"Head of district administration, Idukki, Kerala",https://en.wikipedia.org/wiki/List_of_districts_of_India,0.70,collected,2026-06-26
1305,,324,1304,"Superintendent of Police, Idukki (Kerala)",bureaucratic,administrative,8,false,"District police chief, Idukki, Kerala",https://en.wikipedia.org/wiki/List_of_districts_of_India,0.65,collected,2026-06-26
1306,,325,111,"District Magistrate / Collector, Kannur (Kerala)",bureaucratic,administrative,8,false,"Head of district administration, Kannur, Kerala",https://en.wikipedia.org/wiki/List_of_districts_of_India,0.70,collected,2026-06-26
1307,,325,1306,"Superintendent of Police, Kannur (Kerala)",bureaucratic,administrative,8,false,"District police chief, Kannur, Kerala",https://en.wikipedia.org/wiki/List_of_districts_of_India,0.65,collected,2026-06-26
1308,,326,111,"District Magistrate / Collector, Kasaragod (Kerala)",bureaucratic,administrative,8,false,"Head of district administration, Kasaragod, Kerala",https://en.wikipedia.org/wiki/List_of_districts_of_India,0.70,collected,2026-06-26
1309,,326,1308,"Superintendent of Police, Kasaragod (Kerala)",bureaucratic,administrative,8,false,"District police chief, Kasaragod, Kerala",https://en.wikipedia.org/wiki/List_of_districts_of_India,0.65,collected,2026-06-26
1310,,327,111,"District Magistrate / Collector, Kollam (Kerala)",bureaucratic,administrative,8,false,"Head of district administration, Kollam, Kerala",https://en.wikipedia.org/wiki/List_of_districts_of_India,0.70,collected,2026-06-26
1311,,327,1310,"Superintendent of Police, Kollam (Kerala)",bureaucratic,administrative,8,false,"District police chief, Kollam, Kerala",https://en.wikipedia.org/wiki/List_of_districts_of_India,0.65,collected,2026-06-26
1312,,328,111,"District Magistrate / Collector, Kottayam (Kerala)",bureaucratic,administrative,8,false,"Head of district administration, Kottayam, Kerala",https://en.wikipedia.org/wiki/List_of_districts_of_India,0.70,collected,2026-06-26
1313,,328,1312,"Superintendent of Police, Kottayam (Kerala)",bureaucratic,administrative,8,false,"District police chief, Kottayam, Kerala",https://en.wikipedia.org/wiki/List_of_districts_of_India,0.65,collected,2026-06-26
1314,,329,111,"District Magistrate / Collector, Kozhikode (Kerala)",bureaucratic,administrative,8,false,"Head of district administration, Kozhikode, Kerala",https://en.wikipedia.org/wiki/List_of_districts_of_India,0.70,collected,2026-06-26
1315,,329,1314,"Superintendent of Police, Kozhikode (Kerala)",bureaucratic,administrative,8,false,"District police chief, Kozhikode, Kerala",https://en.wikipedia.org/wiki/List_of_districts_of_India,0.65,collected,2026-06-26
1316,,330,111,"District Magistrate / Collector, Malappuram (Kerala)",bureaucratic,administrative,8,false,"Head of district administration, Malappuram, Kerala",https://en.wikipedia.org/wiki/List_of_districts_of_India,0.70,collected,2026-06-26
1317,,330,1316,"Superintendent of Police, Malappuram (Kerala)",bureaucratic,administrative,8,false,"District police chief, Malappuram, Kerala",https://en.wikipedia.org/wiki/List_of_districts_of_India,0.65,collected,2026-06-26
1318,,331,111,"District Magistrate / Collector, Palakkad (Kerala)",bureaucratic,administrative,8,false,"Head of district administration, Palakkad, Kerala",https://en.wikipedia.org/wiki/List_of_districts_of_India,0.70,collected,2026-06-26
1319,,331,1318,"Superintendent of Police, Palakkad (Kerala)",bureaucratic,administrative,8,false,"District police chief, Palakkad, Kerala",https://en.wikipedia.org/wiki/List_of_districts_of_India,0.65,collected,2026-06-26
1320,,332,111,"District Magistrate / Collector, Pathanamthitta (Kerala)",bureaucratic,administrative,8,false,"Head of district administration, Pathanamthitta, Kerala",https://en.wikipedia.org/wiki/List_of_districts_of_India,0.70,collected,2026-06-26
1321,,332,1320,"Superintendent of Police, Pathanamthitta (Kerala)",bureaucratic,administrative,8,false,"District police chief, Pathanamthitta, Kerala",https://en.wikipedia.org/wiki/List_of_districts_of_India,0.65,collected,2026-06-26
1322,,333,111,"District Magistrate / Collector, Thiruvananthapuram (Kerala)",bureaucratic,administrative,8,false,"Head of district administration, Thiruvananthapuram, Kerala",https://en.wikipedia.org/wiki/List_of_districts_of_India,0.70,collected,2026-06-26
1323,,333,1322,"Superintendent of Police, Thiruvananthapuram (Kerala)",bureaucratic,administrative,8,false,"District police chief, Thiruvananthapuram, Kerala",https://en.wikipedia.org/wiki/List_of_districts_of_India,0.65,collected,2026-06-26
1324,,334,111,"District Magistrate / Collector, Thrissur (Kerala)",bureaucratic,administrative,8,false,"Head of district administration, Thrissur, Kerala",https://en.wikipedia.org/wiki/List_of_districts_of_India,0.70,collected,2026-06-26
1325,,334,1324,"Superintendent of Police, Thrissur (Kerala)",bureaucratic,administrative,8,false,"District police chief, Thrissur, Kerala",https://en.wikipedia.org/wiki/List_of_districts_of_India,0.65,collected,2026-06-26
1326,,335,111,"District Magistrate / Collector, Wayanad (Kerala)",bureaucratic,administrative,8,false,"Head of district administration, Wayanad, Kerala",https://en.wikipedia.org/wiki/List_of_districts_of_India,0.70,collected,2026-06-26
1327,,335,1326,"Superintendent of Police, Wayanad (Kerala)",bureaucratic,administrative,8,false,"District police chief, Wayanad, Kerala",https://en.wikipedia.org/wiki/List_of_districts_of_India,0.65,collected,2026-06-26
1328,,336,114,"District Magistrate / Collector, Bhopal (Madhya Pradesh)",bureaucratic,administrative,8,false,"Head of district administration, Bhopal, Madhya Pradesh",https://en.wikipedia.org/wiki/List_of_districts_of_India,0.65,collected,2026-06-26
1329,,336,1328,"Superintendent of Police, Bhopal (Madhya Pradesh)",bureaucratic,administrative,8,false,"District police chief, Bhopal, Madhya Pradesh",https://en.wikipedia.org/wiki/List_of_districts_of_India,0.55,collected,2026-06-26
1330,,337,114,"District Magistrate / Collector, Raisen (Madhya Pradesh)",bureaucratic,administrative,8,false,"Head of district administration, Raisen, Madhya Pradesh",https://en.wikipedia.org/wiki/List_of_districts_of_India,0.65,collected,2026-06-26
1331,,337,1330,"Superintendent of Police, Raisen (Madhya Pradesh)",bureaucratic,administrative,8,false,"District police chief, Raisen, Madhya Pradesh",https://en.wikipedia.org/wiki/List_of_districts_of_India,0.55,collected,2026-06-26
1332,,338,114,"District Magistrate / Collector, Rajgarh (Madhya Pradesh)",bureaucratic,administrative,8,false,"Head of district administration, Rajgarh, Madhya Pradesh",https://en.wikipedia.org/wiki/List_of_districts_of_India,0.65,collected,2026-06-26
1333,,338,1332,"Superintendent of Police, Rajgarh (Madhya Pradesh)",bureaucratic,administrative,8,false,"District police chief, Rajgarh, Madhya Pradesh",https://en.wikipedia.org/wiki/List_of_districts_of_India,0.55,collected,2026-06-26
1334,,339,114,"District Magistrate / Collector, Sehore (Madhya Pradesh)",bureaucratic,administrative,8,false,"Head of district administration, Sehore, Madhya Pradesh",https://en.wikipedia.org/wiki/List_of_districts_of_India,0.65,collected,2026-06-26
1335,,339,1334,"Superintendent of Police, Sehore (Madhya Pradesh)",bureaucratic,administrative,8,false,"District police chief, Sehore, Madhya Pradesh",https://en.wikipedia.org/wiki/List_of_districts_of_India,0.55,collected,2026-06-26
1336,,340,114,"District Magistrate / Collector, Vidisha (Madhya Pradesh)",bureaucratic,administrative,8,false,"Head of district administration, Vidisha, Madhya Pradesh",https://en.wikipedia.org/wiki/List_of_districts_of_India,0.65,collected,2026-06-26
1337,,340,1336,"Superintendent of Police, Vidisha (Madhya Pradesh)",bureaucratic,administrative,8,false,"District police chief, Vidisha, Madhya Pradesh",https://en.wikipedia.org/wiki/List_of_districts_of_India,0.55,collected,2026-06-26
1338,,341,114,"District Magistrate / Collector, Morena (Madhya Pradesh)",bureaucratic,administrative,8,false,"Head of district administration, Morena, Madhya Pradesh",https://en.wikipedia.org/wiki/List_of_districts_of_India,0.65,collected,2026-06-26
1339,,341,1338,"Superintendent of Police, Morena (Madhya Pradesh)",bureaucratic,administrative,8,false,"District police chief, Morena, Madhya Pradesh",https://en.wikipedia.org/wiki/List_of_districts_of_India,0.55,collected,2026-06-26
1340,,342,114,"District Magistrate / Collector, Bhind (Madhya Pradesh)",bureaucratic,administrative,8,false,"Head of district administration, Bhind, Madhya Pradesh",https://en.wikipedia.org/wiki/List_of_districts_of_India,0.65,collected,2026-06-26
1341,,342,1340,"Superintendent of Police, Bhind (Madhya Pradesh)",bureaucratic,administrative,8,false,"District police chief, Bhind, Madhya Pradesh",https://en.wikipedia.org/wiki/List_of_districts_of_India,0.55,collected,2026-06-26
1342,,343,114,"District Magistrate / Collector, Sheopur (Madhya Pradesh)",bureaucratic,administrative,8,false,"Head of district administration, Sheopur, Madhya Pradesh",https://en.wikipedia.org/wiki/List_of_districts_of_India,0.65,collected,2026-06-26
1343,,343,1342,"Superintendent of Police, Sheopur (Madhya Pradesh)",bureaucratic,administrative,8,false,"District police chief, Sheopur, Madhya Pradesh",https://en.wikipedia.org/wiki/List_of_districts_of_India,0.55,collected,2026-06-26
1344,,344,114,"District Magistrate / Collector, Gwalior (Madhya Pradesh)",bureaucratic,administrative,8,false,"Head of district administration, Gwalior, Madhya Pradesh",https://en.wikipedia.org/wiki/List_of_districts_of_India,0.40,pending,2026-06-26
1345,,344,1344,"Superintendent of Police, Gwalior (Madhya Pradesh)",bureaucratic,administrative,8,false,"District police chief, Gwalior, Madhya Pradesh",https://en.wikipedia.org/wiki/List_of_districts_of_India,0.55,collected,2026-06-26
1346,,345,114,"District Magistrate / Collector, Ashoknagar (Madhya Pradesh)",bureaucratic,administrative,8,false,"Head of district administration, Ashoknagar, Madhya Pradesh",https://en.wikipedia.org/wiki/List_of_districts_of_India,0.65,collected,2026-06-26
1347,,345,1346,"Superintendent of Police, Ashoknagar (Madhya Pradesh)",bureaucratic,administrative,8,false,"District police chief, Ashoknagar, Madhya Pradesh",https://en.wikipedia.org/wiki/List_of_districts_of_India,0.55,collected,2026-06-26
1348,,346,114,"District Magistrate / Collector, Datia (Madhya Pradesh)",bureaucratic,administrative,8,false,"Head of district administration, Datia, Madhya Pradesh",https://en.wikipedia.org/wiki/List_of_districts_of_India,0.65,collected,2026-06-26
1349,,346,1348,"Superintendent of Police, Datia (Madhya Pradesh)",bureaucratic,administrative,8,false,"District police chief, Datia, Madhya Pradesh",https://en.wikipedia.org/wiki/List_of_districts_of_India,0.55,collected,2026-06-26
1350,,347,114,"District Magistrate / Collector, Guna (Madhya Pradesh)",bureaucratic,administrative,8,false,"Head of district administration, Guna, Madhya Pradesh",https://en.wikipedia.org/wiki/List_of_districts_of_India,0.65,collected,2026-06-26
1351,,347,1350,"Superintendent of Police, Guna (Madhya Pradesh)",bureaucratic,administrative,8,false,"District police chief, Guna, Madhya Pradesh",https://en.wikipedia.org/wiki/List_of_districts_of_India,0.55,collected,2026-06-26
1352,,348,114,"District Magistrate / Collector, Shivpuri (Madhya Pradesh)",bureaucratic,administrative,8,false,"Head of district administration, Shivpuri, Madhya Pradesh",https://en.wikipedia.org/wiki/List_of_districts_of_India,0.65,collected,2026-06-26
1353,,348,1352,"Superintendent of Police, Shivpuri (Madhya Pradesh)",bureaucratic,administrative,8,false,"District police chief, Shivpuri, Madhya Pradesh",https://en.wikipedia.org/wiki/List_of_districts_of_India,0.55,collected,2026-06-26
1354,,349,114,"District Magistrate / Collector, Indore (Madhya Pradesh)",bureaucratic,administrative,8,false,"Head of district administration, Indore, Madhya Pradesh",https://en.wikipedia.org/wiki/List_of_districts_of_India,0.65,collected,2026-06-26
1355,,349,1354,"Superintendent of Police, Indore (Madhya Pradesh)",bureaucratic,administrative,8,false,"District police chief, Indore, Madhya Pradesh",https://en.wikipedia.org/wiki/List_of_districts_of_India,0.55,collected,2026-06-26
1356,,350,114,"District Magistrate / Collector, Alirajpur (Madhya Pradesh)",bureaucratic,administrative,8,false,"Head of district administration, Alirajpur, Madhya Pradesh",https://en.wikipedia.org/wiki/List_of_districts_of_India,0.40,pending,2026-06-26
1357,,350,1356,"Superintendent of Police, Alirajpur (Madhya Pradesh)",bureaucratic,administrative,8,false,"District police chief, Alirajpur, Madhya Pradesh",https://en.wikipedia.org/wiki/List_of_districts_of_India,0.55,collected,2026-06-26
1358,,351,114,"District Magistrate / Collector, Barwani (Madhya Pradesh)",bureaucratic,administrative,8,false,"Head of district administration, Barwani, Madhya Pradesh",https://en.wikipedia.org/wiki/List_of_districts_of_India,0.65,collected,2026-06-26
1359,,351,1358,"Superintendent of Police, Barwani (Madhya Pradesh)",bureaucratic,administrative,8,false,"District police chief, Barwani, Madhya Pradesh",https://en.wikipedia.org/wiki/List_of_districts_of_India,0.55,collected,2026-06-26
1360,,352,114,"District Magistrate / Collector, Burhanpur (Madhya Pradesh)",bureaucratic,administrative,8,false,"Head of district administration, Burhanpur, Madhya Pradesh",https://en.wikipedia.org/wiki/List_of_districts_of_India,0.65,collected,2026-06-26
1361,,352,1360,"Superintendent of Police, Burhanpur (Madhya Pradesh)",bureaucratic,administrative,8,false,"District police chief, Burhanpur, Madhya Pradesh",https://en.wikipedia.org/wiki/List_of_districts_of_India,0.55,collected,2026-06-26
1362,,353,114,"District Magistrate / Collector, Dhar (Madhya Pradesh)",bureaucratic,administrative,8,false,"Head of district administration, Dhar, Madhya Pradesh",https://en.wikipedia.org/wiki/List_of_districts_of_India,0.65,collected,2026-06-26
1363,,353,1362,"Superintendent of Police, Dhar (Madhya Pradesh)",bureaucratic,administrative,8,false,"District police chief, Dhar, Madhya Pradesh",https://en.wikipedia.org/wiki/List_of_districts_of_India,0.55,collected,2026-06-26
1364,,354,114,"District Magistrate / Collector, Jhabua (Madhya Pradesh)",bureaucratic,administrative,8,false,"Head of district administration, Jhabua, Madhya Pradesh",https://en.wikipedia.org/wiki/List_of_districts_of_India,0.65,collected,2026-06-26
1365,,354,1364,"Superintendent of Police, Jhabua (Madhya Pradesh)",bureaucratic,administrative,8,false,"District police chief, Jhabua, Madhya Pradesh",https://en.wikipedia.org/wiki/List_of_districts_of_India,0.55,collected,2026-06-26
1366,,355,114,"District Magistrate / Collector, Khandwa (Madhya Pradesh)",bureaucratic,administrative,8,false,"Head of district administration, Khandwa, Madhya Pradesh",https://en.wikipedia.org/wiki/List_of_districts_of_India,0.65,collected,2026-06-26
1367,,355,1366,"Superintendent of Police, Khandwa (Madhya Pradesh)",bureaucratic,administrative,8,false,"District police chief, Khandwa, Madhya Pradesh",https://en.wikipedia.org/wiki/List_of_districts_of_India,0.55,collected,2026-06-26
1368,,356,114,"District Magistrate / Collector, Khargone (Madhya Pradesh)",bureaucratic,administrative,8,false,"Head of district administration, Khargone, Madhya Pradesh",https://en.wikipedia.org/wiki/List_of_districts_of_India,0.65,collected,2026-06-26
1369,,356,1368,"Superintendent of Police, Khargone (Madhya Pradesh)",bureaucratic,administrative,8,false,"District police chief, Khargone, Madhya Pradesh",https://en.wikipedia.org/wiki/List_of_districts_of_India,0.55,collected,2026-06-26
1370,,357,114,"District Magistrate / Collector, Jabalpur (Madhya Pradesh)",bureaucratic,administrative,8,false,"Head of district administration, Jabalpur, Madhya Pradesh",https://en.wikipedia.org/wiki/List_of_districts_of_India,0.65,collected,2026-06-26
1371,,357,1370,"Superintendent of Police, Jabalpur (Madhya Pradesh)",bureaucratic,administrative,8,false,"District police chief, Jabalpur, Madhya Pradesh",https://en.wikipedia.org/wiki/List_of_districts_of_India,0.55,collected,2026-06-26
1372,,358,114,"District Magistrate / Collector, Balaghat (Madhya Pradesh)",bureaucratic,administrative,8,false,"Head of district administration, Balaghat, Madhya Pradesh",https://en.wikipedia.org/wiki/List_of_districts_of_India,0.65,collected,2026-06-26
1373,,358,1372,"Superintendent of Police, Balaghat (Madhya Pradesh)",bureaucratic,administrative,8,false,"District police chief, Balaghat, Madhya Pradesh",https://en.wikipedia.org/wiki/List_of_districts_of_India,0.55,collected,2026-06-26
1374,,359,114,"District Magistrate / Collector, Chhindwara (Madhya Pradesh)",bureaucratic,administrative,8,false,"Head of district administration, Chhindwara, Madhya Pradesh",https://en.wikipedia.org/wiki/List_of_districts_of_India,0.65,collected,2026-06-26
1375,,359,1374,"Superintendent of Police, Chhindwara (Madhya Pradesh)",bureaucratic,administrative,8,false,"District police chief, Chhindwara, Madhya Pradesh",https://en.wikipedia.org/wiki/List_of_districts_of_India,0.55,collected,2026-06-26
1376,,360,114,"District Magistrate / Collector, Dindori (Madhya Pradesh)",bureaucratic,administrative,8,false,"Head of district administration, Dindori, Madhya Pradesh",https://en.wikipedia.org/wiki/List_of_districts_of_India,0.65,collected,2026-06-26
1377,,360,1376,"Superintendent of Police, Dindori (Madhya Pradesh)",bureaucratic,administrative,8,false,"District police chief, Dindori, Madhya Pradesh",https://en.wikipedia.org/wiki/List_of_districts_of_India,0.55,collected,2026-06-26
1378,,361,114,"District Magistrate / Collector, Katni (Madhya Pradesh)",bureaucratic,administrative,8,false,"Head of district administration, Katni, Madhya Pradesh",https://en.wikipedia.org/wiki/List_of_districts_of_India,0.65,collected,2026-06-26
1379,,361,1378,"Superintendent of Police, Katni (Madhya Pradesh)",bureaucratic,administrative,8,false,"District police chief, Katni, Madhya Pradesh",https://en.wikipedia.org/wiki/List_of_districts_of_India,0.55,collected,2026-06-26
1380,,362,114,"District Magistrate / Collector, Mandla (Madhya Pradesh)",bureaucratic,administrative,8,false,"Head of district administration, Mandla, Madhya Pradesh",https://en.wikipedia.org/wiki/List_of_districts_of_India,0.40,pending,2026-06-26
1381,,362,1380,"Superintendent of Police, Mandla (Madhya Pradesh)",bureaucratic,administrative,8,false,"District police chief, Mandla, Madhya Pradesh",https://en.wikipedia.org/wiki/List_of_districts_of_India,0.55,collected,2026-06-26
1382,,363,114,"District Magistrate / Collector, Narsinghpur (Madhya Pradesh)",bureaucratic,administrative,8,false,"Head of district administration, Narsinghpur, Madhya Pradesh",https://en.wikipedia.org/wiki/List_of_districts_of_India,0.65,collected,2026-06-26
1383,,363,1382,"Superintendent of Police, Narsinghpur (Madhya Pradesh)",bureaucratic,administrative,8,false,"District police chief, Narsinghpur, Madhya Pradesh",https://en.wikipedia.org/wiki/List_of_districts_of_India,0.55,collected,2026-06-26
1384,,364,114,"District Magistrate / Collector, Pandhurna (Madhya Pradesh)",bureaucratic,administrative,8,false,"Head of district administration, Pandhurna, Madhya Pradesh",https://en.wikipedia.org/wiki/List_of_districts_of_India,0.65,collected,2026-06-26
1385,,364,1384,"Superintendent of Police, Pandhurna (Madhya Pradesh)",bureaucratic,administrative,8,false,"District police chief, Pandhurna, Madhya Pradesh",https://en.wikipedia.org/wiki/List_of_districts_of_India,0.55,collected,2026-06-26
1386,,365,114,"District Magistrate / Collector, Seoni (Madhya Pradesh)",bureaucratic,administrative,8,false,"Head of district administration, Seoni, Madhya Pradesh",https://en.wikipedia.org/wiki/List_of_districts_of_India,0.65,collected,2026-06-26
1387,,365,1386,"Superintendent of Police, Seoni (Madhya Pradesh)",bureaucratic,administrative,8,false,"District police chief, Seoni, Madhya Pradesh",https://en.wikipedia.org/wiki/List_of_districts_of_India,0.55,collected,2026-06-26
1388,,366,114,"District Magistrate / Collector, Narmadapuram (Madhya Pradesh)",bureaucratic,administrative,8,false,"Head of district administration, Narmadapuram, Madhya Pradesh",https://en.wikipedia.org/wiki/List_of_districts_of_India,0.65,collected,2026-06-26
1389,,366,1388,"Superintendent of Police, Narmadapuram (Madhya Pradesh)",bureaucratic,administrative,8,false,"District police chief, Narmadapuram, Madhya Pradesh",https://en.wikipedia.org/wiki/List_of_districts_of_India,0.55,collected,2026-06-26
1390,,367,114,"District Magistrate / Collector, Betul (Madhya Pradesh)",bureaucratic,administrative,8,false,"Head of district administration, Betul, Madhya Pradesh",https://en.wikipedia.org/wiki/List_of_districts_of_India,0.65,collected,2026-06-26
1391,,367,1390,"Superintendent of Police, Betul (Madhya Pradesh)",bureaucratic,administrative,8,false,"District police chief, Betul, Madhya Pradesh",https://en.wikipedia.org/wiki/List_of_districts_of_India,0.55,collected,2026-06-26
1392,,368,114,"District Magistrate / Collector, Harda (Madhya Pradesh)",bureaucratic,administrative,8,false,"Head of district administration, Harda, Madhya Pradesh",https://en.wikipedia.org/wiki/List_of_districts_of_India,0.65,collected,2026-06-26
1393,,368,1392,"Superintendent of Police, Harda (Madhya Pradesh)",bureaucratic,administrative,8,false,"District police chief, Harda, Madhya Pradesh",https://en.wikipedia.org/wiki/List_of_districts_of_India,0.40,pending,2026-06-26
1394,,369,114,"District Magistrate / Collector, Rewa (Madhya Pradesh)",bureaucratic,administrative,8,false,"Head of district administration, Rewa, Madhya Pradesh",https://en.wikipedia.org/wiki/List_of_districts_of_India,0.65,collected,2026-06-26
1395,,369,1394,"Superintendent of Police, Rewa (Madhya Pradesh)",bureaucratic,administrative,8,false,"District police chief, Rewa, Madhya Pradesh",https://en.wikipedia.org/wiki/List_of_districts_of_India,0.55,collected,2026-06-26
1396,,370,114,"District Magistrate / Collector, Maihar (Madhya Pradesh)",bureaucratic,administrative,8,false,"Head of district administration, Maihar, Madhya Pradesh",https://en.wikipedia.org/wiki/List_of_districts_of_India,0.65,collected,2026-06-26
1397,,370,1396,"Superintendent of Police, Maihar (Madhya Pradesh)",bureaucratic,administrative,8,false,"District police chief, Maihar, Madhya Pradesh",https://en.wikipedia.org/wiki/List_of_districts_of_India,0.55,collected,2026-06-26
1398,,371,114,"District Magistrate / Collector, Mauganj (Madhya Pradesh)",bureaucratic,administrative,8,false,"Head of district administration, Mauganj, Madhya Pradesh",https://en.wikipedia.org/wiki/List_of_districts_of_India,0.65,collected,2026-06-26
1399,,371,1398,"Superintendent of Police, Mauganj (Madhya Pradesh)",bureaucratic,administrative,8,false,"District police chief, Mauganj, Madhya Pradesh",https://en.wikipedia.org/wiki/List_of_districts_of_India,0.55,collected,2026-06-26
1400,,372,114,"District Magistrate / Collector, Satna (Madhya Pradesh)",bureaucratic,administrative,8,false,"Head of district administration, Satna, Madhya Pradesh",https://en.wikipedia.org/wiki/List_of_districts_of_India,0.65,collected,2026-06-26
1401,,372,1400,"Superintendent of Police, Satna (Madhya Pradesh)",bureaucratic,administrative,8,false,"District police chief, Satna, Madhya Pradesh",https://en.wikipedia.org/wiki/List_of_districts_of_India,0.55,collected,2026-06-26
1402,,373,114,"District Magistrate / Collector, Sidhi (Madhya Pradesh)",bureaucratic,administrative,8,false,"Head of district administration, Sidhi, Madhya Pradesh",https://en.wikipedia.org/wiki/List_of_districts_of_India,0.65,collected,2026-06-26
1403,,373,1402,"Superintendent of Police, Sidhi (Madhya Pradesh)",bureaucratic,administrative,8,false,"District police chief, Sidhi, Madhya Pradesh",https://en.wikipedia.org/wiki/List_of_districts_of_India,0.55,collected,2026-06-26
1404,,374,114,"District Magistrate / Collector, Singrauli (Madhya Pradesh)",bureaucratic,administrative,8,false,"Head of district administration, Singrauli, Madhya Pradesh",https://en.wikipedia.org/wiki/List_of_districts_of_India,0.65,collected,2026-06-26
1405,,374,1404,"Superintendent of Police, Singrauli (Madhya Pradesh)",bureaucratic,administrative,8,false,"District police chief, Singrauli, Madhya Pradesh",https://en.wikipedia.org/wiki/List_of_districts_of_India,0.55,collected,2026-06-26
1406,,375,114,"District Magistrate / Collector, Sagar (Madhya Pradesh)",bureaucratic,administrative,8,false,"Head of district administration, Sagar, Madhya Pradesh",https://en.wikipedia.org/wiki/List_of_districts_of_India,0.65,collected,2026-06-26
1407,,375,1406,"Superintendent of Police, Sagar (Madhya Pradesh)",bureaucratic,administrative,8,false,"District police chief, Sagar, Madhya Pradesh",https://en.wikipedia.org/wiki/List_of_districts_of_India,0.55,collected,2026-06-26
1408,,376,114,"District Magistrate / Collector, Chhatarpur (Madhya Pradesh)",bureaucratic,administrative,8,false,"Head of district administration, Chhatarpur, Madhya Pradesh",https://en.wikipedia.org/wiki/List_of_districts_of_India,0.65,collected,2026-06-26
1409,,376,1408,"Superintendent of Police, Chhatarpur (Madhya Pradesh)",bureaucratic,administrative,8,false,"District police chief, Chhatarpur, Madhya Pradesh",https://en.wikipedia.org/wiki/List_of_districts_of_India,0.55,collected,2026-06-26
1410,,377,114,"District Magistrate / Collector, Damoh (Madhya Pradesh)",bureaucratic,administrative,8,false,"Head of district administration, Damoh, Madhya Pradesh",https://en.wikipedia.org/wiki/List_of_districts_of_India,0.65,collected,2026-06-26
1411,,377,1410,"Superintendent of Police, Damoh (Madhya Pradesh)",bureaucratic,administrative,8,false,"District police chief, Damoh, Madhya Pradesh",https://en.wikipedia.org/wiki/List_of_districts_of_India,0.55,collected,2026-06-26
1412,,378,114,"District Magistrate / Collector, Niwari (Madhya Pradesh)",bureaucratic,administrative,8,false,"Head of district administration, Niwari, Madhya Pradesh",https://en.wikipedia.org/wiki/List_of_districts_of_India,0.65,collected,2026-06-26
1413,,378,1412,"Superintendent of Police, Niwari (Madhya Pradesh)",bureaucratic,administrative,8,false,"District police chief, Niwari, Madhya Pradesh",https://niwari.nic.in/en/about-district/whos-who/,0.90,collected,2026-07-03
1414,,379,114,"District Magistrate / Collector, Panna (Madhya Pradesh)",bureaucratic,administrative,8,false,"Head of district administration, Panna, Madhya Pradesh",https://en.wikipedia.org/wiki/List_of_districts_of_India,0.65,collected,2026-06-26
1415,,379,1414,"Superintendent of Police, Panna (Madhya Pradesh)",bureaucratic,administrative,8,false,"District police chief, Panna, Madhya Pradesh",https://panna.nic.in/en/about-district/whos-who/,0.90,collected,2026-07-03
1416,,380,114,"District Magistrate / Collector, Tikamgarh (Madhya Pradesh)",bureaucratic,administrative,8,false,"Head of district administration, Tikamgarh, Madhya Pradesh",https://en.wikipedia.org/wiki/List_of_districts_of_India,0.65,collected,2026-06-26
1417,,380,1416,"Superintendent of Police, Tikamgarh (Madhya Pradesh)",bureaucratic,administrative,8,false,"District police chief, Tikamgarh, Madhya Pradesh",https://en.wikipedia.org/wiki/List_of_districts_of_India,0.40,pending,2026-06-26
1418,,381,114,"District Magistrate / Collector, Shahdol (Madhya Pradesh)",bureaucratic,administrative,8,false,"Head of district administration, Shahdol, Madhya Pradesh",https://en.wikipedia.org/wiki/List_of_districts_of_India,0.65,collected,2026-06-26
1419,,381,1418,"Superintendent of Police, Shahdol (Madhya Pradesh)",bureaucratic,administrative,8,false,"District police chief, Shahdol, Madhya Pradesh",https://en.wikipedia.org/wiki/List_of_districts_of_India,0.55,collected,2026-06-26
1420,,382,114,"District Magistrate / Collector, Anuppur (Madhya Pradesh)",bureaucratic,administrative,8,false,"Head of district administration, Anuppur, Madhya Pradesh",https://en.wikipedia.org/wiki/List_of_districts_of_India,0.65,collected,2026-06-26
1421,,382,1420,"Superintendent of Police, Anuppur (Madhya Pradesh)",bureaucratic,administrative,8,false,"District police chief, Anuppur, Madhya Pradesh",https://en.wikipedia.org/wiki/List_of_districts_of_India,0.55,collected,2026-06-26
1422,,383,114,"District Magistrate / Collector, Umaria (Madhya Pradesh)",bureaucratic,administrative,8,false,"Head of district administration, Umaria, Madhya Pradesh",https://en.wikipedia.org/wiki/List_of_districts_of_India,0.65,collected,2026-06-26
1423,,383,1422,"Superintendent of Police, Umaria (Madhya Pradesh)",bureaucratic,administrative,8,false,"District police chief, Umaria, Madhya Pradesh",https://en.wikipedia.org/wiki/List_of_districts_of_India,0.55,collected,2026-06-26
1424,,384,114,"District Magistrate / Collector, Ujjain (Madhya Pradesh)",bureaucratic,administrative,8,false,"Head of district administration, Ujjain, Madhya Pradesh",https://en.wikipedia.org/wiki/List_of_districts_of_India,0.40,pending,2026-06-26
1425,,384,1424,"Superintendent of Police, Ujjain (Madhya Pradesh)",bureaucratic,administrative,8,false,"District police chief, Ujjain, Madhya Pradesh",https://en.wikipedia.org/wiki/List_of_districts_of_India,0.55,collected,2026-06-26
1426,,385,114,"District Magistrate / Collector, Agar Malwa (Madhya Pradesh)",bureaucratic,administrative,8,false,"Head of district administration, Agar Malwa, Madhya Pradesh",https://en.wikipedia.org/wiki/List_of_districts_of_India,0.65,collected,2026-06-26
1427,,385,1426,"Superintendent of Police, Agar Malwa (Madhya Pradesh)",bureaucratic,administrative,8,false,"District police chief, Agar Malwa, Madhya Pradesh",https://en.wikipedia.org/wiki/List_of_districts_of_India,0.55,collected,2026-06-26
1428,,386,114,"District Magistrate / Collector, Dewas (Madhya Pradesh)",bureaucratic,administrative,8,false,"Head of district administration, Dewas, Madhya Pradesh",https://en.wikipedia.org/wiki/List_of_districts_of_India,0.40,pending,2026-06-26
1429,,386,1428,"Superintendent of Police, Dewas (Madhya Pradesh)",bureaucratic,administrative,8,false,"District police chief, Dewas, Madhya Pradesh",https://en.wikipedia.org/wiki/List_of_districts_of_India,0.55,collected,2026-06-26
1430,,387,114,"District Magistrate / Collector, Mandsaur (Madhya Pradesh)",bureaucratic,administrative,8,false,"Head of district administration, Mandsaur, Madhya Pradesh",https://en.wikipedia.org/wiki/List_of_districts_of_India,0.65,collected,2026-06-26
1431,,387,1430,"Superintendent of Police, Mandsaur (Madhya Pradesh)",bureaucratic,administrative,8,false,"District police chief, Mandsaur, Madhya Pradesh",https://en.wikipedia.org/wiki/List_of_districts_of_India,0.55,collected,2026-06-26
1432,,388,114,"District Magistrate / Collector, Neemuch (Madhya Pradesh)",bureaucratic,administrative,8,false,"Head of district administration, Neemuch, Madhya Pradesh",https://en.wikipedia.org/wiki/List_of_districts_of_India,0.65,collected,2026-06-26
1433,,388,1432,"Superintendent of Police, Neemuch (Madhya Pradesh)",bureaucratic,administrative,8,false,"District police chief, Neemuch, Madhya Pradesh",https://en.wikipedia.org/wiki/List_of_districts_of_India,0.55,collected,2026-06-26
1434,,389,114,"District Magistrate / Collector, Ratlam (Madhya Pradesh)",bureaucratic,administrative,8,false,"Head of district administration, Ratlam, Madhya Pradesh",https://en.wikipedia.org/wiki/List_of_districts_of_India,0.65,collected,2026-06-26
1435,,389,1434,"Superintendent of Police, Ratlam (Madhya Pradesh)",bureaucratic,administrative,8,false,"District police chief, Ratlam, Madhya Pradesh",https://en.wikipedia.org/wiki/List_of_districts_of_India,0.55,collected,2026-06-26
1436,,390,114,"District Magistrate / Collector, Shajapur (Madhya Pradesh)",bureaucratic,administrative,8,false,"Head of district administration, Shajapur, Madhya Pradesh",https://en.wikipedia.org/wiki/List_of_districts_of_India,0.65,collected,2026-06-26
1437,,390,1436,"Superintendent of Police, Shajapur (Madhya Pradesh)",bureaucratic,administrative,8,false,"District police chief, Shajapur, Madhya Pradesh",https://en.wikipedia.org/wiki/List_of_districts_of_India,0.55,collected,2026-06-26
1438,,391,117,"District Magistrate / Collector, Ahmednagar (Maharashtra)",bureaucratic,administrative,8,false,"Head of district administration, Ahmednagar, Maharashtra",https://en.wikipedia.org/wiki/List_of_districts_of_India,0.70,collected,2026-06-26
1439,,391,1438,"Superintendent of Police, Ahmednagar (Maharashtra)",bureaucratic,administrative,8,false,"District police chief, Ahmednagar, Maharashtra",https://en.wikipedia.org/wiki/List_of_districts_of_India,0.40,pending,2026-06-26
1440,,392,117,"District Magistrate / Collector, Akola (Maharashtra)",bureaucratic,administrative,8,false,"Head of district administration, Akola, Maharashtra",https://en.wikipedia.org/wiki/List_of_districts_of_India,0.70,collected,2026-06-26
1441,,392,1440,"Superintendent of Police, Akola (Maharashtra)",bureaucratic,administrative,8,false,"District police chief, Akola, Maharashtra",https://en.wikipedia.org/wiki/List_of_districts_of_India,0.60,collected,2026-06-26
1442,,393,117,"District Magistrate / Collector, Amravati (Maharashtra)",bureaucratic,administrative,8,false,"Head of district administration, Amravati, Maharashtra",https://en.wikipedia.org/wiki/List_of_districts_of_India,0.70,collected,2026-06-26
1443,,393,1442,"Superintendent of Police, Amravati (Maharashtra)",bureaucratic,administrative,8,false,"District police chief, Amravati, Maharashtra",https://en.wikipedia.org/wiki/List_of_districts_of_India,0.60,collected,2026-06-26
1444,,394,117,"District Magistrate / Collector, Aurangabad (Maharashtra)",bureaucratic,administrative,8,false,"Head of district administration, Aurangabad, Maharashtra",https://en.wikipedia.org/wiki/List_of_districts_of_India,0.70,collected,2026-06-26
1445,,394,1444,"Superintendent of Police, Aurangabad (Maharashtra)",bureaucratic,administrative,8,false,"District police chief, Aurangabad, Maharashtra",https://en.wikipedia.org/wiki/List_of_districts_of_India,0.60,collected,2026-06-26
1446,,395,117,"District Magistrate / Collector, Beed (Maharashtra)",bureaucratic,administrative,8,false,"Head of district administration, Beed, Maharashtra",https://en.wikipedia.org/wiki/List_of_districts_of_India,0.70,collected,2026-06-26
1447,,395,1446,"Superintendent of Police, Beed (Maharashtra)",bureaucratic,administrative,8,false,"District police chief, Beed, Maharashtra",https://en.wikipedia.org/wiki/List_of_districts_of_India,0.60,collected,2026-06-26
1448,,396,117,"District Magistrate / Collector, Bhandara (Maharashtra)",bureaucratic,administrative,8,false,"Head of district administration, Bhandara, Maharashtra",https://en.wikipedia.org/wiki/List_of_districts_of_India,0.70,collected,2026-06-26
1449,,396,1448,"Superintendent of Police, Bhandara (Maharashtra)",bureaucratic,administrative,8,false,"District police chief, Bhandara, Maharashtra",https://en.wikipedia.org/wiki/List_of_districts_of_India,0.60,collected,2026-06-26
1450,,397,117,"District Magistrate / Collector, Buldhana (Maharashtra)",bureaucratic,administrative,8,false,"Head of district administration, Buldhana, Maharashtra",https://en.wikipedia.org/wiki/List_of_districts_of_India,0.70,collected,2026-06-26
1451,,397,1450,"Superintendent of Police, Buldhana (Maharashtra)",bureaucratic,administrative,8,false,"District police chief, Buldhana, Maharashtra",https://en.wikipedia.org/wiki/List_of_districts_of_India,0.60,collected,2026-06-26
1452,,398,117,"District Magistrate / Collector, Chandrapur (Maharashtra)",bureaucratic,administrative,8,false,"Head of district administration, Chandrapur, Maharashtra",https://en.wikipedia.org/wiki/List_of_districts_of_India,0.70,collected,2026-06-26
1453,,398,1452,"Superintendent of Police, Chandrapur (Maharashtra)",bureaucratic,administrative,8,false,"District police chief, Chandrapur, Maharashtra",https://en.wikipedia.org/wiki/List_of_districts_of_India,0.60,collected,2026-06-26
1454,,399,117,"District Magistrate / Collector, Dhule (Maharashtra)",bureaucratic,administrative,8,false,"Head of district administration, Dhule, Maharashtra",https://en.wikipedia.org/wiki/List_of_districts_of_India,0.70,collected,2026-06-26
1455,,399,1454,"Superintendent of Police, Dhule (Maharashtra)",bureaucratic,administrative,8,false,"District police chief, Dhule, Maharashtra",https://en.wikipedia.org/wiki/List_of_districts_of_India,0.60,collected,2026-06-26
1456,,400,117,"District Magistrate / Collector, Gadchiroli (Maharashtra)",bureaucratic,administrative,8,false,"Head of district administration, Gadchiroli, Maharashtra",https://en.wikipedia.org/wiki/List_of_districts_of_India,0.70,collected,2026-06-26
1457,,400,1456,"Superintendent of Police, Gadchiroli (Maharashtra)",bureaucratic,administrative,8,false,"District police chief, Gadchiroli, Maharashtra",https://en.wikipedia.org/wiki/List_of_districts_of_India,0.60,collected,2026-06-26
1458,,401,117,"District Magistrate / Collector, Gondia (Maharashtra)",bureaucratic,administrative,8,false,"Head of district administration, Gondia, Maharashtra",https://en.wikipedia.org/wiki/List_of_districts_of_India,0.70,collected,2026-06-26
1459,,401,1458,"Superintendent of Police, Gondia (Maharashtra)",bureaucratic,administrative,8,false,"District police chief, Gondia, Maharashtra",https://en.wikipedia.org/wiki/List_of_districts_of_India,0.60,collected,2026-06-26
1460,,402,117,"District Magistrate / Collector, Hingoli (Maharashtra)",bureaucratic,administrative,8,false,"Head of district administration, Hingoli, Maharashtra",https://en.wikipedia.org/wiki/List_of_districts_of_India,0.70,collected,2026-06-26
1461,,402,1460,"Superintendent of Police, Hingoli (Maharashtra)",bureaucratic,administrative,8,false,"District police chief, Hingoli, Maharashtra",https://en.wikipedia.org/wiki/List_of_districts_of_India,0.60,collected,2026-06-26
1462,,403,117,"District Magistrate / Collector, Jalgaon (Maharashtra)",bureaucratic,administrative,8,false,"Head of district administration, Jalgaon, Maharashtra",https://en.wikipedia.org/wiki/List_of_districts_of_India,0.70,collected,2026-06-26
1463,,403,1462,"Superintendent of Police, Jalgaon (Maharashtra)",bureaucratic,administrative,8,false,"District police chief, Jalgaon, Maharashtra",https://en.wikipedia.org/wiki/List_of_districts_of_India,0.60,collected,2026-06-26
1464,,404,117,"District Magistrate / Collector, Jalna (Maharashtra)",bureaucratic,administrative,8,false,"Head of district administration, Jalna, Maharashtra",https://en.wikipedia.org/wiki/List_of_districts_of_India,0.70,collected,2026-06-26
1465,,404,1464,"Superintendent of Police, Jalna (Maharashtra)",bureaucratic,administrative,8,false,"District police chief, Jalna, Maharashtra",https://en.wikipedia.org/wiki/List_of_districts_of_India,0.60,collected,2026-06-26
1466,,405,117,"District Magistrate / Collector, Kolhapur (Maharashtra)",bureaucratic,administrative,8,false,"Head of district administration, Kolhapur, Maharashtra",https://en.wikipedia.org/wiki/List_of_districts_of_India,0.70,collected,2026-06-26
1467,,405,1466,"Superintendent of Police, Kolhapur (Maharashtra)",bureaucratic,administrative,8,false,"District police chief, Kolhapur, Maharashtra",https://en.wikipedia.org/wiki/List_of_districts_of_India,0.60,collected,2026-06-26
1468,,406,117,"District Magistrate / Collector, Latur (Maharashtra)",bureaucratic,administrative,8,false,"Head of district administration, Latur, Maharashtra",https://en.wikipedia.org/wiki/List_of_districts_of_India,0.70,collected,2026-06-26
1469,,406,1468,"Superintendent of Police, Latur (Maharashtra)",bureaucratic,administrative,8,false,"District police chief, Latur, Maharashtra",https://en.wikipedia.org/wiki/List_of_districts_of_India,0.60,collected,2026-06-26
1470,,407,117,"District Magistrate / Collector, Mumbai City (Maharashtra)",bureaucratic,administrative,8,false,"Head of district administration, Mumbai City, Maharashtra",https://en.wikipedia.org/wiki/List_of_districts_of_India,0.70,collected,2026-06-26
1471,,407,1470,"Superintendent of Police, Mumbai City (Maharashtra)",bureaucratic,administrative,8,false,"District police chief, Mumbai City, Maharashtra",https://en.wikipedia.org/wiki/List_of_districts_of_India,0.40,pending,2026-06-26
1472,,408,117,"District Magistrate / Collector, Mumbai Suburban (Maharashtra)",bureaucratic,administrative,8,false,"Head of district administration, Mumbai Suburban, Maharashtra",https://en.wikipedia.org/wiki/List_of_districts_of_India,0.70,collected,2026-06-26
1473,,408,1472,"Superintendent of Police, Mumbai Suburban (Maharashtra)",bureaucratic,administrative,8,false,"District police chief, Mumbai Suburban, Maharashtra",https://en.wikipedia.org/wiki/List_of_districts_of_India,0.60,collected,2026-06-26
1474,,409,117,"District Magistrate / Collector, Nagpur (Maharashtra)",bureaucratic,administrative,8,false,"Head of district administration, Nagpur, Maharashtra",https://en.wikipedia.org/wiki/List_of_districts_of_India,0.70,collected,2026-06-26
1475,,409,1474,"Superintendent of Police, Nagpur (Maharashtra)",bureaucratic,administrative,8,false,"District police chief, Nagpur, Maharashtra",https://en.wikipedia.org/wiki/List_of_districts_of_India,0.60,collected,2026-06-26
1476,,410,117,"District Magistrate / Collector, Nanded (Maharashtra)",bureaucratic,administrative,8,false,"Head of district administration, Nanded, Maharashtra",https://en.wikipedia.org/wiki/List_of_districts_of_India,0.70,collected,2026-06-26
1477,,410,1476,"Superintendent of Police, Nanded (Maharashtra)",bureaucratic,administrative,8,false,"District police chief, Nanded, Maharashtra",https://en.wikipedia.org/wiki/List_of_districts_of_India,0.60,collected,2026-06-26
1478,,411,117,"District Magistrate / Collector, Nandurbar (Maharashtra)",bureaucratic,administrative,8,false,"Head of district administration, Nandurbar, Maharashtra",https://en.wikipedia.org/wiki/List_of_districts_of_India,0.70,collected,2026-06-26
1479,,411,1478,"Superintendent of Police, Nandurbar (Maharashtra)",bureaucratic,administrative,8,false,"District police chief, Nandurbar, Maharashtra",https://en.wikipedia.org/wiki/List_of_districts_of_India,0.60,collected,2026-06-26
1480,,412,117,"District Magistrate / Collector, Nashik (Maharashtra)",bureaucratic,administrative,8,false,"Head of district administration, Nashik, Maharashtra",https://en.wikipedia.org/wiki/List_of_districts_of_India,0.70,collected,2026-06-26
1481,,412,1480,"Superintendent of Police, Nashik (Maharashtra)",bureaucratic,administrative,8,false,"District police chief, Nashik, Maharashtra",https://en.wikipedia.org/wiki/List_of_districts_of_India,0.60,collected,2026-06-26
1482,,413,117,"District Magistrate / Collector, Osmanabad (Maharashtra)",bureaucratic,administrative,8,false,"Head of district administration, Osmanabad, Maharashtra",https://en.wikipedia.org/wiki/List_of_districts_of_India,0.70,collected,2026-06-26
1483,,413,1482,"Superintendent of Police, Osmanabad (Maharashtra)",bureaucratic,administrative,8,false,"District police chief, Osmanabad, Maharashtra",https://en.wikipedia.org/wiki/List_of_districts_of_India,0.60,collected,2026-06-26
1484,,414,117,"District Magistrate / Collector, Palghar (Maharashtra)",bureaucratic,administrative,8,false,"Head of district administration, Palghar, Maharashtra",https://en.wikipedia.org/wiki/List_of_districts_of_India,0.70,collected,2026-06-26
1485,,414,1484,"Superintendent of Police, Palghar (Maharashtra)",bureaucratic,administrative,8,false,"District police chief, Palghar, Maharashtra",https://en.wikipedia.org/wiki/List_of_districts_of_India,0.60,collected,2026-06-26
1486,,415,117,"District Magistrate / Collector, Parbhani (Maharashtra)",bureaucratic,administrative,8,false,"Head of district administration, Parbhani, Maharashtra",https://en.wikipedia.org/wiki/List_of_districts_of_India,0.70,collected,2026-06-26
1487,,415,1486,"Superintendent of Police, Parbhani (Maharashtra)",bureaucratic,administrative,8,false,"District police chief, Parbhani, Maharashtra",https://en.wikipedia.org/wiki/List_of_districts_of_India,0.60,collected,2026-06-26
1488,,416,117,"District Magistrate / Collector, Pune (Maharashtra)",bureaucratic,administrative,8,false,"Head of district administration, Pune, Maharashtra",https://en.wikipedia.org/wiki/List_of_districts_of_India,0.70,collected,2026-06-26
1489,,416,1488,"Superintendent of Police, Pune (Maharashtra)",bureaucratic,administrative,8,false,"District police chief, Pune, Maharashtra",https://en.wikipedia.org/wiki/List_of_districts_of_India,0.60,collected,2026-06-26
1490,,417,117,"District Magistrate / Collector, Raigad (Maharashtra)",bureaucratic,administrative,8,false,"Head of district administration, Raigad, Maharashtra",https://en.wikipedia.org/wiki/List_of_districts_of_India,0.70,collected,2026-06-26
1491,,417,1490,"Superintendent of Police, Raigad (Maharashtra)",bureaucratic,administrative,8,false,"District police chief, Raigad, Maharashtra",https://en.wikipedia.org/wiki/List_of_districts_of_India,0.60,collected,2026-06-26
1492,,418,117,"District Magistrate / Collector, Ratnagiri (Maharashtra)",bureaucratic,administrative,8,false,"Head of district administration, Ratnagiri, Maharashtra",https://en.wikipedia.org/wiki/List_of_districts_of_India,0.70,collected,2026-06-26
1493,,418,1492,"Superintendent of Police, Ratnagiri (Maharashtra)",bureaucratic,administrative,8,false,"District police chief, Ratnagiri, Maharashtra",https://en.wikipedia.org/wiki/List_of_districts_of_India,0.60,collected,2026-06-26
1494,,419,117,"District Magistrate / Collector, Sangli (Maharashtra)",bureaucratic,administrative,8,false,"Head of district administration, Sangli, Maharashtra",https://en.wikipedia.org/wiki/List_of_districts_of_India,0.70,collected,2026-06-26
1495,,419,1494,"Superintendent of Police, Sangli (Maharashtra)",bureaucratic,administrative,8,false,"District police chief, Sangli, Maharashtra",https://en.wikipedia.org/wiki/List_of_districts_of_India,0.60,collected,2026-06-26
1496,,420,117,"District Magistrate / Collector, Satara (Maharashtra)",bureaucratic,administrative,8,false,"Head of district administration, Satara, Maharashtra",https://en.wikipedia.org/wiki/List_of_districts_of_India,0.70,collected,2026-06-26
1497,,420,1496,"Superintendent of Police, Satara (Maharashtra)",bureaucratic,administrative,8,false,"District police chief, Satara, Maharashtra",https://en.wikipedia.org/wiki/List_of_districts_of_India,0.60,collected,2026-06-26
1498,,421,117,"District Magistrate / Collector, Sindhudurg (Maharashtra)",bureaucratic,administrative,8,false,"Head of district administration, Sindhudurg, Maharashtra",https://en.wikipedia.org/wiki/List_of_districts_of_India,0.70,collected,2026-06-26
1499,,421,1498,"Superintendent of Police, Sindhudurg (Maharashtra)",bureaucratic,administrative,8,false,"District police chief, Sindhudurg, Maharashtra",https://en.wikipedia.org/wiki/List_of_districts_of_India,0.60,collected,2026-06-26
1500,,422,117,"District Magistrate / Collector, Solapur (Maharashtra)",bureaucratic,administrative,8,false,"Head of district administration, Solapur, Maharashtra",https://en.wikipedia.org/wiki/List_of_districts_of_India,0.70,collected,2026-06-26
1501,,422,1500,"Superintendent of Police, Solapur (Maharashtra)",bureaucratic,administrative,8,false,"District police chief, Solapur, Maharashtra",https://en.wikipedia.org/wiki/List_of_districts_of_India,0.60,collected,2026-06-26
1502,,423,117,"District Magistrate / Collector, Thane (Maharashtra)",bureaucratic,administrative,8,false,"Head of district administration, Thane, Maharashtra",https://en.wikipedia.org/wiki/List_of_districts_of_India,0.70,collected,2026-06-26
1503,,423,1502,"Superintendent of Police, Thane (Maharashtra)",bureaucratic,administrative,8,false,"District police chief, Thane, Maharashtra",https://en.wikipedia.org/wiki/List_of_districts_of_India,0.60,collected,2026-06-26
1504,,424,117,"District Magistrate / Collector, Wardha (Maharashtra)",bureaucratic,administrative,8,false,"Head of district administration, Wardha, Maharashtra",https://en.wikipedia.org/wiki/List_of_districts_of_India,0.70,collected,2026-06-26
1505,,424,1504,"Superintendent of Police, Wardha (Maharashtra)",bureaucratic,administrative,8,false,"District police chief, Wardha, Maharashtra",https://en.wikipedia.org/wiki/List_of_districts_of_India,0.60,collected,2026-06-26
1506,,425,117,"District Magistrate / Collector, Washim (Maharashtra)",bureaucratic,administrative,8,false,"Head of district administration, Washim, Maharashtra",https://en.wikipedia.org/wiki/List_of_districts_of_India,0.70,collected,2026-06-26
1507,,425,1506,"Superintendent of Police, Washim (Maharashtra)",bureaucratic,administrative,8,false,"District police chief, Washim, Maharashtra",https://en.wikipedia.org/wiki/List_of_districts_of_India,0.60,collected,2026-06-26
1508,,426,117,"District Magistrate / Collector, Yavatmal (Maharashtra)",bureaucratic,administrative,8,false,"Head of district administration, Yavatmal, Maharashtra",https://en.wikipedia.org/wiki/List_of_districts_of_India,0.70,collected,2026-06-26
1509,,426,1508,"Superintendent of Police, Yavatmal (Maharashtra)",bureaucratic,administrative,8,false,"District police chief, Yavatmal, Maharashtra",https://en.wikipedia.org/wiki/List_of_districts_of_India,0.60,collected,2026-06-26
1510,,427,120,"District Magistrate / Collector, Bishnupur (Manipur)",bureaucratic,administrative,8,false,"Head of district administration, Bishnupur, Manipur",https://en.wikipedia.org/wiki/List_of_districts_of_India,0.55,collected,2026-06-26
1511,,427,1510,"Superintendent of Police, Bishnupur (Manipur)",bureaucratic,administrative,8,false,"District police chief, Bishnupur, Manipur",https://en.wikipedia.org/wiki/List_of_districts_of_India,0.55,collected,2026-06-26
1512,,428,120,"District Magistrate / Collector, Chandel (Manipur)",bureaucratic,administrative,8,false,"Head of district administration, Chandel, Manipur",https://en.wikipedia.org/wiki/List_of_districts_of_India,0.55,collected,2026-06-26
1513,,428,1512,"Superintendent of Police, Chandel (Manipur)",bureaucratic,administrative,8,false,"District police chief, Chandel, Manipur",https://en.wikipedia.org/wiki/List_of_districts_of_India,0.55,collected,2026-06-26
1514,,429,120,"District Magistrate / Collector, Churachandpur (Manipur)",bureaucratic,administrative,8,false,"Head of district administration, Churachandpur, Manipur",https://en.wikipedia.org/wiki/List_of_districts_of_India,0.55,collected,2026-06-26
1515,,429,1514,"Superintendent of Police, Churachandpur (Manipur)",bureaucratic,administrative,8,false,"District police chief, Churachandpur, Manipur",https://en.wikipedia.org/wiki/List_of_districts_of_India,0.55,collected,2026-06-26
1516,,430,120,"District Magistrate / Collector, Imphal East (Manipur)",bureaucratic,administrative,8,false,"Head of district administration, Imphal East, Manipur",https://en.wikipedia.org/wiki/List_of_districts_of_India,0.55,collected,2026-06-26
1517,,430,1516,"Superintendent of Police, Imphal East (Manipur)",bureaucratic,administrative,8,false,"District police chief, Imphal East, Manipur",https://en.wikipedia.org/wiki/List_of_districts_of_India,0.55,collected,2026-06-26
1518,,431,120,"District Magistrate / Collector, Imphal West (Manipur)",bureaucratic,administrative,8,false,"Head of district administration, Imphal West, Manipur",https://en.wikipedia.org/wiki/List_of_districts_of_India,0.55,collected,2026-06-26
1519,,431,1518,"Superintendent of Police, Imphal West (Manipur)",bureaucratic,administrative,8,false,"District police chief, Imphal West, Manipur",https://en.wikipedia.org/wiki/List_of_districts_of_India,0.55,collected,2026-06-26
1520,,432,120,"District Magistrate / Collector, Jiribam (Manipur)",bureaucratic,administrative,8,false,"Head of district administration, Jiribam, Manipur",https://en.wikipedia.org/wiki/List_of_districts_of_India,0.55,collected,2026-06-26
1521,,432,1520,"Superintendent of Police, Jiribam (Manipur)",bureaucratic,administrative,8,false,"District police chief, Jiribam, Manipur",https://en.wikipedia.org/wiki/List_of_districts_of_India,0.55,collected,2026-06-26
1522,,433,120,"District Magistrate / Collector, Kakching (Manipur)",bureaucratic,administrative,8,false,"Head of district administration, Kakching, Manipur",https://en.wikipedia.org/wiki/List_of_districts_of_India,0.40,pending,2026-06-26
1523,,433,1522,"Superintendent of Police, Kakching (Manipur)",bureaucratic,administrative,8,false,"District police chief, Kakching, Manipur",https://en.wikipedia.org/wiki/List_of_districts_of_India,0.55,collected,2026-06-26
1524,,434,120,"District Magistrate / Collector, Kamjong (Manipur)",bureaucratic,administrative,8,false,"Head of district administration, Kamjong, Manipur",https://en.wikipedia.org/wiki/List_of_districts_of_India,0.40,pending,2026-06-26
1525,,434,1524,"Superintendent of Police, Kamjong (Manipur)",bureaucratic,administrative,8,false,"District police chief, Kamjong, Manipur",https://en.wikipedia.org/wiki/List_of_districts_of_India,0.55,collected,2026-06-26
1526,,435,120,"District Magistrate / Collector, Kangpokpi (Manipur)",bureaucratic,administrative,8,false,"Head of district administration, Kangpokpi, Manipur",https://en.wikipedia.org/wiki/List_of_districts_of_India,0.55,collected,2026-06-26
1527,,435,1526,"Superintendent of Police, Kangpokpi (Manipur)",bureaucratic,administrative,8,false,"District police chief, Kangpokpi, Manipur",https://en.wikipedia.org/wiki/List_of_districts_of_India,0.55,collected,2026-06-26
1528,,436,120,"District Magistrate / Collector, Noney (Manipur)",bureaucratic,administrative,8,false,"Head of district administration, Noney, Manipur",https://en.wikipedia.org/wiki/List_of_districts_of_India,0.55,collected,2026-06-26
1529,,436,1528,"Superintendent of Police, Noney (Manipur)",bureaucratic,administrative,8,false,"District police chief, Noney, Manipur",https://en.wikipedia.org/wiki/List_of_districts_of_India,0.55,collected,2026-06-26
1530,,437,120,"District Magistrate / Collector, Pherzawl (Manipur)",bureaucratic,administrative,8,false,"Head of district administration, Pherzawl, Manipur",https://en.wikipedia.org/wiki/List_of_districts_of_India,0.55,collected,2026-06-26
1531,,437,1530,"Superintendent of Police, Pherzawl (Manipur)",bureaucratic,administrative,8,false,"District police chief, Pherzawl, Manipur",https://en.wikipedia.org/wiki/List_of_districts_of_India,0.55,collected,2026-06-26
1532,,438,120,"District Magistrate / Collector, Senapati (Manipur)",bureaucratic,administrative,8,false,"Head of district administration, Senapati, Manipur",https://en.wikipedia.org/wiki/List_of_districts_of_India,0.55,collected,2026-06-26
1533,,438,1532,"Superintendent of Police, Senapati (Manipur)",bureaucratic,administrative,8,false,"District police chief, Senapati, Manipur",https://en.wikipedia.org/wiki/List_of_districts_of_India,0.55,collected,2026-06-26
1534,,439,120,"District Magistrate / Collector, Tamenglong (Manipur)",bureaucratic,administrative,8,false,"Head of district administration, Tamenglong, Manipur",https://en.wikipedia.org/wiki/List_of_districts_of_India,0.55,collected,2026-06-26
1535,,439,1534,"Superintendent of Police, Tamenglong (Manipur)",bureaucratic,administrative,8,false,"District police chief, Tamenglong, Manipur",https://en.wikipedia.org/wiki/List_of_districts_of_India,0.55,collected,2026-06-26
1536,,440,120,"District Magistrate / Collector, Tengnoupal (Manipur)",bureaucratic,administrative,8,false,"Head of district administration, Tengnoupal, Manipur",https://en.wikipedia.org/wiki/List_of_districts_of_India,0.55,collected,2026-06-26
1537,,440,1536,"Superintendent of Police, Tengnoupal (Manipur)",bureaucratic,administrative,8,false,"District police chief, Tengnoupal, Manipur",https://en.wikipedia.org/wiki/List_of_districts_of_India,0.55,collected,2026-06-26
1538,,441,120,"District Magistrate / Collector, Thoubal (Manipur)",bureaucratic,administrative,8,false,"Head of district administration, Thoubal, Manipur",https://en.wikipedia.org/wiki/List_of_districts_of_India,0.55,collected,2026-06-26
1539,,441,1538,"Superintendent of Police, Thoubal (Manipur)",bureaucratic,administrative,8,false,"District police chief, Thoubal, Manipur",https://en.wikipedia.org/wiki/List_of_districts_of_India,0.55,collected,2026-06-26
1540,,442,120,"District Magistrate / Collector, Ukhrul (Manipur)",bureaucratic,administrative,8,false,"Head of district administration, Ukhrul, Manipur",https://en.wikipedia.org/wiki/List_of_districts_of_India,0.55,collected,2026-06-26
1541,,442,1540,"Superintendent of Police, Ukhrul (Manipur)",bureaucratic,administrative,8,false,"District police chief, Ukhrul, Manipur",https://en.wikipedia.org/wiki/List_of_districts_of_India,0.55,collected,2026-06-26
1542,,443,123,"District Magistrate / Collector, North Garo Hills (Meghalaya)",bureaucratic,administrative,8,false,"Head of district administration, North Garo Hills, Meghalaya",https://en.wikipedia.org/wiki/List_of_districts_of_India,0.55,collected,2026-06-26
1543,,443,1542,"Superintendent of Police, North Garo Hills (Meghalaya)",bureaucratic,administrative,8,false,"District police chief, North Garo Hills, Meghalaya",https://en.wikipedia.org/wiki/List_of_districts_of_India,0.60,collected,2026-06-26
1544,,444,123,"District Magistrate / Collector, East Garo Hills (Meghalaya)",bureaucratic,administrative,8,false,"Head of district administration, East Garo Hills, Meghalaya",https://en.wikipedia.org/wiki/List_of_districts_of_India,0.55,collected,2026-06-26
1545,,444,1544,"Superintendent of Police, East Garo Hills (Meghalaya)",bureaucratic,administrative,8,false,"District police chief, East Garo Hills, Meghalaya",https://en.wikipedia.org/wiki/List_of_districts_of_India,0.60,collected,2026-06-26
1546,,445,123,"District Magistrate / Collector, South Garo Hills (Meghalaya)",bureaucratic,administrative,8,false,"Head of district administration, South Garo Hills, Meghalaya",https://en.wikipedia.org/wiki/List_of_districts_of_India,0.55,collected,2026-06-26
1547,,445,1546,"Superintendent of Police, South Garo Hills (Meghalaya)",bureaucratic,administrative,8,false,"District police chief, South Garo Hills, Meghalaya",https://en.wikipedia.org/wiki/List_of_districts_of_India,0.60,collected,2026-06-26
1548,,446,123,"District Magistrate / Collector, West Garo Hills (Meghalaya)",bureaucratic,administrative,8,false,"Head of district administration, West Garo Hills, Meghalaya",https://en.wikipedia.org/wiki/List_of_districts_of_India,0.40,pending,2026-06-26
1549,,446,1548,"Superintendent of Police, West Garo Hills (Meghalaya)",bureaucratic,administrative,8,false,"District police chief, West Garo Hills, Meghalaya",https://en.wikipedia.org/wiki/List_of_districts_of_India,0.60,collected,2026-06-26
1550,,447,123,"District Magistrate / Collector, South West Garo Hills (Meghalaya)",bureaucratic,administrative,8,false,"Head of district administration, South West Garo Hills, Meghalaya",https://en.wikipedia.org/wiki/List_of_districts_of_India,0.55,collected,2026-06-26
1551,,447,1550,"Superintendent of Police, South West Garo Hills (Meghalaya)",bureaucratic,administrative,8,false,"District police chief, South West Garo Hills, Meghalaya",https://en.wikipedia.org/wiki/List_of_districts_of_India,0.60,collected,2026-06-26
1552,,448,123,"District Magistrate / Collector, West Jaintia Hills (Meghalaya)",bureaucratic,administrative,8,false,"Head of district administration, West Jaintia Hills, Meghalaya",https://en.wikipedia.org/wiki/List_of_districts_of_India,0.55,collected,2026-06-26
1553,,448,1552,"Superintendent of Police, West Jaintia Hills (Meghalaya)",bureaucratic,administrative,8,false,"District police chief, West Jaintia Hills, Meghalaya",https://en.wikipedia.org/wiki/List_of_districts_of_India,0.60,collected,2026-06-26
1554,,449,123,"District Magistrate / Collector, East Jaintia Hills (Meghalaya)",bureaucratic,administrative,8,false,"Head of district administration, East Jaintia Hills, Meghalaya",https://en.wikipedia.org/wiki/List_of_districts_of_India,0.55,collected,2026-06-26
1555,,449,1554,"Superintendent of Police, East Jaintia Hills (Meghalaya)",bureaucratic,administrative,8,false,"District police chief, East Jaintia Hills, Meghalaya",https://en.wikipedia.org/wiki/List_of_districts_of_India,0.60,collected,2026-06-26
1556,,450,123,"District Magistrate / Collector, East Khasi Hills (Meghalaya)",bureaucratic,administrative,8,false,"Head of district administration, East Khasi Hills, Meghalaya",https://en.wikipedia.org/wiki/List_of_districts_of_India,0.55,collected,2026-06-26
1557,,450,1556,"Superintendent of Police, East Khasi Hills (Meghalaya)",bureaucratic,administrative,8,false,"District police chief, East Khasi Hills, Meghalaya",https://en.wikipedia.org/wiki/List_of_districts_of_India,0.60,collected,2026-06-26
1558,,451,123,"District Magistrate / Collector, West Khasi Hills (Meghalaya)",bureaucratic,administrative,8,false,"Head of district administration, West Khasi Hills, Meghalaya",https://en.wikipedia.org/wiki/List_of_districts_of_India,0.40,pending,2026-06-26
1559,,451,1558,"Superintendent of Police, West Khasi Hills (Meghalaya)",bureaucratic,administrative,8,false,"District police chief, West Khasi Hills, Meghalaya",https://en.wikipedia.org/wiki/List_of_districts_of_India,0.60,collected,2026-06-26
1560,,452,123,"District Magistrate / Collector, South West Khasi Hills (Meghalaya)",bureaucratic,administrative,8,false,"Head of district administration, South West Khasi Hills, Meghalaya",https://en.wikipedia.org/wiki/List_of_districts_of_India,0.55,collected,2026-06-26
1561,,452,1560,"Superintendent of Police, South West Khasi Hills (Meghalaya)",bureaucratic,administrative,8,false,"District police chief, South West Khasi Hills, Meghalaya",https://en.wikipedia.org/wiki/List_of_districts_of_India,0.60,collected,2026-06-26
1562,,453,123,"District Magistrate / Collector, Eastern West Khasi Hills (Meghalaya)",bureaucratic,administrative,8,false,"Head of district administration, Eastern West Khasi Hills, Meghalaya",https://en.wikipedia.org/wiki/List_of_districts_of_India,0.55,collected,2026-06-26
1563,,453,1562,"Superintendent of Police, Eastern West Khasi Hills (Meghalaya)",bureaucratic,administrative,8,false,"District police chief, Eastern West Khasi Hills, Meghalaya",https://en.wikipedia.org/wiki/List_of_districts_of_India,0.60,collected,2026-06-26
1564,,454,123,"District Magistrate / Collector, Ri-Bhoi (Meghalaya)",bureaucratic,administrative,8,false,"Head of district administration, Ri-Bhoi, Meghalaya",https://en.wikipedia.org/wiki/List_of_districts_of_India,0.40,pending,2026-06-26
1565,,454,1564,"Superintendent of Police, Ri-Bhoi (Meghalaya)",bureaucratic,administrative,8,false,"District police chief, Ri-Bhoi, Meghalaya",https://en.wikipedia.org/wiki/List_of_districts_of_India,0.60,collected,2026-06-26
1566,,455,126,"District Magistrate / Collector, Aizawl (Mizoram)",bureaucratic,administrative,8,false,"Head of district administration, Aizawl, Mizoram",https://en.wikipedia.org/wiki/List_of_districts_of_India,0.60,collected,2026-06-26
1567,,455,1566,"Superintendent of Police, Aizawl (Mizoram)",bureaucratic,administrative,8,false,"District police chief, Aizawl, Mizoram",https://en.wikipedia.org/wiki/List_of_districts_of_India,0.60,collected,2026-06-26
1568,,456,126,"District Magistrate / Collector, Champhai (Mizoram)",bureaucratic,administrative,8,false,"Head of district administration, Champhai, Mizoram",https://en.wikipedia.org/wiki/List_of_districts_of_India,0.60,collected,2026-06-26
1569,,456,1568,"Superintendent of Police, Champhai (Mizoram)",bureaucratic,administrative,8,false,"District police chief, Champhai, Mizoram",https://en.wikipedia.org/wiki/List_of_districts_of_India,0.60,collected,2026-06-26
1570,,457,126,"District Magistrate / Collector, Hnahthial (Mizoram)",bureaucratic,administrative,8,false,"Head of district administration, Hnahthial, Mizoram",https://en.wikipedia.org/wiki/List_of_districts_of_India,0.60,collected,2026-06-26
1571,,457,1570,"Superintendent of Police, Hnahthial (Mizoram)",bureaucratic,administrative,8,false,"District police chief, Hnahthial, Mizoram",https://police.mizoram.gov.in/page/senior-police-officers,0.90,collected,2026-07-03
1572,,458,126,"District Magistrate / Collector, Khawzawl (Mizoram)",bureaucratic,administrative,8,false,"Head of district administration, Khawzawl, Mizoram",https://en.wikipedia.org/wiki/List_of_districts_of_India,0.60,collected,2026-06-26
1573,,458,1572,"Superintendent of Police, Khawzawl (Mizoram)",bureaucratic,administrative,8,false,"District police chief, Khawzawl, Mizoram",https://en.wikipedia.org/wiki/List_of_districts_of_India,0.60,collected,2026-06-26
1574,,459,126,"District Magistrate / Collector, Kolasib (Mizoram)",bureaucratic,administrative,8,false,"Head of district administration, Kolasib, Mizoram",https://en.wikipedia.org/wiki/List_of_districts_of_India,0.60,collected,2026-06-26
1575,,459,1574,"Superintendent of Police, Kolasib (Mizoram)",bureaucratic,administrative,8,false,"District police chief, Kolasib, Mizoram",https://en.wikipedia.org/wiki/List_of_districts_of_India,0.60,collected,2026-06-26
1576,,460,126,"District Magistrate / Collector, Lawngtlai (Mizoram)",bureaucratic,administrative,8,false,"Head of district administration, Lawngtlai, Mizoram",https://en.wikipedia.org/wiki/List_of_districts_of_India,0.60,collected,2026-06-26
1577,,460,1576,"Superintendent of Police, Lawngtlai (Mizoram)",bureaucratic,administrative,8,false,"District police chief, Lawngtlai, Mizoram",https://police.mizoram.gov.in/page/senior-police-officers,0.90,collected,2026-07-03
1578,,461,126,"District Magistrate / Collector, Lunglei (Mizoram)",bureaucratic,administrative,8,false,"Head of district administration, Lunglei, Mizoram",https://en.wikipedia.org/wiki/List_of_districts_of_India,0.60,collected,2026-06-26
1579,,461,1578,"Superintendent of Police, Lunglei (Mizoram)",bureaucratic,administrative,8,false,"District police chief, Lunglei, Mizoram",https://en.wikipedia.org/wiki/List_of_districts_of_India,0.60,collected,2026-06-26
1580,,462,126,"District Magistrate / Collector, Mamit (Mizoram)",bureaucratic,administrative,8,false,"Head of district administration, Mamit, Mizoram",https://en.wikipedia.org/wiki/List_of_districts_of_India,0.60,collected,2026-06-26
1581,,462,1580,"Superintendent of Police, Mamit (Mizoram)",bureaucratic,administrative,8,false,"District police chief, Mamit, Mizoram",https://en.wikipedia.org/wiki/List_of_districts_of_India,0.60,collected,2026-06-26
1582,,463,126,"District Magistrate / Collector, Saiha (Mizoram)",bureaucratic,administrative,8,false,"Head of district administration, Saiha, Mizoram",https://en.wikipedia.org/wiki/List_of_districts_of_India,0.60,collected,2026-06-26
1583,,463,1582,"Superintendent of Police, Saiha (Mizoram)",bureaucratic,administrative,8,false,"District police chief, Saiha, Mizoram",https://police.mizoram.gov.in/page/senior-police-officers,0.90,collected,2026-07-03
1584,,464,126,"District Magistrate / Collector, Saitual (Mizoram)",bureaucratic,administrative,8,false,"Head of district administration, Saitual, Mizoram",https://en.wikipedia.org/wiki/List_of_districts_of_India,0.60,collected,2026-06-26
1585,,464,1584,"Superintendent of Police, Saitual (Mizoram)",bureaucratic,administrative,8,false,"District police chief, Saitual, Mizoram",https://police.mizoram.gov.in/page/senior-police-officers,0.90,collected,2026-07-03
1586,,465,126,"District Magistrate / Collector, Serchhip (Mizoram)",bureaucratic,administrative,8,false,"Head of district administration, Serchhip, Mizoram",https://en.wikipedia.org/wiki/List_of_districts_of_India,0.60,collected,2026-06-26
1587,,465,1586,"Superintendent of Police, Serchhip (Mizoram)",bureaucratic,administrative,8,false,"District police chief, Serchhip, Mizoram",https://en.wikipedia.org/wiki/List_of_districts_of_India,0.60,collected,2026-06-26
1588,,466,129,"District Magistrate / Collector, Chumoukedima (Nagaland)",bureaucratic,administrative,8,false,"Head of district administration, Chumoukedima, Nagaland",https://en.wikipedia.org/wiki/List_of_districts_of_India,0.55,collected,2026-06-26
1589,,466,1588,"Superintendent of Police, Chumoukedima (Nagaland)",bureaucratic,administrative,8,false,"District police chief, Chumoukedima, Nagaland",https://en.wikipedia.org/wiki/List_of_districts_of_India,0.65,collected,2026-06-26
1590,,467,129,"District Magistrate / Collector, Dimapur (Nagaland)",bureaucratic,administrative,8,false,"Head of district administration, Dimapur, Nagaland",https://en.wikipedia.org/wiki/List_of_districts_of_India,0.55,collected,2026-06-26
1591,,467,1590,"Superintendent of Police, Dimapur (Nagaland)",bureaucratic,administrative,8,false,"District police chief, Dimapur, Nagaland",https://en.wikipedia.org/wiki/List_of_districts_of_India,0.65,collected,2026-06-26
1592,,468,129,"District Magistrate / Collector, Kiphire (Nagaland)",bureaucratic,administrative,8,false,"Head of district administration, Kiphire, Nagaland",https://en.wikipedia.org/wiki/List_of_districts_of_India,0.55,collected,2026-06-26
1593,,468,1592,"Superintendent of Police, Kiphire (Nagaland)",bureaucratic,administrative,8,false,"District police chief, Kiphire, Nagaland",https://en.wikipedia.org/wiki/List_of_districts_of_India,0.65,collected,2026-06-26
1594,,469,129,"District Magistrate / Collector, Kohima (Nagaland)",bureaucratic,administrative,8,false,"Head of district administration, Kohima, Nagaland",https://en.wikipedia.org/wiki/List_of_districts_of_India,0.55,collected,2026-06-26
1595,,469,1594,"Superintendent of Police, Kohima (Nagaland)",bureaucratic,administrative,8,false,"District police chief, Kohima, Nagaland",https://en.wikipedia.org/wiki/List_of_districts_of_India,0.65,collected,2026-06-26
1596,,470,129,"District Magistrate / Collector, Longleng (Nagaland)",bureaucratic,administrative,8,false,"Head of district administration, Longleng, Nagaland",https://en.wikipedia.org/wiki/List_of_districts_of_India,0.55,collected,2026-06-26
1597,,470,1596,"Superintendent of Police, Longleng (Nagaland)",bureaucratic,administrative,8,false,"District police chief, Longleng, Nagaland",https://en.wikipedia.org/wiki/List_of_districts_of_India,0.65,collected,2026-06-26
1598,,471,129,"District Magistrate / Collector, Meluri (Nagaland)",bureaucratic,administrative,8,false,"Head of district administration, Meluri, Nagaland",https://en.wikipedia.org/wiki/List_of_districts_of_India,0.55,collected,2026-06-26
1599,,471,1598,"Superintendent of Police, Meluri (Nagaland)",bureaucratic,administrative,8,false,"District police chief, Meluri, Nagaland",https://police.nagaland.gov.in/sp-co/,0.85,collected,2026-07-03
1600,,472,129,"District Magistrate / Collector, Mokokchung (Nagaland)",bureaucratic,administrative,8,false,"Head of district administration, Mokokchung, Nagaland",https://en.wikipedia.org/wiki/List_of_districts_of_India,0.55,collected,2026-06-26
1601,,472,1600,"Superintendent of Police, Mokokchung (Nagaland)",bureaucratic,administrative,8,false,"District police chief, Mokokchung, Nagaland",https://en.wikipedia.org/wiki/List_of_districts_of_India,0.65,collected,2026-06-26
1602,,473,129,"District Magistrate / Collector, Mon (Nagaland)",bureaucratic,administrative,8,false,"Head of district administration, Mon, Nagaland",https://en.wikipedia.org/wiki/List_of_districts_of_India,0.55,collected,2026-06-26
1603,,473,1602,"Superintendent of Police, Mon (Nagaland)",bureaucratic,administrative,8,false,"District police chief, Mon, Nagaland",https://en.wikipedia.org/wiki/List_of_districts_of_India,0.65,collected,2026-06-26
1604,,474,129,"District Magistrate / Collector, Niuland (Nagaland)",bureaucratic,administrative,8,false,"Head of district administration, Niuland, Nagaland",https://en.wikipedia.org/wiki/List_of_districts_of_India,0.55,collected,2026-06-26
1605,,474,1604,"Superintendent of Police, Niuland (Nagaland)",bureaucratic,administrative,8,false,"District police chief, Niuland, Nagaland",https://en.wikipedia.org/wiki/List_of_districts_of_India,0.65,collected,2026-06-26
1606,,475,129,"District Magistrate / Collector, Noklak (Nagaland)",bureaucratic,administrative,8,false,"Head of district administration, Noklak, Nagaland",https://en.wikipedia.org/wiki/List_of_districts_of_India,0.55,collected,2026-06-26
1607,,475,1606,"Superintendent of Police, Noklak (Nagaland)",bureaucratic,administrative,8,false,"District police chief, Noklak, Nagaland",https://en.wikipedia.org/wiki/List_of_districts_of_India,0.65,collected,2026-06-26
1608,,476,129,"District Magistrate / Collector, Peren (Nagaland)",bureaucratic,administrative,8,false,"Head of district administration, Peren, Nagaland",https://en.wikipedia.org/wiki/List_of_districts_of_India,0.55,collected,2026-06-26
1609,,476,1608,"Superintendent of Police, Peren (Nagaland)",bureaucratic,administrative,8,false,"District police chief, Peren, Nagaland",https://en.wikipedia.org/wiki/List_of_districts_of_India,0.65,collected,2026-06-26
1610,,477,129,"District Magistrate / Collector, Phek (Nagaland)",bureaucratic,administrative,8,false,"Head of district administration, Phek, Nagaland",https://en.wikipedia.org/wiki/List_of_districts_of_India,0.55,collected,2026-06-26
1611,,477,1610,"Superintendent of Police, Phek (Nagaland)",bureaucratic,administrative,8,false,"District police chief, Phek, Nagaland",https://en.wikipedia.org/wiki/List_of_districts_of_India,0.65,collected,2026-06-26
1612,,478,129,"District Magistrate / Collector, Shamator (Nagaland)",bureaucratic,administrative,8,false,"Head of district administration, Shamator, Nagaland",https://en.wikipedia.org/wiki/List_of_districts_of_India,0.55,collected,2026-06-26
1613,,478,1612,"Superintendent of Police, Shamator (Nagaland)",bureaucratic,administrative,8,false,"District police chief, Shamator, Nagaland",https://en.wikipedia.org/wiki/List_of_districts_of_India,0.65,collected,2026-06-26
1614,,479,129,"District Magistrate / Collector, Tuensang (Nagaland)",bureaucratic,administrative,8,false,"Head of district administration, Tuensang, Nagaland",https://en.wikipedia.org/wiki/List_of_districts_of_India,0.55,collected,2026-06-26
1615,,479,1614,"Superintendent of Police, Tuensang (Nagaland)",bureaucratic,administrative,8,false,"District police chief, Tuensang, Nagaland",https://en.wikipedia.org/wiki/List_of_districts_of_India,0.65,collected,2026-06-26
1616,,480,129,"District Magistrate / Collector, Tseminyu (Nagaland)",bureaucratic,administrative,8,false,"Head of district administration, Tseminyu, Nagaland",https://en.wikipedia.org/wiki/List_of_districts_of_India,0.55,collected,2026-06-26
1617,,480,1616,"Superintendent of Police, Tseminyu (Nagaland)",bureaucratic,administrative,8,false,"District police chief, Tseminyu, Nagaland",https://en.wikipedia.org/wiki/List_of_districts_of_India,0.65,collected,2026-06-26
1618,,481,129,"District Magistrate / Collector, Wokha (Nagaland)",bureaucratic,administrative,8,false,"Head of district administration, Wokha, Nagaland",https://en.wikipedia.org/wiki/List_of_districts_of_India,0.55,collected,2026-06-26
1619,,481,1618,"Superintendent of Police, Wokha (Nagaland)",bureaucratic,administrative,8,false,"District police chief, Wokha, Nagaland",https://en.wikipedia.org/wiki/List_of_districts_of_India,0.65,collected,2026-06-26
1620,,482,129,"District Magistrate / Collector, Zunheboto (Nagaland)",bureaucratic,administrative,8,false,"Head of district administration, Zunheboto, Nagaland",https://en.wikipedia.org/wiki/List_of_districts_of_India,0.55,collected,2026-06-26
1621,,482,1620,"Superintendent of Police, Zunheboto (Nagaland)",bureaucratic,administrative,8,false,"District police chief, Zunheboto, Nagaland",https://en.wikipedia.org/wiki/List_of_districts_of_India,0.65,collected,2026-06-26
1622,,483,132,"District Magistrate / Collector, Angul (Odisha)",bureaucratic,administrative,8,false,"Head of district administration, Angul, Odisha",https://en.wikipedia.org/wiki/List_of_districts_of_India,0.60,collected,2026-06-26
1623,,483,1622,"Superintendent of Police, Angul (Odisha)",bureaucratic,administrative,8,false,"District police chief, Angul, Odisha",https://en.wikipedia.org/wiki/List_of_districts_of_India,0.65,collected,2026-06-26
1624,,484,132,"District Magistrate / Collector, Balangir (Odisha)",bureaucratic,administrative,8,false,"Head of district administration, Balangir, Odisha",https://en.wikipedia.org/wiki/List_of_districts_of_India,0.60,collected,2026-06-26
1625,,484,1624,"Superintendent of Police, Balangir (Odisha)",bureaucratic,administrative,8,false,"District police chief, Balangir, Odisha",https://en.wikipedia.org/wiki/List_of_districts_of_India,0.65,collected,2026-06-26
1626,,485,132,"District Magistrate / Collector, Balasore (Odisha)",bureaucratic,administrative,8,false,"Head of district administration, Balasore, Odisha",https://en.wikipedia.org/wiki/List_of_districts_of_India,0.60,collected,2026-06-26
1627,,485,1626,"Superintendent of Police, Balasore (Odisha)",bureaucratic,administrative,8,false,"District police chief, Balasore, Odisha",https://en.wikipedia.org/wiki/List_of_districts_of_India,0.65,collected,2026-06-26
1628,,486,132,"District Magistrate / Collector, Bargarh (Odisha)",bureaucratic,administrative,8,false,"Head of district administration, Bargarh, Odisha",https://en.wikipedia.org/wiki/List_of_districts_of_India,0.60,collected,2026-06-26
1629,,486,1628,"Superintendent of Police, Bargarh (Odisha)",bureaucratic,administrative,8,false,"District police chief, Bargarh, Odisha",https://en.wikipedia.org/wiki/List_of_districts_of_India,0.65,collected,2026-06-26
1630,,487,132,"District Magistrate / Collector, Bhadrak (Odisha)",bureaucratic,administrative,8,false,"Head of district administration, Bhadrak, Odisha",https://en.wikipedia.org/wiki/List_of_districts_of_India,0.60,collected,2026-06-26
1631,,487,1630,"Superintendent of Police, Bhadrak (Odisha)",bureaucratic,administrative,8,false,"District police chief, Bhadrak, Odisha",https://en.wikipedia.org/wiki/List_of_districts_of_India,0.65,collected,2026-06-26
1632,,488,132,"District Magistrate / Collector, Boudh (Odisha)",bureaucratic,administrative,8,false,"Head of district administration, Boudh, Odisha",https://en.wikipedia.org/wiki/List_of_districts_of_India,0.60,collected,2026-06-26
1633,,488,1632,"Superintendent of Police, Boudh (Odisha)",bureaucratic,administrative,8,false,"District police chief, Boudh, Odisha",https://en.wikipedia.org/wiki/List_of_districts_of_India,0.65,collected,2026-06-26
1634,,489,132,"District Magistrate / Collector, Cuttack (Odisha)",bureaucratic,administrative,8,false,"Head of district administration, Cuttack, Odisha",https://en.wikipedia.org/wiki/List_of_districts_of_India,0.60,collected,2026-06-26
1635,,489,1634,"Superintendent of Police, Cuttack (Odisha)",bureaucratic,administrative,8,false,"District police chief, Cuttack, Odisha",https://en.wikipedia.org/wiki/List_of_districts_of_India,0.65,collected,2026-06-26
1636,,490,132,"District Magistrate / Collector, Deogarh (Odisha)",bureaucratic,administrative,8,false,"Head of district administration, Deogarh, Odisha",https://en.wikipedia.org/wiki/List_of_districts_of_India,0.60,collected,2026-06-26
1637,,490,1636,"Superintendent of Police, Deogarh (Odisha)",bureaucratic,administrative,8,false,"District police chief, Deogarh, Odisha",https://en.wikipedia.org/wiki/List_of_districts_of_India,0.65,collected,2026-06-26
1638,,491,132,"District Magistrate / Collector, Dhenkanal (Odisha)",bureaucratic,administrative,8,false,"Head of district administration, Dhenkanal, Odisha",https://en.wikipedia.org/wiki/List_of_districts_of_India,0.60,collected,2026-06-26
1639,,491,1638,"Superintendent of Police, Dhenkanal (Odisha)",bureaucratic,administrative,8,false,"District police chief, Dhenkanal, Odisha",https://en.wikipedia.org/wiki/List_of_districts_of_India,0.65,collected,2026-06-26
1640,,492,132,"District Magistrate / Collector, Gajapati (Odisha)",bureaucratic,administrative,8,false,"Head of district administration, Gajapati, Odisha",https://en.wikipedia.org/wiki/List_of_districts_of_India,0.60,collected,2026-06-26
1641,,492,1640,"Superintendent of Police, Gajapati (Odisha)",bureaucratic,administrative,8,false,"District police chief, Gajapati, Odisha",https://en.wikipedia.org/wiki/List_of_districts_of_India,0.65,collected,2026-06-26
1642,,493,132,"District Magistrate / Collector, Ganjam (Odisha)",bureaucratic,administrative,8,false,"Head of district administration, Ganjam, Odisha",https://en.wikipedia.org/wiki/List_of_districts_of_India,0.60,collected,2026-06-26
1643,,493,1642,"Superintendent of Police, Ganjam (Odisha)",bureaucratic,administrative,8,false,"District police chief, Ganjam, Odisha",https://en.wikipedia.org/wiki/List_of_districts_of_India,0.65,collected,2026-06-26
1644,,494,132,"District Magistrate / Collector, Jagatsinghpur (Odisha)",bureaucratic,administrative,8,false,"Head of district administration, Jagatsinghpur, Odisha",https://en.wikipedia.org/wiki/List_of_districts_of_India,0.60,collected,2026-06-26
1645,,494,1644,"Superintendent of Police, Jagatsinghpur (Odisha)",bureaucratic,administrative,8,false,"District police chief, Jagatsinghpur, Odisha",https://en.wikipedia.org/wiki/List_of_districts_of_India,0.65,collected,2026-06-26
1646,,495,132,"District Magistrate / Collector, Jajpur (Odisha)",bureaucratic,administrative,8,false,"Head of district administration, Jajpur, Odisha",https://en.wikipedia.org/wiki/List_of_districts_of_India,0.60,collected,2026-06-26
1647,,495,1646,"Superintendent of Police, Jajpur (Odisha)",bureaucratic,administrative,8,false,"District police chief, Jajpur, Odisha",https://en.wikipedia.org/wiki/List_of_districts_of_India,0.65,collected,2026-06-26
1648,,496,132,"District Magistrate / Collector, Jharsuguda (Odisha)",bureaucratic,administrative,8,false,"Head of district administration, Jharsuguda, Odisha",https://en.wikipedia.org/wiki/List_of_districts_of_India,0.60,collected,2026-06-26
1649,,496,1648,"Superintendent of Police, Jharsuguda (Odisha)",bureaucratic,administrative,8,false,"District police chief, Jharsuguda, Odisha",https://en.wikipedia.org/wiki/List_of_districts_of_India,0.65,collected,2026-06-26
1650,,497,132,"District Magistrate / Collector, Kalahandi (Odisha)",bureaucratic,administrative,8,false,"Head of district administration, Kalahandi, Odisha",https://en.wikipedia.org/wiki/List_of_districts_of_India,0.60,collected,2026-06-26
1651,,497,1650,"Superintendent of Police, Kalahandi (Odisha)",bureaucratic,administrative,8,false,"District police chief, Kalahandi, Odisha",https://en.wikipedia.org/wiki/List_of_districts_of_India,0.65,collected,2026-06-26
1652,,498,132,"District Magistrate / Collector, Kandhamal (Odisha)",bureaucratic,administrative,8,false,"Head of district administration, Kandhamal, Odisha",https://en.wikipedia.org/wiki/List_of_districts_of_India,0.60,collected,2026-06-26
1653,,498,1652,"Superintendent of Police, Kandhamal (Odisha)",bureaucratic,administrative,8,false,"District police chief, Kandhamal, Odisha",https://en.wikipedia.org/wiki/List_of_districts_of_India,0.65,collected,2026-06-26
1654,,499,132,"District Magistrate / Collector, Kendrapara (Odisha)",bureaucratic,administrative,8,false,"Head of district administration, Kendrapara, Odisha",https://en.wikipedia.org/wiki/List_of_districts_of_India,0.60,collected,2026-06-26
1655,,499,1654,"Superintendent of Police, Kendrapara (Odisha)",bureaucratic,administrative,8,false,"District police chief, Kendrapara, Odisha",https://en.wikipedia.org/wiki/List_of_districts_of_India,0.65,collected,2026-06-26
1656,,500,132,"District Magistrate / Collector, Kendujhar (Odisha)",bureaucratic,administrative,8,false,"Head of district administration, Kendujhar, Odisha",https://en.wikipedia.org/wiki/List_of_districts_of_India,0.60,collected,2026-06-26
1657,,500,1656,"Superintendent of Police, Kendujhar (Odisha)",bureaucratic,administrative,8,false,"District police chief, Kendujhar, Odisha",https://en.wikipedia.org/wiki/List_of_districts_of_India,0.65,collected,2026-06-26
1658,,501,132,"District Magistrate / Collector, Khordha (Odisha)",bureaucratic,administrative,8,false,"Head of district administration, Khordha, Odisha",https://en.wikipedia.org/wiki/List_of_districts_of_India,0.60,collected,2026-06-26
1659,,501,1658,"Superintendent of Police, Khordha (Odisha)",bureaucratic,administrative,8,false,"District police chief, Khordha, Odisha",https://en.wikipedia.org/wiki/List_of_districts_of_India,0.65,collected,2026-06-26
1660,,502,132,"District Magistrate / Collector, Koraput (Odisha)",bureaucratic,administrative,8,false,"Head of district administration, Koraput, Odisha",https://en.wikipedia.org/wiki/List_of_districts_of_India,0.60,collected,2026-06-26
1661,,502,1660,"Superintendent of Police, Koraput (Odisha)",bureaucratic,administrative,8,false,"District police chief, Koraput, Odisha",https://en.wikipedia.org/wiki/List_of_districts_of_India,0.65,collected,2026-06-26
1662,,503,132,"District Magistrate / Collector, Malkangiri (Odisha)",bureaucratic,administrative,8,false,"Head of district administration, Malkangiri, Odisha",https://en.wikipedia.org/wiki/List_of_districts_of_India,0.60,collected,2026-06-26
1663,,503,1662,"Superintendent of Police, Malkangiri (Odisha)",bureaucratic,administrative,8,false,"District police chief, Malkangiri, Odisha",https://en.wikipedia.org/wiki/List_of_districts_of_India,0.65,collected,2026-06-26
1664,,504,132,"District Magistrate / Collector, Mayurbhanj (Odisha)",bureaucratic,administrative,8,false,"Head of district administration, Mayurbhanj, Odisha",https://en.wikipedia.org/wiki/List_of_districts_of_India,0.60,collected,2026-06-26
1665,,504,1664,"Superintendent of Police, Mayurbhanj (Odisha)",bureaucratic,administrative,8,false,"District police chief, Mayurbhanj, Odisha",https://en.wikipedia.org/wiki/List_of_districts_of_India,0.65,collected,2026-06-26
1666,,505,132,"District Magistrate / Collector, Nabarangpur (Odisha)",bureaucratic,administrative,8,false,"Head of district administration, Nabarangpur, Odisha",https://en.wikipedia.org/wiki/List_of_districts_of_India,0.60,collected,2026-06-26
1667,,505,1666,"Superintendent of Police, Nabarangpur (Odisha)",bureaucratic,administrative,8,false,"District police chief, Nabarangpur, Odisha",https://en.wikipedia.org/wiki/List_of_districts_of_India,0.65,collected,2026-06-26
1668,,506,132,"District Magistrate / Collector, Nayagarh (Odisha)",bureaucratic,administrative,8,false,"Head of district administration, Nayagarh, Odisha",https://en.wikipedia.org/wiki/List_of_districts_of_India,0.60,collected,2026-06-26
1669,,506,1668,"Superintendent of Police, Nayagarh (Odisha)",bureaucratic,administrative,8,false,"District police chief, Nayagarh, Odisha",https://en.wikipedia.org/wiki/List_of_districts_of_India,0.65,collected,2026-06-26
1670,,507,132,"District Magistrate / Collector, Nuapada (Odisha)",bureaucratic,administrative,8,false,"Head of district administration, Nuapada, Odisha",https://en.wikipedia.org/wiki/List_of_districts_of_India,0.60,collected,2026-06-26
1671,,507,1670,"Superintendent of Police, Nuapada (Odisha)",bureaucratic,administrative,8,false,"District police chief, Nuapada, Odisha",https://en.wikipedia.org/wiki/List_of_districts_of_India,0.65,collected,2026-06-26
1672,,508,132,"District Magistrate / Collector, Puri (Odisha)",bureaucratic,administrative,8,false,"Head of district administration, Puri, Odisha",https://en.wikipedia.org/wiki/List_of_districts_of_India,0.60,collected,2026-06-26
1673,,508,1672,"Superintendent of Police, Puri (Odisha)",bureaucratic,administrative,8,false,"District police chief, Puri, Odisha",https://en.wikipedia.org/wiki/List_of_districts_of_India,0.65,collected,2026-06-26
1674,,509,132,"District Magistrate / Collector, Rayagada (Odisha)",bureaucratic,administrative,8,false,"Head of district administration, Rayagada, Odisha",https://en.wikipedia.org/wiki/List_of_districts_of_India,0.60,collected,2026-06-26
1675,,509,1674,"Superintendent of Police, Rayagada (Odisha)",bureaucratic,administrative,8,false,"District police chief, Rayagada, Odisha",https://en.wikipedia.org/wiki/List_of_districts_of_India,0.65,collected,2026-06-26
1676,,510,132,"District Magistrate / Collector, Sambalpur (Odisha)",bureaucratic,administrative,8,false,"Head of district administration, Sambalpur, Odisha",https://en.wikipedia.org/wiki/List_of_districts_of_India,0.60,collected,2026-06-26
1677,,510,1676,"Superintendent of Police, Sambalpur (Odisha)",bureaucratic,administrative,8,false,"District police chief, Sambalpur, Odisha",https://en.wikipedia.org/wiki/List_of_districts_of_India,0.65,collected,2026-06-26
1678,,511,132,"District Magistrate / Collector, Subarnapur (Odisha)",bureaucratic,administrative,8,false,"Head of district administration, Subarnapur, Odisha",https://en.wikipedia.org/wiki/List_of_districts_of_India,0.60,collected,2026-06-26
1679,,511,1678,"Superintendent of Police, Subarnapur (Odisha)",bureaucratic,administrative,8,false,"District police chief, Subarnapur, Odisha",https://en.wikipedia.org/wiki/List_of_districts_of_India,0.65,collected,2026-06-26
1680,,512,132,"District Magistrate / Collector, Sundargarh (Odisha)",bureaucratic,administrative,8,false,"Head of district administration, Sundargarh, Odisha",https://en.wikipedia.org/wiki/List_of_districts_of_India,0.60,collected,2026-06-26
1681,,512,1680,"Superintendent of Police, Sundargarh (Odisha)",bureaucratic,administrative,8,false,"District police chief, Sundargarh, Odisha",https://en.wikipedia.org/wiki/List_of_districts_of_India,0.65,collected,2026-06-26
1682,,513,135,"District Magistrate / Collector, Amritsar (Punjab)",bureaucratic,administrative,8,false,"Head of district administration, Amritsar, Punjab",https://en.wikipedia.org/wiki/List_of_districts_of_India,0.60,collected,2026-06-26
1683,,513,1682,"Superintendent of Police, Amritsar (Punjab)",bureaucratic,administrative,8,false,"District police chief, Amritsar, Punjab",https://en.wikipedia.org/wiki/List_of_districts_of_India,0.60,collected,2026-06-26
1684,,514,135,"District Magistrate / Collector, Barnala (Punjab)",bureaucratic,administrative,8,false,"Head of district administration, Barnala, Punjab",https://en.wikipedia.org/wiki/List_of_districts_of_India,0.60,collected,2026-06-26
1685,,514,1684,"Superintendent of Police, Barnala (Punjab)",bureaucratic,administrative,8,false,"District police chief, Barnala, Punjab",https://en.wikipedia.org/wiki/List_of_districts_of_India,0.60,collected,2026-06-26
1686,,515,135,"District Magistrate / Collector, Bathinda (Punjab)",bureaucratic,administrative,8,false,"Head of district administration, Bathinda, Punjab",https://en.wikipedia.org/wiki/List_of_districts_of_India,0.60,collected,2026-06-26
1687,,515,1686,"Superintendent of Police, Bathinda (Punjab)",bureaucratic,administrative,8,false,"District police chief, Bathinda, Punjab",https://en.wikipedia.org/wiki/List_of_districts_of_India,0.60,collected,2026-06-26
1688,,516,135,"District Magistrate / Collector, Faridkot (Punjab)",bureaucratic,administrative,8,false,"Head of district administration, Faridkot, Punjab",https://en.wikipedia.org/wiki/List_of_districts_of_India,0.60,collected,2026-06-26
1689,,516,1688,"Superintendent of Police, Faridkot (Punjab)",bureaucratic,administrative,8,false,"District police chief, Faridkot, Punjab",https://en.wikipedia.org/wiki/List_of_districts_of_India,0.60,collected,2026-06-26
1690,,517,135,"District Magistrate / Collector, Fatehgarh Sahib (Punjab)",bureaucratic,administrative,8,false,"Head of district administration, Fatehgarh Sahib, Punjab",https://en.wikipedia.org/wiki/List_of_districts_of_India,0.60,collected,2026-06-26
1691,,517,1690,"Superintendent of Police, Fatehgarh Sahib (Punjab)",bureaucratic,administrative,8,false,"District police chief, Fatehgarh Sahib, Punjab",https://en.wikipedia.org/wiki/List_of_districts_of_India,0.60,collected,2026-06-26
1692,,518,135,"District Magistrate / Collector, Firozpur (Punjab)",bureaucratic,administrative,8,false,"Head of district administration, Firozpur, Punjab",https://en.wikipedia.org/wiki/List_of_districts_of_India,0.60,collected,2026-06-26
1693,,518,1692,"Superintendent of Police, Firozpur (Punjab)",bureaucratic,administrative,8,false,"District police chief, Firozpur, Punjab",https://en.wikipedia.org/wiki/List_of_districts_of_India,0.60,collected,2026-06-26
1694,,519,135,"District Magistrate / Collector, Fazilka (Punjab)",bureaucratic,administrative,8,false,"Head of district administration, Fazilka, Punjab",https://en.wikipedia.org/wiki/List_of_districts_of_India,0.60,collected,2026-06-26
1695,,519,1694,"Superintendent of Police, Fazilka (Punjab)",bureaucratic,administrative,8,false,"District police chief, Fazilka, Punjab",https://en.wikipedia.org/wiki/List_of_districts_of_India,0.60,collected,2026-06-26
1696,,520,135,"District Magistrate / Collector, Gurdaspur (Punjab)",bureaucratic,administrative,8,false,"Head of district administration, Gurdaspur, Punjab",https://en.wikipedia.org/wiki/List_of_districts_of_India,0.60,collected,2026-06-26
1697,,520,1696,"Superintendent of Police, Gurdaspur (Punjab)",bureaucratic,administrative,8,false,"District police chief, Gurdaspur, Punjab",https://en.wikipedia.org/wiki/List_of_districts_of_India,0.60,collected,2026-06-26
1698,,521,135,"District Magistrate / Collector, Hoshiarpur (Punjab)",bureaucratic,administrative,8,false,"Head of district administration, Hoshiarpur, Punjab",https://en.wikipedia.org/wiki/List_of_districts_of_India,0.60,collected,2026-06-26
1699,,521,1698,"Superintendent of Police, Hoshiarpur (Punjab)",bureaucratic,administrative,8,false,"District police chief, Hoshiarpur, Punjab",https://en.wikipedia.org/wiki/List_of_districts_of_India,0.60,collected,2026-06-26
1700,,522,135,"District Magistrate / Collector, Jalandhar (Punjab)",bureaucratic,administrative,8,false,"Head of district administration, Jalandhar, Punjab",https://en.wikipedia.org/wiki/List_of_districts_of_India,0.60,collected,2026-06-26
1701,,522,1700,"Superintendent of Police, Jalandhar (Punjab)",bureaucratic,administrative,8,false,"District police chief, Jalandhar, Punjab",https://en.wikipedia.org/wiki/List_of_districts_of_India,0.60,collected,2026-06-26
1702,,523,135,"District Magistrate / Collector, Kapurthala (Punjab)",bureaucratic,administrative,8,false,"Head of district administration, Kapurthala, Punjab",https://en.wikipedia.org/wiki/List_of_districts_of_India,0.60,collected,2026-06-26
1703,,523,1702,"Superintendent of Police, Kapurthala (Punjab)",bureaucratic,administrative,8,false,"District police chief, Kapurthala, Punjab",https://en.wikipedia.org/wiki/List_of_districts_of_India,0.60,collected,2026-06-26
1704,,524,135,"District Magistrate / Collector, Ludhiana (Punjab)",bureaucratic,administrative,8,false,"Head of district administration, Ludhiana, Punjab",https://en.wikipedia.org/wiki/List_of_districts_of_India,0.60,collected,2026-06-26
1705,,524,1704,"Superintendent of Police, Ludhiana (Punjab)",bureaucratic,administrative,8,false,"District police chief, Ludhiana, Punjab",https://en.wikipedia.org/wiki/List_of_districts_of_India,0.60,collected,2026-06-26
1706,,525,135,"District Magistrate / Collector, Malerkotla (Punjab)",bureaucratic,administrative,8,false,"Head of district administration, Malerkotla, Punjab",https://en.wikipedia.org/wiki/List_of_districts_of_India,0.60,collected,2026-06-26
1707,,525,1706,"Superintendent of Police, Malerkotla (Punjab)",bureaucratic,administrative,8,false,"District police chief, Malerkotla, Punjab",https://en.wikipedia.org/wiki/List_of_districts_of_India,0.60,collected,2026-06-26
1708,,526,135,"District Magistrate / Collector, Mansa (Punjab)",bureaucratic,administrative,8,false,"Head of district administration, Mansa, Punjab",https://en.wikipedia.org/wiki/List_of_districts_of_India,0.60,collected,2026-06-26
1709,,526,1708,"Superintendent of Police, Mansa (Punjab)",bureaucratic,administrative,8,false,"District police chief, Mansa, Punjab",https://en.wikipedia.org/wiki/List_of_districts_of_India,0.40,pending,2026-06-26
1710,,527,135,"District Magistrate / Collector, Moga (Punjab)",bureaucratic,administrative,8,false,"Head of district administration, Moga, Punjab",https://en.wikipedia.org/wiki/List_of_districts_of_India,0.60,collected,2026-06-26
1711,,527,1710,"Superintendent of Police, Moga (Punjab)",bureaucratic,administrative,8,false,"District police chief, Moga, Punjab",https://en.wikipedia.org/wiki/List_of_districts_of_India,0.60,collected,2026-06-26
1712,,528,135,"District Magistrate / Collector, Sri Muktsar Sahib (Punjab)",bureaucratic,administrative,8,false,"Head of district administration, Sri Muktsar Sahib, Punjab",https://en.wikipedia.org/wiki/List_of_districts_of_India,0.60,collected,2026-06-26
1713,,528,1712,"Superintendent of Police, Sri Muktsar Sahib (Punjab)",bureaucratic,administrative,8,false,"District police chief, Sri Muktsar Sahib, Punjab",https://en.wikipedia.org/wiki/List_of_districts_of_India,0.60,collected,2026-06-26
1714,,529,135,"District Magistrate / Collector, Pathankot (Punjab)",bureaucratic,administrative,8,false,"Head of district administration, Pathankot, Punjab",https://en.wikipedia.org/wiki/List_of_districts_of_India,0.60,collected,2026-06-26
1715,,529,1714,"Superintendent of Police, Pathankot (Punjab)",bureaucratic,administrative,8,false,"District police chief, Pathankot, Punjab",https://en.wikipedia.org/wiki/List_of_districts_of_India,0.60,collected,2026-06-26
1716,,530,135,"District Magistrate / Collector, Patiala (Punjab)",bureaucratic,administrative,8,false,"Head of district administration, Patiala, Punjab",https://en.wikipedia.org/wiki/List_of_districts_of_India,0.60,collected,2026-06-26
1717,,530,1716,"Superintendent of Police, Patiala (Punjab)",bureaucratic,administrative,8,false,"District police chief, Patiala, Punjab",https://en.wikipedia.org/wiki/List_of_districts_of_India,0.60,collected,2026-06-26
1718,,531,135,"District Magistrate / Collector, Rupnagar (Punjab)",bureaucratic,administrative,8,false,"Head of district administration, Rupnagar, Punjab",https://en.wikipedia.org/wiki/List_of_districts_of_India,0.60,collected,2026-06-26
1719,,531,1718,"Superintendent of Police, Rupnagar (Punjab)",bureaucratic,administrative,8,false,"District police chief, Rupnagar, Punjab",https://en.wikipedia.org/wiki/List_of_districts_of_India,0.60,collected,2026-06-26
1720,,532,135,"District Magistrate / Collector, Sahibzada Ajit Singh Nagar (Punjab)",bureaucratic,administrative,8,false,"Head of district administration, Sahibzada Ajit Singh Nagar, Punjab",https://en.wikipedia.org/wiki/List_of_districts_of_India,0.60,collected,2026-06-26
1721,,532,1720,"Superintendent of Police, Sahibzada Ajit Singh Nagar (Punjab)",bureaucratic,administrative,8,false,"District police chief, Sahibzada Ajit Singh Nagar, Punjab",https://en.wikipedia.org/wiki/List_of_districts_of_India,0.60,collected,2026-06-26
1722,,533,135,"District Magistrate / Collector, Sangrur (Punjab)",bureaucratic,administrative,8,false,"Head of district administration, Sangrur, Punjab",https://en.wikipedia.org/wiki/List_of_districts_of_India,0.60,collected,2026-06-26
1723,,533,1722,"Superintendent of Police, Sangrur (Punjab)",bureaucratic,administrative,8,false,"District police chief, Sangrur, Punjab",https://en.wikipedia.org/wiki/List_of_districts_of_India,0.60,collected,2026-06-26
1724,,534,135,"District Magistrate / Collector, Shaheed Bhagat Singh Nagar (Punjab)",bureaucratic,administrative,8,false,"Head of district administration, Shaheed Bhagat Singh Nagar, Punjab",https://en.wikipedia.org/wiki/List_of_districts_of_India,0.60,collected,2026-06-26
1725,,534,1724,"Superintendent of Police, Shaheed Bhagat Singh Nagar (Punjab)",bureaucratic,administrative,8,false,"District police chief, Shaheed Bhagat Singh Nagar, Punjab",https://en.wikipedia.org/wiki/List_of_districts_of_India,0.60,collected,2026-06-26
1726,,535,135,"District Magistrate / Collector, Tarn Taran (Punjab)",bureaucratic,administrative,8,false,"Head of district administration, Tarn Taran, Punjab",https://en.wikipedia.org/wiki/List_of_districts_of_India,0.60,collected,2026-06-26
1727,,535,1726,"Superintendent of Police, Tarn Taran (Punjab)",bureaucratic,administrative,8,false,"District police chief, Tarn Taran, Punjab",https://en.wikipedia.org/wiki/List_of_districts_of_India,0.60,collected,2026-06-26
1728,,536,138,"District Magistrate / Collector, Ajmer (Rajasthan)",bureaucratic,administrative,8,false,"Head of district administration, Ajmer, Rajasthan",https://en.wikipedia.org/wiki/List_of_districts_of_India,0.65,collected,2026-06-26
1729,,536,1728,"Superintendent of Police, Ajmer (Rajasthan)",bureaucratic,administrative,8,false,"District police chief, Ajmer, Rajasthan",https://en.wikipedia.org/wiki/List_of_districts_of_India,0.60,collected,2026-06-26
1730,,537,138,"District Magistrate / Collector, Alwar (Rajasthan)",bureaucratic,administrative,8,false,"Head of district administration, Alwar, Rajasthan",https://en.wikipedia.org/wiki/List_of_districts_of_India,0.65,collected,2026-06-26
1731,,537,1730,"Superintendent of Police, Alwar (Rajasthan)",bureaucratic,administrative,8,false,"District police chief, Alwar, Rajasthan",https://en.wikipedia.org/wiki/List_of_districts_of_India,0.60,collected,2026-06-26
1732,,538,138,"District Magistrate / Collector, Balotra (Rajasthan)",bureaucratic,administrative,8,false,"Head of district administration, Balotra, Rajasthan",https://en.wikipedia.org/wiki/List_of_districts_of_India,0.65,collected,2026-06-26
1733,,538,1732,"Superintendent of Police, Balotra (Rajasthan)",bureaucratic,administrative,8,false,"District police chief, Balotra, Rajasthan",https://en.wikipedia.org/wiki/List_of_districts_of_India,0.60,collected,2026-06-26
1734,,539,138,"District Magistrate / Collector, Banswara (Rajasthan)",bureaucratic,administrative,8,false,"Head of district administration, Banswara, Rajasthan",https://en.wikipedia.org/wiki/List_of_districts_of_India,0.65,collected,2026-06-26
1735,,539,1734,"Superintendent of Police, Banswara (Rajasthan)",bureaucratic,administrative,8,false,"District police chief, Banswara, Rajasthan",https://en.wikipedia.org/wiki/List_of_districts_of_India,0.40,pending,2026-06-26
1736,,540,138,"District Magistrate / Collector, Baran (Rajasthan)",bureaucratic,administrative,8,false,"Head of district administration, Baran, Rajasthan",https://en.wikipedia.org/wiki/List_of_districts_of_India,0.65,collected,2026-06-26
1737,,540,1736,"Superintendent of Police, Baran (Rajasthan)",bureaucratic,administrative,8,false,"District police chief, Baran, Rajasthan",https://en.wikipedia.org/wiki/List_of_districts_of_India,0.40,pending,2026-06-26
1738,,541,138,"District Magistrate / Collector, Barmer (Rajasthan)",bureaucratic,administrative,8,false,"Head of district administration, Barmer, Rajasthan",https://en.wikipedia.org/wiki/List_of_districts_of_India,0.65,collected,2026-06-26
1739,,541,1738,"Superintendent of Police, Barmer (Rajasthan)",bureaucratic,administrative,8,false,"District police chief, Barmer, Rajasthan",https://en.wikipedia.org/wiki/List_of_districts_of_India,0.40,pending,2026-06-26
1740,,542,138,"District Magistrate / Collector, Beawar (Rajasthan)",bureaucratic,administrative,8,false,"Head of district administration, Beawar, Rajasthan",https://en.wikipedia.org/wiki/List_of_districts_of_India,0.65,collected,2026-06-26
1741,,542,1740,"Superintendent of Police, Beawar (Rajasthan)",bureaucratic,administrative,8,false,"District police chief, Beawar, Rajasthan",https://en.wikipedia.org/wiki/List_of_districts_of_India,0.60,collected,2026-06-26
1742,,543,138,"District Magistrate / Collector, Bharatpur (Rajasthan)",bureaucratic,administrative,8,false,"Head of district administration, Bharatpur, Rajasthan",https://en.wikipedia.org/wiki/List_of_districts_of_India,0.65,collected,2026-06-26
1743,,543,1742,"Superintendent of Police, Bharatpur (Rajasthan)",bureaucratic,administrative,8,false,"District police chief, Bharatpur, Rajasthan",https://en.wikipedia.org/wiki/List_of_districts_of_India,0.60,collected,2026-06-26
1744,,544,138,"District Magistrate / Collector, Bhilwara (Rajasthan)",bureaucratic,administrative,8,false,"Head of district administration, Bhilwara, Rajasthan",https://en.wikipedia.org/wiki/List_of_districts_of_India,0.65,collected,2026-06-26
1745,,544,1744,"Superintendent of Police, Bhilwara (Rajasthan)",bureaucratic,administrative,8,false,"District police chief, Bhilwara, Rajasthan",https://en.wikipedia.org/wiki/List_of_districts_of_India,0.60,collected,2026-06-26
1746,,545,138,"District Magistrate / Collector, Bikaner (Rajasthan)",bureaucratic,administrative,8,false,"Head of district administration, Bikaner, Rajasthan",https://en.wikipedia.org/wiki/List_of_districts_of_India,0.65,collected,2026-06-26
1747,,545,1746,"Superintendent of Police, Bikaner (Rajasthan)",bureaucratic,administrative,8,false,"District police chief, Bikaner, Rajasthan",https://en.wikipedia.org/wiki/List_of_districts_of_India,0.60,collected,2026-06-26
1748,,546,138,"District Magistrate / Collector, Bundi (Rajasthan)",bureaucratic,administrative,8,false,"Head of district administration, Bundi, Rajasthan",https://en.wikipedia.org/wiki/List_of_districts_of_India,0.65,collected,2026-06-26
1749,,546,1748,"Superintendent of Police, Bundi (Rajasthan)",bureaucratic,administrative,8,false,"District police chief, Bundi, Rajasthan",https://en.wikipedia.org/wiki/List_of_districts_of_India,0.60,collected,2026-06-26
1750,,547,138,"District Magistrate / Collector, Chittorgarh (Rajasthan)",bureaucratic,administrative,8,false,"Head of district administration, Chittorgarh, Rajasthan",https://en.wikipedia.org/wiki/List_of_districts_of_India,0.65,collected,2026-06-26
1751,,547,1750,"Superintendent of Police, Chittorgarh (Rajasthan)",bureaucratic,administrative,8,false,"District police chief, Chittorgarh, Rajasthan",https://en.wikipedia.org/wiki/List_of_districts_of_India,0.60,collected,2026-06-26
1752,,548,138,"District Magistrate / Collector, Churu (Rajasthan)",bureaucratic,administrative,8,false,"Head of district administration, Churu, Rajasthan",https://en.wikipedia.org/wiki/List_of_districts_of_India,0.65,collected,2026-06-26
1753,,548,1752,"Superintendent of Police, Churu (Rajasthan)",bureaucratic,administrative,8,false,"District police chief, Churu, Rajasthan",https://en.wikipedia.org/wiki/List_of_districts_of_India,0.60,collected,2026-06-26
1754,,549,138,"District Magistrate / Collector, Dausa (Rajasthan)",bureaucratic,administrative,8,false,"Head of district administration, Dausa, Rajasthan",https://en.wikipedia.org/wiki/List_of_districts_of_India,0.65,collected,2026-06-26
1755,,549,1754,"Superintendent of Police, Dausa (Rajasthan)",bureaucratic,administrative,8,false,"District police chief, Dausa, Rajasthan",https://en.wikipedia.org/wiki/List_of_districts_of_India,0.60,collected,2026-06-26
1756,,550,138,"District Magistrate / Collector, Deeg (Rajasthan)",bureaucratic,administrative,8,false,"Head of district administration, Deeg, Rajasthan",https://en.wikipedia.org/wiki/List_of_districts_of_India,0.65,collected,2026-06-26
1757,,550,1756,"Superintendent of Police, Deeg (Rajasthan)",bureaucratic,administrative,8,false,"District police chief, Deeg, Rajasthan",https://en.wikipedia.org/wiki/List_of_districts_of_India,0.60,collected,2026-06-26
1758,,551,138,"District Magistrate / Collector, Didwana-Kuchaman (Rajasthan)",bureaucratic,administrative,8,false,"Head of district administration, Didwana-Kuchaman, Rajasthan",https://en.wikipedia.org/wiki/List_of_districts_of_India,0.65,collected,2026-06-26
1759,,551,1758,"Superintendent of Police, Didwana-Kuchaman (Rajasthan)",bureaucratic,administrative,8,false,"District police chief, Didwana-Kuchaman, Rajasthan",https://en.wikipedia.org/wiki/List_of_districts_of_India,0.60,collected,2026-06-26
1760,,552,138,"District Magistrate / Collector, Dholpur (Rajasthan)",bureaucratic,administrative,8,false,"Head of district administration, Dholpur, Rajasthan",https://en.wikipedia.org/wiki/List_of_districts_of_India,0.65,collected,2026-06-26
1761,,552,1760,"Superintendent of Police, Dholpur (Rajasthan)",bureaucratic,administrative,8,false,"District police chief, Dholpur, Rajasthan",https://en.wikipedia.org/wiki/List_of_districts_of_India,0.60,collected,2026-06-26
1762,,553,138,"District Magistrate / Collector, Dungarpur (Rajasthan)",bureaucratic,administrative,8,false,"Head of district administration, Dungarpur, Rajasthan",https://en.wikipedia.org/wiki/List_of_districts_of_India,0.65,collected,2026-06-26
1763,,553,1762,"Superintendent of Police, Dungarpur (Rajasthan)",bureaucratic,administrative,8,false,"District police chief, Dungarpur, Rajasthan",https://en.wikipedia.org/wiki/List_of_districts_of_India,0.60,collected,2026-06-26
1764,,554,138,"District Magistrate / Collector, Hanumangarh (Rajasthan)",bureaucratic,administrative,8,false,"Head of district administration, Hanumangarh, Rajasthan",https://en.wikipedia.org/wiki/List_of_districts_of_India,0.65,collected,2026-06-26
1765,,554,1764,"Superintendent of Police, Hanumangarh (Rajasthan)",bureaucratic,administrative,8,false,"District police chief, Hanumangarh, Rajasthan",https://en.wikipedia.org/wiki/List_of_districts_of_India,0.60,collected,2026-06-26
1766,,555,138,"District Magistrate / Collector, Jaipur (Rajasthan)",bureaucratic,administrative,8,false,"Head of district administration, Jaipur, Rajasthan",https://en.wikipedia.org/wiki/List_of_districts_of_India,0.65,collected,2026-06-26
1767,,555,1766,"Superintendent of Police, Jaipur (Rajasthan)",bureaucratic,administrative,8,false,"District police chief, Jaipur, Rajasthan",https://en.wikipedia.org/wiki/List_of_districts_of_India,0.60,collected,2026-06-26
1768,,556,138,"District Magistrate / Collector, Jaisalmer (Rajasthan)",bureaucratic,administrative,8,false,"Head of district administration, Jaisalmer, Rajasthan",https://en.wikipedia.org/wiki/List_of_districts_of_India,0.65,collected,2026-06-26
1769,,556,1768,"Superintendent of Police, Jaisalmer (Rajasthan)",bureaucratic,administrative,8,false,"District police chief, Jaisalmer, Rajasthan",https://en.wikipedia.org/wiki/List_of_districts_of_India,0.40,pending,2026-06-26
1770,,557,138,"District Magistrate / Collector, Jalore (Rajasthan)",bureaucratic,administrative,8,false,"Head of district administration, Jalore, Rajasthan",https://en.wikipedia.org/wiki/List_of_districts_of_India,0.65,collected,2026-06-26
1771,,557,1770,"Superintendent of Police, Jalore (Rajasthan)",bureaucratic,administrative,8,false,"District police chief, Jalore, Rajasthan",https://en.wikipedia.org/wiki/List_of_districts_of_India,0.40,pending,2026-06-26
1772,,558,138,"District Magistrate / Collector, Jhalawar (Rajasthan)",bureaucratic,administrative,8,false,"Head of district administration, Jhalawar, Rajasthan",https://en.wikipedia.org/wiki/List_of_districts_of_India,0.65,collected,2026-06-26
1773,,558,1772,"Superintendent of Police, Jhalawar (Rajasthan)",bureaucratic,administrative,8,false,"District police chief, Jhalawar, Rajasthan",https://en.wikipedia.org/wiki/List_of_districts_of_India,0.60,collected,2026-06-26
1774,,559,138,"District Magistrate / Collector, Jhunjhunu (Rajasthan)",bureaucratic,administrative,8,false,"Head of district administration, Jhunjhunu, Rajasthan",https://en.wikipedia.org/wiki/List_of_districts_of_India,0.65,collected,2026-06-26
1775,,559,1774,"Superintendent of Police, Jhunjhunu (Rajasthan)",bureaucratic,administrative,8,false,"District police chief, Jhunjhunu, Rajasthan",https://en.wikipedia.org/wiki/List_of_districts_of_India,0.60,collected,2026-06-26
1776,,560,138,"District Magistrate / Collector, Jodhpur (Rajasthan)",bureaucratic,administrative,8,false,"Head of district administration, Jodhpur, Rajasthan",https://en.wikipedia.org/wiki/List_of_districts_of_India,0.65,collected,2026-06-26
1777,,560,1776,"Superintendent of Police, Jodhpur (Rajasthan)",bureaucratic,administrative,8,false,"District police chief, Jodhpur, Rajasthan",https://en.wikipedia.org/wiki/List_of_districts_of_India,0.60,collected,2026-06-26
1778,,561,138,"District Magistrate / Collector, Karauli (Rajasthan)",bureaucratic,administrative,8,false,"Head of district administration, Karauli, Rajasthan",https://en.wikipedia.org/wiki/List_of_districts_of_India,0.65,collected,2026-06-26
1779,,561,1778,"Superintendent of Police, Karauli (Rajasthan)",bureaucratic,administrative,8,false,"District police chief, Karauli, Rajasthan",https://en.wikipedia.org/wiki/List_of_districts_of_India,0.60,collected,2026-06-26
1780,,562,138,"District Magistrate / Collector, Khairthal-Tijara (Rajasthan)",bureaucratic,administrative,8,false,"Head of district administration, Khairthal-Tijara, Rajasthan",https://en.wikipedia.org/wiki/List_of_districts_of_India,0.65,collected,2026-06-26
1781,,562,1780,"Superintendent of Police, Khairthal-Tijara (Rajasthan)",bureaucratic,administrative,8,false,"District police chief, Khairthal-Tijara, Rajasthan",https://en.wikipedia.org/wiki/List_of_districts_of_India,0.60,collected,2026-06-26
1782,,563,138,"District Magistrate / Collector, Kota (Rajasthan)",bureaucratic,administrative,8,false,"Head of district administration, Kota, Rajasthan",https://en.wikipedia.org/wiki/List_of_districts_of_India,0.65,collected,2026-06-26
1783,,563,1782,"Superintendent of Police, Kota (Rajasthan)",bureaucratic,administrative,8,false,"District police chief, Kota, Rajasthan",https://en.wikipedia.org/wiki/List_of_districts_of_India,0.60,collected,2026-06-26
1784,,564,138,"District Magistrate / Collector, Kotputli-Behror (Rajasthan)",bureaucratic,administrative,8,false,"Head of district administration, Kotputli-Behror, Rajasthan",https://en.wikipedia.org/wiki/List_of_districts_of_India,0.65,collected,2026-06-26
1785,,564,1784,"Superintendent of Police, Kotputli-Behror (Rajasthan)",bureaucratic,administrative,8,false,"District police chief, Kotputli-Behror, Rajasthan",https://en.wikipedia.org/wiki/List_of_districts_of_India,0.60,collected,2026-06-26
1786,,565,138,"District Magistrate / Collector, Nagaur (Rajasthan)",bureaucratic,administrative,8,false,"Head of district administration, Nagaur, Rajasthan",https://en.wikipedia.org/wiki/List_of_districts_of_India,0.65,collected,2026-06-26
1787,,565,1786,"Superintendent of Police, Nagaur (Rajasthan)",bureaucratic,administrative,8,false,"District police chief, Nagaur, Rajasthan",https://en.wikipedia.org/wiki/List_of_districts_of_India,0.60,collected,2026-06-26
1788,,566,138,"District Magistrate / Collector, Pali (Rajasthan)",bureaucratic,administrative,8,false,"Head of district administration, Pali, Rajasthan",https://en.wikipedia.org/wiki/List_of_districts_of_India,0.65,collected,2026-06-26
1789,,566,1788,"Superintendent of Police, Pali (Rajasthan)",bureaucratic,administrative,8,false,"District police chief, Pali, Rajasthan",https://en.wikipedia.org/wiki/List_of_districts_of_India,0.60,collected,2026-06-26
1790,,567,138,"District Magistrate / Collector, Phalodi (Rajasthan)",bureaucratic,administrative,8,false,"Head of district administration, Phalodi, Rajasthan",https://en.wikipedia.org/wiki/List_of_districts_of_India,0.65,collected,2026-06-26
1791,,567,1790,"Superintendent of Police, Phalodi (Rajasthan)",bureaucratic,administrative,8,false,"District police chief, Phalodi, Rajasthan",https://en.wikipedia.org/wiki/List_of_districts_of_India,0.60,collected,2026-06-26
1792,,568,138,"District Magistrate / Collector, Pratapgarh (Rajasthan)",bureaucratic,administrative,8,false,"Head of district administration, Pratapgarh, Rajasthan",https://en.wikipedia.org/wiki/List_of_districts_of_India,0.65,collected,2026-06-26
1793,,568,1792,"Superintendent of Police, Pratapgarh (Rajasthan)",bureaucratic,administrative,8,false,"District police chief, Pratapgarh, Rajasthan",https://en.wikipedia.org/wiki/List_of_districts_of_India,0.60,collected,2026-06-26
1794,,569,138,"District Magistrate / Collector, Rajsamand (Rajasthan)",bureaucratic,administrative,8,false,"Head of district administration, Rajsamand, Rajasthan",https://en.wikipedia.org/wiki/List_of_districts_of_India,0.65,collected,2026-06-26
1795,,569,1794,"Superintendent of Police, Rajsamand (Rajasthan)",bureaucratic,administrative,8,false,"District police chief, Rajsamand, Rajasthan",https://en.wikipedia.org/wiki/List_of_districts_of_India,0.60,collected,2026-06-26
1796,,570,138,"District Magistrate / Collector, Salumbar (Rajasthan)",bureaucratic,administrative,8,false,"Head of district administration, Salumbar, Rajasthan",https://en.wikipedia.org/wiki/List_of_districts_of_India,0.65,collected,2026-06-26
1797,,570,1796,"Superintendent of Police, Salumbar (Rajasthan)",bureaucratic,administrative,8,false,"District police chief, Salumbar, Rajasthan",https://en.wikipedia.org/wiki/List_of_districts_of_India,0.60,collected,2026-06-26
1798,,571,138,"District Magistrate / Collector, Sawai Madhopur (Rajasthan)",bureaucratic,administrative,8,false,"Head of district administration, Sawai Madhopur, Rajasthan",https://en.wikipedia.org/wiki/List_of_districts_of_India,0.65,collected,2026-06-26
1799,,571,1798,"Superintendent of Police, Sawai Madhopur (Rajasthan)",bureaucratic,administrative,8,false,"District police chief, Sawai Madhopur, Rajasthan",https://en.wikipedia.org/wiki/List_of_districts_of_India,0.60,collected,2026-06-26
1800,,572,138,"District Magistrate / Collector, Sikar (Rajasthan)",bureaucratic,administrative,8,false,"Head of district administration, Sikar, Rajasthan",https://en.wikipedia.org/wiki/List_of_districts_of_India,0.65,collected,2026-06-26
1801,,572,1800,"Superintendent of Police, Sikar (Rajasthan)",bureaucratic,administrative,8,false,"District police chief, Sikar, Rajasthan",https://en.wikipedia.org/wiki/List_of_districts_of_India,0.60,collected,2026-06-26
1802,,573,138,"District Magistrate / Collector, Sirohi (Rajasthan)",bureaucratic,administrative,8,false,"Head of district administration, Sirohi, Rajasthan",https://en.wikipedia.org/wiki/List_of_districts_of_India,0.65,collected,2026-06-26
1803,,573,1802,"Superintendent of Police, Sirohi (Rajasthan)",bureaucratic,administrative,8,false,"District police chief, Sirohi, Rajasthan",https://en.wikipedia.org/wiki/List_of_districts_of_India,0.60,collected,2026-06-26
1804,,574,138,"District Magistrate / Collector, Sri Ganganagar (Rajasthan)",bureaucratic,administrative,8,false,"Head of district administration, Sri Ganganagar, Rajasthan",https://en.wikipedia.org/wiki/List_of_districts_of_India,0.65,collected,2026-06-26
1805,,574,1804,"Superintendent of Police, Sri Ganganagar (Rajasthan)",bureaucratic,administrative,8,false,"District police chief, Sri Ganganagar, Rajasthan",https://en.wikipedia.org/wiki/List_of_districts_of_India,0.60,collected,2026-06-26
1806,,575,138,"District Magistrate / Collector, Tonk (Rajasthan)",bureaucratic,administrative,8,false,"Head of district administration, Tonk, Rajasthan",https://en.wikipedia.org/wiki/List_of_districts_of_India,0.65,collected,2026-06-26
1807,,575,1806,"Superintendent of Police, Tonk (Rajasthan)",bureaucratic,administrative,8,false,"District police chief, Tonk, Rajasthan",https://en.wikipedia.org/wiki/List_of_districts_of_India,0.60,collected,2026-06-26
1808,,576,138,"District Magistrate / Collector, Udaipur (Rajasthan)",bureaucratic,administrative,8,false,"Head of district administration, Udaipur, Rajasthan",https://en.wikipedia.org/wiki/List_of_districts_of_India,0.65,collected,2026-06-26
1809,,576,1808,"Superintendent of Police, Udaipur (Rajasthan)",bureaucratic,administrative,8,false,"District police chief, Udaipur, Rajasthan",https://en.wikipedia.org/wiki/List_of_districts_of_India,0.60,collected,2026-06-26
1810,,577,141,"District Magistrate / Collector, Gangtok (Sikkim)",bureaucratic,administrative,8,false,"Head of district administration, Gangtok, Sikkim",https://en.wikipedia.org/wiki/List_of_districts_of_India,0.60,collected,2026-06-26
1811,,577,1810,"Superintendent of Police, Gangtok (Sikkim)",bureaucratic,administrative,8,false,"District police chief, Gangtok, Sikkim",https://en.wikipedia.org/wiki/List_of_districts_of_India,0.55,collected,2026-06-26
1812,,578,141,"District Magistrate / Collector, Mangan (Sikkim)",bureaucratic,administrative,8,false,"Head of district administration, Mangan, Sikkim",https://en.wikipedia.org/wiki/List_of_districts_of_India,0.60,collected,2026-06-26
1813,,578,1812,"Superintendent of Police, Mangan (Sikkim)",bureaucratic,administrative,8,false,"District police chief, Mangan, Sikkim",https://en.wikipedia.org/wiki/List_of_districts_of_India,0.55,collected,2026-06-26
1814,,579,141,"District Magistrate / Collector, Pakyong (Sikkim)",bureaucratic,administrative,8,false,"Head of district administration, Pakyong, Sikkim",https://en.wikipedia.org/wiki/List_of_districts_of_India,0.60,collected,2026-06-26
1815,,579,1814,"Superintendent of Police, Pakyong (Sikkim)",bureaucratic,administrative,8,false,"District police chief, Pakyong, Sikkim",https://en.wikipedia.org/wiki/List_of_districts_of_India,0.55,collected,2026-06-26
1816,,580,141,"District Magistrate / Collector, Soreng (Sikkim)",bureaucratic,administrative,8,false,"Head of district administration, Soreng, Sikkim",https://en.wikipedia.org/wiki/List_of_districts_of_India,0.60,collected,2026-06-26
1817,,580,1816,"Superintendent of Police, Soreng (Sikkim)",bureaucratic,administrative,8,false,"District police chief, Soreng, Sikkim",https://en.wikipedia.org/wiki/List_of_districts_of_India,0.55,collected,2026-06-26
1818,,581,141,"District Magistrate / Collector, Namchi (Sikkim)",bureaucratic,administrative,8,false,"Head of district administration, Namchi, Sikkim",https://en.wikipedia.org/wiki/List_of_districts_of_India,0.60,collected,2026-06-26
1819,,581,1818,"Superintendent of Police, Namchi (Sikkim)",bureaucratic,administrative,8,false,"District police chief, Namchi, Sikkim",https://en.wikipedia.org/wiki/List_of_districts_of_India,0.40,pending,2026-06-26
1820,,582,141,"District Magistrate / Collector, Gyalshing (Sikkim)",bureaucratic,administrative,8,false,"Head of district administration, Gyalshing, Sikkim",https://en.wikipedia.org/wiki/List_of_districts_of_India,0.60,collected,2026-06-26
1821,,582,1820,"Superintendent of Police, Gyalshing (Sikkim)",bureaucratic,administrative,8,false,"District police chief, Gyalshing, Sikkim",https://en.wikipedia.org/wiki/List_of_districts_of_India,0.55,collected,2026-06-26
1822,,583,144,"District Magistrate / Collector, Ariyalur (Tamil Nadu)",bureaucratic,administrative,8,false,"Head of district administration, Ariyalur, Tamil Nadu",https://en.wikipedia.org/wiki/List_of_districts_of_India,0.60,collected,2026-06-26
1823,,583,1822,"Superintendent of Police, Ariyalur (Tamil Nadu)",bureaucratic,administrative,8,false,"District police chief, Ariyalur, Tamil Nadu",https://en.wikipedia.org/wiki/List_of_districts_of_India,0.60,collected,2026-06-26
1824,,584,144,"District Magistrate / Collector, Chengalpattu (Tamil Nadu)",bureaucratic,administrative,8,false,"Head of district administration, Chengalpattu, Tamil Nadu",https://en.wikipedia.org/wiki/List_of_districts_of_India,0.40,pending,2026-06-26
1825,,584,1824,"Superintendent of Police, Chengalpattu (Tamil Nadu)",bureaucratic,administrative,8,false,"District police chief, Chengalpattu, Tamil Nadu",https://en.wikipedia.org/wiki/List_of_districts_of_India,0.60,collected,2026-06-26
1826,,585,144,"District Magistrate / Collector, Chennai (Tamil Nadu)",bureaucratic,administrative,8,false,"Head of district administration, Chennai, Tamil Nadu",https://en.wikipedia.org/wiki/List_of_districts_of_India,0.60,collected,2026-06-26
1827,,585,1826,"Superintendent of Police, Chennai (Tamil Nadu)",bureaucratic,administrative,8,false,"District police chief, Chennai, Tamil Nadu",https://en.wikipedia.org/wiki/List_of_districts_of_India,0.60,collected,2026-06-26
1828,,586,144,"District Magistrate / Collector, Coimbatore (Tamil Nadu)",bureaucratic,administrative,8,false,"Head of district administration, Coimbatore, Tamil Nadu",https://en.wikipedia.org/wiki/List_of_districts_of_India,0.60,collected,2026-06-26
1829,,586,1828,"Superintendent of Police, Coimbatore (Tamil Nadu)",bureaucratic,administrative,8,false,"District police chief, Coimbatore, Tamil Nadu",https://en.wikipedia.org/wiki/List_of_districts_of_India,0.60,collected,2026-06-26
1830,,587,144,"District Magistrate / Collector, Cuddalore (Tamil Nadu)",bureaucratic,administrative,8,false,"Head of district administration, Cuddalore, Tamil Nadu",https://en.wikipedia.org/wiki/List_of_districts_of_India,0.60,collected,2026-06-26
1831,,587,1830,"Superintendent of Police, Cuddalore (Tamil Nadu)",bureaucratic,administrative,8,false,"District police chief, Cuddalore, Tamil Nadu",https://en.wikipedia.org/wiki/List_of_districts_of_India,0.60,collected,2026-06-26
1832,,588,144,"District Magistrate / Collector, Dharmapuri (Tamil Nadu)",bureaucratic,administrative,8,false,"Head of district administration, Dharmapuri, Tamil Nadu",https://en.wikipedia.org/wiki/List_of_districts_of_India,0.60,collected,2026-06-26
1833,,588,1832,"Superintendent of Police, Dharmapuri (Tamil Nadu)",bureaucratic,administrative,8,false,"District police chief, Dharmapuri, Tamil Nadu",https://en.wikipedia.org/wiki/List_of_districts_of_India,0.60,collected,2026-06-26
1834,,589,144,"District Magistrate / Collector, Dindigul (Tamil Nadu)",bureaucratic,administrative,8,false,"Head of district administration, Dindigul, Tamil Nadu",https://en.wikipedia.org/wiki/List_of_districts_of_India,0.60,collected,2026-06-26
1835,,589,1834,"Superintendent of Police, Dindigul (Tamil Nadu)",bureaucratic,administrative,8,false,"District police chief, Dindigul, Tamil Nadu",https://en.wikipedia.org/wiki/List_of_districts_of_India,0.60,collected,2026-06-26
1836,,590,144,"District Magistrate / Collector, Erode (Tamil Nadu)",bureaucratic,administrative,8,false,"Head of district administration, Erode, Tamil Nadu",https://en.wikipedia.org/wiki/List_of_districts_of_India,0.60,collected,2026-06-26
1837,,590,1836,"Superintendent of Police, Erode (Tamil Nadu)",bureaucratic,administrative,8,false,"District police chief, Erode, Tamil Nadu",https://en.wikipedia.org/wiki/List_of_districts_of_India,0.60,collected,2026-06-26
1838,,591,144,"District Magistrate / Collector, Kallakurichi (Tamil Nadu)",bureaucratic,administrative,8,false,"Head of district administration, Kallakurichi, Tamil Nadu",https://en.wikipedia.org/wiki/List_of_districts_of_India,0.40,pending,2026-06-26
1839,,591,1838,"Superintendent of Police, Kallakurichi (Tamil Nadu)",bureaucratic,administrative,8,false,"District police chief, Kallakurichi, Tamil Nadu",https://en.wikipedia.org/wiki/List_of_districts_of_India,0.60,collected,2026-06-26
1840,,592,144,"District Magistrate / Collector, Kancheepuram (Tamil Nadu)",bureaucratic,administrative,8,false,"Head of district administration, Kancheepuram, Tamil Nadu",https://en.wikipedia.org/wiki/List_of_districts_of_India,0.60,collected,2026-06-26
1841,,592,1840,"Superintendent of Police, Kancheepuram (Tamil Nadu)",bureaucratic,administrative,8,false,"District police chief, Kancheepuram, Tamil Nadu",https://en.wikipedia.org/wiki/List_of_districts_of_India,0.60,collected,2026-06-26
1842,,593,144,"District Magistrate / Collector, Kanyakumari (Tamil Nadu)",bureaucratic,administrative,8,false,"Head of district administration, Kanyakumari, Tamil Nadu",https://en.wikipedia.org/wiki/List_of_districts_of_India,0.60,collected,2026-06-26
1843,,593,1842,"Superintendent of Police, Kanyakumari (Tamil Nadu)",bureaucratic,administrative,8,false,"District police chief, Kanyakumari, Tamil Nadu",https://en.wikipedia.org/wiki/List_of_districts_of_India,0.60,collected,2026-06-26
1844,,594,144,"District Magistrate / Collector, Karur (Tamil Nadu)",bureaucratic,administrative,8,false,"Head of district administration, Karur, Tamil Nadu",https://en.wikipedia.org/wiki/List_of_districts_of_India,0.60,collected,2026-06-26
1845,,594,1844,"Superintendent of Police, Karur (Tamil Nadu)",bureaucratic,administrative,8,false,"District police chief, Karur, Tamil Nadu",https://en.wikipedia.org/wiki/List_of_districts_of_India,0.60,collected,2026-06-26
1846,,595,144,"District Magistrate / Collector, Krishnagiri (Tamil Nadu)",bureaucratic,administrative,8,false,"Head of district administration, Krishnagiri, Tamil Nadu",https://en.wikipedia.org/wiki/List_of_districts_of_India,0.60,collected,2026-06-26
1847,,595,1846,"Superintendent of Police, Krishnagiri (Tamil Nadu)",bureaucratic,administrative,8,false,"District police chief, Krishnagiri, Tamil Nadu",https://en.wikipedia.org/wiki/List_of_districts_of_India,0.60,collected,2026-06-26
1848,,596,144,"District Magistrate / Collector, Madurai (Tamil Nadu)",bureaucratic,administrative,8,false,"Head of district administration, Madurai, Tamil Nadu",https://en.wikipedia.org/wiki/List_of_districts_of_India,0.60,collected,2026-06-26
1849,,596,1848,"Superintendent of Police, Madurai (Tamil Nadu)",bureaucratic,administrative,8,false,"District police chief, Madurai, Tamil Nadu",https://en.wikipedia.org/wiki/List_of_districts_of_India,0.60,collected,2026-06-26
1850,,597,144,"District Magistrate / Collector, Mayiladuthurai (Tamil Nadu)",bureaucratic,administrative,8,false,"Head of district administration, Mayiladuthurai, Tamil Nadu",https://en.wikipedia.org/wiki/List_of_districts_of_India,0.60,collected,2026-06-26
1851,,597,1850,"Superintendent of Police, Mayiladuthurai (Tamil Nadu)",bureaucratic,administrative,8,false,"District police chief, Mayiladuthurai, Tamil Nadu",https://en.wikipedia.org/wiki/List_of_districts_of_India,0.60,collected,2026-06-26
1852,,598,144,"District Magistrate / Collector, Nagapattinam (Tamil Nadu)",bureaucratic,administrative,8,false,"Head of district administration, Nagapattinam, Tamil Nadu",https://en.wikipedia.org/wiki/List_of_districts_of_India,0.60,collected,2026-06-26
1853,,598,1852,"Superintendent of Police, Nagapattinam (Tamil Nadu)",bureaucratic,administrative,8,false,"District police chief, Nagapattinam, Tamil Nadu",https://en.wikipedia.org/wiki/List_of_districts_of_India,0.60,collected,2026-06-26
1854,,599,144,"District Magistrate / Collector, Namakkal (Tamil Nadu)",bureaucratic,administrative,8,false,"Head of district administration, Namakkal, Tamil Nadu",https://en.wikipedia.org/wiki/List_of_districts_of_India,0.60,collected,2026-06-26
1855,,599,1854,"Superintendent of Police, Namakkal (Tamil Nadu)",bureaucratic,administrative,8,false,"District police chief, Namakkal, Tamil Nadu",https://en.wikipedia.org/wiki/List_of_districts_of_India,0.60,collected,2026-06-26
1856,,600,144,"District Magistrate / Collector, Nilgiris (Tamil Nadu)",bureaucratic,administrative,8,false,"Head of district administration, Nilgiris, Tamil Nadu",https://en.wikipedia.org/wiki/List_of_districts_of_India,0.60,collected,2026-06-26
1857,,600,1856,"Superintendent of Police, Nilgiris (Tamil Nadu)",bureaucratic,administrative,8,false,"District police chief, Nilgiris, Tamil Nadu",https://en.wikipedia.org/wiki/List_of_districts_of_India,0.60,collected,2026-06-26
1858,,601,144,"District Magistrate / Collector, Perambalur (Tamil Nadu)",bureaucratic,administrative,8,false,"Head of district administration, Perambalur, Tamil Nadu",https://en.wikipedia.org/wiki/List_of_districts_of_India,0.60,collected,2026-06-26
1859,,601,1858,"Superintendent of Police, Perambalur (Tamil Nadu)",bureaucratic,administrative,8,false,"District police chief, Perambalur, Tamil Nadu",https://en.wikipedia.org/wiki/List_of_districts_of_India,0.60,collected,2026-06-26
1860,,602,144,"District Magistrate / Collector, Pudukkottai (Tamil Nadu)",bureaucratic,administrative,8,false,"Head of district administration, Pudukkottai, Tamil Nadu",https://en.wikipedia.org/wiki/List_of_districts_of_India,0.60,collected,2026-06-26
1861,,602,1860,"Superintendent of Police, Pudukkottai (Tamil Nadu)",bureaucratic,administrative,8,false,"District police chief, Pudukkottai, Tamil Nadu",https://en.wikipedia.org/wiki/List_of_districts_of_India,0.60,collected,2026-06-26
1862,,603,144,"District Magistrate / Collector, Ramanathapuram (Tamil Nadu)",bureaucratic,administrative,8,false,"Head of district administration, Ramanathapuram, Tamil Nadu",https://en.wikipedia.org/wiki/List_of_districts_of_India,0.60,collected,2026-06-26
1863,,603,1862,"Superintendent of Police, Ramanathapuram (Tamil Nadu)",bureaucratic,administrative,8,false,"District police chief, Ramanathapuram, Tamil Nadu",https://en.wikipedia.org/wiki/List_of_districts_of_India,0.60,collected,2026-06-26
1864,,604,144,"District Magistrate / Collector, Ranipet (Tamil Nadu)",bureaucratic,administrative,8,false,"Head of district administration, Ranipet, Tamil Nadu",https://en.wikipedia.org/wiki/List_of_districts_of_India,0.60,collected,2026-06-26
1865,,604,1864,"Superintendent of Police, Ranipet (Tamil Nadu)",bureaucratic,administrative,8,false,"District police chief, Ranipet, Tamil Nadu",https://en.wikipedia.org/wiki/List_of_districts_of_India,0.60,collected,2026-06-26
1866,,605,144,"District Magistrate / Collector, Salem (Tamil Nadu)",bureaucratic,administrative,8,false,"Head of district administration, Salem, Tamil Nadu",https://en.wikipedia.org/wiki/List_of_districts_of_India,0.60,collected,2026-06-26
1867,,605,1866,"Superintendent of Police, Salem (Tamil Nadu)",bureaucratic,administrative,8,false,"District police chief, Salem, Tamil Nadu",https://en.wikipedia.org/wiki/List_of_districts_of_India,0.60,collected,2026-06-26
1868,,606,144,"District Magistrate / Collector, Sivaganga (Tamil Nadu)",bureaucratic,administrative,8,false,"Head of district administration, Sivaganga, Tamil Nadu",https://en.wikipedia.org/wiki/List_of_districts_of_India,0.60,collected,2026-06-26
1869,,606,1868,"Superintendent of Police, Sivaganga (Tamil Nadu)",bureaucratic,administrative,8,false,"District police chief, Sivaganga, Tamil Nadu",https://en.wikipedia.org/wiki/List_of_districts_of_India,0.60,collected,2026-06-26
1870,,607,144,"District Magistrate / Collector, Tenkasi (Tamil Nadu)",bureaucratic,administrative,8,false,"Head of district administration, Tenkasi, Tamil Nadu",https://en.wikipedia.org/wiki/List_of_districts_of_India,0.40,pending,2026-06-26
1871,,607,1870,"Superintendent of Police, Tenkasi (Tamil Nadu)",bureaucratic,administrative,8,false,"District police chief, Tenkasi, Tamil Nadu",https://en.wikipedia.org/wiki/List_of_districts_of_India,0.60,collected,2026-06-26
1872,,608,144,"District Magistrate / Collector, Thanjavur (Tamil Nadu)",bureaucratic,administrative,8,false,"Head of district administration, Thanjavur, Tamil Nadu",https://en.wikipedia.org/wiki/List_of_districts_of_India,0.60,collected,2026-06-26
1873,,608,1872,"Superintendent of Police, Thanjavur (Tamil Nadu)",bureaucratic,administrative,8,false,"District police chief, Thanjavur, Tamil Nadu",https://en.wikipedia.org/wiki/List_of_districts_of_India,0.60,collected,2026-06-26
1874,,609,144,"District Magistrate / Collector, Theni (Tamil Nadu)",bureaucratic,administrative,8,false,"Head of district administration, Theni, Tamil Nadu",https://en.wikipedia.org/wiki/List_of_districts_of_India,0.60,collected,2026-06-26
1875,,609,1874,"Superintendent of Police, Theni (Tamil Nadu)",bureaucratic,administrative,8,false,"District police chief, Theni, Tamil Nadu",https://en.wikipedia.org/wiki/List_of_districts_of_India,0.60,collected,2026-06-26
1876,,610,144,"District Magistrate / Collector, Thoothukudi (Tamil Nadu)",bureaucratic,administrative,8,false,"Head of district administration, Thoothukudi, Tamil Nadu",https://en.wikipedia.org/wiki/List_of_districts_of_India,0.60,collected,2026-06-26
1877,,610,1876,"Superintendent of Police, Thoothukudi (Tamil Nadu)",bureaucratic,administrative,8,false,"District police chief, Thoothukudi, Tamil Nadu",https://en.wikipedia.org/wiki/List_of_districts_of_India,0.60,collected,2026-06-26
1878,,611,144,"District Magistrate / Collector, Tiruchirappalli (Tamil Nadu)",bureaucratic,administrative,8,false,"Head of district administration, Tiruchirappalli, Tamil Nadu",https://en.wikipedia.org/wiki/List_of_districts_of_India,0.60,collected,2026-06-26
1879,,611,1878,"Superintendent of Police, Tiruchirappalli (Tamil Nadu)",bureaucratic,administrative,8,false,"District police chief, Tiruchirappalli, Tamil Nadu",https://en.wikipedia.org/wiki/List_of_districts_of_India,0.60,collected,2026-06-26
1880,,612,144,"District Magistrate / Collector, Tirunelveli (Tamil Nadu)",bureaucratic,administrative,8,false,"Head of district administration, Tirunelveli, Tamil Nadu",https://en.wikipedia.org/wiki/List_of_districts_of_India,0.60,collected,2026-06-26
1881,,612,1880,"Superintendent of Police, Tirunelveli (Tamil Nadu)",bureaucratic,administrative,8,false,"District police chief, Tirunelveli, Tamil Nadu",https://en.wikipedia.org/wiki/List_of_districts_of_India,0.60,collected,2026-06-26
1882,,613,144,"District Magistrate / Collector, Tirupathur (Tamil Nadu)",bureaucratic,administrative,8,false,"Head of district administration, Tirupathur, Tamil Nadu",https://en.wikipedia.org/wiki/List_of_districts_of_India,0.60,collected,2026-06-26
1883,,613,1882,"Superintendent of Police, Tirupathur (Tamil Nadu)",bureaucratic,administrative,8,false,"District police chief, Tirupathur, Tamil Nadu",https://en.wikipedia.org/wiki/List_of_districts_of_India,0.60,collected,2026-06-26
1884,,614,144,"District Magistrate / Collector, Tiruppur (Tamil Nadu)",bureaucratic,administrative,8,false,"Head of district administration, Tiruppur, Tamil Nadu",https://en.wikipedia.org/wiki/List_of_districts_of_India,0.60,collected,2026-06-26
1885,,614,1884,"Superintendent of Police, Tiruppur (Tamil Nadu)",bureaucratic,administrative,8,false,"District police chief, Tiruppur, Tamil Nadu",https://en.wikipedia.org/wiki/List_of_districts_of_India,0.60,collected,2026-06-26
1886,,615,144,"District Magistrate / Collector, Tiruvallur (Tamil Nadu)",bureaucratic,administrative,8,false,"Head of district administration, Tiruvallur, Tamil Nadu",https://en.wikipedia.org/wiki/List_of_districts_of_India,0.60,collected,2026-06-26
1887,,615,1886,"Superintendent of Police, Tiruvallur (Tamil Nadu)",bureaucratic,administrative,8,false,"District police chief, Tiruvallur, Tamil Nadu",https://en.wikipedia.org/wiki/List_of_districts_of_India,0.40,pending,2026-06-26
1888,,616,144,"District Magistrate / Collector, Tiruvannamalai (Tamil Nadu)",bureaucratic,administrative,8,false,"Head of district administration, Tiruvannamalai, Tamil Nadu",https://en.wikipedia.org/wiki/List_of_districts_of_India,0.60,collected,2026-06-26
1889,,616,1888,"Superintendent of Police, Tiruvannamalai (Tamil Nadu)",bureaucratic,administrative,8,false,"District police chief, Tiruvannamalai, Tamil Nadu",https://en.wikipedia.org/wiki/List_of_districts_of_India,0.60,collected,2026-06-26
1890,,617,144,"District Magistrate / Collector, Tiruvarur (Tamil Nadu)",bureaucratic,administrative,8,false,"Head of district administration, Tiruvarur, Tamil Nadu",https://en.wikipedia.org/wiki/List_of_districts_of_India,0.60,collected,2026-06-26
1891,,617,1890,"Superintendent of Police, Tiruvarur (Tamil Nadu)",bureaucratic,administrative,8,false,"District police chief, Tiruvarur, Tamil Nadu",https://en.wikipedia.org/wiki/List_of_districts_of_India,0.40,pending,2026-06-26
1892,,618,144,"District Magistrate / Collector, Vellore (Tamil Nadu)",bureaucratic,administrative,8,false,"Head of district administration, Vellore, Tamil Nadu",https://en.wikipedia.org/wiki/List_of_districts_of_India,0.60,collected,2026-06-26
1893,,618,1892,"Superintendent of Police, Vellore (Tamil Nadu)",bureaucratic,administrative,8,false,"District police chief, Vellore, Tamil Nadu",https://en.wikipedia.org/wiki/List_of_districts_of_India,0.60,collected,2026-06-26
1894,,619,144,"District Magistrate / Collector, Viluppuram (Tamil Nadu)",bureaucratic,administrative,8,false,"Head of district administration, Viluppuram, Tamil Nadu",https://en.wikipedia.org/wiki/List_of_districts_of_India,0.60,collected,2026-06-26
1895,,619,1894,"Superintendent of Police, Viluppuram (Tamil Nadu)",bureaucratic,administrative,8,false,"District police chief, Viluppuram, Tamil Nadu",https://en.wikipedia.org/wiki/List_of_districts_of_India,0.60,collected,2026-06-26
1896,,620,144,"District Magistrate / Collector, Virudhunagar (Tamil Nadu)",bureaucratic,administrative,8,false,"Head of district administration, Virudhunagar, Tamil Nadu",https://en.wikipedia.org/wiki/List_of_districts_of_India,0.40,pending,2026-06-26
1897,,620,1896,"Superintendent of Police, Virudhunagar (Tamil Nadu)",bureaucratic,administrative,8,false,"District police chief, Virudhunagar, Tamil Nadu",https://en.wikipedia.org/wiki/List_of_districts_of_India,0.60,collected,2026-06-26
1898,,621,147,"District Magistrate / Collector, Adilabad (Telangana)",bureaucratic,administrative,8,false,"Head of district administration, Adilabad, Telangana",https://en.wikipedia.org/wiki/List_of_districts_of_India,0.60,collected,2026-06-26
1899,,621,1898,"Superintendent of Police, Adilabad (Telangana)",bureaucratic,administrative,8,false,"District police chief, Adilabad, Telangana",https://en.wikipedia.org/wiki/List_of_districts_of_India,0.60,collected,2026-06-26
1900,,622,147,"District Magistrate / Collector, Kumuram Bheem Asifabad (Telangana)",bureaucratic,administrative,8,false,"Head of district administration, Kumuram Bheem Asifabad, Telangana",https://en.wikipedia.org/wiki/List_of_districts_of_India,0.60,collected,2026-06-26
1901,,622,1900,"Superintendent of Police, Kumuram Bheem Asifabad (Telangana)",bureaucratic,administrative,8,false,"District police chief, Kumuram Bheem Asifabad, Telangana",https://en.wikipedia.org/wiki/List_of_districts_of_India,0.60,collected,2026-06-26
1902,,623,147,"District Magistrate / Collector, Mancherial (Telangana)",bureaucratic,administrative,8,false,"Head of district administration, Mancherial, Telangana",https://en.wikipedia.org/wiki/List_of_districts_of_India,0.60,collected,2026-06-26
1903,,623,1902,"Superintendent of Police, Mancherial (Telangana)",bureaucratic,administrative,8,false,"District police chief, Mancherial, Telangana",https://en.wikipedia.org/wiki/List_of_districts_of_India,0.60,collected,2026-06-26
1904,,624,147,"District Magistrate / Collector, Nirmal (Telangana)",bureaucratic,administrative,8,false,"Head of district administration, Nirmal, Telangana",https://en.wikipedia.org/wiki/List_of_districts_of_India,0.60,collected,2026-06-26
1905,,624,1904,"Superintendent of Police, Nirmal (Telangana)",bureaucratic,administrative,8,false,"District police chief, Nirmal, Telangana",https://en.wikipedia.org/wiki/List_of_districts_of_India,0.60,collected,2026-06-26
1906,,625,147,"District Magistrate / Collector, Nizamabad (Telangana)",bureaucratic,administrative,8,false,"Head of district administration, Nizamabad, Telangana",https://en.wikipedia.org/wiki/List_of_districts_of_India,0.60,collected,2026-06-26
1907,,625,1906,"Superintendent of Police, Nizamabad (Telangana)",bureaucratic,administrative,8,false,"District police chief, Nizamabad, Telangana",https://en.wikipedia.org/wiki/List_of_districts_of_India,0.60,collected,2026-06-26
1908,,626,147,"District Magistrate / Collector, Jagtial (Telangana)",bureaucratic,administrative,8,false,"Head of district administration, Jagtial, Telangana",https://en.wikipedia.org/wiki/List_of_districts_of_India,0.60,collected,2026-06-26
1909,,626,1908,"Superintendent of Police, Jagtial (Telangana)",bureaucratic,administrative,8,false,"District police chief, Jagtial, Telangana",https://en.wikipedia.org/wiki/List_of_districts_of_India,0.60,collected,2026-06-26
1910,,627,147,"District Magistrate / Collector, Peddapalli (Telangana)",bureaucratic,administrative,8,false,"Head of district administration, Peddapalli, Telangana",https://en.wikipedia.org/wiki/List_of_districts_of_India,0.60,collected,2026-06-26
1911,,627,1910,"Superintendent of Police, Peddapalli (Telangana)",bureaucratic,administrative,8,false,"District police chief, Peddapalli, Telangana",https://en.wikipedia.org/wiki/List_of_districts_of_India,0.60,collected,2026-06-26
1912,,628,147,"District Magistrate / Collector, Kamareddy (Telangana)",bureaucratic,administrative,8,false,"Head of district administration, Kamareddy, Telangana",https://en.wikipedia.org/wiki/List_of_districts_of_India,0.60,collected,2026-06-26
1913,,628,1912,"Superintendent of Police, Kamareddy (Telangana)",bureaucratic,administrative,8,false,"District police chief, Kamareddy, Telangana",https://en.wikipedia.org/wiki/List_of_districts_of_India,0.60,collected,2026-06-26
1914,,629,147,"District Magistrate / Collector, Rajanna Sircilla (Telangana)",bureaucratic,administrative,8,false,"Head of district administration, Rajanna Sircilla, Telangana",https://en.wikipedia.org/wiki/List_of_districts_of_India,0.60,collected,2026-06-26
1915,,629,1914,"Superintendent of Police, Rajanna Sircilla (Telangana)",bureaucratic,administrative,8,false,"District police chief, Rajanna Sircilla, Telangana",https://en.wikipedia.org/wiki/List_of_districts_of_India,0.60,collected,2026-06-26
1916,,630,147,"District Magistrate / Collector, Karimnagar (Telangana)",bureaucratic,administrative,8,false,"Head of district administration, Karimnagar, Telangana",https://en.wikipedia.org/wiki/List_of_districts_of_India,0.60,collected,2026-06-26
1917,,630,1916,"Superintendent of Police, Karimnagar (Telangana)",bureaucratic,administrative,8,false,"District police chief, Karimnagar, Telangana",https://en.wikipedia.org/wiki/List_of_districts_of_India,0.60,collected,2026-06-26
1918,,631,147,"District Magistrate / Collector, Jayashankar Bhupalpally (Telangana)",bureaucratic,administrative,8,false,"Head of district administration, Jayashankar Bhupalpally, Telangana",https://en.wikipedia.org/wiki/List_of_districts_of_India,0.60,collected,2026-06-26
1919,,631,1918,"Superintendent of Police, Jayashankar Bhupalpally (Telangana)",bureaucratic,administrative,8,false,"District police chief, Jayashankar Bhupalpally, Telangana",https://en.wikipedia.org/wiki/List_of_districts_of_India,0.60,collected,2026-06-26
1920,,632,147,"District Magistrate / Collector, Sangareddy (Telangana)",bureaucratic,administrative,8,false,"Head of district administration, Sangareddy, Telangana",https://en.wikipedia.org/wiki/List_of_districts_of_India,0.60,collected,2026-06-26
1921,,632,1920,"Superintendent of Police, Sangareddy (Telangana)",bureaucratic,administrative,8,false,"District police chief, Sangareddy, Telangana",https://en.wikipedia.org/wiki/List_of_districts_of_India,0.60,collected,2026-06-26
1922,,633,147,"District Magistrate / Collector, Medak (Telangana)",bureaucratic,administrative,8,false,"Head of district administration, Medak, Telangana",https://en.wikipedia.org/wiki/List_of_districts_of_India,0.60,collected,2026-06-26
1923,,633,1922,"Superintendent of Police, Medak (Telangana)",bureaucratic,administrative,8,false,"District police chief, Medak, Telangana",https://en.wikipedia.org/wiki/List_of_districts_of_India,0.60,collected,2026-06-26
1924,,634,147,"District Magistrate / Collector, Siddipet (Telangana)",bureaucratic,administrative,8,false,"Head of district administration, Siddipet, Telangana",https://en.wikipedia.org/wiki/List_of_districts_of_India,0.60,collected,2026-06-26
1925,,634,1924,"Superintendent of Police, Siddipet (Telangana)",bureaucratic,administrative,8,false,"District police chief, Siddipet, Telangana",https://en.wikipedia.org/wiki/List_of_districts_of_India,0.60,collected,2026-06-26
1926,,635,147,"District Magistrate / Collector, Jangaon (Telangana)",bureaucratic,administrative,8,false,"Head of district administration, Jangaon, Telangana",https://en.wikipedia.org/wiki/List_of_districts_of_India,0.60,collected,2026-06-26
1927,,635,1926,"Superintendent of Police, Jangaon (Telangana)",bureaucratic,administrative,8,false,"District police chief, Jangaon, Telangana",https://jangaon.telangana.gov.in/about-district/whos-who/,0.90,collected,2026-07-03
1928,,636,147,"District Magistrate / Collector, Hanumakonda (Telangana)",bureaucratic,administrative,8,false,"Head of district administration, Hanumakonda, Telangana",https://en.wikipedia.org/wiki/List_of_districts_of_India,0.60,collected,2026-06-26
1929,,636,1928,"Superintendent of Police, Hanumakonda (Telangana)",bureaucratic,administrative,8,false,"District police chief, Hanumakonda, Telangana",https://hanumakonda.telangana.gov.in/divisions/important-officials-en/,0.90,collected,2026-07-03
1930,,637,147,"District Magistrate / Collector, Warangal (Telangana)",bureaucratic,administrative,8,false,"Head of district administration, Warangal, Telangana",https://en.wikipedia.org/wiki/List_of_districts_of_India,0.60,collected,2026-06-26
1931,,637,1930,"Superintendent of Police, Warangal (Telangana)",bureaucratic,administrative,8,false,"District police chief, Warangal, Telangana",https://en.wikipedia.org/wiki/List_of_districts_of_India,0.60,collected,2026-06-26
1932,,638,147,"District Magistrate / Collector, Mulugu (Telangana)",bureaucratic,administrative,8,false,"Head of district administration, Mulugu, Telangana",https://en.wikipedia.org/wiki/List_of_districts_of_India,0.60,collected,2026-06-26
1933,,638,1932,"Superintendent of Police, Mulugu (Telangana)",bureaucratic,administrative,8,false,"District police chief, Mulugu, Telangana",https://en.wikipedia.org/wiki/List_of_districts_of_India,0.60,collected,2026-06-26
1934,,639,147,"District Magistrate / Collector, Bhadradri Kothagudem (Telangana)",bureaucratic,administrative,8,false,"Head of district administration, Bhadradri Kothagudem, Telangana",https://en.wikipedia.org/wiki/List_of_districts_of_India,0.60,collected,2026-06-26
1935,,639,1934,"Superintendent of Police, Bhadradri Kothagudem (Telangana)",bureaucratic,administrative,8,false,"District police chief, Bhadradri Kothagudem, Telangana",https://en.wikipedia.org/wiki/List_of_districts_of_India,0.60,collected,2026-06-26
1936,,640,147,"District Magistrate / Collector, Khammam (Telangana)",bureaucratic,administrative,8,false,"Head of district administration, Khammam, Telangana",https://en.wikipedia.org/wiki/List_of_districts_of_India,0.60,collected,2026-06-26
1937,,640,1936,"Superintendent of Police, Khammam (Telangana)",bureaucratic,administrative,8,false,"District police chief, Khammam, Telangana",https://en.wikipedia.org/wiki/List_of_districts_of_India,0.60,collected,2026-06-26
1938,,641,147,"District Magistrate / Collector, Mahabubabad (Telangana)",bureaucratic,administrative,8,false,"Head of district administration, Mahabubabad, Telangana",https://en.wikipedia.org/wiki/List_of_districts_of_India,0.60,collected,2026-06-26
1939,,641,1938,"Superintendent of Police, Mahabubabad (Telangana)",bureaucratic,administrative,8,false,"District police chief, Mahabubabad, Telangana",https://en.wikipedia.org/wiki/List_of_districts_of_India,0.60,collected,2026-06-26
1940,,642,147,"District Magistrate / Collector, Suryapet (Telangana)",bureaucratic,administrative,8,false,"Head of district administration, Suryapet, Telangana",https://en.wikipedia.org/wiki/List_of_districts_of_India,0.60,collected,2026-06-26
1941,,642,1940,"Superintendent of Police, Suryapet (Telangana)",bureaucratic,administrative,8,false,"District police chief, Suryapet, Telangana",https://en.wikipedia.org/wiki/List_of_districts_of_India,0.40,pending,2026-06-26
1942,,643,147,"District Magistrate / Collector, Nalgonda (Telangana)",bureaucratic,administrative,8,false,"Head of district administration, Nalgonda, Telangana",https://en.wikipedia.org/wiki/List_of_districts_of_India,0.60,collected,2026-06-26
1943,,643,1942,"Superintendent of Police, Nalgonda (Telangana)",bureaucratic,administrative,8,false,"District police chief, Nalgonda, Telangana",https://en.wikipedia.org/wiki/List_of_districts_of_India,0.60,collected,2026-06-26
1944,,644,147,"District Magistrate / Collector, Yadadri Bhuvanagiri (Telangana)",bureaucratic,administrative,8,false,"Head of district administration, Yadadri Bhuvanagiri, Telangana",https://en.wikipedia.org/wiki/List_of_districts_of_India,0.60,collected,2026-06-26
1945,,644,1944,"Superintendent of Police, Yadadri Bhuvanagiri (Telangana)",bureaucratic,administrative,8,false,"District police chief, Yadadri Bhuvanagiri, Telangana",https://en.wikipedia.org/wiki/List_of_districts_of_India,0.60,collected,2026-06-26
1946,,645,147,"District Magistrate / Collector, Medchal-Malkajgiri (Telangana)",bureaucratic,administrative,8,false,"Head of district administration, Medchal-Malkajgiri, Telangana",https://en.wikipedia.org/wiki/List_of_districts_of_India,0.60,collected,2026-06-26
1947,,645,1946,"Superintendent of Police, Medchal-Malkajgiri (Telangana)",bureaucratic,administrative,8,false,"District police chief, Medchal-Malkajgiri, Telangana",https://malkajgiripolice.telangana.gov.in/index.html,0.90,collected,2026-07-03
1948,,646,147,"District Magistrate / Collector, Hyderabad (Telangana)",bureaucratic,administrative,8,false,"Head of district administration, Hyderabad, Telangana",https://en.wikipedia.org/wiki/List_of_districts_of_India,0.60,collected,2026-06-26
1949,,646,1948,"Superintendent of Police, Hyderabad (Telangana)",bureaucratic,administrative,8,false,"District police chief, Hyderabad, Telangana",https://en.wikipedia.org/wiki/List_of_districts_of_India,0.60,collected,2026-06-26
1950,,647,147,"District Magistrate / Collector, Ranga Reddy (Telangana)",bureaucratic,administrative,8,false,"Head of district administration, Ranga Reddy, Telangana",https://en.wikipedia.org/wiki/List_of_districts_of_India,0.60,collected,2026-06-26
1951,,647,1950,"Superintendent of Police, Ranga Reddy (Telangana)",bureaucratic,administrative,8,false,"District police chief, Ranga Reddy, Telangana",https://www.cyberabadpolice.gov.in/,0.85,collected,2026-07-03
1952,,648,147,"District Magistrate / Collector, Vikarabad (Telangana)",bureaucratic,administrative,8,false,"Head of district administration, Vikarabad, Telangana",https://en.wikipedia.org/wiki/List_of_districts_of_India,0.60,collected,2026-06-26
1953,,648,1952,"Superintendent of Police, Vikarabad (Telangana)",bureaucratic,administrative,8,false,"District police chief, Vikarabad, Telangana",https://en.wikipedia.org/wiki/List_of_districts_of_India,0.60,collected,2026-06-26
1954,,649,147,"District Magistrate / Collector, Narayanpet (Telangana)",bureaucratic,administrative,8,false,"Head of district administration, Narayanpet, Telangana",https://en.wikipedia.org/wiki/List_of_districts_of_India,0.60,collected,2026-06-26
1955,,649,1954,"Superintendent of Police, Narayanpet (Telangana)",bureaucratic,administrative,8,false,"District police chief, Narayanpet, Telangana",https://en.wikipedia.org/wiki/List_of_districts_of_India,0.60,collected,2026-06-26
1956,,650,147,"District Magistrate / Collector, Mahabubnagar (Telangana)",bureaucratic,administrative,8,false,"Head of district administration, Mahabubnagar, Telangana",https://en.wikipedia.org/wiki/List_of_districts_of_India,0.60,collected,2026-06-26
1957,,650,1956,"Superintendent of Police, Mahabubnagar (Telangana)",bureaucratic,administrative,8,false,"District police chief, Mahabubnagar, Telangana",https://en.wikipedia.org/wiki/List_of_districts_of_India,0.60,collected,2026-06-26
1958,,651,147,"District Magistrate / Collector, Nagarkurnool (Telangana)",bureaucratic,administrative,8,false,"Head of district administration, Nagarkurnool, Telangana",https://en.wikipedia.org/wiki/List_of_districts_of_India,0.60,collected,2026-06-26
1959,,651,1958,"Superintendent of Police, Nagarkurnool (Telangana)",bureaucratic,administrative,8,false,"District police chief, Nagarkurnool, Telangana",https://en.wikipedia.org/wiki/List_of_districts_of_India,0.60,collected,2026-06-26
1960,,652,147,"District Magistrate / Collector, Wanaparthy (Telangana)",bureaucratic,administrative,8,false,"Head of district administration, Wanaparthy, Telangana",https://en.wikipedia.org/wiki/List_of_districts_of_India,0.60,collected,2026-06-26
1961,,652,1960,"Superintendent of Police, Wanaparthy (Telangana)",bureaucratic,administrative,8,false,"District police chief, Wanaparthy, Telangana",https://en.wikipedia.org/wiki/List_of_districts_of_India,0.40,pending,2026-06-26
1962,,653,147,"District Magistrate / Collector, Jogulamba Gadwal (Telangana)",bureaucratic,administrative,8,false,"Head of district administration, Jogulamba Gadwal, Telangana",https://en.wikipedia.org/wiki/List_of_districts_of_India,0.60,collected,2026-06-26
1963,,653,1962,"Superintendent of Police, Jogulamba Gadwal (Telangana)",bureaucratic,administrative,8,false,"District police chief, Jogulamba Gadwal, Telangana",https://en.wikipedia.org/wiki/List_of_districts_of_India,0.60,collected,2026-06-26
1964,,654,150,"District Magistrate / Collector, Dhalai (Tripura)",bureaucratic,administrative,8,false,"Head of district administration, Dhalai, Tripura",https://en.wikipedia.org/wiki/List_of_districts_of_India,0.60,collected,2026-06-26
1965,,654,1964,"Superintendent of Police, Dhalai (Tripura)",bureaucratic,administrative,8,false,"District police chief, Dhalai, Tripura",https://en.wikipedia.org/wiki/List_of_districts_of_India,0.60,collected,2026-06-26
1966,,655,150,"District Magistrate / Collector, Gomati (Tripura)",bureaucratic,administrative,8,false,"Head of district administration, Gomati, Tripura",https://en.wikipedia.org/wiki/List_of_districts_of_India,0.60,collected,2026-06-26
1967,,655,1966,"Superintendent of Police, Gomati (Tripura)",bureaucratic,administrative,8,false,"District police chief, Gomati, Tripura",https://en.wikipedia.org/wiki/List_of_districts_of_India,0.60,collected,2026-06-26
1968,,656,150,"District Magistrate / Collector, Khowai (Tripura)",bureaucratic,administrative,8,false,"Head of district administration, Khowai, Tripura",https://en.wikipedia.org/wiki/List_of_districts_of_India,0.60,collected,2026-06-26
1969,,656,1968,"Superintendent of Police, Khowai (Tripura)",bureaucratic,administrative,8,false,"District police chief, Khowai, Tripura",https://en.wikipedia.org/wiki/List_of_districts_of_India,0.60,collected,2026-06-26
1970,,657,150,"District Magistrate / Collector, North Tripura (Tripura)",bureaucratic,administrative,8,false,"Head of district administration, North Tripura, Tripura",https://en.wikipedia.org/wiki/List_of_districts_of_India,0.60,collected,2026-06-26
1971,,657,1970,"Superintendent of Police, North Tripura (Tripura)",bureaucratic,administrative,8,false,"District police chief, North Tripura, Tripura",https://en.wikipedia.org/wiki/List_of_districts_of_India,0.60,collected,2026-06-26
1972,,658,150,"District Magistrate / Collector, Sipahijala (Tripura)",bureaucratic,administrative,8,false,"Head of district administration, Sipahijala, Tripura",https://en.wikipedia.org/wiki/List_of_districts_of_India,0.60,collected,2026-06-26
1973,,658,1972,"Superintendent of Police, Sipahijala (Tripura)",bureaucratic,administrative,8,false,"District police chief, Sipahijala, Tripura",https://en.wikipedia.org/wiki/List_of_districts_of_India,0.60,collected,2026-06-26
1974,,659,150,"District Magistrate / Collector, South Tripura (Tripura)",bureaucratic,administrative,8,false,"Head of district administration, South Tripura, Tripura",https://en.wikipedia.org/wiki/List_of_districts_of_India,0.60,collected,2026-06-26
1975,,659,1974,"Superintendent of Police, South Tripura (Tripura)",bureaucratic,administrative,8,false,"District police chief, South Tripura, Tripura",https://en.wikipedia.org/wiki/List_of_districts_of_India,0.60,collected,2026-06-26
1976,,660,150,"District Magistrate / Collector, Unakoti (Tripura)",bureaucratic,administrative,8,false,"Head of district administration, Unakoti, Tripura",https://en.wikipedia.org/wiki/List_of_districts_of_India,0.60,collected,2026-06-26
1977,,660,1976,"Superintendent of Police, Unakoti (Tripura)",bureaucratic,administrative,8,false,"District police chief, Unakoti, Tripura",https://en.wikipedia.org/wiki/List_of_districts_of_India,0.60,collected,2026-06-26
1978,,661,150,"District Magistrate / Collector, West Tripura (Tripura)",bureaucratic,administrative,8,false,"Head of district administration, West Tripura, Tripura",https://en.wikipedia.org/wiki/List_of_districts_of_India,0.60,collected,2026-06-26
1979,,661,1978,"Superintendent of Police, West Tripura (Tripura)",bureaucratic,administrative,8,false,"District police chief, West Tripura, Tripura",https://en.wikipedia.org/wiki/List_of_districts_of_India,0.60,collected,2026-06-26
1980,,662,153,"District Magistrate / Collector, Almora (Uttarakhand)",bureaucratic,administrative,8,false,"Head of district administration, Almora, Uttarakhand",https://en.wikipedia.org/wiki/List_of_districts_of_India,0.60,collected,2026-06-26
1981,,662,1980,"Superintendent of Police, Almora (Uttarakhand)",bureaucratic,administrative,8,false,"District police chief, Almora, Uttarakhand",https://en.wikipedia.org/wiki/List_of_districts_of_India,0.50,collected,2026-06-26
1982,,663,153,"District Magistrate / Collector, Bageshwar (Uttarakhand)",bureaucratic,administrative,8,false,"Head of district administration, Bageshwar, Uttarakhand",https://en.wikipedia.org/wiki/List_of_districts_of_India,0.60,collected,2026-06-26
1983,,663,1982,"Superintendent of Police, Bageshwar (Uttarakhand)",bureaucratic,administrative,8,false,"District police chief, Bageshwar, Uttarakhand",https://en.wikipedia.org/wiki/List_of_districts_of_India,0.50,collected,2026-06-26
1984,,664,153,"District Magistrate / Collector, Chamoli (Uttarakhand)",bureaucratic,administrative,8,false,"Head of district administration, Chamoli, Uttarakhand",https://en.wikipedia.org/wiki/List_of_districts_of_India,0.60,collected,2026-06-26
1985,,664,1984,"Superintendent of Police, Chamoli (Uttarakhand)",bureaucratic,administrative,8,false,"District police chief, Chamoli, Uttarakhand",https://en.wikipedia.org/wiki/List_of_districts_of_India,0.40,pending,2026-06-26
1986,,665,153,"District Magistrate / Collector, Champawat (Uttarakhand)",bureaucratic,administrative,8,false,"Head of district administration, Champawat, Uttarakhand",https://en.wikipedia.org/wiki/List_of_districts_of_India,0.60,collected,2026-06-26
1987,,665,1986,"Superintendent of Police, Champawat (Uttarakhand)",bureaucratic,administrative,8,false,"District police chief, Champawat, Uttarakhand",https://en.wikipedia.org/wiki/List_of_districts_of_India,0.50,collected,2026-06-26
1988,,666,153,"District Magistrate / Collector, Dehradun (Uttarakhand)",bureaucratic,administrative,8,false,"Head of district administration, Dehradun, Uttarakhand",https://en.wikipedia.org/wiki/List_of_districts_of_India,0.60,collected,2026-06-26
1989,,666,1988,"Superintendent of Police, Dehradun (Uttarakhand)",bureaucratic,administrative,8,false,"District police chief, Dehradun, Uttarakhand",https://en.wikipedia.org/wiki/List_of_districts_of_India,0.50,collected,2026-06-26
1990,,667,153,"District Magistrate / Collector, Haridwar (Uttarakhand)",bureaucratic,administrative,8,false,"Head of district administration, Haridwar, Uttarakhand",https://en.wikipedia.org/wiki/List_of_districts_of_India,0.60,collected,2026-06-26
1991,,667,1990,"Superintendent of Police, Haridwar (Uttarakhand)",bureaucratic,administrative,8,false,"District police chief, Haridwar, Uttarakhand",https://en.wikipedia.org/wiki/List_of_districts_of_India,0.50,collected,2026-06-26
1992,,668,153,"District Magistrate / Collector, Nainital (Uttarakhand)",bureaucratic,administrative,8,false,"Head of district administration, Nainital, Uttarakhand",https://en.wikipedia.org/wiki/List_of_districts_of_India,0.60,collected,2026-06-26
1993,,668,1992,"Superintendent of Police, Nainital (Uttarakhand)",bureaucratic,administrative,8,false,"District police chief, Nainital, Uttarakhand",https://en.wikipedia.org/wiki/List_of_districts_of_India,0.50,collected,2026-06-26
1994,,669,153,"District Magistrate / Collector, Pauri Garhwal (Uttarakhand)",bureaucratic,administrative,8,false,"Head of district administration, Pauri Garhwal, Uttarakhand",https://en.wikipedia.org/wiki/List_of_districts_of_India,0.60,collected,2026-06-26
1995,,669,1994,"Superintendent of Police, Pauri Garhwal (Uttarakhand)",bureaucratic,administrative,8,false,"District police chief, Pauri Garhwal, Uttarakhand",https://en.wikipedia.org/wiki/List_of_districts_of_India,0.50,collected,2026-06-26
1996,,670,153,"District Magistrate / Collector, Pithoragarh (Uttarakhand)",bureaucratic,administrative,8,false,"Head of district administration, Pithoragarh, Uttarakhand",https://en.wikipedia.org/wiki/List_of_districts_of_India,0.60,collected,2026-06-26
1997,,670,1996,"Superintendent of Police, Pithoragarh (Uttarakhand)",bureaucratic,administrative,8,false,"District police chief, Pithoragarh, Uttarakhand",https://en.wikipedia.org/wiki/List_of_districts_of_India,0.50,collected,2026-06-26
1998,,671,153,"District Magistrate / Collector, Rudraprayag (Uttarakhand)",bureaucratic,administrative,8,false,"Head of district administration, Rudraprayag, Uttarakhand",https://en.wikipedia.org/wiki/List_of_districts_of_India,0.60,collected,2026-06-26
1999,,671,1998,"Superintendent of Police, Rudraprayag (Uttarakhand)",bureaucratic,administrative,8,false,"District police chief, Rudraprayag, Uttarakhand",https://en.wikipedia.org/wiki/List_of_districts_of_India,0.50,collected,2026-06-26
2000,,672,153,"District Magistrate / Collector, Tehri Garhwal (Uttarakhand)",bureaucratic,administrative,8,false,"Head of district administration, Tehri Garhwal, Uttarakhand",https://en.wikipedia.org/wiki/List_of_districts_of_India,0.60,collected,2026-06-26
2001,,672,2000,"Superintendent of Police, Tehri Garhwal (Uttarakhand)",bureaucratic,administrative,8,false,"District police chief, Tehri Garhwal, Uttarakhand",https://en.wikipedia.org/wiki/List_of_districts_of_India,0.40,pending,2026-06-26
2002,,673,153,"District Magistrate / Collector, Udham Singh Nagar (Uttarakhand)",bureaucratic,administrative,8,false,"Head of district administration, Udham Singh Nagar, Uttarakhand",https://en.wikipedia.org/wiki/List_of_districts_of_India,0.60,collected,2026-06-26
2003,,673,2002,"Superintendent of Police, Udham Singh Nagar (Uttarakhand)",bureaucratic,administrative,8,false,"District police chief, Udham Singh Nagar, Uttarakhand",https://en.wikipedia.org/wiki/List_of_districts_of_India,0.50,collected,2026-06-26
2004,,674,153,"District Magistrate / Collector, Uttarkashi (Uttarakhand)",bureaucratic,administrative,8,false,"Head of district administration, Uttarkashi, Uttarakhand",https://en.wikipedia.org/wiki/List_of_districts_of_India,0.60,collected,2026-06-26
2005,,674,2004,"Superintendent of Police, Uttarkashi (Uttarakhand)",bureaucratic,administrative,8,false,"District police chief, Uttarkashi, Uttarakhand",https://en.wikipedia.org/wiki/List_of_districts_of_India,0.40,pending,2026-06-26
2006,,675,156,"District Magistrate / Collector, Agra (Uttar Pradesh)",bureaucratic,administrative,8,false,"Head of district administration, Agra, Uttar Pradesh",https://en.wikipedia.org/wiki/List_of_districts_of_India,0.65,collected,2026-06-26
2007,,675,2006,"Superintendent of Police, Agra (Uttar Pradesh)",bureaucratic,administrative,8,false,"District police chief, Agra, Uttar Pradesh",https://en.wikipedia.org/wiki/List_of_districts_of_India,0.60,collected,2026-06-26
2008,,676,156,"District Magistrate / Collector, Aligarh (Uttar Pradesh)",bureaucratic,administrative,8,false,"Head of district administration, Aligarh, Uttar Pradesh",https://en.wikipedia.org/wiki/List_of_districts_of_India,0.65,collected,2026-06-26
2009,,676,2008,"Superintendent of Police, Aligarh (Uttar Pradesh)",bureaucratic,administrative,8,false,"District police chief, Aligarh, Uttar Pradesh",https://en.wikipedia.org/wiki/List_of_districts_of_India,0.60,collected,2026-06-26
2010,,677,156,"District Magistrate / Collector, Ambedkar Nagar (Uttar Pradesh)",bureaucratic,administrative,8,false,"Head of district administration, Ambedkar Nagar, Uttar Pradesh",https://en.wikipedia.org/wiki/List_of_districts_of_India,0.65,collected,2026-06-26
2011,,677,2010,"Superintendent of Police, Ambedkar Nagar (Uttar Pradesh)",bureaucratic,administrative,8,false,"District police chief, Ambedkar Nagar, Uttar Pradesh",https://en.wikipedia.org/wiki/List_of_districts_of_India,0.60,collected,2026-06-26
2012,,678,156,"District Magistrate / Collector, Amethi (Uttar Pradesh)",bureaucratic,administrative,8,false,"Head of district administration, Amethi, Uttar Pradesh",https://en.wikipedia.org/wiki/List_of_districts_of_India,0.65,collected,2026-06-26
2013,,678,2012,"Superintendent of Police, Amethi (Uttar Pradesh)",bureaucratic,administrative,8,false,"District police chief, Amethi, Uttar Pradesh",https://en.wikipedia.org/wiki/List_of_districts_of_India,0.60,collected,2026-06-26
2014,,679,156,"District Magistrate / Collector, Amroha (Uttar Pradesh)",bureaucratic,administrative,8,false,"Head of district administration, Amroha, Uttar Pradesh",https://en.wikipedia.org/wiki/List_of_districts_of_India,0.65,collected,2026-06-26
2015,,679,2014,"Superintendent of Police, Amroha (Uttar Pradesh)",bureaucratic,administrative,8,false,"District police chief, Amroha, Uttar Pradesh",https://en.wikipedia.org/wiki/List_of_districts_of_India,0.60,collected,2026-06-26
2016,,680,156,"District Magistrate / Collector, Auraiya (Uttar Pradesh)",bureaucratic,administrative,8,false,"Head of district administration, Auraiya, Uttar Pradesh",https://en.wikipedia.org/wiki/List_of_districts_of_India,0.65,collected,2026-06-26
2017,,680,2016,"Superintendent of Police, Auraiya (Uttar Pradesh)",bureaucratic,administrative,8,false,"District police chief, Auraiya, Uttar Pradesh",https://en.wikipedia.org/wiki/List_of_districts_of_India,0.60,collected,2026-06-26
2018,,681,156,"District Magistrate / Collector, Ayodhya (Uttar Pradesh)",bureaucratic,administrative,8,false,"Head of district administration, Ayodhya, Uttar Pradesh",https://en.wikipedia.org/wiki/List_of_districts_of_India,0.65,collected,2026-06-26
2019,,681,2018,"Superintendent of Police, Ayodhya (Uttar Pradesh)",bureaucratic,administrative,8,false,"District police chief, Ayodhya, Uttar Pradesh",https://en.wikipedia.org/wiki/List_of_districts_of_India,0.60,collected,2026-06-26
2020,,682,156,"District Magistrate / Collector, Azamgarh (Uttar Pradesh)",bureaucratic,administrative,8,false,"Head of district administration, Azamgarh, Uttar Pradesh",https://en.wikipedia.org/wiki/List_of_districts_of_India,0.65,collected,2026-06-26
2021,,682,2020,"Superintendent of Police, Azamgarh (Uttar Pradesh)",bureaucratic,administrative,8,false,"District police chief, Azamgarh, Uttar Pradesh",https://en.wikipedia.org/wiki/List_of_districts_of_India,0.60,collected,2026-06-26
2022,,683,156,"District Magistrate / Collector, Budaun (Uttar Pradesh)",bureaucratic,administrative,8,false,"Head of district administration, Budaun, Uttar Pradesh",https://en.wikipedia.org/wiki/List_of_districts_of_India,0.65,collected,2026-06-26
2023,,683,2022,"Superintendent of Police, Budaun (Uttar Pradesh)",bureaucratic,administrative,8,false,"District police chief, Budaun, Uttar Pradesh",https://en.wikipedia.org/wiki/List_of_districts_of_India,0.60,collected,2026-06-26
2024,,684,156,"District Magistrate / Collector, Bagpat (Uttar Pradesh)",bureaucratic,administrative,8,false,"Head of district administration, Bagpat, Uttar Pradesh",https://en.wikipedia.org/wiki/List_of_districts_of_India,0.65,collected,2026-06-26
2025,,684,2024,"Superintendent of Police, Bagpat (Uttar Pradesh)",bureaucratic,administrative,8,false,"District police chief, Bagpat, Uttar Pradesh",https://en.wikipedia.org/wiki/List_of_districts_of_India,0.40,pending,2026-06-26
2026,,685,156,"District Magistrate / Collector, Bahraich (Uttar Pradesh)",bureaucratic,administrative,8,false,"Head of district administration, Bahraich, Uttar Pradesh",https://en.wikipedia.org/wiki/List_of_districts_of_India,0.65,collected,2026-06-26
2027,,685,2026,"Superintendent of Police, Bahraich (Uttar Pradesh)",bureaucratic,administrative,8,false,"District police chief, Bahraich, Uttar Pradesh",https://en.wikipedia.org/wiki/List_of_districts_of_India,0.60,collected,2026-06-26
2028,,686,156,"District Magistrate / Collector, Ballia (Uttar Pradesh)",bureaucratic,administrative,8,false,"Head of district administration, Ballia, Uttar Pradesh",https://en.wikipedia.org/wiki/List_of_districts_of_India,0.65,collected,2026-06-26
2029,,686,2028,"Superintendent of Police, Ballia (Uttar Pradesh)",bureaucratic,administrative,8,false,"District police chief, Ballia, Uttar Pradesh",https://en.wikipedia.org/wiki/List_of_districts_of_India,0.60,collected,2026-06-26
2030,,687,156,"District Magistrate / Collector, Balrampur (Uttar Pradesh)",bureaucratic,administrative,8,false,"Head of district administration, Balrampur, Uttar Pradesh",https://en.wikipedia.org/wiki/List_of_districts_of_India,0.65,collected,2026-06-26
2031,,687,2030,"Superintendent of Police, Balrampur (Uttar Pradesh)",bureaucratic,administrative,8,false,"District police chief, Balrampur, Uttar Pradesh",https://en.wikipedia.org/wiki/List_of_districts_of_India,0.60,collected,2026-06-26
2032,,688,156,"District Magistrate / Collector, Banda (Uttar Pradesh)",bureaucratic,administrative,8,false,"Head of district administration, Banda, Uttar Pradesh",https://en.wikipedia.org/wiki/List_of_districts_of_India,0.65,collected,2026-06-26
2033,,688,2032,"Superintendent of Police, Banda (Uttar Pradesh)",bureaucratic,administrative,8,false,"District police chief, Banda, Uttar Pradesh",https://en.wikipedia.org/wiki/List_of_districts_of_India,0.60,collected,2026-06-26
2034,,689,156,"District Magistrate / Collector, Barabanki (Uttar Pradesh)",bureaucratic,administrative,8,false,"Head of district administration, Barabanki, Uttar Pradesh",https://en.wikipedia.org/wiki/List_of_districts_of_India,0.65,collected,2026-06-26
2035,,689,2034,"Superintendent of Police, Barabanki (Uttar Pradesh)",bureaucratic,administrative,8,false,"District police chief, Barabanki, Uttar Pradesh",https://en.wikipedia.org/wiki/List_of_districts_of_India,0.60,collected,2026-06-26
2036,,690,156,"District Magistrate / Collector, Bareilly (Uttar Pradesh)",bureaucratic,administrative,8,false,"Head of district administration, Bareilly, Uttar Pradesh",https://en.wikipedia.org/wiki/List_of_districts_of_India,0.65,collected,2026-06-26
2037,,690,2036,"Superintendent of Police, Bareilly (Uttar Pradesh)",bureaucratic,administrative,8,false,"District police chief, Bareilly, Uttar Pradesh",https://en.wikipedia.org/wiki/List_of_districts_of_India,0.60,collected,2026-06-26
2038,,691,156,"District Magistrate / Collector, Basti (Uttar Pradesh)",bureaucratic,administrative,8,false,"Head of district administration, Basti, Uttar Pradesh",https://en.wikipedia.org/wiki/List_of_districts_of_India,0.65,collected,2026-06-26
2039,,691,2038,"Superintendent of Police, Basti (Uttar Pradesh)",bureaucratic,administrative,8,false,"District police chief, Basti, Uttar Pradesh",https://en.wikipedia.org/wiki/List_of_districts_of_India,0.60,collected,2026-06-26
2040,,692,156,"District Magistrate / Collector, Bhadohi (Uttar Pradesh)",bureaucratic,administrative,8,false,"Head of district administration, Bhadohi, Uttar Pradesh",https://en.wikipedia.org/wiki/List_of_districts_of_India,0.65,collected,2026-06-26
2041,,692,2040,"Superintendent of Police, Bhadohi (Uttar Pradesh)",bureaucratic,administrative,8,false,"District police chief, Bhadohi, Uttar Pradesh",https://en.wikipedia.org/wiki/List_of_districts_of_India,0.60,collected,2026-06-26
2042,,693,156,"District Magistrate / Collector, Bijnor (Uttar Pradesh)",bureaucratic,administrative,8,false,"Head of district administration, Bijnor, Uttar Pradesh",https://en.wikipedia.org/wiki/List_of_districts_of_India,0.65,collected,2026-06-26
2043,,693,2042,"Superintendent of Police, Bijnor (Uttar Pradesh)",bureaucratic,administrative,8,false,"District police chief, Bijnor, Uttar Pradesh",https://en.wikipedia.org/wiki/List_of_districts_of_India,0.60,collected,2026-06-26
2044,,694,156,"District Magistrate / Collector, Bulandshahr (Uttar Pradesh)",bureaucratic,administrative,8,false,"Head of district administration, Bulandshahr, Uttar Pradesh",https://en.wikipedia.org/wiki/List_of_districts_of_India,0.65,collected,2026-06-26
2045,,694,2044,"Superintendent of Police, Bulandshahr (Uttar Pradesh)",bureaucratic,administrative,8,false,"District police chief, Bulandshahr, Uttar Pradesh",https://en.wikipedia.org/wiki/List_of_districts_of_India,0.60,collected,2026-06-26
2046,,695,156,"District Magistrate / Collector, Chandauli (Uttar Pradesh)",bureaucratic,administrative,8,false,"Head of district administration, Chandauli, Uttar Pradesh",https://en.wikipedia.org/wiki/List_of_districts_of_India,0.65,collected,2026-06-26
2047,,695,2046,"Superintendent of Police, Chandauli (Uttar Pradesh)",bureaucratic,administrative,8,false,"District police chief, Chandauli, Uttar Pradesh",https://en.wikipedia.org/wiki/List_of_districts_of_India,0.60,collected,2026-06-26
2048,,696,156,"District Magistrate / Collector, Chitrakoot (Uttar Pradesh)",bureaucratic,administrative,8,false,"Head of district administration, Chitrakoot, Uttar Pradesh",https://en.wikipedia.org/wiki/List_of_districts_of_India,0.65,collected,2026-06-26
2049,,696,2048,"Superintendent of Police, Chitrakoot (Uttar Pradesh)",bureaucratic,administrative,8,false,"District police chief, Chitrakoot, Uttar Pradesh",https://en.wikipedia.org/wiki/List_of_districts_of_India,0.60,collected,2026-06-26
2050,,697,156,"District Magistrate / Collector, Deoria (Uttar Pradesh)",bureaucratic,administrative,8,false,"Head of district administration, Deoria, Uttar Pradesh",https://en.wikipedia.org/wiki/List_of_districts_of_India,0.65,collected,2026-06-26
2051,,697,2050,"Superintendent of Police, Deoria (Uttar Pradesh)",bureaucratic,administrative,8,false,"District police chief, Deoria, Uttar Pradesh",https://en.wikipedia.org/wiki/List_of_districts_of_India,0.60,collected,2026-06-26
2052,,698,156,"District Magistrate / Collector, Etah (Uttar Pradesh)",bureaucratic,administrative,8,false,"Head of district administration, Etah, Uttar Pradesh",https://en.wikipedia.org/wiki/List_of_districts_of_India,0.65,collected,2026-06-26
2053,,698,2052,"Superintendent of Police, Etah (Uttar Pradesh)",bureaucratic,administrative,8,false,"District police chief, Etah, Uttar Pradesh",https://en.wikipedia.org/wiki/List_of_districts_of_India,0.60,collected,2026-06-26
2054,,699,156,"District Magistrate / Collector, Etawah (Uttar Pradesh)",bureaucratic,administrative,8,false,"Head of district administration, Etawah, Uttar Pradesh",https://en.wikipedia.org/wiki/List_of_districts_of_India,0.65,collected,2026-06-26
2055,,699,2054,"Superintendent of Police, Etawah (Uttar Pradesh)",bureaucratic,administrative,8,false,"District police chief, Etawah, Uttar Pradesh",https://en.wikipedia.org/wiki/List_of_districts_of_India,0.60,collected,2026-06-26
2056,,700,156,"District Magistrate / Collector, Farrukhabad (Uttar Pradesh)",bureaucratic,administrative,8,false,"Head of district administration, Farrukhabad, Uttar Pradesh",https://en.wikipedia.org/wiki/List_of_districts_of_India,0.65,collected,2026-06-26
2057,,700,2056,"Superintendent of Police, Farrukhabad (Uttar Pradesh)",bureaucratic,administrative,8,false,"District police chief, Farrukhabad, Uttar Pradesh",https://en.wikipedia.org/wiki/List_of_districts_of_India,0.60,collected,2026-06-26
2058,,701,156,"District Magistrate / Collector, Fatehpur (Uttar Pradesh)",bureaucratic,administrative,8,false,"Head of district administration, Fatehpur, Uttar Pradesh",https://en.wikipedia.org/wiki/List_of_districts_of_India,0.65,collected,2026-06-26
2059,,701,2058,"Superintendent of Police, Fatehpur (Uttar Pradesh)",bureaucratic,administrative,8,false,"District police chief, Fatehpur, Uttar Pradesh",https://en.wikipedia.org/wiki/List_of_districts_of_India,0.60,collected,2026-06-26
2060,,702,156,"District Magistrate / Collector, Firozabad (Uttar Pradesh)",bureaucratic,administrative,8,false,"Head of district administration, Firozabad, Uttar Pradesh",https://en.wikipedia.org/wiki/List_of_districts_of_India,0.65,collected,2026-06-26
2061,,702,2060,"Superintendent of Police, Firozabad (Uttar Pradesh)",bureaucratic,administrative,8,false,"District police chief, Firozabad, Uttar Pradesh",https://en.wikipedia.org/wiki/List_of_districts_of_India,0.60,collected,2026-06-26
2062,,703,156,"District Magistrate / Collector, Gautam Buddha Nagar (Uttar Pradesh)",bureaucratic,administrative,8,false,"Head of district administration, Gautam Buddha Nagar, Uttar Pradesh",https://en.wikipedia.org/wiki/List_of_districts_of_India,0.65,collected,2026-06-26
2063,,703,2062,"Superintendent of Police, Gautam Buddha Nagar (Uttar Pradesh)",bureaucratic,administrative,8,false,"District police chief, Gautam Buddha Nagar, Uttar Pradesh",https://en.wikipedia.org/wiki/List_of_districts_of_India,0.60,collected,2026-06-26
2064,,704,156,"District Magistrate / Collector, Ghaziabad (Uttar Pradesh)",bureaucratic,administrative,8,false,"Head of district administration, Ghaziabad, Uttar Pradesh",https://en.wikipedia.org/wiki/List_of_districts_of_India,0.65,collected,2026-06-26
2065,,704,2064,"Superintendent of Police, Ghaziabad (Uttar Pradesh)",bureaucratic,administrative,8,false,"District police chief, Ghaziabad, Uttar Pradesh",https://en.wikipedia.org/wiki/List_of_districts_of_India,0.60,collected,2026-06-26
2066,,705,156,"District Magistrate / Collector, Ghazipur (Uttar Pradesh)",bureaucratic,administrative,8,false,"Head of district administration, Ghazipur, Uttar Pradesh",https://en.wikipedia.org/wiki/List_of_districts_of_India,0.65,collected,2026-06-26
2067,,705,2066,"Superintendent of Police, Ghazipur (Uttar Pradesh)",bureaucratic,administrative,8,false,"District police chief, Ghazipur, Uttar Pradesh",https://en.wikipedia.org/wiki/List_of_districts_of_India,0.60,collected,2026-06-26
2068,,706,156,"District Magistrate / Collector, Gonda (Uttar Pradesh)",bureaucratic,administrative,8,false,"Head of district administration, Gonda, Uttar Pradesh",https://en.wikipedia.org/wiki/List_of_districts_of_India,0.65,collected,2026-06-26
2069,,706,2068,"Superintendent of Police, Gonda (Uttar Pradesh)",bureaucratic,administrative,8,false,"District police chief, Gonda, Uttar Pradesh",https://en.wikipedia.org/wiki/List_of_districts_of_India,0.60,collected,2026-06-26
2070,,707,156,"District Magistrate / Collector, Gorakhpur (Uttar Pradesh)",bureaucratic,administrative,8,false,"Head of district administration, Gorakhpur, Uttar Pradesh",https://en.wikipedia.org/wiki/List_of_districts_of_India,0.65,collected,2026-06-26
2071,,707,2070,"Superintendent of Police, Gorakhpur (Uttar Pradesh)",bureaucratic,administrative,8,false,"District police chief, Gorakhpur, Uttar Pradesh",https://en.wikipedia.org/wiki/List_of_districts_of_India,0.60,collected,2026-06-26
2072,,708,156,"District Magistrate / Collector, Hamirpur (Uttar Pradesh)",bureaucratic,administrative,8,false,"Head of district administration, Hamirpur, Uttar Pradesh",https://en.wikipedia.org/wiki/List_of_districts_of_India,0.65,collected,2026-06-26
2073,,708,2072,"Superintendent of Police, Hamirpur (Uttar Pradesh)",bureaucratic,administrative,8,false,"District police chief, Hamirpur, Uttar Pradesh",https://en.wikipedia.org/wiki/List_of_districts_of_India,0.60,collected,2026-06-26
2074,,709,156,"District Magistrate / Collector, Hapur (Uttar Pradesh)",bureaucratic,administrative,8,false,"Head of district administration, Hapur, Uttar Pradesh",https://en.wikipedia.org/wiki/List_of_districts_of_India,0.65,collected,2026-06-26
2075,,709,2074,"Superintendent of Police, Hapur (Uttar Pradesh)",bureaucratic,administrative,8,false,"District police chief, Hapur, Uttar Pradesh",https://en.wikipedia.org/wiki/List_of_districts_of_India,0.60,collected,2026-06-26
2076,,710,156,"District Magistrate / Collector, Hardoi (Uttar Pradesh)",bureaucratic,administrative,8,false,"Head of district administration, Hardoi, Uttar Pradesh",https://en.wikipedia.org/wiki/List_of_districts_of_India,0.65,collected,2026-06-26
2077,,710,2076,"Superintendent of Police, Hardoi (Uttar Pradesh)",bureaucratic,administrative,8,false,"District police chief, Hardoi, Uttar Pradesh",https://en.wikipedia.org/wiki/List_of_districts_of_India,0.60,collected,2026-06-26
2078,,711,156,"District Magistrate / Collector, Hathras (Uttar Pradesh)",bureaucratic,administrative,8,false,"Head of district administration, Hathras, Uttar Pradesh",https://en.wikipedia.org/wiki/List_of_districts_of_India,0.65,collected,2026-06-26
2079,,711,2078,"Superintendent of Police, Hathras (Uttar Pradesh)",bureaucratic,administrative,8,false,"District police chief, Hathras, Uttar Pradesh",https://en.wikipedia.org/wiki/List_of_districts_of_India,0.60,collected,2026-06-26
2080,,712,156,"District Magistrate / Collector, Jalaun (Uttar Pradesh)",bureaucratic,administrative,8,false,"Head of district administration, Jalaun, Uttar Pradesh",https://en.wikipedia.org/wiki/List_of_districts_of_India,0.65,collected,2026-06-26
2081,,712,2080,"Superintendent of Police, Jalaun (Uttar Pradesh)",bureaucratic,administrative,8,false,"District police chief, Jalaun, Uttar Pradesh",https://en.wikipedia.org/wiki/List_of_districts_of_India,0.60,collected,2026-06-26
2082,,713,156,"District Magistrate / Collector, Jaunpur (Uttar Pradesh)",bureaucratic,administrative,8,false,"Head of district administration, Jaunpur, Uttar Pradesh",https://en.wikipedia.org/wiki/List_of_districts_of_India,0.65,collected,2026-06-26
2083,,713,2082,"Superintendent of Police, Jaunpur (Uttar Pradesh)",bureaucratic,administrative,8,false,"District police chief, Jaunpur, Uttar Pradesh",https://en.wikipedia.org/wiki/List_of_districts_of_India,0.60,collected,2026-06-26
2084,,714,156,"District Magistrate / Collector, Jhansi (Uttar Pradesh)",bureaucratic,administrative,8,false,"Head of district administration, Jhansi, Uttar Pradesh",https://en.wikipedia.org/wiki/List_of_districts_of_India,0.65,collected,2026-06-26
2085,,714,2084,"Superintendent of Police, Jhansi (Uttar Pradesh)",bureaucratic,administrative,8,false,"District police chief, Jhansi, Uttar Pradesh",https://en.wikipedia.org/wiki/List_of_districts_of_India,0.60,collected,2026-06-26
2086,,715,156,"District Magistrate / Collector, Kannauj (Uttar Pradesh)",bureaucratic,administrative,8,false,"Head of district administration, Kannauj, Uttar Pradesh",https://en.wikipedia.org/wiki/List_of_districts_of_India,0.65,collected,2026-06-26
2087,,715,2086,"Superintendent of Police, Kannauj (Uttar Pradesh)",bureaucratic,administrative,8,false,"District police chief, Kannauj, Uttar Pradesh",https://en.wikipedia.org/wiki/List_of_districts_of_India,0.60,collected,2026-06-26
2088,,716,156,"District Magistrate / Collector, Kanpur Dehat (Uttar Pradesh)",bureaucratic,administrative,8,false,"Head of district administration, Kanpur Dehat, Uttar Pradesh",https://en.wikipedia.org/wiki/List_of_districts_of_India,0.65,collected,2026-06-26
2089,,716,2088,"Superintendent of Police, Kanpur Dehat (Uttar Pradesh)",bureaucratic,administrative,8,false,"District police chief, Kanpur Dehat, Uttar Pradesh",https://en.wikipedia.org/wiki/List_of_districts_of_India,0.60,collected,2026-06-26
2090,,717,156,"District Magistrate / Collector, Kanpur Nagar (Uttar Pradesh)",bureaucratic,administrative,8,false,"Head of district administration, Kanpur Nagar, Uttar Pradesh",https://en.wikipedia.org/wiki/List_of_districts_of_India,0.65,collected,2026-06-26
2091,,717,2090,"Superintendent of Police, Kanpur Nagar (Uttar Pradesh)",bureaucratic,administrative,8,false,"District police chief, Kanpur Nagar, Uttar Pradesh",https://en.wikipedia.org/wiki/List_of_districts_of_India,0.60,collected,2026-06-26
2092,,718,156,"District Magistrate / Collector, Kasganj (Uttar Pradesh)",bureaucratic,administrative,8,false,"Head of district administration, Kasganj, Uttar Pradesh",https://en.wikipedia.org/wiki/List_of_districts_of_India,0.65,collected,2026-06-26
2093,,718,2092,"Superintendent of Police, Kasganj (Uttar Pradesh)",bureaucratic,administrative,8,false,"District police chief, Kasganj, Uttar Pradesh",https://en.wikipedia.org/wiki/List_of_districts_of_India,0.60,collected,2026-06-26
2094,,719,156,"District Magistrate / Collector, Kaushambi (Uttar Pradesh)",bureaucratic,administrative,8,false,"Head of district administration, Kaushambi, Uttar Pradesh",https://en.wikipedia.org/wiki/List_of_districts_of_India,0.65,collected,2026-06-26
2095,,719,2094,"Superintendent of Police, Kaushambi (Uttar Pradesh)",bureaucratic,administrative,8,false,"District police chief, Kaushambi, Uttar Pradesh",https://en.wikipedia.org/wiki/List_of_districts_of_India,0.60,collected,2026-06-26
2096,,720,156,"District Magistrate / Collector, Kushinagar (Uttar Pradesh)",bureaucratic,administrative,8,false,"Head of district administration, Kushinagar, Uttar Pradesh",https://en.wikipedia.org/wiki/List_of_districts_of_India,0.65,collected,2026-06-26
2097,,720,2096,"Superintendent of Police, Kushinagar (Uttar Pradesh)",bureaucratic,administrative,8,false,"District police chief, Kushinagar, Uttar Pradesh",https://en.wikipedia.org/wiki/List_of_districts_of_India,0.60,collected,2026-06-26
2098,,721,156,"District Magistrate / Collector, Lakhimpur Kheri (Uttar Pradesh)",bureaucratic,administrative,8,false,"Head of district administration, Lakhimpur Kheri, Uttar Pradesh",https://en.wikipedia.org/wiki/List_of_districts_of_India,0.65,collected,2026-06-26
2099,,721,2098,"Superintendent of Police, Lakhimpur Kheri (Uttar Pradesh)",bureaucratic,administrative,8,false,"District police chief, Lakhimpur Kheri, Uttar Pradesh",https://en.wikipedia.org/wiki/List_of_districts_of_India,0.60,collected,2026-06-26
2100,,722,156,"District Magistrate / Collector, Lalitpur (Uttar Pradesh)",bureaucratic,administrative,8,false,"Head of district administration, Lalitpur, Uttar Pradesh",https://en.wikipedia.org/wiki/List_of_districts_of_India,0.65,collected,2026-06-26
2101,,722,2100,"Superintendent of Police, Lalitpur (Uttar Pradesh)",bureaucratic,administrative,8,false,"District police chief, Lalitpur, Uttar Pradesh",https://en.wikipedia.org/wiki/List_of_districts_of_India,0.60,collected,2026-06-26
2102,,723,156,"District Magistrate / Collector, Lucknow (Uttar Pradesh)",bureaucratic,administrative,8,false,"Head of district administration, Lucknow, Uttar Pradesh",https://en.wikipedia.org/wiki/List_of_districts_of_India,0.65,collected,2026-06-26
2103,,723,2102,"Superintendent of Police, Lucknow (Uttar Pradesh)",bureaucratic,administrative,8,false,"District police chief, Lucknow, Uttar Pradesh",https://en.wikipedia.org/wiki/List_of_districts_of_India,0.60,collected,2026-06-26
2104,,724,156,"District Magistrate / Collector, Maharajganj (Uttar Pradesh)",bureaucratic,administrative,8,false,"Head of district administration, Maharajganj, Uttar Pradesh",https://en.wikipedia.org/wiki/List_of_districts_of_India,0.65,collected,2026-06-26
2105,,724,2104,"Superintendent of Police, Maharajganj (Uttar Pradesh)",bureaucratic,administrative,8,false,"District police chief, Maharajganj, Uttar Pradesh",https://en.wikipedia.org/wiki/List_of_districts_of_India,0.60,collected,2026-06-26
2106,,725,156,"District Magistrate / Collector, Mahoba (Uttar Pradesh)",bureaucratic,administrative,8,false,"Head of district administration, Mahoba, Uttar Pradesh",https://en.wikipedia.org/wiki/List_of_districts_of_India,0.65,collected,2026-06-26
2107,,725,2106,"Superintendent of Police, Mahoba (Uttar Pradesh)",bureaucratic,administrative,8,false,"District police chief, Mahoba, Uttar Pradesh",https://en.wikipedia.org/wiki/List_of_districts_of_India,0.60,collected,2026-06-26
2108,,726,156,"District Magistrate / Collector, Mainpuri (Uttar Pradesh)",bureaucratic,administrative,8,false,"Head of district administration, Mainpuri, Uttar Pradesh",https://en.wikipedia.org/wiki/List_of_districts_of_India,0.65,collected,2026-06-26
2109,,726,2108,"Superintendent of Police, Mainpuri (Uttar Pradesh)",bureaucratic,administrative,8,false,"District police chief, Mainpuri, Uttar Pradesh",https://en.wikipedia.org/wiki/List_of_districts_of_India,0.60,collected,2026-06-26
2110,,727,156,"District Magistrate / Collector, Mathura (Uttar Pradesh)",bureaucratic,administrative,8,false,"Head of district administration, Mathura, Uttar Pradesh",https://en.wikipedia.org/wiki/List_of_districts_of_India,0.65,collected,2026-06-26
2111,,727,2110,"Superintendent of Police, Mathura (Uttar Pradesh)",bureaucratic,administrative,8,false,"District police chief, Mathura, Uttar Pradesh",https://en.wikipedia.org/wiki/List_of_districts_of_India,0.60,collected,2026-06-26
2112,,728,156,"District Magistrate / Collector, Mau (Uttar Pradesh)",bureaucratic,administrative,8,false,"Head of district administration, Mau, Uttar Pradesh",https://en.wikipedia.org/wiki/List_of_districts_of_India,0.65,collected,2026-06-26
2113,,728,2112,"Superintendent of Police, Mau (Uttar Pradesh)",bureaucratic,administrative,8,false,"District police chief, Mau, Uttar Pradesh",https://en.wikipedia.org/wiki/List_of_districts_of_India,0.60,collected,2026-06-26
2114,,729,156,"District Magistrate / Collector, Meerut (Uttar Pradesh)",bureaucratic,administrative,8,false,"Head of district administration, Meerut, Uttar Pradesh",https://en.wikipedia.org/wiki/List_of_districts_of_India,0.65,collected,2026-06-26
2115,,729,2114,"Superintendent of Police, Meerut (Uttar Pradesh)",bureaucratic,administrative,8,false,"District police chief, Meerut, Uttar Pradesh",https://en.wikipedia.org/wiki/List_of_districts_of_India,0.60,collected,2026-06-26
2116,,730,156,"District Magistrate / Collector, Mirzapur (Uttar Pradesh)",bureaucratic,administrative,8,false,"Head of district administration, Mirzapur, Uttar Pradesh",https://en.wikipedia.org/wiki/List_of_districts_of_India,0.65,collected,2026-06-26
2117,,730,2116,"Superintendent of Police, Mirzapur (Uttar Pradesh)",bureaucratic,administrative,8,false,"District police chief, Mirzapur, Uttar Pradesh",https://en.wikipedia.org/wiki/List_of_districts_of_India,0.60,collected,2026-06-26
2118,,731,156,"District Magistrate / Collector, Moradabad (Uttar Pradesh)",bureaucratic,administrative,8,false,"Head of district administration, Moradabad, Uttar Pradesh",https://en.wikipedia.org/wiki/List_of_districts_of_India,0.65,collected,2026-06-26
2119,,731,2118,"Superintendent of Police, Moradabad (Uttar Pradesh)",bureaucratic,administrative,8,false,"District police chief, Moradabad, Uttar Pradesh",https://en.wikipedia.org/wiki/List_of_districts_of_India,0.60,collected,2026-06-26
2120,,732,156,"District Magistrate / Collector, Muzaffarnagar (Uttar Pradesh)",bureaucratic,administrative,8,false,"Head of district administration, Muzaffarnagar, Uttar Pradesh",https://en.wikipedia.org/wiki/List_of_districts_of_India,0.65,collected,2026-06-26
2121,,732,2120,"Superintendent of Police, Muzaffarnagar (Uttar Pradesh)",bureaucratic,administrative,8,false,"District police chief, Muzaffarnagar, Uttar Pradesh",https://en.wikipedia.org/wiki/List_of_districts_of_India,0.60,collected,2026-06-26
2122,,733,156,"District Magistrate / Collector, Pilibhit (Uttar Pradesh)",bureaucratic,administrative,8,false,"Head of district administration, Pilibhit, Uttar Pradesh",https://en.wikipedia.org/wiki/List_of_districts_of_India,0.65,collected,2026-06-26
2123,,733,2122,"Superintendent of Police, Pilibhit (Uttar Pradesh)",bureaucratic,administrative,8,false,"District police chief, Pilibhit, Uttar Pradesh",https://en.wikipedia.org/wiki/List_of_districts_of_India,0.60,collected,2026-06-26
2124,,734,156,"District Magistrate / Collector, Pratapgarh (Uttar Pradesh)",bureaucratic,administrative,8,false,"Head of district administration, Pratapgarh, Uttar Pradesh",https://en.wikipedia.org/wiki/List_of_districts_of_India,0.65,collected,2026-06-26
2125,,734,2124,"Superintendent of Police, Pratapgarh (Uttar Pradesh)",bureaucratic,administrative,8,false,"District police chief, Pratapgarh, Uttar Pradesh",https://en.wikipedia.org/wiki/List_of_districts_of_India,0.60,collected,2026-06-26
2126,,735,156,"District Magistrate / Collector, Prayagraj (Uttar Pradesh)",bureaucratic,administrative,8,false,"Head of district administration, Prayagraj, Uttar Pradesh",https://en.wikipedia.org/wiki/List_of_districts_of_India,0.65,collected,2026-06-26
2127,,735,2126,"Superintendent of Police, Prayagraj (Uttar Pradesh)",bureaucratic,administrative,8,false,"District police chief, Prayagraj, Uttar Pradesh",https://en.wikipedia.org/wiki/List_of_districts_of_India,0.60,collected,2026-06-26
2128,,736,156,"District Magistrate / Collector, Rae Bareli (Uttar Pradesh)",bureaucratic,administrative,8,false,"Head of district administration, Rae Bareli, Uttar Pradesh",https://en.wikipedia.org/wiki/List_of_districts_of_India,0.65,collected,2026-06-26
2129,,736,2128,"Superintendent of Police, Rae Bareli (Uttar Pradesh)",bureaucratic,administrative,8,false,"District police chief, Rae Bareli, Uttar Pradesh",https://en.wikipedia.org/wiki/List_of_districts_of_India,0.40,pending,2026-06-26
2130,,737,156,"District Magistrate / Collector, Rampur (Uttar Pradesh)",bureaucratic,administrative,8,false,"Head of district administration, Rampur, Uttar Pradesh",https://en.wikipedia.org/wiki/List_of_districts_of_India,0.65,collected,2026-06-26
2131,,737,2130,"Superintendent of Police, Rampur (Uttar Pradesh)",bureaucratic,administrative,8,false,"District police chief, Rampur, Uttar Pradesh",https://en.wikipedia.org/wiki/List_of_districts_of_India,0.60,collected,2026-06-26
2132,,738,156,"District Magistrate / Collector, Saharanpur (Uttar Pradesh)",bureaucratic,administrative,8,false,"Head of district administration, Saharanpur, Uttar Pradesh",https://en.wikipedia.org/wiki/List_of_districts_of_India,0.65,collected,2026-06-26
2133,,738,2132,"Superintendent of Police, Saharanpur (Uttar Pradesh)",bureaucratic,administrative,8,false,"District police chief, Saharanpur, Uttar Pradesh",https://en.wikipedia.org/wiki/List_of_districts_of_India,0.60,collected,2026-06-26
2134,,739,156,"District Magistrate / Collector, Sant Kabir Nagar (Uttar Pradesh)",bureaucratic,administrative,8,false,"Head of district administration, Sant Kabir Nagar, Uttar Pradesh",https://en.wikipedia.org/wiki/List_of_districts_of_India,0.65,collected,2026-06-26
2135,,739,2134,"Superintendent of Police, Sant Kabir Nagar (Uttar Pradesh)",bureaucratic,administrative,8,false,"District police chief, Sant Kabir Nagar, Uttar Pradesh",https://en.wikipedia.org/wiki/List_of_districts_of_India,0.60,collected,2026-06-26
2136,,740,156,"District Magistrate / Collector, Sambhal (Uttar Pradesh)",bureaucratic,administrative,8,false,"Head of district administration, Sambhal, Uttar Pradesh",https://en.wikipedia.org/wiki/List_of_districts_of_India,0.65,collected,2026-06-26
2137,,740,2136,"Superintendent of Police, Sambhal (Uttar Pradesh)",bureaucratic,administrative,8,false,"District police chief, Sambhal, Uttar Pradesh",https://en.wikipedia.org/wiki/List_of_districts_of_India,0.60,collected,2026-06-26
2138,,741,156,"District Magistrate / Collector, Shahjahanpur (Uttar Pradesh)",bureaucratic,administrative,8,false,"Head of district administration, Shahjahanpur, Uttar Pradesh",https://en.wikipedia.org/wiki/List_of_districts_of_India,0.65,collected,2026-06-26
2139,,741,2138,"Superintendent of Police, Shahjahanpur (Uttar Pradesh)",bureaucratic,administrative,8,false,"District police chief, Shahjahanpur, Uttar Pradesh",https://en.wikipedia.org/wiki/List_of_districts_of_India,0.60,collected,2026-06-26
2140,,742,156,"District Magistrate / Collector, Shamli (Uttar Pradesh)",bureaucratic,administrative,8,false,"Head of district administration, Shamli, Uttar Pradesh",https://en.wikipedia.org/wiki/List_of_districts_of_India,0.65,collected,2026-06-26
2141,,742,2140,"Superintendent of Police, Shamli (Uttar Pradesh)",bureaucratic,administrative,8,false,"District police chief, Shamli, Uttar Pradesh",https://en.wikipedia.org/wiki/List_of_districts_of_India,0.60,collected,2026-06-26
2142,,743,156,"District Magistrate / Collector, Shravasti (Uttar Pradesh)",bureaucratic,administrative,8,false,"Head of district administration, Shravasti, Uttar Pradesh",https://en.wikipedia.org/wiki/List_of_districts_of_India,0.65,collected,2026-06-26
2143,,743,2142,"Superintendent of Police, Shravasti (Uttar Pradesh)",bureaucratic,administrative,8,false,"District police chief, Shravasti, Uttar Pradesh",https://en.wikipedia.org/wiki/List_of_districts_of_India,0.60,collected,2026-06-26
2144,,744,156,"District Magistrate / Collector, Siddharthnagar (Uttar Pradesh)",bureaucratic,administrative,8,false,"Head of district administration, Siddharthnagar, Uttar Pradesh",https://en.wikipedia.org/wiki/List_of_districts_of_India,0.65,collected,2026-06-26
2145,,744,2144,"Superintendent of Police, Siddharthnagar (Uttar Pradesh)",bureaucratic,administrative,8,false,"District police chief, Siddharthnagar, Uttar Pradesh",https://en.wikipedia.org/wiki/List_of_districts_of_India,0.60,collected,2026-06-26
2146,,745,156,"District Magistrate / Collector, Sitapur (Uttar Pradesh)",bureaucratic,administrative,8,false,"Head of district administration, Sitapur, Uttar Pradesh",https://en.wikipedia.org/wiki/List_of_districts_of_India,0.65,collected,2026-06-26
2147,,745,2146,"Superintendent of Police, Sitapur (Uttar Pradesh)",bureaucratic,administrative,8,false,"District police chief, Sitapur, Uttar Pradesh",https://en.wikipedia.org/wiki/List_of_districts_of_India,0.60,collected,2026-06-26
2148,,746,156,"District Magistrate / Collector, Sonbhadra (Uttar Pradesh)",bureaucratic,administrative,8,false,"Head of district administration, Sonbhadra, Uttar Pradesh",https://en.wikipedia.org/wiki/List_of_districts_of_India,0.65,collected,2026-06-26
2149,,746,2148,"Superintendent of Police, Sonbhadra (Uttar Pradesh)",bureaucratic,administrative,8,false,"District police chief, Sonbhadra, Uttar Pradesh",https://en.wikipedia.org/wiki/List_of_districts_of_India,0.60,collected,2026-06-26
2150,,747,156,"District Magistrate / Collector, Sultanpur (Uttar Pradesh)",bureaucratic,administrative,8,false,"Head of district administration, Sultanpur, Uttar Pradesh",https://en.wikipedia.org/wiki/List_of_districts_of_India,0.65,collected,2026-06-26
2151,,747,2150,"Superintendent of Police, Sultanpur (Uttar Pradesh)",bureaucratic,administrative,8,false,"District police chief, Sultanpur, Uttar Pradesh",https://en.wikipedia.org/wiki/List_of_districts_of_India,0.60,collected,2026-06-26
2152,,748,156,"District Magistrate / Collector, Unnao (Uttar Pradesh)",bureaucratic,administrative,8,false,"Head of district administration, Unnao, Uttar Pradesh",https://en.wikipedia.org/wiki/List_of_districts_of_India,0.65,collected,2026-06-26
2153,,748,2152,"Superintendent of Police, Unnao (Uttar Pradesh)",bureaucratic,administrative,8,false,"District police chief, Unnao, Uttar Pradesh",https://en.wikipedia.org/wiki/List_of_districts_of_India,0.60,collected,2026-06-26
2154,,749,156,"District Magistrate / Collector, Varanasi (Uttar Pradesh)",bureaucratic,administrative,8,false,"Head of district administration, Varanasi, Uttar Pradesh",https://en.wikipedia.org/wiki/List_of_districts_of_India,0.65,collected,2026-06-26
2155,,749,2154,"Superintendent of Police, Varanasi (Uttar Pradesh)",bureaucratic,administrative,8,false,"District police chief, Varanasi, Uttar Pradesh",https://en.wikipedia.org/wiki/List_of_districts_of_India,0.60,collected,2026-06-26
2156,,750,159,"District Magistrate / Collector, Alipurduar (West Bengal)",bureaucratic,administrative,8,false,"Head of district administration, Alipurduar, West Bengal",https://en.wikipedia.org/wiki/List_of_districts_of_India,0.60,collected,2026-06-26
2157,,750,2156,"Superintendent of Police, Alipurduar (West Bengal)",bureaucratic,administrative,8,false,"District police chief, Alipurduar, West Bengal",https://en.wikipedia.org/wiki/List_of_districts_of_India,0.60,collected,2026-06-26
2158,,751,159,"District Magistrate / Collector, Bankura (West Bengal)",bureaucratic,administrative,8,false,"Head of district administration, Bankura, West Bengal",https://en.wikipedia.org/wiki/List_of_districts_of_India,0.60,collected,2026-06-26
2159,,751,2158,"Superintendent of Police, Bankura (West Bengal)",bureaucratic,administrative,8,false,"District police chief, Bankura, West Bengal",https://en.wikipedia.org/wiki/List_of_districts_of_India,0.60,collected,2026-06-26
2160,,752,159,"District Magistrate / Collector, Paschim Bardhaman (West Bengal)",bureaucratic,administrative,8,false,"Head of district administration, Paschim Bardhaman, West Bengal",https://en.wikipedia.org/wiki/List_of_districts_of_India,0.60,collected,2026-06-26
2161,,752,2160,"Superintendent of Police, Paschim Bardhaman (West Bengal)",bureaucratic,administrative,8,false,"District police chief, Paschim Bardhaman, West Bengal",https://en.wikipedia.org/wiki/List_of_districts_of_India,0.40,pending,2026-06-26
2162,,753,159,"District Magistrate / Collector, Purba Bardhaman (West Bengal)",bureaucratic,administrative,8,false,"Head of district administration, Purba Bardhaman, West Bengal",https://en.wikipedia.org/wiki/List_of_districts_of_India,0.60,collected,2026-06-26
2163,,753,2162,"Superintendent of Police, Purba Bardhaman (West Bengal)",bureaucratic,administrative,8,false,"District police chief, Purba Bardhaman, West Bengal",https://en.wikipedia.org/wiki/List_of_districts_of_India,0.60,collected,2026-06-26
2164,,754,159,"District Magistrate / Collector, Birbhum (West Bengal)",bureaucratic,administrative,8,false,"Head of district administration, Birbhum, West Bengal",https://en.wikipedia.org/wiki/List_of_districts_of_India,0.60,collected,2026-06-26
2165,,754,2164,"Superintendent of Police, Birbhum (West Bengal)",bureaucratic,administrative,8,false,"District police chief, Birbhum, West Bengal",https://en.wikipedia.org/wiki/List_of_districts_of_India,0.60,collected,2026-06-26
2166,,755,159,"District Magistrate / Collector, Cooch Behar (West Bengal)",bureaucratic,administrative,8,false,"Head of district administration, Cooch Behar, West Bengal",https://en.wikipedia.org/wiki/List_of_districts_of_India,0.60,collected,2026-06-26
2167,,755,2166,"Superintendent of Police, Cooch Behar (West Bengal)",bureaucratic,administrative,8,false,"District police chief, Cooch Behar, West Bengal",https://en.wikipedia.org/wiki/List_of_districts_of_India,0.60,collected,2026-06-26
2168,,756,159,"District Magistrate / Collector, Dakshin Dinajpur (West Bengal)",bureaucratic,administrative,8,false,"Head of district administration, Dakshin Dinajpur, West Bengal",https://en.wikipedia.org/wiki/List_of_districts_of_India,0.60,collected,2026-06-26
2169,,756,2168,"Superintendent of Police, Dakshin Dinajpur (West Bengal)",bureaucratic,administrative,8,false,"District police chief, Dakshin Dinajpur, West Bengal",https://en.wikipedia.org/wiki/List_of_districts_of_India,0.60,collected,2026-06-26
2170,,757,159,"District Magistrate / Collector, Darjeeling (West Bengal)",bureaucratic,administrative,8,false,"Head of district administration, Darjeeling, West Bengal",https://en.wikipedia.org/wiki/List_of_districts_of_India,0.60,collected,2026-06-26
2171,,757,2170,"Superintendent of Police, Darjeeling (West Bengal)",bureaucratic,administrative,8,false,"District police chief, Darjeeling, West Bengal",https://en.wikipedia.org/wiki/List_of_districts_of_India,0.60,collected,2026-06-26
2172,,758,159,"District Magistrate / Collector, Hooghly (West Bengal)",bureaucratic,administrative,8,false,"Head of district administration, Hooghly, West Bengal",https://en.wikipedia.org/wiki/List_of_districts_of_India,0.60,collected,2026-06-26
2173,,758,2172,"Superintendent of Police, Hooghly (West Bengal)",bureaucratic,administrative,8,false,"District police chief, Hooghly, West Bengal",https://en.wikipedia.org/wiki/List_of_districts_of_India,0.60,collected,2026-06-26
2174,,759,159,"District Magistrate / Collector, Howrah (West Bengal)",bureaucratic,administrative,8,false,"Head of district administration, Howrah, West Bengal",https://en.wikipedia.org/wiki/List_of_districts_of_India,0.60,collected,2026-06-26
2175,,759,2174,"Superintendent of Police, Howrah (West Bengal)",bureaucratic,administrative,8,false,"District police chief, Howrah, West Bengal",https://en.wikipedia.org/wiki/List_of_districts_of_India,0.60,collected,2026-06-26
2176,,760,159,"District Magistrate / Collector, Jalpaiguri (West Bengal)",bureaucratic,administrative,8,false,"Head of district administration, Jalpaiguri, West Bengal",https://en.wikipedia.org/wiki/List_of_districts_of_India,0.60,collected,2026-06-26
2177,,760,2176,"Superintendent of Police, Jalpaiguri (West Bengal)",bureaucratic,administrative,8,false,"District police chief, Jalpaiguri, West Bengal",https://en.wikipedia.org/wiki/List_of_districts_of_India,0.60,collected,2026-06-26
2178,,761,159,"District Magistrate / Collector, Jhargram (West Bengal)",bureaucratic,administrative,8,false,"Head of district administration, Jhargram, West Bengal",https://en.wikipedia.org/wiki/List_of_districts_of_India,0.60,collected,2026-06-26
2179,,761,2178,"Superintendent of Police, Jhargram (West Bengal)",bureaucratic,administrative,8,false,"District police chief, Jhargram, West Bengal",https://en.wikipedia.org/wiki/List_of_districts_of_India,0.60,collected,2026-06-26
2180,,762,159,"District Magistrate / Collector, Kalimpong (West Bengal)",bureaucratic,administrative,8,false,"Head of district administration, Kalimpong, West Bengal",https://en.wikipedia.org/wiki/List_of_districts_of_India,0.60,collected,2026-06-26
2181,,762,2180,"Superintendent of Police, Kalimpong (West Bengal)",bureaucratic,administrative,8,false,"District police chief, Kalimpong, West Bengal",https://en.wikipedia.org/wiki/List_of_districts_of_India,0.60,collected,2026-06-26
2182,,763,159,"District Magistrate / Collector, Kolkata (West Bengal)",bureaucratic,administrative,8,false,"Head of district administration, Kolkata, West Bengal",https://kolkatacollectorate.wb.gov.in/whos-who/,0.90,collected,2026-07-03
2183,,763,2182,"Superintendent of Police, Kolkata (West Bengal)",bureaucratic,administrative,8,false,"District police chief, Kolkata, West Bengal",https://en.wikipedia.org/wiki/List_of_districts_of_India,0.60,collected,2026-06-26
2184,,764,159,"District Magistrate / Collector, Malda (West Bengal)",bureaucratic,administrative,8,false,"Head of district administration, Malda, West Bengal",https://en.wikipedia.org/wiki/List_of_districts_of_India,0.60,collected,2026-06-26
2185,,764,2184,"Superintendent of Police, Malda (West Bengal)",bureaucratic,administrative,8,false,"District police chief, Malda, West Bengal",https://en.wikipedia.org/wiki/List_of_districts_of_India,0.60,collected,2026-06-26
2186,,765,159,"District Magistrate / Collector, Murshidabad (West Bengal)",bureaucratic,administrative,8,false,"Head of district administration, Murshidabad, West Bengal",https://en.wikipedia.org/wiki/List_of_districts_of_India,0.60,collected,2026-06-26
2187,,765,2186,"Superintendent of Police, Murshidabad (West Bengal)",bureaucratic,administrative,8,false,"District police chief, Murshidabad, West Bengal",https://en.wikipedia.org/wiki/List_of_districts_of_India,0.60,collected,2026-06-26
2188,,766,159,"District Magistrate / Collector, Nadia (West Bengal)",bureaucratic,administrative,8,false,"Head of district administration, Nadia, West Bengal",https://en.wikipedia.org/wiki/List_of_districts_of_India,0.60,collected,2026-06-26
2189,,766,2188,"Superintendent of Police, Nadia (West Bengal)",bureaucratic,administrative,8,false,"District police chief, Nadia, West Bengal",https://en.wikipedia.org/wiki/List_of_districts_of_India,0.60,collected,2026-06-26
2190,,767,159,"District Magistrate / Collector, North 24 Parganas (West Bengal)",bureaucratic,administrative,8,false,"Head of district administration, North 24 Parganas, West Bengal",https://en.wikipedia.org/wiki/List_of_districts_of_India,0.60,collected,2026-06-26
2191,,767,2190,"Superintendent of Police, North 24 Parganas (West Bengal)",bureaucratic,administrative,8,false,"District police chief, North 24 Parganas, West Bengal",https://en.wikipedia.org/wiki/List_of_districts_of_India,0.60,collected,2026-06-26
2192,,768,159,"District Magistrate / Collector, Paschim Medinipur (West Bengal)",bureaucratic,administrative,8,false,"Head of district administration, Paschim Medinipur, West Bengal",https://en.wikipedia.org/wiki/List_of_districts_of_India,0.60,collected,2026-06-26
2193,,768,2192,"Superintendent of Police, Paschim Medinipur (West Bengal)",bureaucratic,administrative,8,false,"District police chief, Paschim Medinipur, West Bengal",https://en.wikipedia.org/wiki/List_of_districts_of_India,0.60,collected,2026-06-26
2194,,769,159,"District Magistrate / Collector, Purba Medinipur (West Bengal)",bureaucratic,administrative,8,false,"Head of district administration, Purba Medinipur, West Bengal",https://en.wikipedia.org/wiki/List_of_districts_of_India,0.60,collected,2026-06-26
2195,,769,2194,"Superintendent of Police, Purba Medinipur (West Bengal)",bureaucratic,administrative,8,false,"District police chief, Purba Medinipur, West Bengal",https://en.wikipedia.org/wiki/List_of_districts_of_India,0.60,collected,2026-06-26
2196,,770,159,"District Magistrate / Collector, Purulia (West Bengal)",bureaucratic,administrative,8,false,"Head of district administration, Purulia, West Bengal",https://en.wikipedia.org/wiki/List_of_districts_of_India,0.60,collected,2026-06-26
2197,,770,2196,"Superintendent of Police, Purulia (West Bengal)",bureaucratic,administrative,8,false,"District police chief, Purulia, West Bengal",https://en.wikipedia.org/wiki/List_of_districts_of_India,0.60,collected,2026-06-26
2198,,771,159,"District Magistrate / Collector, South 24 Parganas (West Bengal)",bureaucratic,administrative,8,false,"Head of district administration, South 24 Parganas, West Bengal",https://en.wikipedia.org/wiki/List_of_districts_of_India,0.60,collected,2026-06-26
2199,,771,2198,"Superintendent of Police, South 24 Parganas (West Bengal)",bureaucratic,administrative,8,false,"District police chief, South 24 Parganas, West Bengal",https://en.wikipedia.org/wiki/List_of_districts_of_India,0.60,collected,2026-06-26
2200,,772,159,"District Magistrate / Collector, Uttar Dinajpur (West Bengal)",bureaucratic,administrative,8,false,"Head of district administration, Uttar Dinajpur, West Bengal",https://en.wikipedia.org/wiki/List_of_districts_of_India,0.60,collected,2026-06-26
2201,,772,2200,"Superintendent of Police, Uttar Dinajpur (West Bengal)",bureaucratic,administrative,8,false,"District police chief, Uttar Dinajpur, West Bengal",https://en.wikipedia.org/wiki/List_of_districts_of_India,0.60,collected,2026-06-26
2202,,773,162,"District Magistrate / Collector, Central Delhi (Delhi (NCT))",bureaucratic,administrative,8,false,"Head of district administration, Central Delhi, Delhi (NCT)",https://en.wikipedia.org/wiki/List_of_districts_of_India,0.60,collected,2026-06-26
2203,,773,2202,"Superintendent of Police, Central Delhi (Delhi (NCT))",bureaucratic,administrative,8,false,"District police chief, Central Delhi, Delhi (NCT)",https://en.wikipedia.org/wiki/List_of_districts_of_India,0.60,collected,2026-06-26
2204,,774,162,"District Magistrate / Collector, East Delhi (Delhi (NCT))",bureaucratic,administrative,8,false,"Head of district administration, East Delhi, Delhi (NCT)",https://en.wikipedia.org/wiki/List_of_districts_of_India,0.60,collected,2026-06-26
2205,,774,2204,"Superintendent of Police, East Delhi (Delhi (NCT))",bureaucratic,administrative,8,false,"District police chief, East Delhi, Delhi (NCT)",https://en.wikipedia.org/wiki/List_of_districts_of_India,0.60,collected,2026-06-26
2206,,775,162,"District Magistrate / Collector, New Delhi (Delhi (NCT))",bureaucratic,administrative,8,false,"Head of district administration, New Delhi, Delhi (NCT)",https://en.wikipedia.org/wiki/List_of_districts_of_India,0.60,collected,2026-06-26
2207,,775,2206,"Superintendent of Police, New Delhi (Delhi (NCT))",bureaucratic,administrative,8,false,"District police chief, New Delhi, Delhi (NCT)",https://en.wikipedia.org/wiki/List_of_districts_of_India,0.60,collected,2026-06-26
2208,,776,162,"District Magistrate / Collector, North Delhi (Delhi (NCT))",bureaucratic,administrative,8,false,"Head of district administration, North Delhi, Delhi (NCT)",https://en.wikipedia.org/wiki/List_of_districts_of_India,0.60,collected,2026-06-26
2209,,776,2208,"Superintendent of Police, North Delhi (Delhi (NCT))",bureaucratic,administrative,8,false,"District police chief, North Delhi, Delhi (NCT)",https://en.wikipedia.org/wiki/List_of_districts_of_India,0.40,pending,2026-06-26
2210,,777,162,"District Magistrate / Collector, North East Delhi (Delhi (NCT))",bureaucratic,administrative,8,false,"Head of district administration, North East Delhi, Delhi (NCT)",https://en.wikipedia.org/wiki/List_of_districts_of_India,0.60,collected,2026-06-26
2211,,777,2210,"Superintendent of Police, North East Delhi (Delhi (NCT))",bureaucratic,administrative,8,false,"District police chief, North East Delhi, Delhi (NCT)",https://en.wikipedia.org/wiki/List_of_districts_of_India,0.60,collected,2026-06-26
2212,,778,162,"District Magistrate / Collector, North West Delhi (Delhi (NCT))",bureaucratic,administrative,8,false,"Head of district administration, North West Delhi, Delhi (NCT)",https://en.wikipedia.org/wiki/List_of_districts_of_India,0.60,collected,2026-06-26
2213,,778,2212,"Superintendent of Police, North West Delhi (Delhi (NCT))",bureaucratic,administrative,8,false,"District police chief, North West Delhi, Delhi (NCT)",https://en.wikipedia.org/wiki/List_of_districts_of_India,0.60,collected,2026-06-26
2214,,779,162,"District Magistrate / Collector, Shahdara (Delhi (NCT))",bureaucratic,administrative,8,false,"Head of district administration, Shahdara, Delhi (NCT)",https://en.wikipedia.org/wiki/List_of_districts_of_India,0.60,collected,2026-06-26
2215,,779,2214,"Superintendent of Police, Shahdara (Delhi (NCT))",bureaucratic,administrative,8,false,"District police chief, Shahdara, Delhi (NCT)",https://en.wikipedia.org/wiki/List_of_districts_of_India,0.60,collected,2026-06-26
2216,,780,162,"District Magistrate / Collector, South Delhi (Delhi (NCT))",bureaucratic,administrative,8,false,"Head of district administration, South Delhi, Delhi (NCT)",https://en.wikipedia.org/wiki/List_of_districts_of_India,0.60,collected,2026-06-26
2217,,780,2216,"Superintendent of Police, South Delhi (Delhi (NCT))",bureaucratic,administrative,8,false,"District police chief, South Delhi, Delhi (NCT)",https://en.wikipedia.org/wiki/List_of_districts_of_India,0.60,collected,2026-06-26
2218,,781,162,"District Magistrate / Collector, South East Delhi (Delhi (NCT))",bureaucratic,administrative,8,false,"Head of district administration, South East Delhi, Delhi (NCT)",https://en.wikipedia.org/wiki/List_of_districts_of_India,0.60,collected,2026-06-26
2219,,781,2218,"Superintendent of Police, South East Delhi (Delhi (NCT))",bureaucratic,administrative,8,false,"District police chief, South East Delhi, Delhi (NCT)",https://en.wikipedia.org/wiki/List_of_districts_of_India,0.60,collected,2026-06-26
2220,,782,162,"District Magistrate / Collector, South West Delhi (Delhi (NCT))",bureaucratic,administrative,8,false,"Head of district administration, South West Delhi, Delhi (NCT)",https://en.wikipedia.org/wiki/List_of_districts_of_India,0.60,collected,2026-06-26
2221,,782,2220,"Superintendent of Police, South West Delhi (Delhi (NCT))",bureaucratic,administrative,8,false,"District police chief, South West Delhi, Delhi (NCT)",https://en.wikipedia.org/wiki/List_of_districts_of_India,0.60,collected,2026-06-26
2222,,783,162,"District Magistrate / Collector, West Delhi (Delhi (NCT))",bureaucratic,administrative,8,false,"Head of district administration, West Delhi, Delhi (NCT)",https://en.wikipedia.org/wiki/List_of_districts_of_India,0.60,collected,2026-06-26
2223,,783,2222,"Superintendent of Police, West Delhi (Delhi (NCT))",bureaucratic,administrative,8,false,"District police chief, West Delhi, Delhi (NCT)",https://en.wikipedia.org/wiki/List_of_districts_of_India,0.60,collected,2026-06-26
2224,,784,165,"District Magistrate / Collector, Jammu (Jammu and Kashmir)",bureaucratic,administrative,8,false,"Head of district administration, Jammu, Jammu and Kashmir",https://en.wikipedia.org/wiki/List_of_districts_of_India,0.60,collected,2026-06-26
2225,,784,2224,"Superintendent of Police, Jammu (Jammu and Kashmir)",bureaucratic,administrative,8,false,"District police chief, Jammu, Jammu and Kashmir",https://en.wikipedia.org/wiki/List_of_districts_of_India,0.55,collected,2026-06-26
2226,,785,165,"District Magistrate / Collector, Samba (Jammu and Kashmir)",bureaucratic,administrative,8,false,"Head of district administration, Samba, Jammu and Kashmir",https://en.wikipedia.org/wiki/List_of_districts_of_India,0.60,collected,2026-06-26
2227,,785,2226,"Superintendent of Police, Samba (Jammu and Kashmir)",bureaucratic,administrative,8,false,"District police chief, Samba, Jammu and Kashmir",https://en.wikipedia.org/wiki/List_of_districts_of_India,0.55,collected,2026-06-26
2228,,786,165,"District Magistrate / Collector, Kathua (Jammu and Kashmir)",bureaucratic,administrative,8,false,"Head of district administration, Kathua, Jammu and Kashmir",https://en.wikipedia.org/wiki/List_of_districts_of_India,0.60,collected,2026-06-26
2229,,786,2228,"Superintendent of Police, Kathua (Jammu and Kashmir)",bureaucratic,administrative,8,false,"District police chief, Kathua, Jammu and Kashmir",https://en.wikipedia.org/wiki/List_of_districts_of_India,0.55,collected,2026-06-26
2230,,787,165,"District Magistrate / Collector, Udhampur (Jammu and Kashmir)",bureaucratic,administrative,8,false,"Head of district administration, Udhampur, Jammu and Kashmir",https://en.wikipedia.org/wiki/List_of_districts_of_India,0.60,collected,2026-06-26
2231,,787,2230,"Superintendent of Police, Udhampur (Jammu and Kashmir)",bureaucratic,administrative,8,false,"District police chief, Udhampur, Jammu and Kashmir",https://en.wikipedia.org/wiki/List_of_districts_of_India,0.55,collected,2026-06-26
2232,,788,165,"District Magistrate / Collector, Reasi (Jammu and Kashmir)",bureaucratic,administrative,8,false,"Head of district administration, Reasi, Jammu and Kashmir",https://en.wikipedia.org/wiki/List_of_districts_of_India,0.60,collected,2026-06-26
2233,,788,2232,"Superintendent of Police, Reasi (Jammu and Kashmir)",bureaucratic,administrative,8,false,"District police chief, Reasi, Jammu and Kashmir",https://en.wikipedia.org/wiki/List_of_districts_of_India,0.55,collected,2026-06-26
2234,,789,165,"District Magistrate / Collector, Rajouri (Jammu and Kashmir)",bureaucratic,administrative,8,false,"Head of district administration, Rajouri, Jammu and Kashmir",https://en.wikipedia.org/wiki/List_of_districts_of_India,0.60,collected,2026-06-26
2235,,789,2234,"Superintendent of Police, Rajouri (Jammu and Kashmir)",bureaucratic,administrative,8,false,"District police chief, Rajouri, Jammu and Kashmir",https://en.wikipedia.org/wiki/List_of_districts_of_India,0.55,collected,2026-06-26
2236,,790,165,"District Magistrate / Collector, Poonch (Jammu and Kashmir)",bureaucratic,administrative,8,false,"Head of district administration, Poonch, Jammu and Kashmir",https://en.wikipedia.org/wiki/List_of_districts_of_India,0.60,collected,2026-06-26
2237,,790,2236,"Superintendent of Police, Poonch (Jammu and Kashmir)",bureaucratic,administrative,8,false,"District police chief, Poonch, Jammu and Kashmir",https://en.wikipedia.org/wiki/List_of_districts_of_India,0.55,collected,2026-06-26
2238,,791,165,"District Magistrate / Collector, Doda (Jammu and Kashmir)",bureaucratic,administrative,8,false,"Head of district administration, Doda, Jammu and Kashmir",https://en.wikipedia.org/wiki/List_of_districts_of_India,0.60,collected,2026-06-26
2239,,791,2238,"Superintendent of Police, Doda (Jammu and Kashmir)",bureaucratic,administrative,8,false,"District police chief, Doda, Jammu and Kashmir",https://en.wikipedia.org/wiki/List_of_districts_of_India,0.55,collected,2026-06-26
2240,,792,165,"District Magistrate / Collector, Ramban (Jammu and Kashmir)",bureaucratic,administrative,8,false,"Head of district administration, Ramban, Jammu and Kashmir",https://en.wikipedia.org/wiki/List_of_districts_of_India,0.60,collected,2026-06-26
2241,,792,2240,"Superintendent of Police, Ramban (Jammu and Kashmir)",bureaucratic,administrative,8,false,"District police chief, Ramban, Jammu and Kashmir",https://en.wikipedia.org/wiki/List_of_districts_of_India,0.55,collected,2026-06-26
2242,,793,165,"District Magistrate / Collector, Kishtwar (Jammu and Kashmir)",bureaucratic,administrative,8,false,"Head of district administration, Kishtwar, Jammu and Kashmir",https://en.wikipedia.org/wiki/List_of_districts_of_India,0.60,collected,2026-06-26
2243,,793,2242,"Superintendent of Police, Kishtwar (Jammu and Kashmir)",bureaucratic,administrative,8,false,"District police chief, Kishtwar, Jammu and Kashmir",https://en.wikipedia.org/wiki/List_of_districts_of_India,0.55,collected,2026-06-26
2244,,794,165,"District Magistrate / Collector, Srinagar (Jammu and Kashmir)",bureaucratic,administrative,8,false,"Head of district administration, Srinagar, Jammu and Kashmir",https://en.wikipedia.org/wiki/List_of_districts_of_India,0.60,collected,2026-06-26
2245,,794,2244,"Superintendent of Police, Srinagar (Jammu and Kashmir)",bureaucratic,administrative,8,false,"District police chief, Srinagar, Jammu and Kashmir",https://en.wikipedia.org/wiki/List_of_districts_of_India,0.55,collected,2026-06-26
2246,,795,165,"District Magistrate / Collector, Budgam (Jammu and Kashmir)",bureaucratic,administrative,8,false,"Head of district administration, Budgam, Jammu and Kashmir",https://en.wikipedia.org/wiki/List_of_districts_of_India,0.60,collected,2026-06-26
2247,,795,2246,"Superintendent of Police, Budgam (Jammu and Kashmir)",bureaucratic,administrative,8,false,"District police chief, Budgam, Jammu and Kashmir",https://en.wikipedia.org/wiki/List_of_districts_of_India,0.55,collected,2026-06-26
2248,,796,165,"District Magistrate / Collector, Anantnag (Jammu and Kashmir)",bureaucratic,administrative,8,false,"Head of district administration, Anantnag, Jammu and Kashmir",https://en.wikipedia.org/wiki/List_of_districts_of_India,0.60,collected,2026-06-26
2249,,796,2248,"Superintendent of Police, Anantnag (Jammu and Kashmir)",bureaucratic,administrative,8,false,"District police chief, Anantnag, Jammu and Kashmir",https://en.wikipedia.org/wiki/List_of_districts_of_India,0.55,collected,2026-06-26
2250,,797,165,"District Magistrate / Collector, Kulgam (Jammu and Kashmir)",bureaucratic,administrative,8,false,"Head of district administration, Kulgam, Jammu and Kashmir",https://en.wikipedia.org/wiki/List_of_districts_of_India,0.60,collected,2026-06-26
2251,,797,2250,"Superintendent of Police, Kulgam (Jammu and Kashmir)",bureaucratic,administrative,8,false,"District police chief, Kulgam, Jammu and Kashmir",https://en.wikipedia.org/wiki/List_of_districts_of_India,0.55,collected,2026-06-26
2252,,798,165,"District Magistrate / Collector, Pulwama (Jammu and Kashmir)",bureaucratic,administrative,8,false,"Head of district administration, Pulwama, Jammu and Kashmir",https://en.wikipedia.org/wiki/List_of_districts_of_India,0.60,collected,2026-06-26
2253,,798,2252,"Superintendent of Police, Pulwama (Jammu and Kashmir)",bureaucratic,administrative,8,false,"District police chief, Pulwama, Jammu and Kashmir",https://en.wikipedia.org/wiki/List_of_districts_of_India,0.55,collected,2026-06-26
2254,,799,165,"District Magistrate / Collector, Shopian (Jammu and Kashmir)",bureaucratic,administrative,8,false,"Head of district administration, Shopian, Jammu and Kashmir",https://en.wikipedia.org/wiki/List_of_districts_of_India,0.60,collected,2026-06-26
2255,,799,2254,"Superintendent of Police, Shopian (Jammu and Kashmir)",bureaucratic,administrative,8,false,"District police chief, Shopian, Jammu and Kashmir",https://en.wikipedia.org/wiki/List_of_districts_of_India,0.55,collected,2026-06-26
2256,,800,165,"District Magistrate / Collector, Baramulla (Jammu and Kashmir)",bureaucratic,administrative,8,false,"Head of district administration, Baramulla, Jammu and Kashmir",https://en.wikipedia.org/wiki/List_of_districts_of_India,0.60,collected,2026-06-26
2257,,800,2256,"Superintendent of Police, Baramulla (Jammu and Kashmir)",bureaucratic,administrative,8,false,"District police chief, Baramulla, Jammu and Kashmir",https://en.wikipedia.org/wiki/List_of_districts_of_India,0.55,collected,2026-06-26
2258,,801,165,"District Magistrate / Collector, Bandipora (Jammu and Kashmir)",bureaucratic,administrative,8,false,"Head of district administration, Bandipora, Jammu and Kashmir",https://en.wikipedia.org/wiki/List_of_districts_of_India,0.60,collected,2026-06-26
2259,,801,2258,"Superintendent of Police, Bandipora (Jammu and Kashmir)",bureaucratic,administrative,8,false,"District police chief, Bandipora, Jammu and Kashmir",https://en.wikipedia.org/wiki/List_of_districts_of_India,0.40,pending,2026-06-26
2260,,802,165,"District Magistrate / Collector, Kupwara (Jammu and Kashmir)",bureaucratic,administrative,8,false,"Head of district administration, Kupwara, Jammu and Kashmir",https://en.wikipedia.org/wiki/List_of_districts_of_India,0.60,collected,2026-06-26
2261,,802,2260,"Superintendent of Police, Kupwara (Jammu and Kashmir)",bureaucratic,administrative,8,false,"District police chief, Kupwara, Jammu and Kashmir",https://en.wikipedia.org/wiki/List_of_districts_of_India,0.55,collected,2026-06-26
2262,,803,165,"District Magistrate / Collector, Ganderbal (Jammu and Kashmir)",bureaucratic,administrative,8,false,"Head of district administration, Ganderbal, Jammu and Kashmir",https://en.wikipedia.org/wiki/List_of_districts_of_India,0.60,collected,2026-06-26
2263,,803,2262,"Superintendent of Police, Ganderbal (Jammu and Kashmir)",bureaucratic,administrative,8,false,"District police chief, Ganderbal, Jammu and Kashmir",https://en.wikipedia.org/wiki/List_of_districts_of_India,0.55,collected,2026-06-26
2264,,804,168,"District Magistrate / Collector, Puducherry (Puducherry)",bureaucratic,administrative,8,false,"Head of district administration, Puducherry, Puducherry",https://en.wikipedia.org/wiki/List_of_districts_of_India,0.60,collected,2026-06-26
2265,,804,2264,"Superintendent of Police, Puducherry (Puducherry)",bureaucratic,administrative,8,false,"District police chief, Puducherry, Puducherry",https://en.wikipedia.org/wiki/List_of_districts_of_India,0.40,pending,2026-06-26
2266,,805,168,"District Magistrate / Collector, Karaikal (Puducherry)",bureaucratic,administrative,8,false,"Head of district administration, Karaikal, Puducherry",https://en.wikipedia.org/wiki/List_of_districts_of_India,0.60,collected,2026-06-26
2267,,805,2266,"Superintendent of Police, Karaikal (Puducherry)",bureaucratic,administrative,8,false,"District police chief, Karaikal, Puducherry",https://en.wikipedia.org/wiki/List_of_districts_of_India,0.55,collected,2026-06-26
2268,,806,168,"District Magistrate / Collector, Mahe (Puducherry)",bureaucratic,administrative,8,false,"Head of district administration, Mahe, Puducherry",https://en.wikipedia.org/wiki/List_of_districts_of_India,0.60,collected,2026-06-26
2269,,806,2268,"Superintendent of Police, Mahe (Puducherry)",bureaucratic,administrative,8,false,"District police chief, Mahe, Puducherry",https://en.wikipedia.org/wiki/List_of_districts_of_India,0.55,collected,2026-06-26
2270,,807,168,"District Magistrate / Collector, Yanam (Puducherry)",bureaucratic,administrative,8,false,"Head of district administration, Yanam, Puducherry",https://en.wikipedia.org/wiki/List_of_districts_of_India,0.60,collected,2026-06-26
2271,,807,2270,"Superintendent of Police, Yanam (Puducherry)",bureaucratic,administrative,8,false,"District police chief, Yanam, Puducherry",https://en.wikipedia.org/wiki/List_of_districts_of_India,0.40,pending,2026-06-26
2272,,808,261,"District Magistrate / Collector, Nicobar (Andaman and Nicobar Islands)",bureaucratic,administrative,8,false,"Head of district administration, Nicobar, Andaman and Nicobar Islands",https://en.wikipedia.org/wiki/List_of_districts_of_India,0.60,collected,2026-06-26
2273,,808,2272,"Superintendent of Police, Nicobar (Andaman and Nicobar Islands)",bureaucratic,administrative,8,false,"District police chief, Nicobar, Andaman and Nicobar Islands",https://en.wikipedia.org/wiki/List_of_districts_of_India,0.65,collected,2026-06-26
2274,,809,261,"District Magistrate / Collector, North and Middle Andaman (Andaman and Nicobar Islands)",bureaucratic,administrative,8,false,"Head of district administration, North and Middle Andaman, Andaman and Nicobar Islands",https://en.wikipedia.org/wiki/List_of_districts_of_India,0.60,collected,2026-06-26
2275,,809,2274,"Superintendent of Police, North and Middle Andaman (Andaman and Nicobar Islands)",bureaucratic,administrative,8,false,"District police chief, North and Middle Andaman, Andaman and Nicobar Islands",https://en.wikipedia.org/wiki/List_of_districts_of_India,0.65,collected,2026-06-26
2276,,810,261,"District Magistrate / Collector, South Andaman (Andaman and Nicobar Islands)",bureaucratic,administrative,8,false,"Head of district administration, South Andaman, Andaman and Nicobar Islands",https://en.wikipedia.org/wiki/List_of_districts_of_India,0.60,collected,2026-06-26
2277,,810,2276,"Superintendent of Police, South Andaman (Andaman and Nicobar Islands)",bureaucratic,administrative,8,false,"District police chief, South Andaman, Andaman and Nicobar Islands",https://en.wikipedia.org/wiki/List_of_districts_of_India,0.65,collected,2026-06-26
2278,,811,262,"District Magistrate / Collector, Chandigarh (Chandigarh)",bureaucratic,administrative,8,false,"Head of district administration, Chandigarh, Chandigarh",https://en.wikipedia.org/wiki/List_of_districts_of_India,0.60,collected,2026-06-26
2279,,811,2278,"Superintendent of Police, Chandigarh (Chandigarh)",bureaucratic,administrative,8,false,"District police chief, Chandigarh, Chandigarh",https://en.wikipedia.org/wiki/List_of_districts_of_India,0.65,collected,2026-06-26
2280,,812,263,"District Magistrate / Collector, Daman (Dadra and Nagar Haveli and Daman and Diu)",bureaucratic,administrative,8,false,"Head of district administration, Daman, Dadra and Nagar Haveli and Daman and Diu",https://en.wikipedia.org/wiki/List_of_districts_of_India,0.60,collected,2026-06-26
2281,,812,2280,"Superintendent of Police, Daman (Dadra and Nagar Haveli and Daman and Diu)",bureaucratic,administrative,8,false,"District police chief, Daman, Dadra and Nagar Haveli and Daman and Diu",https://en.wikipedia.org/wiki/List_of_districts_of_India,0.65,collected,2026-06-26
2282,,813,263,"District Magistrate / Collector, Diu (Dadra and Nagar Haveli and Daman and Diu)",bureaucratic,administrative,8,false,"Head of district administration, Diu, Dadra and Nagar Haveli and Daman and Diu",https://en.wikipedia.org/wiki/List_of_districts_of_India,0.60,collected,2026-06-26
2283,,813,2282,"Superintendent of Police, Diu (Dadra and Nagar Haveli and Daman and Diu)",bureaucratic,administrative,8,false,"District police chief, Diu, Dadra and Nagar Haveli and Daman and Diu",https://en.wikipedia.org/wiki/List_of_districts_of_India,0.65,collected,2026-06-26
2284,,814,263,"District Magistrate / Collector, Dadra and Nagar Haveli (Dadra and Nagar Haveli and Daman and Diu)",bureaucratic,administrative,8,false,"Head of district administration, Dadra and Nagar Haveli, Dadra and Nagar Haveli and Daman and Diu",https://en.wikipedia.org/wiki/List_of_districts_of_India,0.60,collected,2026-06-26
2285,,814,2284,"Superintendent of Police, Dadra and Nagar Haveli (Dadra and Nagar Haveli and Daman and Diu)",bureaucratic,administrative,8,false,"District police chief, Dadra and Nagar Haveli, Dadra and Nagar Haveli and Daman and Diu",https://en.wikipedia.org/wiki/List_of_districts_of_India,0.65,collected,2026-06-26
2286,,815,264,"District Magistrate / Collector, Leh (Ladakh)",bureaucratic,administrative,8,false,"Head of district administration, Leh, Ladakh",https://en.wikipedia.org/wiki/List_of_districts_of_India,0.60,collected,2026-06-26
2287,,815,2286,"Superintendent of Police, Leh (Ladakh)",bureaucratic,administrative,8,false,"District police chief, Leh, Ladakh",https://en.wikipedia.org/wiki/List_of_districts_of_India,0.60,collected,2026-06-26
2288,,816,264,"District Magistrate / Collector, Kargil (Ladakh)",bureaucratic,administrative,8,false,"Head of district administration, Kargil, Ladakh",https://en.wikipedia.org/wiki/List_of_districts_of_India,0.60,collected,2026-06-26
2289,,816,2288,"Superintendent of Police, Kargil (Ladakh)",bureaucratic,administrative,8,false,"District police chief, Kargil, Ladakh",https://en.wikipedia.org/wiki/List_of_districts_of_India,0.60,collected,2026-06-26
2290,,817,264,"District Magistrate / Collector, Zanskar (Ladakh)",bureaucratic,administrative,8,false,"Head of district administration, Zanskar, Ladakh",https://en.wikipedia.org/wiki/List_of_districts_of_India,0.60,collected,2026-06-26
2291,,817,2290,"Superintendent of Police, Zanskar (Ladakh)",bureaucratic,administrative,8,false,"District police chief, Zanskar, Ladakh",https://ladakh.gov.in/l-g-approved-the-appointment-of-dcs-and-sps-in-newly-created-districts-in-ladakh/,0.90,collected,2026-07-03
2292,,818,264,"District Magistrate / Collector, Drass (Ladakh)",bureaucratic,administrative,8,false,"Head of district administration, Drass, Ladakh",https://en.wikipedia.org/wiki/List_of_districts_of_India,0.60,collected,2026-06-26
2293,,818,2292,"Superintendent of Police, Drass (Ladakh)",bureaucratic,administrative,8,false,"District police chief, Drass, Ladakh",https://ladakh.gov.in/l-g-approved-the-appointment-of-dcs-and-sps-in-newly-created-districts-in-ladakh/,0.90,collected,2026-07-03
2294,,819,264,"District Magistrate / Collector, Sham (Ladakh)",bureaucratic,administrative,8,false,"Head of district administration, Sham, Ladakh",https://en.wikipedia.org/wiki/List_of_districts_of_India,0.60,collected,2026-06-26
2295,,819,2294,"Superintendent of Police, Sham (Ladakh)",bureaucratic,administrative,8,false,"District police chief, Sham, Ladakh",https://ladakh.gov.in/l-g-approved-the-appointment-of-dcs-and-sps-in-newly-created-districts-in-ladakh/,0.90,collected,2026-07-03
2296,,820,264,"District Magistrate / Collector, Nubra (Ladakh)",bureaucratic,administrative,8,false,"Head of district administration, Nubra, Ladakh",https://en.wikipedia.org/wiki/List_of_districts_of_India,0.60,collected,2026-06-26
2297,,820,2296,"Superintendent of Police, Nubra (Ladakh)",bureaucratic,administrative,8,false,"District police chief, Nubra, Ladakh",https://ladakh.gov.in/l-g-approved-the-appointment-of-dcs-and-sps-in-newly-created-districts-in-ladakh/,0.90,collected,2026-07-03
2298,,821,264,"District Magistrate / Collector, Changthang (Ladakh)",bureaucratic,administrative,8,false,"Head of district administration, Changthang, Ladakh",https://en.wikipedia.org/wiki/List_of_districts_of_India,0.60,collected,2026-06-26
2299,,821,2298,"Superintendent of Police, Changthang (Ladakh)",bureaucratic,administrative,8,false,"District police chief, Changthang, Ladakh",https://ladakh.gov.in/l-g-approved-the-appointment-of-dcs-and-sps-in-newly-created-districts-in-ladakh/,0.90,collected,2026-07-03
2300,,822,265,"District Magistrate / Collector, Lakshadweep (Lakshadweep)",bureaucratic,administrative,8,false,"Head of district administration, Lakshadweep, Lakshadweep",https://en.wikipedia.org/wiki/List_of_districts_of_India,0.60,collected,2026-06-26
2301,,822,2300,"Superintendent of Police, Lakshadweep (Lakshadweep)",bureaucratic,administrative,8,false,"District police chief, Lakshadweep, Lakshadweep",https://en.wikipedia.org/wiki/List_of_districts_of_India,0.60,collected,2026-06-26
2302,44,41,,"Mayor, Greater Visakhapatnam Municipal Corporation",elected_representative,executive,8,true,Elected head of Greater Visakhapatnam Municipal Corporation,https://en.wikipedia.org/wiki/Greater_Visakhapatnam_Municipal_Corporation,0.65,collected,2026-07-03
2303,44,41,738,"Municipal Commissioner, Greater Visakhapatnam Municipal Corporation",bureaucratic,administrative,8,false,Administrative head (IAS) of Greater Visakhapatnam Municipal Corporation,https://en.wikipedia.org/wiki/List_of_municipal_corporations_in_India,0.60,collected,2026-06-26
2304,45,2,,"Mayor, Vijayawada Municipal Corporation",elected_representative,executive,8,true,Elected head of Vijayawada Municipal Corporation,https://en.wikipedia.org/wiki/Vijayawada_Municipal_Corporation,0.65,collected,2026-07-03
2305,45,2,78,"Municipal Commissioner, Vijayawada Municipal Corporation",bureaucratic,administrative,8,false,Administrative head (IAS) of Vijayawada Municipal Corporation,https://en.wikipedia.org/wiki/List_of_municipal_corporations_in_India,0.60,collected,2026-06-26
2306,46,52,,"Mayor, Guntur Municipal Corporation",elected_representative,executive,8,true,Elected head of Guntur Municipal Corporation,https://en.wikipedia.org/wiki/Guntur_Municipal_Corporation,0.65,collected,2026-07-03
2307,46,52,760,"Municipal Commissioner, Guntur Municipal Corporation",bureaucratic,administrative,8,false,Administrative head (IAS) of Guntur Municipal Corporation,https://en.wikipedia.org/wiki/List_of_municipal_corporations_in_India,0.60,collected,2026-06-26
2308,47,2,,"Mayor, Nellore Municipal Corporation",elected_representative,executive,8,true,Elected head of Nellore Municipal Corporation,https://en.wikipedia.org/wiki/Nellore_Municipal_Corporation,0.65,collected,2026-07-03
2309,47,2,78,"Municipal Commissioner, Nellore Municipal Corporation",bureaucratic,administrative,8,false,Administrative head (IAS) of Nellore Municipal Corporation,https://en.wikipedia.org/wiki/List_of_municipal_corporations_in_India,0.60,collected,2026-06-26
2310,48,56,,"Mayor, Kurnool Municipal Corporation",elected_representative,executive,8,true,Elected head of Kurnool Municipal Corporation,https://en.wikipedia.org/wiki/Kurnool_Municipal_Corporation,0.65,collected,2026-07-03
2311,48,56,768,"Municipal Commissioner, Kurnool Municipal Corporation",bureaucratic,administrative,8,false,Administrative head (IAS) of Kurnool Municipal Corporation,https://en.wikipedia.org/wiki/List_of_municipal_corporations_in_India,0.60,collected,2026-06-26
2312,49,2,,"Mayor, Rajamahendravaram Municipal Corporation",elected_representative,executive,8,true,Elected head of Rajamahendravaram Municipal Corporation,https://en.wikipedia.org/wiki/Rajamahendravaram_Municipal_Corporation,0.65,collected,2026-07-03
2313,49,2,78,"Municipal Commissioner, Rajamahendravaram Municipal Corporation",bureaucratic,administrative,8,false,Administrative head (IAS) of Rajamahendravaram Municipal Corporation,https://en.wikipedia.org/wiki/List_of_municipal_corporations_in_India,0.60,collected,2026-06-26
2314,50,2,,"Mayor, Kadapa Municipal Corporation",elected_representative,executive,8,true,Elected head of Kadapa Municipal Corporation,https://en.wikipedia.org/wiki/Kadapa_Municipal_Corporation,0.65,collected,2026-07-03
2315,50,2,78,"Municipal Commissioner, Kadapa Municipal Corporation",bureaucratic,administrative,8,false,Administrative head (IAS) of Kadapa Municipal Corporation,https://en.wikipedia.org/wiki/List_of_municipal_corporations_in_India,0.60,collected,2026-06-26
2316,51,2,,"Mayor, Mangalagiri Tadepalli Municipal Corporation",elected_representative,executive,8,true,Elected head of Mangalagiri Tadepalli Municipal Corporation,https://en.wikipedia.org/wiki/Mangalagiri_%E2%80%93_Tadepalli_Municipal_Corporation,0.65,collected,2026-07-03
2317,51,2,78,"Municipal Commissioner, Mangalagiri Tadepalli Municipal Corporation",bureaucratic,administrative,8,false,Administrative head (IAS) of Mangalagiri Tadepalli Municipal Corporation,https://en.wikipedia.org/wiki/Mangalagiri_%E2%80%93_Tadepalli_Municipal_Corporation,0.65,collected,2026-07-03
2318,52,44,,"Mayor, Kakinada Municipal Corporation",elected_representative,executive,8,true,Elected head of Kakinada Municipal Corporation,https://en.wikipedia.org/wiki/Kakinada_Municipal_Corporation,0.75,collected,2026-07-03
2319,52,44,744,"Municipal Commissioner, Kakinada Municipal Corporation",bureaucratic,administrative,8,false,Administrative head (IAS) of Kakinada Municipal Corporation,https://en.wikipedia.org/wiki/List_of_municipal_corporations_in_India,0.60,collected,2026-06-26
2320,53,62,,"Mayor, Tirupati Municipal Corporation",elected_representative,executive,8,true,Elected head of Tirupati Municipal Corporation,https://en.wikipedia.org/wiki/Tirupati_Municipal_Corporation,0.65,collected,2026-07-03
2321,53,62,780,"Municipal Commissioner, Tirupati Municipal Corporation",bureaucratic,administrative,8,false,Administrative head (IAS) of Tirupati Municipal Corporation,https://en.wikipedia.org/wiki/List_of_municipal_corporations_in_India,0.60,collected,2026-06-26
2322,54,47,,"Mayor, Eluru Municipal Corporation",elected_representative,executive,8,false,Elected head of Eluru Municipal Corporation,https://en.wikipedia.org/wiki/Eluru_Municipal_Corporation,0.65,collected,2026-07-03
2323,54,47,750,"Municipal Commissioner, Eluru Municipal Corporation",bureaucratic,administrative,8,false,Administrative head (IAS) of Eluru Municipal Corporation,https://en.wikipedia.org/wiki/List_of_municipal_corporations_in_India,0.60,collected,2026-06-26
2324,55,2,,"Mayor, Anantapur Municipal Corporation",elected_representative,executive,8,true,Elected head of Anantapur Municipal Corporation,https://en.wikipedia.org/wiki/Anantapur_Municipal_Corporation,0.65,collected,2026-07-03
2325,55,2,78,"Municipal Commissioner, Anantapur Municipal Corporation",bureaucratic,administrative,8,false,Administrative head (IAS) of Anantapur Municipal Corporation,https://en.wikipedia.org/wiki/List_of_municipal_corporations_in_India,0.60,collected,2026-06-26
2326,56,2,,"Mayor, Ongole Municipal Corporation",elected_representative,executive,8,true,Elected head of Ongole Municipal Corporation,https://en.wikipedia.org/wiki/Ongole_Municipal_Corporation,0.65,collected,2026-07-03
2327,56,2,78,"Municipal Commissioner, Ongole Municipal Corporation",bureaucratic,administrative,8,false,Administrative head (IAS) of Ongole Municipal Corporation,https://en.wikipedia.org/wiki/List_of_municipal_corporations_in_India,0.60,collected,2026-06-26
2328,57,40,,"Mayor, Vizianagaram Municipal Corporation",elected_representative,executive,8,true,Elected head of Vizianagaram Municipal Corporation,https://en.wikipedia.org/wiki/Vizianagaram_Municipal_Corporation,0.65,collected,2026-07-03
2329,57,40,736,"Municipal Commissioner, Vizianagaram Municipal Corporation",bureaucratic,administrative,8,false,Administrative head (IAS) of Vizianagaram Municipal Corporation,https://en.wikipedia.org/wiki/List_of_municipal_corporations_in_India,0.60,collected,2026-06-26
2330,58,2,,"Mayor, Machilipatnam Municipal Corporation",elected_representative,executive,8,true,Elected head of Machilipatnam Municipal Corporation,https://en.wikipedia.org/wiki/Machilipatnam_Municipal_Corporation,0.65,collected,2026-07-03
2331,58,2,78,"Municipal Commissioner, Machilipatnam Municipal Corporation",bureaucratic,administrative,8,false,Administrative head (IAS) of Machilipatnam Municipal Corporation,https://en.wikipedia.org/wiki/List_of_municipal_corporations_in_India,0.60,collected,2026-06-26
2332,59,63,,"Mayor, Chittoor Municipal Corporation",elected_representative,executive,8,true,Elected head of Chittoor Municipal Corporation,https://en.wikipedia.org/wiki/Chittoor_Municipal_Corporation,0.65,collected,2026-07-03
2333,59,63,782,"Municipal Commissioner, Chittoor Municipal Corporation",bureaucratic,administrative,8,false,Administrative head (IAS) of Chittoor Municipal Corporation,https://en.wikipedia.org/wiki/List_of_municipal_corporations_in_India,0.60,collected,2026-06-26
2334,60,38,,"Mayor, Srikakulam Municipal Corporation",elected_representative,executive,8,true,Elected head of Srikakulam Municipal Corporation,https://en.wikipedia.org/wiki/Srikakulam_Municipal_Corporation,0.65,collected,2026-07-03
2335,60,38,732,"Municipal Commissioner, Srikakulam Municipal Corporation",bureaucratic,administrative,8,false,Administrative head (IAS) of Srikakulam Municipal Corporation,https://en.wikipedia.org/wiki/List_of_municipal_corporations_in_India,0.60,collected,2026-06-26
2336,61,3,,"Mayor, Itanagar Municipal Corporation",elected_representative,executive,8,false,Elected head of Itanagar Municipal Corporation,https://en.wikipedia.org/wiki/Itanagar_Municipal_Corporation,0.65,collected,2026-07-03
2337,61,3,81,"Municipal Commissioner, Itanagar Municipal Corporation",bureaucratic,administrative,8,false,Administrative head (IAS) of Itanagar Municipal Corporation,https://en.wikipedia.org/wiki/Itanagar_Municipal_Corporation,0.65,collected,2026-07-03
2338,62,4,,"Mayor, Guwahati Municipal Corporation",elected_representative,executive,8,false,Elected head of Guwahati Municipal Corporation,https://en.wikipedia.org/wiki/Guwahati_Municipal_Corporation,0.65,collected,2026-07-03
2339,62,4,84,"Municipal Commissioner, Guwahati Municipal Corporation",bureaucratic,administrative,8,false,Administrative head (IAS) of Guwahati Municipal Corporation,https://en.wikipedia.org/wiki/Guwahati_Municipal_Corporation,0.65,collected,2026-07-03
2340,63,101,,"Mayor, Dibrugarh Municipal Corporation",elected_representative,executive,8,false,Elected head of Dibrugarh Municipal Corporation,https://en.wikipedia.org/wiki/Dibrugarh_Municipal_Corporation,0.65,collected,2026-07-03
2341,63,101,858,"Municipal Commissioner, Dibrugarh Municipal Corporation",bureaucratic,administrative,8,false,Administrative head (IAS) of Dibrugarh Municipal Corporation,https://en.wikipedia.org/wiki/Dibrugarh_Municipal_Corporation,0.65,collected,2026-07-03
2342,64,4,,"Mayor, Silchar Municipal Corporation",elected_representative,executive,8,false,Elected head of Silchar Municipal Corporation,https://en.wikipedia.org/wiki/Silchar,0.65,collected,2026-07-03
2343,64,4,84,"Municipal Commissioner, Silchar Municipal Corporation",bureaucratic,administrative,8,false,Administrative head (IAS) of Silchar Municipal Corporation,https://www.silcharmunicipality.in/municipal-corporation/,0.90,collected,2026-07-03
2344,65,5,,"Mayor, Arrah Municipal Corporation",elected_representative,executive,8,false,Elected head of Arrah Municipal Corporation,https://en.wikipedia.org/wiki/List_of_municipal_corporations_in_India,0.60,collected,2026-06-26
2345,65,5,87,"Municipal Commissioner, Arrah Municipal Corporation",bureaucratic,administrative,8,false,Administrative head (IAS) of Arrah Municipal Corporation,https://en.wikipedia.org/wiki/Arrah_Municipal_Corporation,0.65,collected,2026-07-03
2346,66,129,,"Mayor, Begusarai Municipal Corporation",elected_representative,executive,8,false,Elected head of Begusarai Municipal Corporation,https://en.wikipedia.org/wiki/List_of_municipal_corporations_in_India,0.60,collected,2026-06-26
2347,66,129,914,"Municipal Commissioner, Begusarai Municipal Corporation",bureaucratic,administrative,8,false,Administrative head (IAS) of Begusarai Municipal Corporation,https://en.wikipedia.org/wiki/List_of_municipal_corporations_in_India,0.60,collected,2026-06-26
2348,67,5,,"Mayor, Bettiah Municipal Corporation",elected_representative,executive,8,false,Elected head of Bettiah Municipal Corporation,https://en.wikipedia.org/wiki/List_of_municipal_corporations_in_India,0.60,collected,2026-06-26
2349,67,5,87,"Municipal Commissioner, Bettiah Municipal Corporation",bureaucratic,administrative,8,false,Administrative head (IAS) of Bettiah Municipal Corporation,https://en.wikipedia.org/wiki/List_of_municipal_corporations_in_India,0.60,collected,2026-06-26
2350,68,130,,"Mayor, Bhagalpur Municipal Corporation",elected_representative,executive,8,false,Elected head of Bhagalpur Municipal Corporation,https://en.wikipedia.org/wiki/List_of_municipal_corporations_in_India,0.60,collected,2026-06-26
2351,68,130,916,"Municipal Commissioner, Bhagalpur Municipal Corporation",bureaucratic,administrative,8,false,Administrative head (IAS) of Bhagalpur Municipal Corporation,https://en.wikipedia.org/wiki/List_of_municipal_corporations_in_India,0.60,collected,2026-06-26
2352,69,5,,"Mayor, Bihar Sharif Municipal Corporation",elected_representative,executive,8,false,Elected head of Bihar Sharif Municipal Corporation,https://en.wikipedia.org/wiki/List_of_municipal_corporations_in_India,0.60,collected,2026-06-26
2353,69,5,87,"Municipal Commissioner, Bihar Sharif Municipal Corporation",bureaucratic,administrative,8,false,Administrative head (IAS) of Bihar Sharif Municipal Corporation,https://en.wikipedia.org/wiki/List_of_municipal_corporations_in_India,0.60,collected,2026-06-26
2354,70,5,,"Mayor, Chhapra Municipal Corporation",elected_representative,executive,8,false,Elected head of Chhapra Municipal Corporation,https://en.wikipedia.org/wiki/List_of_municipal_corporations_in_India,0.60,collected,2026-06-26
2355,70,5,87,"Municipal Commissioner, Chhapra Municipal Corporation",bureaucratic,administrative,8,false,Administrative head (IAS) of Chhapra Municipal Corporation,https://en.wikipedia.org/wiki/List_of_municipal_corporations_in_India,0.60,collected,2026-06-26
2356,71,133,,"Mayor, Darbhanga Municipal Corporation",elected_representative,executive,8,false,Elected head of Darbhanga Municipal Corporation,https://en.wikipedia.org/wiki/List_of_municipal_corporations_in_India,0.60,collected,2026-06-26
2357,71,133,922,"Municipal Commissioner, Darbhanga Municipal Corporation",bureaucratic,administrative,8,false,Administrative head (IAS) of Darbhanga Municipal Corporation,https://en.wikipedia.org/wiki/List_of_municipal_corporations_in_India,0.60,collected,2026-06-26
2358,72,135,,"Mayor, Gaya Municipal Corporation",elected_representative,executive,8,false,Elected head of Gaya Municipal Corporation,https://en.wikipedia.org/wiki/List_of_municipal_corporations_in_India,0.60,collected,2026-06-26
2359,72,135,926,"Municipal Commissioner, Gaya Municipal Corporation",bureaucratic,administrative,8,false,Administrative head (IAS) of Gaya Municipal Corporation,https://en.wikipedia.org/wiki/List_of_municipal_corporations_in_India,0.60,collected,2026-06-26
2360,73,142,,"Mayor, Katihar Municipal Corporation",elected_representative,executive,8,false,Elected head of Katihar Municipal Corporation,https://en.wikipedia.org/wiki/List_of_municipal_corporations_in_India,0.60,collected,2026-06-26
2361,73,142,940,"Municipal Commissioner, Katihar Municipal Corporation",bureaucratic,administrative,8,false,Administrative head (IAS) of Katihar Municipal Corporation,https://en.wikipedia.org/wiki/Katihar_Municipal_Corporation,0.65,collected,2026-07-03
2362,74,144,,"Mayor, Madhubani Municipal Corporation",elected_representative,executive,8,false,Elected head of Madhubani Municipal Corporation,https://www.madhubanimunicipal.com/,0.85,collected,2026-07-03
2363,74,144,944,"Municipal Commissioner, Madhubani Municipal Corporation",bureaucratic,administrative,8,false,Administrative head (IAS) of Madhubani Municipal Corporation,https://www.madhubanimunicipal.com/,0.85,collected,2026-07-03
2364,75,5,,"Mayor, Motihari Municipal Corporation",elected_representative,executive,8,false,Elected head of Motihari Municipal Corporation,https://en.wikipedia.org/wiki/List_of_municipal_corporations_in_India,0.60,collected,2026-06-26
2365,75,5,87,"Municipal Commissioner, Motihari Municipal Corporation",bureaucratic,administrative,8,false,Administrative head (IAS) of Motihari Municipal Corporation,https://en.wikipedia.org/wiki/List_of_municipal_corporations_in_India,0.60,collected,2026-06-26
2366,76,145,,"Mayor, Munger Municipal Corporation",elected_representative,executive,8,false,Elected head of Munger Municipal Corporation,https://en.wikipedia.org/wiki/List_of_municipal_corporations_in_India,0.60,collected,2026-06-26
2367,76,145,946,"Municipal Commissioner, Munger Municipal Corporation",bureaucratic,administrative,8,false,Administrative head (IAS) of Munger Municipal Corporation,https://en.wikipedia.org/wiki/List_of_municipal_corporations_in_India,0.60,collected,2026-06-26
2368,77,147,,"Mayor, Muzaffarpur Municipal Corporation",elected_representative,executive,8,false,Elected head of Muzaffarpur Municipal Corporation,https://en.wikipedia.org/wiki/List_of_municipal_corporations_in_India,0.60,collected,2026-06-26
2369,77,147,950,"Municipal Commissioner, Muzaffarpur Municipal Corporation",bureaucratic,administrative,8,false,Administrative head (IAS) of Muzaffarpur Municipal Corporation,https://en.wikipedia.org/wiki/List_of_municipal_corporations_in_India,0.60,collected,2026-06-26
2370,78,150,,"Mayor, Patna Municipal Corporation",elected_representative,executive,8,false,Elected head of Patna Municipal Corporation,https://en.wikipedia.org/wiki/List_of_municipal_corporations_in_India,0.60,collected,2026-06-26
2371,78,150,956,"Municipal Commissioner, Patna Municipal Corporation",bureaucratic,administrative,8,false,Administrative head (IAS) of Patna Municipal Corporation,https://en.wikipedia.org/wiki/List_of_municipal_corporations_in_India,0.60,collected,2026-06-26
2372,79,151,,"Mayor, Purnia Municipal Corporation",elected_representative,executive,8,false,Elected head of Purnia Municipal Corporation,https://en.wikipedia.org/wiki/List_of_municipal_corporations_in_India,0.60,collected,2026-06-26
2373,79,151,958,"Municipal Commissioner, Purnia Municipal Corporation",bureaucratic,administrative,8,false,Administrative head (IAS) of Purnia Municipal Corporation,https://en.wikipedia.org/wiki/List_of_municipal_corporations_in_India,0.60,collected,2026-06-26
2374,80,153,,"Mayor, Saharsa Municipal Corporation",elected_representative,executive,8,false,Elected head of Saharsa Municipal Corporation,https://en.wikipedia.org/wiki/List_of_municipal_corporations_in_India,0.60,collected,2026-06-26
2375,80,153,962,"Municipal Commissioner, Saharsa Municipal Corporation",bureaucratic,administrative,8,false,Administrative head (IAS) of Saharsa Municipal Corporation,https://en.wikipedia.org/wiki/List_of_municipal_corporations_in_India,0.60,collected,2026-06-26
2376,81,154,,"Mayor, Samastipur Municipal Corporation",elected_representative,executive,8,false,Elected head of Samastipur Municipal Corporation,https://en.wikipedia.org/wiki/List_of_municipal_corporations_in_India,0.60,collected,2026-06-26
2377,81,154,964,"Municipal Commissioner, Samastipur Municipal Corporation",bureaucratic,administrative,8,false,Administrative head (IAS) of Samastipur Municipal Corporation,https://en.wikipedia.org/wiki/List_of_municipal_corporations_in_India,0.60,collected,2026-06-26
2378,82,5,,"Mayor, Sasaram Municipal Corporation",elected_representative,executive,8,false,Elected head of Sasaram Municipal Corporation,https://en.wikipedia.org/wiki/List_of_municipal_corporations_in_India,0.60,collected,2026-06-26
2379,82,5,87,"Municipal Commissioner, Sasaram Municipal Corporation",bureaucratic,administrative,8,false,Administrative head (IAS) of Sasaram Municipal Corporation,https://en.wikipedia.org/wiki/List_of_municipal_corporations_in_India,0.60,collected,2026-06-26
2380,83,158,,"Mayor, Sitamarhi Municipal Corporation",elected_representative,executive,8,false,Elected head of Sitamarhi Municipal Corporation,https://en.wikipedia.org/wiki/List_of_municipal_corporations_in_India,0.60,collected,2026-06-26
2381,83,158,972,"Municipal Commissioner, Sitamarhi Municipal Corporation",bureaucratic,administrative,8,false,Administrative head (IAS) of Sitamarhi Municipal Corporation,https://en.wikipedia.org/wiki/List_of_municipal_corporations_in_India,0.60,collected,2026-06-26
2382,84,811,,"Mayor, Chandigarh Municipal Corporation",elected_representative,executive,8,false,Elected head of Chandigarh Municipal Corporation,https://en.wikipedia.org/wiki/Chandigarh_Municipal_Corporation,0.65,collected,2026-07-03
2383,84,811,2278,"Municipal Commissioner, Chandigarh Municipal Corporation",bureaucratic,administrative,8,false,Administrative head (IAS) of Chandigarh Municipal Corporation,https://en.wikipedia.org/wiki/Chandigarh_Municipal_Corporation,0.65,collected,2026-07-03
2384,85,189,,"Mayor, Raipur Municipal Corporation",elected_representative,executive,8,false,Elected head of Raipur Municipal Corporation,https://en.wikipedia.org/wiki/Raipur_Municipal_Corporation,0.65,collected,2026-07-03
2385,85,189,1034,"Municipal Commissioner, Raipur Municipal Corporation",bureaucratic,administrative,8,false,Administrative head (IAS) of Raipur Municipal Corporation,https://en.wikipedia.org/wiki/Raipur_Municipal_Corporation,0.65,collected,2026-07-03
2386,86,169,,"Mayor, Bilaspur Municipal Corporation",elected_representative,executive,8,false,Elected head of Bilaspur Municipal Corporation,https://en.wikipedia.org/wiki/Bilaspur_Municipal_Corporation,0.65,collected,2026-07-03
2387,86,169,994,"Municipal Commissioner, Bilaspur Municipal Corporation",bureaucratic,administrative,8,false,Administrative head (IAS) of Bilaspur Municipal Corporation,https://bilaspur.gov.in/en/divisions/hod/,0.95,collected,2026-07-03
2388,87,6,,"Mayor, Jagdalpur Municipal Corporation",elected_representative,executive,8,false,Elected head of Jagdalpur Municipal Corporation,https://en.wikipedia.org/wiki/Jagdalpur,0.65,collected,2026-07-03
2389,87,6,90,"Municipal Commissioner, Jagdalpur Municipal Corporation",bureaucratic,administrative,8,false,Administrative head (IAS) of Jagdalpur Municipal Corporation,https://www.samagravishwa.com/2025/12/dalpat-sagar-deepotsav-makar-sankranti-jagdalpur-2026.html,0.75,collected,2026-07-03
2390,88,172,,"Mayor, Durg Municipal Corporation",elected_representative,executive,8,false,Elected head of Durg Municipal Corporation,https://en.wikipedia.org/wiki/Durg,0.65,collected,2026-07-03
2391,88,172,1000,"Municipal Commissioner, Durg Municipal Corporation",bureaucratic,administrative,8,false,Administrative head (IAS) of Durg Municipal Corporation,https://durg.gov.in/en/divisions/urban-administration-and-development/,0.90,collected,2026-07-03
2392,89,181,,"Mayor, Korba Municipal Corporation",elected_representative,executive,8,false,Elected head of Korba Municipal Corporation,https://en.wikipedia.org/wiki/Korba_Municipal_Corporation,0.65,collected,2026-07-03
2393,89,181,1018,"Municipal Commissioner, Korba Municipal Corporation",bureaucratic,administrative,8,false,Administrative head (IAS) of Korba Municipal Corporation,https://en.wikipedia.org/wiki/Korba_Municipal_Corporation,0.65,collected,2026-07-03
2394,90,190,,"Mayor, Rajnandgaon Municipal Corporation",elected_representative,executive,8,false,Elected head of Rajnandgaon Municipal Corporation,https://en.wikipedia.org/wiki/Rajnandgaon,0.65,collected,2026-07-03
2395,90,190,1036,"Municipal Commissioner, Rajnandgaon Municipal Corporation",bureaucratic,administrative,8,false,Administrative head (IAS) of Rajnandgaon Municipal Corporation,https://www.btnewsindia.com/paras-verma-rajnandgaon-chairman-appointment/,0.75,collected,2026-07-03
2396,91,188,,"Mayor, Raigarh Municipal Corporation",elected_representative,executive,8,false,Elected head of Raigarh Municipal Corporation,https://en.wikipedia.org/wiki/2025_Chhattisgarh_local_elections,0.75,collected,2026-07-03
2397,91,188,1032,"Municipal Commissioner, Raigarh Municipal Corporation",bureaucratic,administrative,8,false,Administrative head (IAS) of Raigarh Municipal Corporation,https://npg.news/chhattisgarh/raigarh-nagar-nigam-employee-dismissed-23-march-2026-1307481,0.75,collected,2026-07-03
2398,92,6,,"Mayor, Ambikapur Municipal Corporation",elected_representative,executive,8,false,Elected head of Ambikapur Municipal Corporation,https://en.wikipedia.org/wiki/Ambikapur%2C_Chhattisgarh,0.65,collected,2026-07-03
2399,92,6,90,"Municipal Commissioner, Ambikapur Municipal Corporation",bureaucratic,administrative,8,false,Administrative head (IAS) of Ambikapur Municipal Corporation,"https://en.wikipedia.org/wiki/Ambikapur,_Chhattisgarh",0.70,collected,2026-07-03
2400,93,171,,"Mayor, Dhamtari Municipal Corporation",elected_representative,executive,8,false,Elected head of Dhamtari Municipal Corporation,https://en.wikipedia.org/wiki/Dhamtari,0.65,collected,2026-07-03
2401,93,171,998,"Municipal Commissioner, Dhamtari Municipal Corporation",bureaucratic,administrative,8,false,Administrative head (IAS) of Dhamtari Municipal Corporation,https://www.emsindia.com/news/show/3287947/,0.80,collected,2026-07-03
2402,94,6,,"Mayor, Bhilai Municipal Corporation",elected_representative,executive,8,false,Elected head of Bhilai Municipal Corporation,https://en.wikipedia.org/wiki/Bhilai,0.65,collected,2026-07-03
2403,94,6,90,"Municipal Commissioner, Bhilai Municipal Corporation",bureaucratic,administrative,8,false,Administrative head (IAS) of Bhilai Municipal Corporation,https://durg.gov.in/en/divisions/urban-administration-and-development/,0.90,collected,2026-07-03
2404,95,30,,"Mayor, Municipal Corporation of Delhi",elected_representative,executive,8,false,Elected head of Municipal Corporation of Delhi,https://en.wikipedia.org/wiki/List_of_municipal_corporations_in_India,0.65,collected,2026-06-26
2405,95,30,162,"Municipal Commissioner, Municipal Corporation of Delhi",bureaucratic,administrative,8,false,Administrative head (IAS) of Municipal Corporation of Delhi,https://en.wikipedia.org/wiki/List_of_municipal_corporations_in_India,0.60,collected,2026-06-26
2406,96,7,,"Mayor, Corporation of the City of Panaji",elected_representative,executive,8,false,Elected head of Corporation of the City of Panaji,https://en.wikipedia.org/wiki/Corporation_of_the_City_of_Panaji,0.65,collected,2026-07-03
2407,96,7,93,"Municipal Commissioner, Corporation of the City of Panaji",bureaucratic,administrative,8,false,Administrative head (IAS) of Corporation of the City of Panaji,https://en.wikipedia.org/wiki/Corporation_of_the_City_of_Panaji,0.65,collected,2026-07-03
2408,97,198,,"Mayor, Ahmedabad Municipal Corporation",elected_representative,executive,8,false,Elected head of Ahmedabad Municipal Corporation,https://en.wikipedia.org/wiki/Ahmedabad_Municipal_Corporation,0.65,collected,2026-07-03
2409,97,198,1052,"Municipal Commissioner, Ahmedabad Municipal Corporation",bureaucratic,administrative,8,false,Administrative head (IAS) of Ahmedabad Municipal Corporation,https://en.wikipedia.org/wiki/Ahmedabad_Municipal_Corporation,0.65,collected,2026-07-03
2410,98,226,,"Mayor, Surat Municipal Corporation",elected_representative,executive,8,false,Elected head of Surat Municipal Corporation,https://www.gujaratupdates.com/top-stories/gujarat-municipal-corporation-mayor-and-deputy-mayor-list/,0.85,collected,2026-07-03
2411,98,226,1108,"Municipal Commissioner, Surat Municipal Corporation",bureaucratic,administrative,8,false,Administrative head (IAS) of Surat Municipal Corporation,https://en.wikipedia.org/wiki/Surat_Municipal_Corporation,0.65,collected,2026-07-03
2412,99,210,,"Mayor, Gandhinagar Municipal Corporation",elected_representative,executive,8,false,Elected head of Gandhinagar Municipal Corporation,https://en.wikipedia.org/wiki/Gandhinagar_Municipal_Corporation,0.65,collected,2026-07-03
2413,99,210,1076,"Municipal Commissioner, Gandhinagar Municipal Corporation",bureaucratic,administrative,8,false,Administrative head (IAS) of Gandhinagar Municipal Corporation,https://en.wikipedia.org/wiki/Gandhinagar_Municipal_Corporation,0.65,collected,2026-07-03
2414,100,229,,"Mayor, Vadodara Municipal Corporation",elected_representative,executive,8,false,Elected head of Vadodara Municipal Corporation,https://en.wikipedia.org/wiki/Vadodara_Municipal_Corporation,0.65,collected,2026-07-03
2415,100,229,1114,"Municipal Commissioner, Vadodara Municipal Corporation",bureaucratic,administrative,8,false,Administrative head (IAS) of Vadodara Municipal Corporation,https://en.wikipedia.org/wiki/Vadodara_Municipal_Corporation,0.65,collected,2026-07-03
2416,101,224,,"Mayor, Rajkot Municipal Corporation",elected_representative,executive,8,false,Elected head of Rajkot Municipal Corporation,https://www.gujaratupdates.com/top-stories/gujarat-municipal-corporation-mayor-and-deputy-mayor-list/,0.85,collected,2026-07-03
2417,101,224,1104,"Municipal Commissioner, Rajkot Municipal Corporation",bureaucratic,administrative,8,false,Administrative head (IAS) of Rajkot Municipal Corporation,https://en.wikipedia.org/wiki/Rajkot_Municipal_Corporation,0.65,collected,2026-07-03
2418,102,204,,"Mayor, Bhavnagar Municipal Corporation",elected_representative,executive,8,false,Elected head of Bhavnagar Municipal Corporation,https://www.gujaratupdates.com/top-stories/gujarat-municipal-corporation-mayor-and-deputy-mayor-list/,0.85,collected,2026-07-03
2419,102,204,1064,"Municipal Commissioner, Bhavnagar Municipal Corporation",bureaucratic,administrative,8,false,Administrative head (IAS) of Bhavnagar Municipal Corporation,https://www.smc.gov.in/Content/Documents/Downloads/DMP_English.pdf?ver=406,0.90,collected,2026-07-03
2420,103,212,,"Mayor, Jamnagar Municipal Corporation",elected_representative,executive,8,false,Elected head of Jamnagar Municipal Corporation,https://deshgujarat.com/2026/05/26/jamnagar-municipal-corporation-gets-new-mayor/,0.85,collected,2026-07-03
2421,103,212,1080,"Municipal Commissioner, Jamnagar Municipal Corporation",bureaucratic,administrative,8,false,Administrative head (IAS) of Jamnagar Municipal Corporation,https://en.wikipedia.org/wiki/Jamnagar_Municipal_Corporation,0.65,collected,2026-07-03
2422,104,213,,"Mayor, Junagadh Municipal Corporation",elected_representative,executive,8,false,Elected head of Junagadh Municipal Corporation,https://en.wikipedia.org/wiki/Junagadh_Municipal_Corporation,0.65,collected,2026-07-03
2423,104,213,1082,"Municipal Commissioner, Junagadh Municipal Corporation",bureaucratic,administrative,8,false,Administrative head (IAS) of Junagadh Municipal Corporation,https://en.wikipedia.org/wiki/Junagadh_Municipal_Corporation,0.65,collected,2026-07-03
2424,105,8,,"Mayor, Nadiad Municipal Corporation",elected_representative,executive,8,false,Elected head of Nadiad Municipal Corporation,https://deshgujarat.com/2026/05/26/nadiad-gandhidham-mahesana-get-first-mayors/,0.85,collected,2026-07-03
2425,105,8,96,"Municipal Commissioner, Nadiad Municipal Corporation",bureaucratic,administrative,8,false,Administrative head (IAS) of Nadiad Municipal Corporation,https://deshgujarat.com/2026/05/13/gujarat-government-transfers-72-ias-officers-heres-a-full-list/,0.90,collected,2026-07-03
2426,106,217,,"Mayor, Mehsana Municipal Corporation",elected_representative,executive,8,false,Elected head of Mehsana Municipal Corporation,https://deshgujarat.com/2026/05/26/nadiad-gandhidham-mahesana-get-first-mayors/,0.85,collected,2026-07-03
2427,106,217,1090,"Municipal Commissioner, Mehsana Municipal Corporation",bureaucratic,administrative,8,false,Administrative head (IAS) of Mehsana Municipal Corporation,https://deshgujarat.com/2026/05/13/gujarat-government-transfers-72-ias-officers-heres-a-full-list/,0.90,collected,2026-07-03
2428,107,220,,"Mayor, Navsari Municipal Corporation",elected_representative,executive,8,false,Elected head of Navsari Municipal Corporation,https://deshgujarat.com/2026/05/26/navsari-gets-its-first-mayor/,0.85,collected,2026-07-03
2429,107,220,1096,"Municipal Commissioner, Navsari Municipal Corporation",bureaucratic,administrative,8,false,Administrative head (IAS) of Navsari Municipal Corporation,https://deshgujarat.com/2026/05/13/gujarat-government-transfers-72-ias-officers-heres-a-full-list/,0.90,collected,2026-07-03
2430,108,218,,"Mayor, Morbi Municipal Corporation",elected_representative,executive,8,false,Elected head of Morbi Municipal Corporation,https://deshgujarat.com/2026/05/26/ahmedabad-gets-new-mayor/,0.85,collected,2026-07-03
2431,108,218,1092,"Municipal Commissioner, Morbi Municipal Corporation",bureaucratic,administrative,8,false,Administrative head (IAS) of Morbi Municipal Corporation,https://deshgujarat.com/2026/05/13/gujarat-government-transfers-72-ias-officers-heres-a-full-list/,0.90,collected,2026-07-03
2432,109,8,,"Mayor, Gandhidham Municipal Corporation",elected_representative,executive,8,false,Elected head of Gandhidham Municipal Corporation,https://deshgujarat.com/2026/05/26/nadiad-gandhidham-mahesana-get-first-mayors/,0.85,collected,2026-07-03
2433,109,8,96,"Municipal Commissioner, Gandhidham Municipal Corporation",bureaucratic,administrative,8,false,Administrative head (IAS) of Gandhidham Municipal Corporation,https://deshgujarat.com/2026/05/13/gujarat-government-transfers-72-ias-officers-heres-a-full-list/,0.90,collected,2026-07-03
2434,110,8,,"Mayor, Vapi Municipal Corporation",elected_representative,executive,8,false,Elected head of Vapi Municipal Corporation,https://deshgujarat.com/2026/05/28/vapi-gets-its-first-mayor/,0.85,collected,2026-07-03
2435,110,8,96,"Municipal Commissioner, Vapi Municipal Corporation",bureaucratic,administrative,8,false,Administrative head (IAS) of Vapi Municipal Corporation,https://deshgujarat.com/2026/05/13/gujarat-government-transfers-72-ias-officers-heres-a-full-list/,0.90,collected,2026-07-03
2436,111,239,,"Mayor, Gurugram Municipal Corporation",elected_representative,executive,8,false,Elected head of Gurugram Municipal Corporation,https://mcg.gov.in/,0.95,collected,2026-07-03
2437,111,239,1134,"Municipal Commissioner, Gurugram Municipal Corporation",bureaucratic,administrative,8,false,Administrative head (IAS) of Gurugram Municipal Corporation,https://mcg.gov.in/,0.95,collected,2026-07-03
2438,112,236,,"Mayor, Faridabad Municipal Corporation",elected_representative,executive,8,false,Elected head of Faridabad Municipal Corporation,https://en.wikipedia.org/wiki/Faridabad_Municipal_Corporation,0.65,collected,2026-07-03
2439,112,236,1128,"Municipal Commissioner, Faridabad Municipal Corporation",bureaucratic,administrative,8,false,Administrative head (IAS) of Faridabad Municipal Corporation,https://en.wikipedia.org/wiki/Faridabad_Municipal_Corporation,0.65,collected,2026-07-03
2440,113,253,,"Mayor, Sonipat Municipal Corporation",elected_representative,executive,8,false,Elected head of Sonipat Municipal Corporation,https://en.wikipedia.org/wiki/Sonipat_Municipal_Corporation,0.65,collected,2026-07-03
2441,113,253,1162,"Municipal Commissioner, Sonipat Municipal Corporation",bureaucratic,administrative,8,false,Administrative head (IAS) of Sonipat Municipal Corporation,https://en.wikipedia.org/wiki/Sonipat_Municipal_Corporation,0.65,collected,2026-07-03
2442,114,234,,"Mayor, Panchkula Municipal Corporation",elected_representative,executive,8,false,Elected head of Panchkula Municipal Corporation,https://en.wikipedia.org/wiki/Panchkula_Municipal_Corporation,0.65,collected,2026-07-03
2443,114,234,1124,"Municipal Commissioner, Panchkula Municipal Corporation",bureaucratic,administrative,8,false,Administrative head (IAS) of Panchkula Municipal Corporation,https://www.ulbharyana.gov.in/Panchkula/349,0.90,collected,2026-07-03
2444,115,235,,"Mayor, Yamunanagar Municipal Corporation",elected_representative,executive,8,false,Elected head of Yamunanagar Municipal Corporation,https://en.wikipedia.org/wiki/Yamunanagar,0.65,collected,2026-07-03
2445,115,235,1126,"Municipal Commissioner, Yamunanagar Municipal Corporation",bureaucratic,administrative,8,false,Administrative head (IAS) of Yamunanagar Municipal Corporation,https://en.wikipedia.org/wiki/Yamunanagar,0.65,collected,2026-07-03
2446,116,249,,"Mayor, Rohtak Municipal Corporation",elected_representative,executive,8,false,Elected head of Rohtak Municipal Corporation,https://en.wikipedia.org/wiki/Rohtak_Municipal_Corporation,0.65,collected,2026-07-03
2447,116,249,1154,"Municipal Commissioner, Rohtak Municipal Corporation",bureaucratic,administrative,8,false,Administrative head (IAS) of Rohtak Municipal Corporation,https://en.wikipedia.org/wiki/Rohtak_Municipal_Corporation,0.65,collected,2026-07-03
2448,117,246,,"Mayor, Karnal Municipal Corporation",elected_representative,executive,8,false,Elected head of Karnal Municipal Corporation,https://en.wikipedia.org/wiki/Karnal_Municipal_Corporation,0.65,collected,2026-07-03
2449,117,246,1148,"Municipal Commissioner, Karnal Municipal Corporation",bureaucratic,administrative,8,false,Administrative head (IAS) of Karnal Municipal Corporation,https://en.wikipedia.org/wiki/Karnal_Municipal_Corporation,0.65,collected,2026-07-03
2450,118,242,,"Mayor, Hisar Municipal Corporation",elected_representative,executive,8,false,Elected head of Hisar Municipal Corporation,https://en.wikipedia.org/wiki/Hisar_Municipal_Corporation,0.65,collected,2026-07-03
2451,118,242,1140,"Municipal Commissioner, Hisar Municipal Corporation",bureaucratic,administrative,8,false,Administrative head (IAS) of Hisar Municipal Corporation,https://en.wikipedia.org/wiki/Hisar_Municipal_Corporation,0.65,collected,2026-07-03
2452,119,248,,"Mayor, Panipat Municipal Corporation",elected_representative,executive,8,false,Elected head of Panipat Municipal Corporation,https://en.wikipedia.org/wiki/Panipat_Municipal_Corporation,0.65,collected,2026-07-03
2453,119,248,1152,"Municipal Commissioner, Panipat Municipal Corporation",bureaucratic,administrative,8,false,Administrative head (IAS) of Panipat Municipal Corporation,https://en.wikipedia.org/wiki/Panipat_Municipal_Corporation,0.65,collected,2026-07-03
2454,120,232,,"Mayor, Ambala Municipal Corporation",elected_representative,executive,8,false,Elected head of Ambala Municipal Corporation,https://en.wikipedia.org/wiki/Ambala_Municipal_Corporation,0.65,collected,2026-07-03
2455,120,232,1120,"Municipal Commissioner, Ambala Municipal Corporation",bureaucratic,administrative,8,false,Administrative head (IAS) of Ambala Municipal Corporation,https://en.wikipedia.org/wiki/Ambala_Municipal_Corporation,0.65,collected,2026-07-03
2456,121,9,,"Mayor, Manesar Municipal Corporation",elected_representative,executive,8,false,Elected head of Manesar Municipal Corporation,https://en.wikipedia.org/wiki/Manesar_Municipal_Corporation,0.65,collected,2026-07-03
2457,121,9,99,"Municipal Commissioner, Manesar Municipal Corporation",bureaucratic,administrative,8,false,Administrative head (IAS) of Manesar Municipal Corporation,https://en.wikipedia.org/wiki/Manesar_Municipal_Corporation,0.65,collected,2026-07-03
2458,122,263,,"Mayor, Shimla Municipal Corporation",elected_representative,executive,8,false,Elected head of Shimla Municipal Corporation,https://en.wikipedia.org/wiki/Shimla_Municipal_Corporation,0.65,collected,2026-07-03
2459,122,263,1182,"Municipal Commissioner, Shimla Municipal Corporation",bureaucratic,administrative,8,false,Administrative head (IAS) of Shimla Municipal Corporation,https://en.wikipedia.org/wiki/Shimla_Municipal_Corporation,0.65,collected,2026-07-03
2460,123,10,,"Mayor, Dharamshala Municipal Corporation",elected_representative,executive,8,false,Elected head of Dharamshala Municipal Corporation,https://en.wikipedia.org/wiki/Dharamshala_Municipal_Corporation,0.65,collected,2026-07-03
2461,123,10,102,"Municipal Commissioner, Dharamshala Municipal Corporation",bureaucratic,administrative,8,false,Administrative head (IAS) of Dharamshala Municipal Corporation,https://en.wikipedia.org/wiki/Dharamshala_Municipal_Corporation,0.65,collected,2026-07-03
2462,124,10,,"Mayor, Palampur Municipal Corporation",elected_representative,executive,8,false,Elected head of Palampur Municipal Corporation,https://timesofindia.indiatimes.com/city/chandigarh/bjp-wins-mayoral-posts-in-mandi-congress-retains-palampur-dharamshala-solan-polls-deferred/articleshow/132074676.cms,0.85,collected,2026-07-03
2463,124,10,102,"Municipal Commissioner, Palampur Municipal Corporation",bureaucratic,administrative,8,false,Administrative head (IAS) of Palampur Municipal Corporation,https://en.wikipedia.org/wiki/Palampur_Municipal_Corporation,0.65,collected,2026-07-03
2464,125,265,,"Mayor, Solan Municipal Corporation",elected_representative,executive,8,false,Elected head of Solan Municipal Corporation,https://www.hindustantimes.com/cities/chandigarh-news/bjps-sushma-sharma-is-solan-mayor-101783020211629.html,0.90,collected,2026-07-03
2465,125,265,1186,"Municipal Commissioner, Solan Municipal Corporation",bureaucratic,administrative,8,false,Administrative head (IAS) of Solan Municipal Corporation,https://en.wikipedia.org/wiki/Solan_Municipal_Corporation,0.65,collected,2026-07-03
2466,126,262,,"Mayor, Mandi Municipal Corporation",elected_representative,executive,8,false,Elected head of Mandi Municipal Corporation,https://timesofindia.indiatimes.com/city/chandigarh/bjp-wins-mayoral-posts-in-mandi-congress-retains-palampur-dharamshala-solan-polls-deferred/articleshow/132074676.cms,0.85,collected,2026-07-03
2467,126,262,1180,"Municipal Commissioner, Mandi Municipal Corporation",bureaucratic,administrative,8,false,Administrative head (IAS) of Mandi Municipal Corporation,https://en.wikipedia.org/wiki/Mandi_Municipal_Corporation,0.65,collected,2026-07-03
2468,127,794,,"Mayor, Srinagar Municipal Corporation",elected_representative,executive,8,true,Elected head of Srinagar Municipal Corporation,https://en.wikipedia.org/wiki/Srinagar_Municipal_Corporation,0.75,collected,2026-07-03
2469,127,794,2244,"Municipal Commissioner, Srinagar Municipal Corporation",bureaucratic,administrative,8,false,Administrative head (IAS) of Srinagar Municipal Corporation,https://en.wikipedia.org/wiki/Srinagar_Municipal_Corporation,0.65,collected,2026-07-03
2470,128,784,,"Mayor, Jammu Municipal Corporation",elected_representative,executive,8,false,Elected head of Jammu Municipal Corporation,https://en.wikipedia.org/wiki/Jammu_Municipal_Corporation,0.65,collected,2026-07-03
2471,128,784,2224,"Municipal Commissioner, Jammu Municipal Corporation",bureaucratic,administrative,8,false,Administrative head (IAS) of Jammu Municipal Corporation,https://en.wikipedia.org/wiki/Jammu_Municipal_Corporation,0.65,collected,2026-07-03
2472,129,270,,"Mayor, Dhanbad Municipal Corporation",elected_representative,executive,8,false,Elected head of Dhanbad Municipal Corporation,https://en.wikipedia.org/wiki/Dhanbad_Municipal_Corporation,0.65,collected,2026-07-03
2473,129,270,1196,"Municipal Commissioner, Dhanbad Municipal Corporation",bureaucratic,administrative,8,false,Administrative head (IAS) of Dhanbad Municipal Corporation,https://en.wikipedia.org/wiki/Dhanbad_Municipal_Corporation,0.65,collected,2026-07-03
2474,130,286,,"Mayor, Ranchi Municipal Corporation",elected_representative,executive,8,false,Elected head of Ranchi Municipal Corporation,https://en.wikipedia.org/wiki/Ranchi_Municipal_Corporation,0.65,collected,2026-07-03
2475,130,286,1228,"Municipal Commissioner, Ranchi Municipal Corporation",bureaucratic,administrative,8,false,Administrative head (IAS) of Ranchi Municipal Corporation,https://en.wikipedia.org/wiki/Ranchi_Municipal_Corporation,0.65,collected,2026-07-03
2476,131,269,,"Mayor, Deoghar Municipal Corporation",elected_representative,executive,8,false,Elected head of Deoghar Municipal Corporation,https://en.wikipedia.org/wiki/Deoghar_Municipal_Corporation,0.65,collected,2026-07-03
2477,131,269,1194,"Municipal Commissioner, Deoghar Municipal Corporation",bureaucratic,administrative,8,false,Administrative head (IAS) of Deoghar Municipal Corporation,https://en.wikipedia.org/wiki/Deoghar_Municipal_Corporation,0.65,collected,2026-07-03
2478,132,11,,"Mayor, Adityapur Municipal Corporation",elected_representative,executive,8,false,Elected head of Adityapur Municipal Corporation,https://en.wikipedia.org/wiki/Adityapur_Municipal_Corporation,0.65,collected,2026-07-03
2479,132,11,105,"Municipal Commissioner, Adityapur Municipal Corporation",bureaucratic,administrative,8,false,Administrative head (IAS) of Adityapur Municipal Corporation,https://en.wikipedia.org/wiki/Adityapur_Municipal_Corporation,0.65,collected,2026-07-03
2480,133,277,,"Mayor, Hazaribagh Municipal Corporation",elected_representative,executive,8,false,Elected head of Hazaribagh Municipal Corporation,https://en.wikipedia.org/wiki/Hazaribagh_Municipal_Corporation,0.65,collected,2026-07-03
2481,133,277,1210,"Municipal Commissioner, Hazaribagh Municipal Corporation",bureaucratic,administrative,8,false,Administrative head (IAS) of Hazaribagh Municipal Corporation,https://en.wikipedia.org/wiki/Hazaribagh_Municipal_Corporation,0.65,collected,2026-07-03
2482,134,11,,"Mayor, Medininagar Municipal Corporation",elected_representative,executive,8,false,Elected head of Medininagar Municipal Corporation,https://en.wikipedia.org/wiki/Medininagar_Municipal_Corporation,0.65,collected,2026-07-03
2483,134,11,105,"Municipal Commissioner, Medininagar Municipal Corporation",bureaucratic,administrative,8,false,Administrative head (IAS) of Medininagar Municipal Corporation,https://en.wikipedia.org/wiki/Medininagar_Municipal_Corporation,0.65,collected,2026-07-03
2484,135,274,,"Mayor, Giridih Municipal Corporation",elected_representative,executive,8,false,Elected head of Giridih Municipal Corporation,https://en.wikipedia.org/wiki/Giridih_Municipal_Corporation,0.65,collected,2026-07-03
2485,135,274,1204,"Municipal Commissioner, Giridih Municipal Corporation",bureaucratic,administrative,8,false,Administrative head (IAS) of Giridih Municipal Corporation,https://en.wikipedia.org/wiki/Giridih_Municipal_Corporation,0.65,collected,2026-07-03
2486,136,314,,"Mayor, Greater Mysuru City Corporation",elected_representative,executive,8,true,Elected head of Greater Mysuru City Corporation,https://en.wikipedia.org/wiki/Mysore_City_Corporation,0.75,collected,2026-07-03
2487,136,314,1284,"Municipal Commissioner, Greater Mysuru City Corporation",bureaucratic,administrative,8,false,Administrative head (IAS) of Greater Mysuru City Corporation,https://en.wikipedia.org/wiki/List_of_municipal_corporations_in_India,0.55,collected,2026-06-26
2488,137,12,,"Mayor, Mangaluru City Corporation",elected_representative,executive,8,false,Elected head of Mangaluru City Corporation,https://en.wikipedia.org/wiki/List_of_municipal_corporations_in_India,0.45,collected,2026-06-26
2489,137,12,108,"Municipal Commissioner, Mangaluru City Corporation",bureaucratic,administrative,8,false,Administrative head (IAS) of Mangaluru City Corporation,https://en.wikipedia.org/wiki/List_of_municipal_corporations_in_India,0.55,collected,2026-06-26
2490,138,295,,"Mayor, Belagavi City Corporation",elected_representative,executive,8,false,Elected head of Belagavi City Corporation,https://timesofindia.indiatimes.com/city/hubballi/belagavi-gets-new-mayor-as-preeti-wins-poll-kongali-elected-as-deputy/articleshow/129662203.cms,0.80,collected,2026-07-03
2491,138,295,1246,"Municipal Commissioner, Belagavi City Corporation",bureaucratic,administrative,8,false,Administrative head (IAS) of Belagavi City Corporation,https://en.wikipedia.org/wiki/Belagavi_City_Corporation,0.65,collected,2026-07-03
2492,139,307,,"Mayor, Kalaburagi City Corporation",elected_representative,executive,8,false,Elected head of Kalaburagi City Corporation,https://en.wikipedia.org/wiki/Kalaburagi_City_Corporation,0.65,collected,2026-07-03
2493,139,307,1270,"Municipal Commissioner, Kalaburagi City Corporation",bureaucratic,administrative,8,false,Administrative head (IAS) of Kalaburagi City Corporation,https://en.wikipedia.org/wiki/List_of_municipal_corporations_in_India,0.55,collected,2026-06-26
2494,140,12,,"Mayor, Hubballi City Corporation",elected_representative,executive,8,true,Elected head of Hubballi City Corporation,https://en.wikipedia.org/wiki/Hubli-Dharwad_Municipal_Corporation,0.75,collected,2026-07-03
2495,140,12,108,"Municipal Commissioner, Hubballi City Corporation",bureaucratic,administrative,8,false,Administrative head (IAS) of Hubballi City Corporation,https://en.wikipedia.org/wiki/Hubli-Dharwad_Municipal_Corporation,0.70,collected,2026-07-03
2496,141,304,,"Mayor, Davanagere City Corporation",elected_representative,executive,8,false,Elected head of Davanagere City Corporation,https://en.wikipedia.org/wiki/Davanagere_City_Corporation,0.65,collected,2026-07-03
2497,141,304,1264,"Municipal Commissioner, Davanagere City Corporation",bureaucratic,administrative,8,false,Administrative head (IAS) of Davanagere City Corporation,https://en.wikipedia.org/wiki/Davanagere_City_Corporation,0.65,collected,2026-07-03
2498,142,296,,"Mayor, Ballari City Corporation",elected_representative,executive,8,false,Elected head of Ballari City Corporation,https://en.wikipedia.org/wiki/List_of_municipal_corporations_in_India,0.45,collected,2026-06-26
2499,142,296,1248,"Municipal Commissioner, Ballari City Corporation",bureaucratic,administrative,8,false,Administrative head (IAS) of Ballari City Corporation,https://hospet.online/ballari-city-corporation-decides-to-install-cctv-cameras-to-monitor-waste-management/,0.70,collected,2026-07-03
2500,143,298,,"Mayor, Vijayapura City Corporation",elected_representative,executive,8,true,Elected head of Vijayapura City Corporation,https://en.wikipedia.org/wiki/Vijayapura,0.75,collected,2026-07-03
2501,143,298,1252,"Municipal Commissioner, Vijayapura City Corporation",bureaucratic,administrative,8,false,Administrative head (IAS) of Vijayapura City Corporation,https://en.wikipedia.org/wiki/Bijapur,0.65,collected,2026-07-03
2502,144,316,,"Mayor, Shivamogga City Corporation",elected_representative,executive,8,true,Elected head of Shivamogga City Corporation,https://www.janaagraha.org/wp-content/uploads/2024/09/A-critical-review-of-decentralised-participatory-governance-in-cities-of-Karnataka_Janaagraha_10092024.pdf,0.75,collected,2026-07-03
2503,144,316,1288,"Municipal Commissioner, Shivamogga City Corporation",bureaucratic,administrative,8,false,Administrative head (IAS) of Shivamogga City Corporation,https://www.inkl.com/news/take-steps-to-avoid-rain-havoc-officers-told,0.70,collected,2026-07-03
2504,145,12,,"Mayor, Tumakuru City Corporation",elected_representative,executive,8,false,Elected head of Tumakuru City Corporation,https://en.wikipedia.org/wiki/Tumkur,0.65,collected,2026-07-03
2505,145,12,108,"Municipal Commissioner, Tumakuru City Corporation",bureaucratic,administrative,8,false,Administrative head (IAS) of Tumakuru City Corporation,https://en.wikipedia.org/wiki/Tumkur,0.65,collected,2026-07-03
2506,146,297,,"Mayor, Bidar City Corporation",elected_representative,executive,8,true,Elected head of Bidar City Corporation,https://en.wikipedia.org/wiki/Bidar,0.75,collected,2026-07-03
2507,146,297,1250,"Municipal Commissioner, Bidar City Corporation",bureaucratic,administrative,8,true,Administrative head (IAS) of Bidar City Corporation,https://bidar.nic.in/,0.75,collected,2026-07-03
2508,147,333,,"Mayor, Thiruvananthapuram Municipal Corporation",elected_representative,executive,8,false,Elected head of Thiruvananthapuram Municipal Corporation,https://en.wikipedia.org/wiki/Thiruvananthapuram_Corporation,0.65,collected,2026-07-03
2509,147,333,1322,"Municipal Commissioner, Thiruvananthapuram Municipal Corporation",bureaucratic,administrative,8,false,Administrative head (IAS) of Thiruvananthapuram Municipal Corporation,https://tmc.lsgkerala.gov.in/en/secretary,0.90,collected,2026-07-03
2510,148,329,,"Mayor, Kozhikode Municipal Corporation",elected_representative,executive,8,false,Elected head of Kozhikode Municipal Corporation,https://en.wikipedia.org/wiki/Kozhikode_Municipal_Corporation,0.65,collected,2026-07-03
2511,148,329,1314,"Municipal Commissioner, Kozhikode Municipal Corporation",bureaucratic,administrative,8,false,Administrative head (IAS) of Kozhikode Municipal Corporation,https://kozhikodecorporation.lsgkerala.gov.in/en/node/568,0.90,collected,2026-07-03
2512,149,13,,"Mayor, Kochi Municipal Corporation",elected_representative,executive,8,false,Elected head of Kochi Municipal Corporation,https://en.wikipedia.org/wiki/Kochi_Municipal_Corporation,0.65,collected,2026-07-03
2513,149,13,111,"Municipal Commissioner, Kochi Municipal Corporation",bureaucratic,administrative,8,false,Administrative head (IAS) of Kochi Municipal Corporation,https://kochicorporation.lsgkerala.gov.in/en/secretary/370,0.90,collected,2026-07-03
2514,150,327,,"Mayor, Kollam Municipal Corporation",elected_representative,executive,8,false,Elected head of Kollam Municipal Corporation,https://en.wikipedia.org/wiki/Kollam_Municipal_Corporation,0.65,collected,2026-07-03
2515,150,327,1310,"Municipal Commissioner, Kollam Municipal Corporation",bureaucratic,administrative,8,false,Administrative head (IAS) of Kollam Municipal Corporation,https://kollamcorporation.gov.in/index.php/en/former-secretaries,0.85,collected,2026-07-03
2516,151,334,,"Mayor, Thrissur Municipal Corporation",elected_representative,executive,8,false,Elected head of Thrissur Municipal Corporation,https://en.wikipedia.org/wiki/Thrissur_Municipal_Corporation,0.65,collected,2026-07-03
2517,151,334,1324,"Municipal Commissioner, Thrissur Municipal Corporation",bureaucratic,administrative,8,false,Administrative head (IAS) of Thrissur Municipal Corporation,https://thrissurcorporation.lsgkerala.gov.in/en/secretary/370,0.90,collected,2026-07-03
2518,152,325,,"Mayor, Kannur Municipal Corporation",elected_representative,executive,8,false,Elected head of Kannur Municipal Corporation,https://en.wikipedia.org/wiki/Kannur_Municipal_Corporation,0.65,collected,2026-07-03
2519,152,325,1306,"Municipal Commissioner, Kannur Municipal Corporation",bureaucratic,administrative,8,false,Administrative head (IAS) of Kannur Municipal Corporation,https://kannurcorporation.lsgkerala.gov.in/en,0.90,collected,2026-07-03
2520,153,349,,"Mayor, Indore Municipal Corporation",elected_representative,executive,8,false,Elected head of Indore Municipal Corporation,https://en.wikipedia.org/wiki/List_of_municipal_corporations_in_India,0.65,collected,2026-06-26
2521,153,349,1354,"Municipal Commissioner, Indore Municipal Corporation",bureaucratic,administrative,8,false,Administrative head (IAS) of Indore Municipal Corporation,https://en.wikipedia.org/wiki/List_of_municipal_corporations_in_India,0.60,collected,2026-06-26
2522,154,336,,"Mayor, Bhopal Municipal Corporation",elected_representative,executive,8,false,Elected head of Bhopal Municipal Corporation,https://en.wikipedia.org/wiki/List_of_municipal_corporations_in_India,0.65,collected,2026-06-26
2523,154,336,1328,"Municipal Commissioner, Bhopal Municipal Corporation",bureaucratic,administrative,8,false,Administrative head (IAS) of Bhopal Municipal Corporation,https://en.wikipedia.org/wiki/List_of_municipal_corporations_in_India,0.60,collected,2026-06-26
2524,155,357,,"Mayor, Jabalpur Municipal Corporation",elected_representative,executive,8,false,Elected head of Jabalpur Municipal Corporation,https://en.wikipedia.org/wiki/List_of_municipal_corporations_in_India,0.65,collected,2026-06-26
2525,155,357,1370,"Municipal Commissioner, Jabalpur Municipal Corporation",bureaucratic,administrative,8,false,Administrative head (IAS) of Jabalpur Municipal Corporation,https://en.wikipedia.org/wiki/List_of_municipal_corporations_in_India,0.60,collected,2026-06-26
2526,156,344,,"Mayor, Gwalior Municipal Corporation",elected_representative,executive,8,false,Elected head of Gwalior Municipal Corporation,https://en.wikipedia.org/wiki/List_of_municipal_corporations_in_India,0.65,collected,2026-06-26
2527,156,344,1344,"Municipal Commissioner, Gwalior Municipal Corporation",bureaucratic,administrative,8,false,Administrative head (IAS) of Gwalior Municipal Corporation,https://en.wikipedia.org/wiki/List_of_municipal_corporations_in_India,0.60,collected,2026-06-26
2528,157,384,,"Mayor, Ujjain Municipal Corporation",elected_representative,executive,8,false,Elected head of Ujjain Municipal Corporation,https://en.wikipedia.org/wiki/List_of_municipal_corporations_in_India,0.65,collected,2026-06-26
2529,157,384,1424,"Municipal Commissioner, Ujjain Municipal Corporation",bureaucratic,administrative,8,false,Administrative head (IAS) of Ujjain Municipal Corporation,https://en.wikipedia.org/wiki/List_of_municipal_corporations_in_India,0.60,collected,2026-06-26
2530,158,375,,"Mayor, Sagar Municipal Corporation",elected_representative,executive,8,false,Elected head of Sagar Municipal Corporation,https://en.wikipedia.org/wiki/List_of_municipal_corporations_in_India,0.65,collected,2026-06-26
2531,158,375,1406,"Municipal Commissioner, Sagar Municipal Corporation",bureaucratic,administrative,8,false,Administrative head (IAS) of Sagar Municipal Corporation,https://en.wikipedia.org/wiki/List_of_municipal_corporations_in_India,0.60,collected,2026-06-26
2532,159,352,,"Mayor, Burhanpur Municipal Corporation",elected_representative,executive,8,false,Elected head of Burhanpur Municipal Corporation,https://en.wikipedia.org/wiki/List_of_municipal_corporations_in_India,0.65,collected,2026-06-26
2533,159,352,1360,"Municipal Commissioner, Burhanpur Municipal Corporation",bureaucratic,administrative,8,false,Administrative head (IAS) of Burhanpur Municipal Corporation,https://en.wikipedia.org/wiki/List_of_municipal_corporations_in_India,0.60,collected,2026-06-26
2534,160,386,,"Mayor, Dewas Municipal Corporation",elected_representative,executive,8,false,Elected head of Dewas Municipal Corporation,https://en.wikipedia.org/wiki/List_of_municipal_corporations_in_India,0.65,collected,2026-06-26
2535,160,386,1428,"Municipal Commissioner, Dewas Municipal Corporation",bureaucratic,administrative,8,false,Administrative head (IAS) of Dewas Municipal Corporation,https://en.wikipedia.org/wiki/List_of_municipal_corporations_in_India,0.60,collected,2026-06-26
2536,161,372,,"Mayor, Satna Municipal Corporation",elected_representative,executive,8,false,Elected head of Satna Municipal Corporation,https://en.wikipedia.org/wiki/List_of_municipal_corporations_in_India,0.65,collected,2026-06-26
2537,161,372,1400,"Municipal Commissioner, Satna Municipal Corporation",bureaucratic,administrative,8,false,Administrative head (IAS) of Satna Municipal Corporation,https://en.wikipedia.org/wiki/List_of_municipal_corporations_in_India,0.60,collected,2026-06-26
2538,162,389,,"Mayor, Ratlam Municipal Corporation",elected_representative,executive,8,false,Elected head of Ratlam Municipal Corporation,https://en.wikipedia.org/wiki/List_of_municipal_corporations_in_India,0.65,collected,2026-06-26
2539,162,389,1434,"Municipal Commissioner, Ratlam Municipal Corporation",bureaucratic,administrative,8,false,Administrative head (IAS) of Ratlam Municipal Corporation,https://en.wikipedia.org/wiki/List_of_municipal_corporations_in_India,0.60,collected,2026-06-26
2540,163,355,,"Mayor, Khandwa Municipal Corporation",elected_representative,executive,8,false,Elected head of Khandwa Municipal Corporation,https://en.wikipedia.org/wiki/List_of_municipal_corporations_in_India,0.65,collected,2026-06-26
2541,163,355,1366,"Municipal Commissioner, Khandwa Municipal Corporation",bureaucratic,administrative,8,false,Administrative head (IAS) of Khandwa Municipal Corporation,https://en.wikipedia.org/wiki/List_of_municipal_corporations_in_India,0.60,collected,2026-06-26
2542,164,361,,"Mayor, Katni Municipal Corporation",elected_representative,executive,8,false,Elected head of Katni Municipal Corporation,https://en.wikipedia.org/wiki/Katni,0.65,collected,2026-07-03
2543,164,361,1378,"Municipal Commissioner, Katni Municipal Corporation",bureaucratic,administrative,8,false,Administrative head (IAS) of Katni Municipal Corporation,https://kmckatni.com/uploads/rti/RTI2024.pdf,0.75,collected,2026-07-03
2544,165,369,,"Mayor, Rewa Municipal Corporation",elected_representative,executive,8,false,Elected head of Rewa Municipal Corporation,https://en.wikipedia.org/wiki/List_of_municipal_corporations_in_India,0.65,collected,2026-06-26
2545,165,369,1394,"Municipal Commissioner, Rewa Municipal Corporation",bureaucratic,administrative,8,false,Administrative head (IAS) of Rewa Municipal Corporation,https://en.wikipedia.org/wiki/List_of_municipal_corporations_in_India,0.60,collected,2026-06-26
2546,166,341,,"Mayor, Morena Municipal Corporation",elected_representative,executive,8,false,Elected head of Morena Municipal Corporation,https://en.wikipedia.org/wiki/List_of_municipal_corporations_in_India,0.65,collected,2026-06-26
2547,166,341,1338,"Municipal Commissioner, Morena Municipal Corporation",bureaucratic,administrative,8,false,Administrative head (IAS) of Morena Municipal Corporation,https://en.wikipedia.org/wiki/List_of_municipal_corporations_in_India,0.60,collected,2026-06-26
2548,167,374,,"Mayor, Singrauli Municipal Corporation",elected_representative,executive,8,false,Elected head of Singrauli Municipal Corporation,https://en.wikipedia.org/wiki/List_of_municipal_corporations_in_India,0.65,collected,2026-06-26
2549,167,374,1404,"Municipal Commissioner, Singrauli Municipal Corporation",bureaucratic,administrative,8,false,Administrative head (IAS) of Singrauli Municipal Corporation,https://en.wikipedia.org/wiki/List_of_municipal_corporations_in_India,0.60,collected,2026-06-26
2550,168,15,,"Mayor, Brihanmumbai Municipal Corporation",elected_representative,executive,8,false,Elected head of Brihanmumbai Municipal Corporation,https://en.wikipedia.org/wiki/List_of_municipal_corporations_in_India,0.45,collected,2026-06-26
2551,168,15,117,"Municipal Commissioner, Brihanmumbai Municipal Corporation",bureaucratic,administrative,8,false,Administrative head (IAS) of Brihanmumbai Municipal Corporation,https://en.wikipedia.org/wiki/List_of_municipal_corporations_in_India,0.60,collected,2026-06-26
2552,169,416,,"Mayor, Pune Municipal Corporation",elected_representative,executive,8,false,Elected head of Pune Municipal Corporation,https://en.wikipedia.org/wiki/List_of_municipal_corporations_in_India,0.45,collected,2026-06-26
2553,169,416,1488,"Municipal Commissioner, Pune Municipal Corporation",bureaucratic,administrative,8,false,Administrative head (IAS) of Pune Municipal Corporation,https://en.wikipedia.org/wiki/List_of_municipal_corporations_in_India,0.60,collected,2026-06-26
2554,170,409,,"Mayor, Nagpur Municipal Corporation",elected_representative,executive,8,false,Elected head of Nagpur Municipal Corporation,https://en.wikipedia.org/wiki/List_of_municipal_corporations_in_India,0.45,collected,2026-06-26
2555,170,409,1474,"Municipal Commissioner, Nagpur Municipal Corporation",bureaucratic,administrative,8,false,Administrative head (IAS) of Nagpur Municipal Corporation,https://en.wikipedia.org/wiki/List_of_municipal_corporations_in_India,0.60,collected,2026-06-26
2556,171,412,,"Mayor, Nashik Municipal Corporation",elected_representative,executive,8,false,Elected head of Nashik Municipal Corporation,https://en.wikipedia.org/wiki/List_of_municipal_corporations_in_India,0.45,collected,2026-06-26
2557,171,412,1480,"Municipal Commissioner, Nashik Municipal Corporation",bureaucratic,administrative,8,false,Administrative head (IAS) of Nashik Municipal Corporation,https://en.wikipedia.org/wiki/List_of_municipal_corporations_in_India,0.60,collected,2026-06-26
2558,172,423,,"Mayor, Thane Municipal Corporation",elected_representative,executive,8,false,Elected head of Thane Municipal Corporation,https://en.wikipedia.org/wiki/List_of_municipal_corporations_in_India,0.45,collected,2026-06-26
2559,172,423,1502,"Municipal Commissioner, Thane Municipal Corporation",bureaucratic,administrative,8,false,Administrative head (IAS) of Thane Municipal Corporation,https://en.wikipedia.org/wiki/List_of_municipal_corporations_in_India,0.60,collected,2026-06-26
2560,173,15,,"Mayor, Pimpri Chinchwad Municipal Corporation",elected_representative,executive,8,false,Elected head of Pimpri Chinchwad Municipal Corporation,https://en.wikipedia.org/wiki/List_of_municipal_corporations_in_India,0.45,collected,2026-06-26
2561,173,15,117,"Municipal Commissioner, Pimpri Chinchwad Municipal Corporation",bureaucratic,administrative,8,false,Administrative head (IAS) of Pimpri Chinchwad Municipal Corporation,https://en.wikipedia.org/wiki/List_of_municipal_corporations_in_India,0.60,collected,2026-06-26
2562,174,15,,"Mayor, Kalyan-Dombivli Municipal Corporation",elected_representative,executive,8,false,Elected head of Kalyan-Dombivli Municipal Corporation,https://en.wikipedia.org/wiki/List_of_municipal_corporations_in_India,0.45,collected,2026-06-26
2563,174,15,117,"Municipal Commissioner, Kalyan-Dombivli Municipal Corporation",bureaucratic,administrative,8,false,Administrative head (IAS) of Kalyan-Dombivli Municipal Corporation,https://en.wikipedia.org/wiki/List_of_municipal_corporations_in_India,0.60,collected,2026-06-26
2564,175,15,,"Mayor, Vasai-Virar City Municipal Corporation",elected_representative,executive,8,false,Elected head of Vasai-Virar City Municipal Corporation,https://en.wikipedia.org/wiki/List_of_municipal_corporations_in_India,0.45,collected,2026-06-26
2565,175,15,117,"Municipal Commissioner, Vasai-Virar City Municipal Corporation",bureaucratic,administrative,8,false,Administrative head (IAS) of Vasai-Virar City Municipal Corporation,https://en.wikipedia.org/wiki/List_of_municipal_corporations_in_India,0.60,collected,2026-06-26
2566,176,394,,"Mayor, Aurangabad Municipal Corporation",elected_representative,executive,8,false,Elected head of Aurangabad Municipal Corporation,https://en.wikipedia.org/wiki/List_of_municipal_corporations_in_India,0.45,collected,2026-06-26
2567,176,394,1444,"Municipal Commissioner, Aurangabad Municipal Corporation",bureaucratic,administrative,8,false,Administrative head (IAS) of Aurangabad Municipal Corporation,https://en.wikipedia.org/wiki/List_of_municipal_corporations_in_India,0.60,collected,2026-06-26
2568,177,15,,"Mayor, Navi Mumbai Municipal Corporation",elected_representative,executive,8,false,Elected head of Navi Mumbai Municipal Corporation,https://en.wikipedia.org/wiki/List_of_municipal_corporations_in_India,0.45,collected,2026-06-26
2569,177,15,117,"Municipal Commissioner, Navi Mumbai Municipal Corporation",bureaucratic,administrative,8,false,Administrative head (IAS) of Navi Mumbai Municipal Corporation,https://en.wikipedia.org/wiki/List_of_municipal_corporations_in_India,0.60,collected,2026-06-26
2570,178,422,,"Mayor, Solapur Municipal Corporation",elected_representative,executive,8,false,Elected head of Solapur Municipal Corporation,https://en.wikipedia.org/wiki/List_of_municipal_corporations_in_India,0.45,collected,2026-06-26
2571,178,422,1500,"Municipal Commissioner, Solapur Municipal Corporation",bureaucratic,administrative,8,false,Administrative head (IAS) of Solapur Municipal Corporation,https://en.wikipedia.org/wiki/List_of_municipal_corporations_in_India,0.60,collected,2026-06-26
2572,179,15,,"Mayor, Mira-Bhayandar Municipal Corporation",elected_representative,executive,8,false,Elected head of Mira-Bhayandar Municipal Corporation,https://en.wikipedia.org/wiki/List_of_municipal_corporations_in_India,0.45,collected,2026-06-26
2573,179,15,117,"Municipal Commissioner, Mira-Bhayandar Municipal Corporation",bureaucratic,administrative,8,false,Administrative head (IAS) of Mira-Bhayandar Municipal Corporation,https://en.wikipedia.org/wiki/List_of_municipal_corporations_in_India,0.60,collected,2026-06-26
2574,180,15,,"Mayor, Bhiwandi-Nizampur Municipal Corporation",elected_representative,executive,8,false,Elected head of Bhiwandi-Nizampur Municipal Corporation,https://en.wikipedia.org/wiki/List_of_municipal_corporations_in_India,0.45,collected,2026-06-26
2575,180,15,117,"Municipal Commissioner, Bhiwandi-Nizampur Municipal Corporation",bureaucratic,administrative,8,false,Administrative head (IAS) of Bhiwandi-Nizampur Municipal Corporation,https://en.wikipedia.org/wiki/List_of_municipal_corporations_in_India,0.60,collected,2026-06-26
2576,181,393,,"Mayor, Amravati Municipal Corporation",elected_representative,executive,8,false,Elected head of Amravati Municipal Corporation,https://en.wikipedia.org/wiki/List_of_municipal_corporations_in_India,0.45,collected,2026-06-26
2577,181,393,1442,"Municipal Commissioner, Amravati Municipal Corporation",bureaucratic,administrative,8,false,Administrative head (IAS) of Amravati Municipal Corporation,https://en.wikipedia.org/wiki/List_of_municipal_corporations_in_India,0.60,collected,2026-06-26
2578,182,410,,"Mayor, Nanded-Waghala Municipal Corporation",elected_representative,executive,8,false,Elected head of Nanded-Waghala Municipal Corporation,https://en.wikipedia.org/wiki/List_of_municipal_corporations_in_India,0.45,collected,2026-06-26
2579,182,410,1476,"Municipal Commissioner, Nanded-Waghala Municipal Corporation",bureaucratic,administrative,8,false,Administrative head (IAS) of Nanded-Waghala Municipal Corporation,https://en.wikipedia.org/wiki/List_of_municipal_corporations_in_India,0.60,collected,2026-06-26
2580,183,405,,"Mayor, Kolhapur Municipal Corporation",elected_representative,executive,8,false,Elected head of Kolhapur Municipal Corporation,https://en.wikipedia.org/wiki/List_of_municipal_corporations_in_India,0.45,collected,2026-06-26
2581,183,405,1466,"Municipal Commissioner, Kolhapur Municipal Corporation",bureaucratic,administrative,8,false,Administrative head (IAS) of Kolhapur Municipal Corporation,https://en.wikipedia.org/wiki/List_of_municipal_corporations_in_India,0.60,collected,2026-06-26
2582,184,392,,"Mayor, Akola Municipal Corporation",elected_representative,executive,8,false,Elected head of Akola Municipal Corporation,https://en.wikipedia.org/wiki/List_of_municipal_corporations_in_India,0.45,collected,2026-06-26
2583,184,392,1440,"Municipal Commissioner, Akola Municipal Corporation",bureaucratic,administrative,8,false,Administrative head (IAS) of Akola Municipal Corporation,https://en.wikipedia.org/wiki/List_of_municipal_corporations_in_India,0.60,collected,2026-06-26
2584,185,15,,"Mayor, Panvel Municipal Corporation",elected_representative,executive,8,false,Elected head of Panvel Municipal Corporation,https://en.wikipedia.org/wiki/Panvel_Municipal_Corporation,0.65,collected,2026-07-03
2585,185,15,117,"Municipal Commissioner, Panvel Municipal Corporation",bureaucratic,administrative,8,false,Administrative head (IAS) of Panvel Municipal Corporation,https://en.wikipedia.org/wiki/List_of_municipal_corporations_in_India,0.60,collected,2026-06-26
2586,186,15,,"Mayor, Ulhasnagar Municipal Corporation",elected_representative,executive,8,false,Elected head of Ulhasnagar Municipal Corporation,https://en.wikipedia.org/wiki/List_of_municipal_corporations_in_India,0.45,collected,2026-06-26
2587,186,15,117,"Municipal Commissioner, Ulhasnagar Municipal Corporation",bureaucratic,administrative,8,false,Administrative head (IAS) of Ulhasnagar Municipal Corporation,https://en.wikipedia.org/wiki/List_of_municipal_corporations_in_India,0.60,collected,2026-06-26
2588,187,419,,"Mayor, Sangali-Miraj-Kupwad Municipal Corporation",elected_representative,executive,8,false,Elected head of Sangali-Miraj-Kupwad Municipal Corporation,https://en.wikipedia.org/wiki/List_of_municipal_corporations_in_India,0.45,collected,2026-06-26
2589,187,419,1494,"Municipal Commissioner, Sangali-Miraj-Kupwad Municipal Corporation",bureaucratic,administrative,8,false,Administrative head (IAS) of Sangali-Miraj-Kupwad Municipal Corporation,https://en.wikipedia.org/wiki/List_of_municipal_corporations_in_India,0.60,collected,2026-06-26
2590,188,15,,"Mayor, Malegaon Municipal Corporation",elected_representative,executive,8,false,Elected head of Malegaon Municipal Corporation,https://en.wikipedia.org/wiki/List_of_municipal_corporations_in_India,0.45,collected,2026-06-26
2591,188,15,117,"Municipal Commissioner, Malegaon Municipal Corporation",bureaucratic,administrative,8,false,Administrative head (IAS) of Malegaon Municipal Corporation,https://en.wikipedia.org/wiki/Malegaon_Municipal_Corporation,0.65,collected,2026-07-03
2592,189,403,,"Mayor, Jalgaon Municipal Corporation",elected_representative,executive,8,false,Elected head of Jalgaon Municipal Corporation,https://en.wikipedia.org/wiki/List_of_municipal_corporations_in_India,0.45,collected,2026-06-26
2593,189,403,1462,"Municipal Commissioner, Jalgaon Municipal Corporation",bureaucratic,administrative,8,false,Administrative head (IAS) of Jalgaon Municipal Corporation,https://en.wikipedia.org/wiki/List_of_municipal_corporations_in_India,0.60,collected,2026-06-26
2594,190,406,,"Mayor, Latur Municipal Corporation",elected_representative,executive,8,false,Elected head of Latur Municipal Corporation,https://en.wikipedia.org/wiki/Latur_City_Municipal_Corporation,0.65,collected,2026-07-03
2595,190,406,1468,"Municipal Commissioner, Latur Municipal Corporation",bureaucratic,administrative,8,false,Administrative head (IAS) of Latur Municipal Corporation,https://en.wikipedia.org/wiki/List_of_municipal_corporations_in_India,0.60,collected,2026-06-26
2596,191,399,,"Mayor, Dhule Municipal Corporation",elected_representative,executive,8,false,Elected head of Dhule Municipal Corporation,https://en.wikipedia.org/wiki/Dhule_Municipal_Corporation,0.65,collected,2026-07-03
2597,191,399,1454,"Municipal Commissioner, Dhule Municipal Corporation",bureaucratic,administrative,8,false,Administrative head (IAS) of Dhule Municipal Corporation,https://en.wikipedia.org/wiki/List_of_municipal_corporations_in_India,0.60,collected,2026-06-26
2598,192,398,,"Mayor, Chandrapur Municipal Corporation",elected_representative,executive,8,false,Elected head of Chandrapur Municipal Corporation,https://en.wikipedia.org/wiki/Chandrapur_City_Municipal_Corporation,0.65,collected,2026-07-03
2599,192,398,1452,"Municipal Commissioner, Chandrapur Municipal Corporation",bureaucratic,administrative,8,false,Administrative head (IAS) of Chandrapur Municipal Corporation,https://en.wikipedia.org/wiki/List_of_municipal_corporations_in_India,0.60,collected,2026-06-26
2600,193,415,,"Mayor, Parbhani Municipal Corporation",elected_representative,executive,8,false,Elected head of Parbhani Municipal Corporation,https://en.wikipedia.org/wiki/Parbhani_City_Municipal_Corporation,0.65,collected,2026-07-03
2601,193,415,1486,"Municipal Commissioner, Parbhani Municipal Corporation",bureaucratic,administrative,8,false,Administrative head (IAS) of Parbhani Municipal Corporation,https://en.wikipedia.org/wiki/List_of_municipal_corporations_in_India,0.60,collected,2026-06-26
2602,194,404,,"Mayor, Jalna Municipal Corporation",elected_representative,executive,8,false,Elected head of Jalna Municipal Corporation,https://en.wikipedia.org/wiki/Jalna_City_Municipal_Corporation,0.65,collected,2026-07-03
2603,194,404,1464,"Municipal Commissioner, Jalna Municipal Corporation",bureaucratic,administrative,8,false,Administrative head (IAS) of Jalna Municipal Corporation,https://en.wikipedia.org/wiki/List_of_municipal_corporations_in_India,0.60,collected,2026-06-26
2604,195,16,,"Mayor, Imphal Municipal Corporation",elected_representative,executive,8,true,Elected head of Imphal Municipal Corporation,https://en.wikipedia.org/wiki/Imphal_Municipal_Corporation,0.65,collected,2026-07-03
2605,195,16,120,"Municipal Commissioner, Imphal Municipal Corporation",bureaucratic,administrative,8,false,Administrative head (IAS) of Imphal Municipal Corporation,https://hueiyenlanpao.com/wp-content/uploads/2016/06/04.02.2026-B7.pdf,0.70,collected,2026-07-03
2606,196,455,,"Mayor, Aizawl Municipal Corporation",elected_representative,executive,8,false,Elected head of Aizawl Municipal Corporation,https://en.wikipedia.org/wiki/Aizawl_Municipal_Corporation,0.65,collected,2026-07-03
2607,196,455,1566,"Municipal Commissioner, Aizawl Municipal Corporation",bureaucratic,administrative,8,false,Administrative head (IAS) of Aizawl Municipal Corporation,https://newsonair.gov.in/wp-content/uploads/2026/04/aizwal-1.pdf,0.85,collected,2026-07-03
2608,197,20,,"Mayor, Berhampur Municipal Corporation",elected_representative,executive,8,false,Elected head of Berhampur Municipal Corporation,https://en.wikipedia.org/wiki/Brahmapur%2C_Odisha,0.65,collected,2026-07-03
2609,197,20,132,"Municipal Commissioner, Berhampur Municipal Corporation",bureaucratic,administrative,8,false,Administrative head (IAS) of Berhampur Municipal Corporation,https://en.wikipedia.org/wiki/Brahmapur%2C_Odisha,0.65,collected,2026-07-03
2610,198,20,,"Mayor, Bhubaneswar Municipal Corporation",elected_representative,executive,8,false,Elected head of Bhubaneswar Municipal Corporation,https://en.wikipedia.org/wiki/Bhubaneswar_Municipal_Corporation,0.65,collected,2026-07-03
2611,198,20,132,"Municipal Commissioner, Bhubaneswar Municipal Corporation",bureaucratic,administrative,8,false,Administrative head (IAS) of Bhubaneswar Municipal Corporation,https://en.wikipedia.org/wiki/Bhubaneswar_Municipal_Corporation,0.65,collected,2026-07-03
2612,199,489,,"Mayor, Cuttack Municipal Corporation",elected_representative,executive,8,false,Elected head of Cuttack Municipal Corporation,https://en.wikipedia.org/wiki/Cuttack_Municipal_Corporation,0.65,collected,2026-07-03
2613,199,489,1634,"Municipal Commissioner, Cuttack Municipal Corporation",bureaucratic,administrative,8,false,Administrative head (IAS) of Cuttack Municipal Corporation,https://en.wikipedia.org/wiki/Cuttack_Municipal_Corporation,0.65,collected,2026-07-03
2614,200,20,,"Mayor, Rourkela Municipal Corporation",elected_representative,executive,8,true,Elected head of Rourkela Municipal Corporation,https://en.wikipedia.org/wiki/Rourkela_Municipal_Corporation,0.75,collected,2026-07-03
2615,200,20,132,"Municipal Commissioner, Rourkela Municipal Corporation",bureaucratic,administrative,8,false,Administrative head (IAS) of Rourkela Municipal Corporation,https://en.wikipedia.org/wiki/Rourkela_Municipal_Corporation,0.65,collected,2026-07-03
2616,201,510,,"Mayor, Sambalpur Municipal Corporation",elected_representative,executive,8,true,Elected head of Sambalpur Municipal Corporation,https://en.wikipedia.org/wiki/Sambalpur_Municipal_Corporation,0.75,collected,2026-07-03
2617,201,510,1676,"Municipal Commissioner, Sambalpur Municipal Corporation",bureaucratic,administrative,8,false,Administrative head (IAS) of Sambalpur Municipal Corporation,https://en.wikipedia.org/wiki/Sambalpur,0.65,collected,2026-07-03
2618,202,508,,"Mayor, Puri Municipal Corporation",elected_representative,executive,8,true,Elected head of Puri Municipal Corporation,https://puri.odisha.gov.in/,0.75,collected,2026-07-03
2619,202,508,1672,"Municipal Commissioner, Puri Municipal Corporation",bureaucratic,administrative,8,false,Administrative head (IAS) of Puri Municipal Corporation,https://puri.odisha.gov.in/en/about-district/who-s-who,0.90,collected,2026-07-03
2620,203,524,,"Mayor, Ludhiana Municipal Corporation",elected_representative,executive,8,false,Elected head of Ludhiana Municipal Corporation,https://en.wikipedia.org/wiki/Ludhiana_Municipal_Corporation,0.65,collected,2026-07-03
2621,203,524,1704,"Municipal Commissioner, Ludhiana Municipal Corporation",bureaucratic,administrative,8,false,Administrative head (IAS) of Ludhiana Municipal Corporation,https://mcludhiana.punjab.gov.in/Home,0.95,collected,2026-07-03
2622,204,513,,"Mayor, Amritsar Municipal Corporation",elected_representative,executive,8,false,Elected head of Amritsar Municipal Corporation,https://en.wikipedia.org/wiki/Amritsar_Municipal_Corporation,0.65,collected,2026-07-03
2623,204,513,1682,"Municipal Commissioner, Amritsar Municipal Corporation",bureaucratic,administrative,8,false,Administrative head (IAS) of Amritsar Municipal Corporation,https://mcamritsar.punjab.gov.in/Home,0.95,collected,2026-07-03
2624,205,522,,"Mayor, Jalandhar Municipal Corporation",elected_representative,executive,8,false,Elected head of Jalandhar Municipal Corporation,https://mcjalandhar.in/,0.85,collected,2026-07-03
2625,205,522,1700,"Municipal Commissioner, Jalandhar Municipal Corporation",bureaucratic,administrative,8,false,Administrative head (IAS) of Jalandhar Municipal Corporation,https://www.indiacustomercare.com/muncipal-corporation-jalandhar-mcj-contact-details,0.75,collected,2026-07-03
2626,206,530,,"Mayor, Patiala Municipal Corporation",elected_representative,executive,8,false,Elected head of Patiala Municipal Corporation,https://en.wikipedia.org/wiki/Patiala_Municipal_Corporation,0.65,collected,2026-07-03
2627,206,530,1716,"Municipal Commissioner, Patiala Municipal Corporation",bureaucratic,administrative,8,false,Administrative head (IAS) of Patiala Municipal Corporation,https://en.wikipedia.org/wiki/Patiala_Municipal_Corporation,0.65,collected,2026-07-03
2628,207,21,,"Mayor, Phagwara Municipal Corporation",elected_representative,executive,8,false,Elected head of Phagwara Municipal Corporation,https://mcphagwara.punjab.gov.in/Home,0.95,collected,2026-07-03
2629,207,21,135,"Municipal Commissioner, Phagwara Municipal Corporation",bureaucratic,administrative,8,false,Administrative head (IAS) of Phagwara Municipal Corporation,https://mcphagwara.punjab.gov.in/Home,0.95,collected,2026-07-03
2630,208,515,,"Mayor, Bathinda Municipal Corporation",elected_representative,executive,8,false,Elected head of Bathinda Municipal Corporation,https://indianexpress.com/article/cities/chandigarh/bathinda-barnala-municipal-corporation-elections-new-mayors-10735345/,0.85,collected,2026-07-03
2631,208,515,1686,"Municipal Commissioner, Bathinda Municipal Corporation",bureaucratic,administrative,8,false,Administrative head (IAS) of Bathinda Municipal Corporation,https://en.wikipedia.org/wiki/Bathinda_Municipal_Corporation,0.65,collected,2026-07-03
2632,209,21,,"Mayor, Batala Municipal Corporation",elected_representative,executive,8,false,Elected head of Batala Municipal Corporation,https://en.wikipedia.org/wiki/Batala_Municipal_Corporation,0.65,collected,2026-07-03
2633,209,21,135,"Municipal Commissioner, Batala Municipal Corporation",bureaucratic,administrative,8,false,Administrative head (IAS) of Batala Municipal Corporation,https://en.wikipedia.org/wiki/Batala_Municipal_Corporation,0.65,collected,2026-07-03
2634,210,21,,"Mayor, Mohali Municipal Corporation",elected_representative,executive,8,false,Elected head of Mohali Municipal Corporation,https://www.tribuneindia.com/news/chandigarh/mla-kulwant-singhs-son-sarabjit-samana-elected-mohali-mayor/,0.85,collected,2026-07-03
2635,210,21,135,"Municipal Commissioner, Mohali Municipal Corporation",bureaucratic,administrative,8,false,Administrative head (IAS) of Mohali Municipal Corporation,https://mcmohali.punjab.gov.in/Home,0.95,collected,2026-07-03
2636,211,521,,"Mayor, Hoshiarpur Municipal Corporation",elected_representative,executive,8,false,Elected head of Hoshiarpur Municipal Corporation,https://en.wikipedia.org/wiki/Hoshiarpur,0.65,collected,2026-07-03
2637,211,521,1698,"Municipal Commissioner, Hoshiarpur Municipal Corporation",bureaucratic,administrative,8,false,Administrative head (IAS) of Hoshiarpur Municipal Corporation,https://mchoshiarpur.punjab.gov.in/Home,0.95,collected,2026-07-03
2638,212,527,,"Mayor, Moga Municipal Corporation",elected_representative,executive,8,false,Elected head of Moga Municipal Corporation,https://theprint.in/india/punjab-aap-councillors-elected-mayors-of-barnala-batala-bathinda-moga-municipal-corporations/2957535/,0.80,collected,2026-07-03
2639,212,527,1710,"Municipal Commissioner, Moga Municipal Corporation",bureaucratic,administrative,8,false,Administrative head (IAS) of Moga Municipal Corporation,https://mcmoga.punjab.gov.in/Home,0.95,collected,2026-07-03
2640,213,529,,"Mayor, Pathankot Municipal Corporation",elected_representative,executive,8,true,Elected head of Pathankot Municipal Corporation,https://www.yugmarg.com/edition2/2026/06/08/pages.pdf,0.75,collected,2026-07-03
2641,213,529,1714,"Municipal Commissioner, Pathankot Municipal Corporation",bureaucratic,administrative,8,false,Administrative head (IAS) of Pathankot Municipal Corporation,https://mcpathankot.punjab.gov.in/Home,0.95,collected,2026-07-03
2642,214,21,,"Mayor, Abohar Municipal Corporation",elected_representative,executive,8,true,Elected head of Abohar Municipal Corporation,https://indianexpress.com/article/cities/chandigarh/punjab-municipal-corporation-election-result-2026-check-ward-party-wise-winners-list-mc-election-result-10713735/,0.75,collected,2026-07-03
2643,214,21,135,"Municipal Commissioner, Abohar Municipal Corporation",bureaucratic,administrative,8,false,Administrative head (IAS) of Abohar Municipal Corporation,https://en.wikipedia.org/wiki/Abohar_Municipal_Corporation,0.65,collected,2026-07-03
2644,215,523,,"Mayor, Kapurthala Municipal Corporation",elected_representative,executive,8,true,Elected head of Kapurthala Municipal Corporation,https://indianexpress.com/article/cities/chandigarh/punjab-municipal-corporation-election-result-2026-check-ward-party-wise-winners-list-mc-election-result-10713735/,0.75,collected,2026-07-03
2645,215,523,1702,"Municipal Commissioner, Kapurthala Municipal Corporation",bureaucratic,administrative,8,false,Administrative head (IAS) of Kapurthala Municipal Corporation,https://www.tribuneindia.com/news/jalandhar/kapurthala-mc-okays-rs-29-51-cr-budget/,0.80,collected,2026-07-03
2646,216,514,,"Mayor, Barnala Municipal Corporation",elected_representative,executive,8,false,Elected head of Barnala Municipal Corporation,https://theprint.in/india/punjab-aap-councillors-elected-mayors-of-barnala-batala-bathinda-moga-municipal-corporations/2957535/,0.80,collected,2026-07-03
2647,216,514,1684,"Municipal Commissioner, Barnala Municipal Corporation",bureaucratic,administrative,8,false,Administrative head (IAS) of Barnala Municipal Corporation,https://www.babushahi.com/view-news.php?id=219537,0.80,collected,2026-07-03
2648,217,555,,"Mayor, Jaipur Municipal Corporation",elected_representative,executive,8,false,Elected head of Jaipur Municipal Corporation,https://en.wikipedia.org/wiki/Jaipur_Municipal_Corporation,0.65,collected,2026-07-03
2649,217,555,1766,"Municipal Commissioner, Jaipur Municipal Corporation",bureaucratic,administrative,8,false,Administrative head (IAS) of Jaipur Municipal Corporation,https://jaipurmc.org/Presentation/Others/ConctactUs.aspx,0.95,collected,2026-07-03
2650,218,560,,"Mayor, Jodhpur Municipal Corporation",elected_representative,executive,8,true,Elected head of Jodhpur Municipal Corporation,https://timesofindia.indiatimes.com/city/jaipur/rajasthan-administrators-appointed-for-municipal-corporations/articleshow/124793762.cms,0.75,collected,2026-07-03
2651,218,560,1776,"Municipal Commissioner, Jodhpur Municipal Corporation",bureaucratic,administrative,8,false,Administrative head (IAS) of Jodhpur Municipal Corporation,https://indiankanoon.org/doc/135896289/,0.70,collected,2026-07-03
2652,219,563,,"Mayor, Kota Municipal Corporation",elected_representative,executive,8,true,Elected head of Kota Municipal Corporation,https://timesofindia.indiatimes.com/city/jaipur/rajasthan-administrators-appointed-for-municipal-corporations/articleshow/124793762.cms,0.75,collected,2026-07-03
2653,219,563,1782,"Municipal Commissioner, Kota Municipal Corporation",bureaucratic,administrative,8,false,Administrative head (IAS) of Kota Municipal Corporation,"https://en.wikipedia.org/wiki/Kota,_Rajasthan",0.70,collected,2026-07-03
2654,220,544,,"Mayor, Bhilwara Municipal Corporation",elected_representative,executive,8,true,Elected head of Bhilwara Municipal Corporation,https://lsg.urban.rajasthan.gov.in/,0.75,collected,2026-07-03
2655,220,544,1744,"Municipal Commissioner, Bhilwara Municipal Corporation",bureaucratic,administrative,8,false,Administrative head (IAS) of Bhilwara Municipal Corporation,https://lsg.urban.rajasthan.gov.in/content/raj/udh/nagar-parishad-bhilwara/en/events/cultural-programme-schedules.html,0.85,collected,2026-07-03
2656,221,545,,"Mayor, Bikaner Municipal Corporation",elected_representative,executive,8,false,Elected head of Bikaner Municipal Corporation,https://en.wikipedia.org/wiki/Bikaner_Municipal_Corporation,0.65,collected,2026-07-03
2657,221,545,1746,"Municipal Commissioner, Bikaner Municipal Corporation",bureaucratic,administrative,8,false,Administrative head (IAS) of Bikaner Municipal Corporation,https://en.wikipedia.org/wiki/Bikaner_Municipal_Corporation,0.65,collected,2026-07-03
2658,222,536,,"Mayor, Ajmer Municipal Corporation",elected_representative,executive,8,false,Elected head of Ajmer Municipal Corporation,https://en.wikipedia.org/wiki/Ajmer,0.65,collected,2026-07-03
2659,222,536,1728,"Municipal Commissioner, Ajmer Municipal Corporation",bureaucratic,administrative,8,false,Administrative head (IAS) of Ajmer Municipal Corporation,https://lsg.urban.rajasthan.gov.in/content/raj/udh/nagar-nigam-ajmer/en/schemes/intergrated-housing---slum-development-programme--ihsdp-/ihsdp-.html,0.85,collected,2026-07-03
2660,223,537,,"Mayor, Alwar Municipal Corporation",elected_representative,executive,8,true,Elected head of Alwar Municipal Corporation,https://lsg.urban.rajasthan.gov.in/,0.75,collected,2026-07-03
2661,223,537,1730,"Municipal Commissioner, Alwar Municipal Corporation",bureaucratic,administrative,8,false,Administrative head (IAS) of Alwar Municipal Corporation,https://jantaserishta.com/local/rajasthan/alwar-municipal-corporation-teams-cleaned-various-drains-of-the-city-4039256,0.65,collected,2026-07-03
2662,224,576,,"Mayor, Udaipur Municipal Corporation",elected_representative,executive,8,false,Elected head of Udaipur Municipal Corporation,https://en.wikipedia.org/wiki/Udaipur_Municipal_Corporation,0.65,collected,2026-07-03
2663,224,576,1808,"Municipal Commissioner, Udaipur Municipal Corporation",bureaucratic,administrative,8,false,Administrative head (IAS) of Udaipur Municipal Corporation,https://en.wikipedia.org/wiki/Udaipur_Municipal_Corporation,0.65,collected,2026-07-03
2664,225,543,,"Mayor, Bharatpur Municipal Corporation",elected_representative,executive,8,true,Elected head of Bharatpur Municipal Corporation,https://lsg.urban.rajasthan.gov.in/,0.75,collected,2026-07-03
2665,225,543,1742,"Municipal Commissioner, Bharatpur Municipal Corporation",bureaucratic,administrative,8,false,Administrative head (IAS) of Bharatpur Municipal Corporation,https://lsg.urban.rajasthan.gov.in/content/raj/udh/ulb-bharatpur/en/telephone-directory/nodal-officer.html,0.85,collected,2026-07-03
2666,226,577,,"Mayor, Gangtok Municipal Corporation",elected_representative,executive,8,false,Elected head of Gangtok Municipal Corporation,https://en.wikipedia.org/wiki/Gangtok_Municipal_Corporation,0.65,collected,2026-07-03
2667,226,577,1810,"Municipal Commissioner, Gangtok Municipal Corporation",bureaucratic,administrative,8,false,Administrative head (IAS) of Gangtok Municipal Corporation,https://en.wikipedia.org/wiki/Gangtok_Municipal_Corporation,0.65,collected,2026-07-03
2668,227,585,,"Mayor, Greater Chennai Corporation",elected_representative,executive,8,false,Elected head of Greater Chennai Corporation,https://en.wikipedia.org/wiki/Greater_Chennai_Corporation,0.65,collected,2026-07-03
2669,227,585,1826,"Municipal Commissioner, Greater Chennai Corporation",bureaucratic,administrative,8,false,Administrative head (IAS) of Greater Chennai Corporation,https://en.wikipedia.org/wiki/Greater_Chennai_Corporation,0.65,collected,2026-07-03
2670,228,586,,"Mayor, Coimbatore Municipal Corporation",elected_representative,executive,8,false,Elected head of Coimbatore Municipal Corporation,https://en.wikipedia.org/wiki/List_of_municipal_corporations_in_India,0.55,collected,2026-06-26
2671,228,586,1828,"Municipal Commissioner, Coimbatore Municipal Corporation",bureaucratic,administrative,8,false,Administrative head (IAS) of Coimbatore Municipal Corporation,https://en.wikipedia.org/wiki/List_of_municipal_corporations_in_India,0.60,collected,2026-06-26
2672,229,596,,"Mayor, Madurai Municipal Corporation",elected_representative,executive,8,false,Elected head of Madurai Municipal Corporation,https://en.wikipedia.org/wiki/List_of_municipal_corporations_in_India,0.55,collected,2026-06-26
2673,229,596,1848,"Municipal Commissioner, Madurai Municipal Corporation",bureaucratic,administrative,8,false,Administrative head (IAS) of Madurai Municipal Corporation,https://en.wikipedia.org/wiki/List_of_municipal_corporations_in_India,0.60,collected,2026-06-26
2674,230,611,,"Mayor, Tiruchirappalli City Municipal Corporation",elected_representative,executive,8,false,Elected head of Tiruchirappalli City Municipal Corporation,https://en.wikipedia.org/wiki/List_of_municipal_corporations_in_India,0.55,collected,2026-06-26
2675,230,611,1878,"Municipal Commissioner, Tiruchirappalli City Municipal Corporation",bureaucratic,administrative,8,false,Administrative head (IAS) of Tiruchirappalli City Municipal Corporation,https://en.wikipedia.org/wiki/List_of_municipal_corporations_in_India,0.60,collected,2026-06-26
2676,231,24,,"Mayor, Tambaram City Municipal Corporation",elected_representative,executive,8,false,Elected head of Tambaram City Municipal Corporation,https://en.wikipedia.org/wiki/List_of_municipal_corporations_in_India,0.55,collected,2026-06-26
2677,231,24,144,"Municipal Commissioner, Tambaram City Municipal Corporation",bureaucratic,administrative,8,false,Administrative head (IAS) of Tambaram City Municipal Corporation,https://en.wikipedia.org/wiki/List_of_municipal_corporations_in_India,0.60,collected,2026-06-26
2678,232,614,,"Mayor, Tiruppur City Municipal Corporation",elected_representative,executive,8,false,Elected head of Tiruppur City Municipal Corporation,https://en.wikipedia.org/wiki/List_of_municipal_corporations_in_India,0.55,collected,2026-06-26
2679,232,614,1884,"Municipal Commissioner, Tiruppur City Municipal Corporation",bureaucratic,administrative,8,false,Administrative head (IAS) of Tiruppur City Municipal Corporation,https://en.wikipedia.org/wiki/List_of_municipal_corporations_in_India,0.60,collected,2026-06-26
2680,233,605,,"Mayor, Salem City Municipal Corporation",elected_representative,executive,8,false,Elected head of Salem City Municipal Corporation,https://en.wikipedia.org/wiki/List_of_municipal_corporations_in_India,0.55,collected,2026-06-26
2681,233,605,1866,"Municipal Commissioner, Salem City Municipal Corporation",bureaucratic,administrative,8,false,Administrative head (IAS) of Salem City Municipal Corporation,https://en.wikipedia.org/wiki/List_of_municipal_corporations_in_India,0.60,collected,2026-06-26
2682,234,612,,"Mayor, Tirunelveli Municipal Corporation",elected_representative,executive,8,false,Elected head of Tirunelveli Municipal Corporation,https://en.wikipedia.org/wiki/List_of_municipal_corporations_in_India,0.55,collected,2026-06-26
2683,234,612,1880,"Municipal Commissioner, Tirunelveli Municipal Corporation",bureaucratic,administrative,8,false,Administrative head (IAS) of Tirunelveli Municipal Corporation,https://en.wikipedia.org/wiki/Tirunelveli_Municipal_Corporation,0.65,collected,2026-07-03
2684,235,618,,"Mayor, Vellore Municipal Corporation",elected_representative,executive,8,false,Elected head of Vellore Municipal Corporation,https://en.wikipedia.org/wiki/List_of_municipal_corporations_in_India,0.55,collected,2026-06-26
2685,235,618,1892,"Municipal Commissioner, Vellore Municipal Corporation",bureaucratic,administrative,8,false,Administrative head (IAS) of Vellore Municipal Corporation,https://en.wikipedia.org/wiki/List_of_municipal_corporations_in_India,0.60,collected,2026-06-26
2686,236,24,,"Mayor, Avadi Municipal Corporation",elected_representative,executive,8,false,Elected head of Avadi Municipal Corporation,https://en.wikipedia.org/wiki/List_of_municipal_corporations_in_India,0.55,collected,2026-06-26
2687,236,24,144,"Municipal Commissioner, Avadi Municipal Corporation",bureaucratic,administrative,8,false,Administrative head (IAS) of Avadi Municipal Corporation,https://en.wikipedia.org/wiki/List_of_municipal_corporations_in_India,0.60,collected,2026-06-26
2688,237,590,,"Mayor, Erode City Municipal Corporation",elected_representative,executive,8,false,Elected head of Erode City Municipal Corporation,https://en.wikipedia.org/wiki/List_of_municipal_corporations_in_India,0.55,collected,2026-06-26
2689,237,590,1836,"Municipal Commissioner, Erode City Municipal Corporation",bureaucratic,administrative,8,false,Administrative head (IAS) of Erode City Municipal Corporation,https://en.wikipedia.org/wiki/List_of_municipal_corporations_in_India,0.60,collected,2026-06-26
2690,238,610,,"Mayor, Thoothukkudi City Municipal Corporation",elected_representative,executive,8,false,Elected head of Thoothukkudi City Municipal Corporation,https://en.wikipedia.org/wiki/List_of_municipal_corporations_in_India,0.55,collected,2026-06-26
2691,238,610,1876,"Municipal Commissioner, Thoothukkudi City Municipal Corporation",bureaucratic,administrative,8,false,Administrative head (IAS) of Thoothukkudi City Municipal Corporation,https://en.wikipedia.org/wiki/List_of_municipal_corporations_in_India,0.60,collected,2026-06-26
2692,239,608,,"Mayor, Thanjavur Municipal Corporation",elected_representative,executive,8,false,Elected head of Thanjavur Municipal Corporation,https://en.wikipedia.org/wiki/List_of_municipal_corporations_in_India,0.55,collected,2026-06-26
2693,239,608,1872,"Municipal Commissioner, Thanjavur Municipal Corporation",bureaucratic,administrative,8,false,Administrative head (IAS) of Thanjavur Municipal Corporation,https://en.wikipedia.org/wiki/List_of_municipal_corporations_in_India,0.60,collected,2026-06-26
2694,240,589,,"Mayor, Dindigul Municipal Corporation",elected_representative,executive,8,false,Elected head of Dindigul Municipal Corporation,https://en.wikipedia.org/wiki/List_of_municipal_corporations_in_India,0.55,collected,2026-06-26
2695,240,589,1834,"Municipal Commissioner, Dindigul Municipal Corporation",bureaucratic,administrative,8,false,Administrative head (IAS) of Dindigul Municipal Corporation,https://en.wikipedia.org/wiki/List_of_municipal_corporations_in_India,0.60,collected,2026-06-26
2696,241,24,,"Mayor, Nagercoil Municipal Corporation",elected_representative,executive,8,false,Elected head of Nagercoil Municipal Corporation,https://en.wikipedia.org/wiki/List_of_municipal_corporations_in_India,0.55,collected,2026-06-26
2697,241,24,144,"Municipal Commissioner, Nagercoil Municipal Corporation",bureaucratic,administrative,8,false,Administrative head (IAS) of Nagercoil Municipal Corporation,https://en.wikipedia.org/wiki/List_of_municipal_corporations_in_India,0.60,collected,2026-06-26
2698,242,587,,"Mayor, Cuddalore Municipal Corporation",elected_representative,executive,8,false,Elected head of Cuddalore Municipal Corporation,https://en.wikipedia.org/wiki/List_of_municipal_corporations_in_India,0.55,collected,2026-06-26
2699,242,587,1830,"Municipal Commissioner, Cuddalore Municipal Corporation",bureaucratic,administrative,8,false,Administrative head (IAS) of Cuddalore Municipal Corporation,https://en.wikipedia.org/wiki/List_of_municipal_corporations_in_India,0.60,collected,2026-06-26
2700,243,646,,"Mayor, Greater Hyderabad Municipal Corporation",elected_representative,executive,8,true,Elected head of Greater Hyderabad Municipal Corporation,https://en.wikipedia.org/wiki/Greater_Hyderabad_Municipal_Corporation,0.75,collected,2026-07-03
2701,243,646,1948,"Municipal Commissioner, Greater Hyderabad Municipal Corporation",bureaucratic,administrative,8,false,Administrative head (IAS) of Greater Hyderabad Municipal Corporation,https://en.wikipedia.org/wiki/List_of_municipal_corporations_in_India,0.60,collected,2026-06-26
2702,244,637,,"Mayor, Greater Warangal Municipal Corporation",elected_representative,executive,8,false,Elected head of Greater Warangal Municipal Corporation,https://en.wikipedia.org/wiki/Greater_Warangal_Municipal_Corporation,0.65,collected,2026-07-03
2703,244,637,1930,"Municipal Commissioner, Greater Warangal Municipal Corporation",bureaucratic,administrative,8,false,Administrative head (IAS) of Greater Warangal Municipal Corporation,https://en.wikipedia.org/wiki/List_of_municipal_corporations_in_India,0.60,collected,2026-06-26
2704,245,640,,"Mayor, Khammam Municipal Corporation",elected_representative,executive,8,false,Elected head of Khammam Municipal Corporation,https://en.wikipedia.org/wiki/Khammam_Municipal_Corporation,0.65,collected,2026-07-03
2705,245,640,1936,"Municipal Commissioner, Khammam Municipal Corporation",bureaucratic,administrative,8,false,Administrative head (IAS) of Khammam Municipal Corporation,https://en.wikipedia.org/wiki/List_of_municipal_corporations_in_India,0.60,collected,2026-06-26
2706,246,630,,"Mayor, Karimnagar Municipal Corporation",elected_representative,executive,8,false,Elected head of Karimnagar Municipal Corporation,https://en.wikipedia.org/wiki/List_of_municipal_corporations_in_India,0.45,collected,2026-06-26
2707,246,630,1916,"Municipal Commissioner, Karimnagar Municipal Corporation",bureaucratic,administrative,8,false,Administrative head (IAS) of Karimnagar Municipal Corporation,https://en.wikipedia.org/wiki/List_of_municipal_corporations_in_India,0.60,collected,2026-06-26
2708,247,625,,"Mayor, Nizamabad Municipal Corporation",elected_representative,executive,8,false,Elected head of Nizamabad Municipal Corporation,https://en.wikipedia.org/wiki/List_of_municipal_corporations_in_India,0.45,collected,2026-06-26
2709,247,625,1906,"Municipal Commissioner, Nizamabad Municipal Corporation",bureaucratic,administrative,8,false,Administrative head (IAS) of Nizamabad Municipal Corporation,https://en.wikipedia.org/wiki/List_of_municipal_corporations_in_India,0.60,collected,2026-06-26
2710,248,25,,"Mayor, Ramagundam Municipal Corporation",elected_representative,executive,8,false,Elected head of Ramagundam Municipal Corporation,https://en.wikipedia.org/wiki/List_of_municipal_corporations_in_India,0.45,collected,2026-06-26
2711,248,25,147,"Municipal Commissioner, Ramagundam Municipal Corporation",bureaucratic,administrative,8,false,Administrative head (IAS) of Ramagundam Municipal Corporation,https://en.wikipedia.org/wiki/List_of_municipal_corporations_in_India,0.60,collected,2026-06-26
2712,249,650,,"Mayor, Mahabubnagar Municipal Corporation",elected_representative,executive,8,false,Elected head of Mahabubnagar Municipal Corporation,https://en.wikipedia.org/wiki/List_of_municipal_corporations_in_India,0.45,collected,2026-06-26
2713,249,650,1956,"Municipal Commissioner, Mahabubnagar Municipal Corporation",bureaucratic,administrative,8,false,Administrative head (IAS) of Mahabubnagar Municipal Corporation,https://en.wikipedia.org/wiki/List_of_municipal_corporations_in_India,0.60,collected,2026-06-26
2714,250,643,,"Mayor, Nalgonda Municipal Corporation",elected_representative,executive,8,false,Elected head of Nalgonda Municipal Corporation,https://en.wikipedia.org/wiki/List_of_municipal_corporations_in_India,0.45,collected,2026-06-26
2715,250,643,1942,"Municipal Commissioner, Nalgonda Municipal Corporation",bureaucratic,administrative,8,false,Administrative head (IAS) of Nalgonda Municipal Corporation,https://en.wikipedia.org/wiki/List_of_municipal_corporations_in_India,0.60,collected,2026-06-26
2716,251,26,,"Mayor, Agartala Municipal Corporation",elected_representative,executive,8,false,Elected head of Agartala Municipal Corporation,https://en.wikipedia.org/wiki/Agartala_Municipal_Corporation,0.65,collected,2026-07-03
2717,251,26,150,"Municipal Commissioner, Agartala Municipal Corporation",bureaucratic,administrative,8,false,Administrative head (IAS) of Agartala Municipal Corporation,https://en.wikipedia.org/wiki/Agartala_Municipal_Corporation,0.65,collected,2026-07-03
2718,252,723,,"Mayor, Lucknow Municipal Corporation",elected_representative,executive,8,false,Elected head of Lucknow Municipal Corporation,https://en.wikipedia.org/wiki/List_of_municipal_corporations_in_India,0.65,collected,2026-06-26
2719,252,723,2102,"Municipal Commissioner, Lucknow Municipal Corporation",bureaucratic,administrative,8,false,Administrative head (IAS) of Lucknow Municipal Corporation,https://en.wikipedia.org/wiki/List_of_municipal_corporations_in_India,0.60,collected,2026-06-26
2720,253,28,,"Mayor, Kanpur Municipal Corporation",elected_representative,executive,8,false,Elected head of Kanpur Municipal Corporation,https://en.wikipedia.org/wiki/List_of_municipal_corporations_in_India,0.65,collected,2026-06-26
2721,253,28,156,"Municipal Commissioner, Kanpur Municipal Corporation",bureaucratic,administrative,8,false,Administrative head (IAS) of Kanpur Municipal Corporation,https://en.wikipedia.org/wiki/List_of_municipal_corporations_in_India,0.60,collected,2026-06-26
2722,254,675,,"Mayor, Agra Municipal Corporation",elected_representative,executive,8,false,Elected head of Agra Municipal Corporation,https://en.wikipedia.org/wiki/List_of_municipal_corporations_in_India,0.65,collected,2026-06-26
2723,254,675,2006,"Municipal Commissioner, Agra Municipal Corporation",bureaucratic,administrative,8,false,Administrative head (IAS) of Agra Municipal Corporation,https://en.wikipedia.org/wiki/List_of_municipal_corporations_in_India,0.60,collected,2026-06-26
2724,255,704,,"Mayor, Ghaziabad Municipal Corporation",elected_representative,executive,8,false,Elected head of Ghaziabad Municipal Corporation,https://en.wikipedia.org/wiki/List_of_municipal_corporations_in_India,0.65,collected,2026-06-26
2725,255,704,2064,"Municipal Commissioner, Ghaziabad Municipal Corporation",bureaucratic,administrative,8,false,Administrative head (IAS) of Ghaziabad Municipal Corporation,https://en.wikipedia.org/wiki/List_of_municipal_corporations_in_India,0.60,collected,2026-06-26
2726,256,749,,"Mayor, Varanasi Municipal Corporation",elected_representative,executive,8,false,Elected head of Varanasi Municipal Corporation,https://en.wikipedia.org/wiki/List_of_municipal_corporations_in_India,0.65,collected,2026-06-26
2727,256,749,2154,"Municipal Commissioner, Varanasi Municipal Corporation",bureaucratic,administrative,8,false,Administrative head (IAS) of Varanasi Municipal Corporation,https://en.wikipedia.org/wiki/List_of_municipal_corporations_in_India,0.60,collected,2026-06-26
2728,257,729,,"Mayor, Meerut Municipal Corporation",elected_representative,executive,8,false,Elected head of Meerut Municipal Corporation,https://en.wikipedia.org/wiki/List_of_municipal_corporations_in_India,0.65,collected,2026-06-26
2729,257,729,2114,"Municipal Commissioner, Meerut Municipal Corporation",bureaucratic,administrative,8,false,Administrative head (IAS) of Meerut Municipal Corporation,https://en.wikipedia.org/wiki/List_of_municipal_corporations_in_India,0.60,collected,2026-06-26
2730,258,735,,"Mayor, Prayagraj Municipal Corporation",elected_representative,executive,8,false,Elected head of Prayagraj Municipal Corporation,https://en.wikipedia.org/wiki/List_of_municipal_corporations_in_India,0.65,collected,2026-06-26
2731,258,735,2126,"Municipal Commissioner, Prayagraj Municipal Corporation",bureaucratic,administrative,8,false,Administrative head (IAS) of Prayagraj Municipal Corporation,https://en.wikipedia.org/wiki/List_of_municipal_corporations_in_India,0.60,collected,2026-06-26
2732,259,676,,"Mayor, Aligarh Municipal Corporation",elected_representative,executive,8,false,Elected head of Aligarh Municipal Corporation,https://en.wikipedia.org/wiki/List_of_municipal_corporations_in_India,0.65,collected,2026-06-26
2733,259,676,2008,"Municipal Commissioner, Aligarh Municipal Corporation",bureaucratic,administrative,8,false,Administrative head (IAS) of Aligarh Municipal Corporation,https://en.wikipedia.org/wiki/List_of_municipal_corporations_in_India,0.60,collected,2026-06-26
2734,260,690,,"Mayor, Bareilly Municipal Corporation",elected_representative,executive,8,false,Elected head of Bareilly Municipal Corporation,https://en.wikipedia.org/wiki/List_of_municipal_corporations_in_India,0.65,collected,2026-06-26
2735,260,690,2036,"Municipal Commissioner, Bareilly Municipal Corporation",bureaucratic,administrative,8,false,Administrative head (IAS) of Bareilly Municipal Corporation,https://en.wikipedia.org/wiki/List_of_municipal_corporations_in_India,0.60,collected,2026-06-26
2736,261,681,,"Mayor, Ayodhya Municipal Corporation",elected_representative,executive,8,false,Elected head of Ayodhya Municipal Corporation,https://en.wikipedia.org/wiki/List_of_municipal_corporations_in_India,0.65,collected,2026-06-26
2737,261,681,2018,"Municipal Commissioner, Ayodhya Municipal Corporation",bureaucratic,administrative,8,false,Administrative head (IAS) of Ayodhya Municipal Corporation,https://en.wikipedia.org/wiki/List_of_municipal_corporations_in_India,0.60,collected,2026-06-26
2738,262,731,,"Mayor, Moradabad Municipal Corporation",elected_representative,executive,8,false,Elected head of Moradabad Municipal Corporation,https://en.wikipedia.org/wiki/List_of_municipal_corporations_in_India,0.65,collected,2026-06-26
2739,262,731,2118,"Municipal Commissioner, Moradabad Municipal Corporation",bureaucratic,administrative,8,false,Administrative head (IAS) of Moradabad Municipal Corporation,https://en.wikipedia.org/wiki/List_of_municipal_corporations_in_India,0.60,collected,2026-06-26
2740,263,738,,"Mayor, Saharanpur Municipal Corporation",elected_representative,executive,8,false,Elected head of Saharanpur Municipal Corporation,https://en.wikipedia.org/wiki/List_of_municipal_corporations_in_India,0.65,collected,2026-06-26
2741,263,738,2132,"Municipal Commissioner, Saharanpur Municipal Corporation",bureaucratic,administrative,8,false,Administrative head (IAS) of Saharanpur Municipal Corporation,https://en.wikipedia.org/wiki/List_of_municipal_corporations_in_India,0.60,collected,2026-06-26
2742,264,707,,"Mayor, Gorakhpur Municipal Corporation",elected_representative,executive,8,false,Elected head of Gorakhpur Municipal Corporation,https://en.wikipedia.org/wiki/List_of_municipal_corporations_in_India,0.65,collected,2026-06-26
2743,264,707,2070,"Municipal Commissioner, Gorakhpur Municipal Corporation",bureaucratic,administrative,8,false,Administrative head (IAS) of Gorakhpur Municipal Corporation,https://en.wikipedia.org/wiki/List_of_municipal_corporations_in_India,0.60,collected,2026-06-26
2744,265,702,,"Mayor, Firozabad Municipal Corporation",elected_representative,executive,8,false,Elected head of Firozabad Municipal Corporation,https://en.wikipedia.org/wiki/List_of_municipal_corporations_in_India,0.65,collected,2026-06-26
2745,265,702,2060,"Municipal Commissioner, Firozabad Municipal Corporation",bureaucratic,administrative,8,false,Administrative head (IAS) of Firozabad Municipal Corporation,https://en.wikipedia.org/wiki/List_of_municipal_corporations_in_India,0.60,collected,2026-06-26
2746,266,714,,"Mayor, Jhansi Municipal Corporation",elected_representative,executive,8,false,Elected head of Jhansi Municipal Corporation,https://en.wikipedia.org/wiki/List_of_municipal_corporations_in_India,0.65,collected,2026-06-26
2747,266,714,2084,"Municipal Commissioner, Jhansi Municipal Corporation",bureaucratic,administrative,8,false,Administrative head (IAS) of Jhansi Municipal Corporation,https://en.wikipedia.org/wiki/List_of_municipal_corporations_in_India,0.60,collected,2026-06-26
2748,267,741,,"Mayor, Shahjahanpur Municipal Corporation",elected_representative,executive,8,false,Elected head of Shahjahanpur Municipal Corporation,https://en.wikipedia.org/wiki/Shahjahanpur,0.65,collected,2026-07-03
2749,267,741,2138,"Municipal Commissioner, Shahjahanpur Municipal Corporation",bureaucratic,administrative,8,false,Administrative head (IAS) of Shahjahanpur Municipal Corporation,https://indianmasterminds.com/news/up-ias-transfer-soumya-gururani-shahjahanpur-municipal-commissioner-194234/,0.75,collected,2026-07-03
2750,268,666,,"Mayor, Dehradun Municipal Corporation",elected_representative,executive,8,false,Elected head of Dehradun Municipal Corporation,https://en.wikipedia.org/wiki/Dehradun_Municipal_Corporation,0.65,collected,2026-07-03
2751,268,666,1988,"Municipal Commissioner, Dehradun Municipal Corporation",bureaucratic,administrative,8,false,Administrative head (IAS) of Dehradun Municipal Corporation,https://en.wikipedia.org/wiki/Dehradun_Municipal_Corporation,0.65,collected,2026-07-03
2752,269,27,,"Mayor, Haldwani Municipal Corporation",elected_representative,executive,8,false,Elected head of Haldwani Municipal Corporation,https://en.wikipedia.org/wiki/Haldwani_Municipal_Corporation,0.65,collected,2026-07-03
2753,269,27,153,"Municipal Commissioner, Haldwani Municipal Corporation",bureaucratic,administrative,8,false,Administrative head (IAS) of Haldwani Municipal Corporation,https://en.wikipedia.org/wiki/Haldwani_Municipal_Corporation,0.65,collected,2026-07-03
2754,270,667,,"Mayor, Haridwar Municipal Corporation",elected_representative,executive,8,false,Elected head of Haridwar Municipal Corporation,https://en.wikipedia.org/wiki/Haridwar_Municipal_Corporation,0.65,collected,2026-07-03
2755,270,667,1990,"Municipal Commissioner, Haridwar Municipal Corporation",bureaucratic,administrative,8,false,Administrative head (IAS) of Haridwar Municipal Corporation,https://en.wikipedia.org/wiki/Haridwar_Municipal_Corporation,0.65,collected,2026-07-03
2756,271,27,,"Mayor, Rudrapur Municipal Corporation",elected_representative,executive,8,false,Elected head of Rudrapur Municipal Corporation,https://en.wikipedia.org/wiki/Rudrapur_Municipal_Corporation,0.65,collected,2026-07-03
2757,271,27,153,"Municipal Commissioner, Rudrapur Municipal Corporation",bureaucratic,administrative,8,false,Administrative head (IAS) of Rudrapur Municipal Corporation,https://en.wikipedia.org/wiki/Rudrapur_Municipal_Corporation,0.65,collected,2026-07-03
2758,272,27,,"Mayor, Kashipur Municipal Corporation",elected_representative,executive,8,false,Elected head of Kashipur Municipal Corporation,https://en.wikipedia.org/wiki/Kashipur_Municipal_Corporation,0.65,collected,2026-07-03
2759,272,27,153,"Municipal Commissioner, Kashipur Municipal Corporation",bureaucratic,administrative,8,false,Administrative head (IAS) of Kashipur Municipal Corporation,https://en.wikipedia.org/wiki/Kashipur_Municipal_Corporation,0.65,collected,2026-07-03
2760,273,27,,"Mayor, Roorkee Municipal Corporation",elected_representative,executive,8,false,Elected head of Roorkee Municipal Corporation,https://en.wikipedia.org/wiki/Roorkee_Municipal_Corporation,0.65,collected,2026-07-03
2761,273,27,153,"Municipal Commissioner, Roorkee Municipal Corporation",bureaucratic,administrative,8,false,Administrative head (IAS) of Roorkee Municipal Corporation,https://en.wikipedia.org/wiki/Roorkee_Municipal_Corporation,0.65,collected,2026-07-03
2762,274,27,,"Mayor, Rishikesh Municipal Corporation",elected_representative,executive,8,false,Elected head of Rishikesh Municipal Corporation,https://en.wikipedia.org/wiki/Rishikesh_Municipal_Corporation,0.65,collected,2026-07-03
2763,274,27,153,"Municipal Commissioner, Rishikesh Municipal Corporation",bureaucratic,administrative,8,false,Administrative head (IAS) of Rishikesh Municipal Corporation,https://en.wikipedia.org/wiki/Rishikesh_Municipal_Corporation,0.65,collected,2026-07-03
2764,275,763,,"Mayor, Kolkata Municipal Corporation",elected_representative,executive,8,true,Elected head of Kolkata Municipal Corporation,https://en.wikipedia.org/wiki/Kolkata_Municipal_Corporation,0.65,collected,2026-07-03
2765,275,763,2182,"Municipal Commissioner, Kolkata Municipal Corporation",bureaucratic,administrative,8,false,Administrative head (IAS) of Kolkata Municipal Corporation,https://en.wikipedia.org/wiki/List_of_municipal_corporations_in_India,0.60,collected,2026-06-26
2766,276,759,,"Mayor, Howrah Municipal Corporation",elected_representative,executive,8,true,Elected head of Howrah Municipal Corporation,https://en.wikipedia.org/wiki/Howrah_Municipal_Corporation,0.65,collected,2026-07-03
2767,276,759,2174,"Municipal Commissioner, Howrah Municipal Corporation",bureaucratic,administrative,8,false,Administrative head (IAS) of Howrah Municipal Corporation,https://en.wikipedia.org/wiki/List_of_municipal_corporations_in_India,0.60,collected,2026-06-26
2768,277,29,,"Mayor, Durgapur Municipal Corporation",elected_representative,executive,8,true,Elected head of Durgapur Municipal Corporation,https://en.wikipedia.org/wiki/Durgapur_Municipal_Corporation,0.65,collected,2026-07-03
2769,277,29,159,"Municipal Commissioner, Durgapur Municipal Corporation",bureaucratic,administrative,8,false,Administrative head (IAS) of Durgapur Municipal Corporation,https://www.durgapurmunicipalcorporation.org/administration.php,0.90,collected,2026-07-03
2770,278,29,,"Mayor, Asansol Municipal Corporation",elected_representative,executive,8,false,Elected head of Asansol Municipal Corporation,https://en.wikipedia.org/wiki/List_of_municipal_corporations_in_India,0.45,collected,2026-06-26
2771,278,29,159,"Municipal Commissioner, Asansol Municipal Corporation",bureaucratic,administrative,8,false,Administrative head (IAS) of Asansol Municipal Corporation,https://en.wikipedia.org/wiki/List_of_municipal_corporations_in_India,0.60,collected,2026-06-26
2772,279,29,,"Mayor, Bidhannagar Municipal Corporation",elected_representative,executive,8,true,Elected head of Bidhannagar Municipal Corporation,https://en.wikipedia.org/wiki/Bidhannagar_Municipal_Corporation,0.65,collected,2026-07-03
2773,279,29,159,"Municipal Commissioner, Bidhannagar Municipal Corporation",bureaucratic,administrative,8,false,Administrative head (IAS) of Bidhannagar Municipal Corporation,https://en.wikipedia.org/wiki/List_of_municipal_corporations_in_India,0.60,collected,2026-06-26
2774,280,29,,"Mayor, Siliguri Municipal Corporation",elected_representative,executive,8,true,Elected head of Siliguri Municipal Corporation,https://www.ahn24x7.com/latest/another-trinamool-run-municipal-board-heading-for-dissolution-as-siliguri-mayor-resigns,0.75,collected,2026-07-03
2775,280,29,159,"Municipal Commissioner, Siliguri Municipal Corporation",bureaucratic,administrative,8,false,Administrative head (IAS) of Siliguri Municipal Corporation,https://www.ahn24x7.com/latest/another-trinamool-run-municipal-board-heading-for-dissolution-as-siliguri-mayor-resigns,0.80,collected,2026-07-03
2776,281,29,,"Mayor, Chandernagore Municipal Corporation",elected_representative,executive,8,true,Elected head of Chandernagore Municipal Corporation,https://en.wikipedia.org/wiki/Chandernagore_Municipal_Corporation,0.65,collected,2026-07-03
2777,281,29,159,"Municipal Commissioner, Chandernagore Municipal Corporation",bureaucratic,administrative,8,false,Administrative head (IAS) of Chandernagore Municipal Corporation,https://hooghly.nic.in/chandannagar-subdivision/,0.95,collected,2026-07-03
2778,,24,143,Minister of Tamil Nadu (Rural Development and Water Resources),political_executive,executive,6,false,"Minister, Govt of Tamil Nadu - Rural Development and Water Resources",https://en.wikipedia.org/wiki/C._Joseph_Vijay_ministry,0.75,collected,2026-06-26
2779,,24,143,Minister of Tamil Nadu (Public Works and Sports Development),political_executive,executive,6,false,"Minister, Govt of Tamil Nadu - Public Works and Sports Development",https://en.wikipedia.org/wiki/C._Joseph_Vijay_ministry,0.75,collected,2026-06-26
2780,,24,143,"Minister of Tamil Nadu (Health, Medical Education and Family Welfare)",political_executive,executive,6,false,"Minister, Govt of Tamil Nadu - Health, Medical Education and Family Welfare",https://en.wikipedia.org/wiki/C._Joseph_Vijay_ministry,0.75,collected,2026-06-26
2781,,24,143,Minister of Tamil Nadu (Revenue and Disaster Management),political_executive,executive,6,false,"Minister, Govt of Tamil Nadu - Revenue and Disaster Management",https://en.wikipedia.org/wiki/C._Joseph_Vijay_ministry,0.75,collected,2026-06-26
2782,,24,143,Minister of Tamil Nadu (Food and Civil Supplies),political_executive,executive,6,false,"Minister, Govt of Tamil Nadu - Food and Civil Supplies",https://en.wikipedia.org/wiki/C._Joseph_Vijay_ministry,0.75,collected,2026-06-26
2783,,24,143,Minister of Tamil Nadu (Energy Resources and Law),political_executive,executive,6,false,"Minister, Govt of Tamil Nadu - Energy Resources and Law",https://en.wikipedia.org/wiki/C._Joseph_Vijay_ministry,0.75,collected,2026-06-26
2784,,24,143,"Minister of Tamil Nadu (School Education, Tamil Development, Information and Publicity)",political_executive,executive,6,false,"Minister, Govt of Tamil Nadu - School Education, Tamil Development, Information and Publicity",https://en.wikipedia.org/wiki/C._Joseph_Vijay_ministry,0.75,collected,2026-06-26
2785,,24,143,Minister of Tamil Nadu (Minerals and Mines),political_executive,executive,6,false,"Minister, Govt of Tamil Nadu - Minerals and Mines",https://en.wikipedia.org/wiki/C._Joseph_Vijay_ministry,0.75,collected,2026-06-26
2786,,24,143,Minister of Tamil Nadu (Industries),political_executive,executive,6,false,"Minister, Govt of Tamil Nadu - Industries",https://en.wikipedia.org/wiki/C._Joseph_Vijay_ministry,0.75,collected,2026-06-26
2787,,24,143,Minister of Tamil Nadu (Fisheries and Fishermen Welfare),political_executive,executive,6,false,"Minister, Govt of Tamil Nadu - Fisheries and Fishermen Welfare",https://en.wikipedia.org/wiki/C._Joseph_Vijay_ministry,0.75,collected,2026-06-26
2788,,24,143,Minister of Tamil Nadu (Animal Husbandry),political_executive,executive,6,false,"Minister, Govt of Tamil Nadu - Animal Husbandry",https://en.wikipedia.org/wiki/C._Joseph_Vijay_ministry,0.75,collected,2026-06-26
2789,,24,143,Minister of Tamil Nadu (Milk and Dairy Development),political_executive,executive,6,false,"Minister, Govt of Tamil Nadu - Milk and Dairy Development",https://en.wikipedia.org/wiki/C._Joseph_Vijay_ministry,0.75,collected,2026-06-26
2790,,24,143,Minister of Tamil Nadu (Forests),political_executive,executive,6,false,"Minister, Govt of Tamil Nadu - Forests",https://en.wikipedia.org/wiki/C._Joseph_Vijay_ministry,0.75,collected,2026-06-26
2791,,24,143,Minister of Tamil Nadu (Agriculture and Farmers Welfare),political_executive,executive,6,false,"Minister, Govt of Tamil Nadu - Agriculture and Farmers Welfare",https://en.wikipedia.org/wiki/C._Joseph_Vijay_ministry,0.75,collected,2026-06-26
2792,,24,143,Minister of Tamil Nadu (Environment & Climate Change),political_executive,executive,6,false,"Minister, Govt of Tamil Nadu - Environment & Climate Change",https://en.wikipedia.org/wiki/C._Joseph_Vijay_ministry,0.75,collected,2026-06-26
2793,,24,143,Minister of Tamil Nadu (Housing and Urban Development),political_executive,executive,6,false,"Minister, Govt of Tamil Nadu - Housing and Urban Development",https://en.wikipedia.org/wiki/C._Joseph_Vijay_ministry,0.75,collected,2026-06-26
2794,,24,143,Minister of Tamil Nadu (Co-operation),political_executive,executive,6,false,"Minister, Govt of Tamil Nadu - Co-operation",https://en.wikipedia.org/wiki/C._Joseph_Vijay_ministry,0.75,collected,2026-06-26
2795,,24,143,"Minister of Tamil Nadu (Micro, Small and Medium Enterprises)",political_executive,executive,6,false,"Minister, Govt of Tamil Nadu - Micro, Small and Medium Enterprises",https://en.wikipedia.org/wiki/C._Joseph_Vijay_ministry,0.75,collected,2026-06-26
2796,,24,143,Minister of Tamil Nadu (Social Welfare & Women Empowerment),political_executive,executive,6,false,"Minister, Govt of Tamil Nadu - Social Welfare & Women Empowerment",https://en.wikipedia.org/wiki/C._Joseph_Vijay_ministry,0.75,collected,2026-06-26
2797,,24,143,"Minister of Tamil Nadu (Handlooms, Textiles and Khadi)",political_executive,executive,6,false,"Minister, Govt of Tamil Nadu - Handlooms, Textiles and Khadi",https://en.wikipedia.org/wiki/C._Joseph_Vijay_ministry,0.75,collected,2026-06-26
2798,,24,143,Minister of Tamil Nadu (Commercial Taxes and Registration),political_executive,executive,6,false,"Minister, Govt of Tamil Nadu - Commercial Taxes and Registration",https://en.wikipedia.org/wiki/C._Joseph_Vijay_ministry,0.75,collected,2026-06-26
2799,,24,143,Minister of Tamil Nadu (Transport),political_executive,executive,6,false,"Minister, Govt of Tamil Nadu - Transport",https://en.wikipedia.org/wiki/C._Joseph_Vijay_ministry,0.75,collected,2026-06-26
2800,,24,143,Minister of Tamil Nadu (Hindu Religious and Charitable Endowments),political_executive,executive,6,false,"Minister, Govt of Tamil Nadu - Hindu Religious and Charitable Endowments",https://en.wikipedia.org/wiki/C._Joseph_Vijay_ministry,0.75,collected,2026-06-26
2801,,24,143,"Minister of Tamil Nadu (Artificial Intelligence, Information Technology and Digital Services)",political_executive,executive,6,false,"Minister, Govt of Tamil Nadu - Artificial Intelligence, Information Technology and Digital Services",https://en.wikipedia.org/wiki/C._Joseph_Vijay_ministry,0.75,collected,2026-06-26
2802,,24,143,Minister of Tamil Nadu (Non-Resident Tamils Welfare),political_executive,executive,6,false,"Minister, Govt of Tamil Nadu - Non-Resident Tamils Welfare",https://en.wikipedia.org/wiki/C._Joseph_Vijay_ministry,0.75,collected,2026-06-26
2803,,24,143,Minister of Tamil Nadu (Backward Classes Welfare),political_executive,executive,6,false,"Minister, Govt of Tamil Nadu - Backward Classes Welfare",https://en.wikipedia.org/wiki/C._Joseph_Vijay_ministry,0.75,collected,2026-06-26
2804,,24,143,Minister of Tamil Nadu (Labour Welfare and Skill Development),political_executive,executive,6,false,"Minister, Govt of Tamil Nadu - Labour Welfare and Skill Development",https://en.wikipedia.org/wiki/C._Joseph_Vijay_ministry,0.75,collected,2026-06-26
2805,,24,143,Minister of Tamil Nadu (Human Resources Management),political_executive,executive,6,false,"Minister, Govt of Tamil Nadu - Human Resources Management",https://en.wikipedia.org/wiki/C._Joseph_Vijay_ministry,0.75,collected,2026-06-26
2806,,24,143,"Minister of Tamil Nadu (Finance, Planning and Development)",political_executive,executive,6,false,"Minister, Govt of Tamil Nadu - Finance, Planning and Development",https://en.wikipedia.org/wiki/C._Joseph_Vijay_ministry,0.75,collected,2026-06-26
2807,,24,143,Minister of Tamil Nadu (Prohibition and Excise),political_executive,executive,6,false,"Minister, Govt of Tamil Nadu - Prohibition and Excise",https://en.wikipedia.org/wiki/C._Joseph_Vijay_ministry,0.75,collected,2026-06-26
2808,,24,143,Minister of Tamil Nadu (Tourism),political_executive,executive,6,false,"Minister, Govt of Tamil Nadu - Tourism",https://en.wikipedia.org/wiki/C._Joseph_Vijay_ministry,0.75,collected,2026-06-26
2809,,24,143,Minister of Tamil Nadu (Higher Education),political_executive,executive,6,false,"Minister, Govt of Tamil Nadu - Higher Education",https://en.wikipedia.org/wiki/C._Joseph_Vijay_ministry,0.75,collected,2026-06-26
2810,,24,143,Minister of Tamil Nadu (Minorities Welfare),political_executive,executive,6,false,"Minister, Govt of Tamil Nadu - Minorities Welfare",https://en.wikipedia.org/wiki/C._Joseph_Vijay_ministry,0.75,collected,2026-06-26
2811,,24,143,Minister of Tamil Nadu (Social Justice),political_executive,executive,6,false,"Minister, Govt of Tamil Nadu - Social Justice",https://en.wikipedia.org/wiki/C._Joseph_Vijay_ministry,0.75,collected,2026-06-26
2812,,13,110,"Minister of Kerala (Home, Vigilance, Prisons, Fire and Rescue Services)",political_executive,executive,6,false,"Minister, Govt of Kerala - Home, Vigilance, Prisons, Fire and Rescue Services",https://en.wikipedia.org/wiki/Satheesan_ministry,0.75,collected,2026-06-26
2813,,13,110,"Minister of Kerala (Health, Medical Education, Ayush, Food Safety)",political_executive,executive,6,false,"Minister, Govt of Kerala - Health, Medical Education, Ayush, Food Safety",https://en.wikipedia.org/wiki/Satheesan_ministry,0.75,collected,2026-06-26
2814,,13,110,"Minister of Kerala (Electricity, Environment, Parliamentary Affairs)",political_executive,executive,6,false,"Minister, Govt of Kerala - Electricity, Environment, Parliamentary Affairs",https://en.wikipedia.org/wiki/Satheesan_ministry,0.75,collected,2026-06-26
2815,,13,110,"Minister of Kerala (Forests & Wildlife Protection, Skill Development)",political_executive,executive,6,false,"Minister, Govt of Kerala - Forests & Wildlife Protection, Skill Development",https://en.wikipedia.org/wiki/Satheesan_ministry,0.75,collected,2026-06-26
2816,,13,110,"Minister of Kerala (Water Resources, Water Supply & Sanitation, Housing)",political_executive,executive,6,false,"Minister, Govt of Kerala - Water Resources, Water Supply & Sanitation, Housing",https://en.wikipedia.org/wiki/Satheesan_ministry,0.75,collected,2026-06-26
2817,,13,110,"Minister of Kerala (Food, Civil Supplies, Consumer Affairs)",political_executive,executive,6,false,"Minister, Govt of Kerala - Food, Civil Supplies, Consumer Affairs",https://en.wikipedia.org/wiki/Satheesan_ministry,0.75,collected,2026-06-26
2818,,13,110,"Minister of Kerala (Industries & Commerce, Information Technology, Handlooms & Textiles)",political_executive,executive,6,false,"Minister, Govt of Kerala - Industries & Commerce, Information Technology, Handlooms & Textiles",https://en.wikipedia.org/wiki/Satheesan_ministry,0.75,collected,2026-06-26
2819,,13,110,"Minister of Kerala (Transport, Motor Vehicles, Water Transport)",political_executive,executive,6,false,"Minister, Govt of Kerala - Transport, Motor Vehicles, Water Transport",https://en.wikipedia.org/wiki/Satheesan_ministry,0.75,collected,2026-06-26
2820,,13,110,"Minister of Kerala (Land Revenue, Survey and Land Records)",political_executive,executive,6,false,"Minister, Govt of Kerala - Land Revenue, Survey and Land Records",https://en.wikipedia.org/wiki/Satheesan_ministry,0.75,collected,2026-06-26
2821,,13,110,"Minister of Kerala (General Education, Waqf, Hajj, Minority Welfare)",political_executive,executive,6,false,"Minister, Govt of Kerala - General Education, Waqf, Hajj, Minority Welfare",https://en.wikipedia.org/wiki/Satheesan_ministry,0.75,collected,2026-06-26
2822,,13,110,"Minister of Kerala (Higher Education, Technical Education, Universities)",political_executive,executive,6,false,"Minister, Govt of Kerala - Higher Education, Technical Education, Universities",https://en.wikipedia.org/wiki/Satheesan_ministry,0.75,collected,2026-06-26
2823,,13,110,"Minister of Kerala (Tourism, Culture)",political_executive,executive,6,false,"Minister, Govt of Kerala - Tourism, Culture",https://en.wikipedia.org/wiki/Satheesan_ministry,0.75,collected,2026-06-26
2824,,13,110,"Minister of Kerala (Labour, Dairy Development, Women & Child Development, Animal Husbandry)",political_executive,executive,6,false,"Minister, Govt of Kerala - Labour, Dairy Development, Women & Child Development, Animal Husbandry",https://en.wikipedia.org/wiki/Satheesan_ministry,0.75,collected,2026-06-26
2825,,13,110,"Minister of Kerala (Excise, Co-operation)",political_executive,executive,6,false,"Minister, Govt of Kerala - Excise, Co-operation",https://en.wikipedia.org/wiki/Satheesan_ministry,0.75,collected,2026-06-26
2826,,13,110,"Minister of Kerala (Local Self Governments, Rural Development)",political_executive,executive,6,false,"Minister, Govt of Kerala - Local Self Governments, Rural Development",https://en.wikipedia.org/wiki/Satheesan_ministry,0.75,collected,2026-06-26
2827,,13,110,Minister of Kerala (Public Works (PWD)),political_executive,executive,6,false,"Minister, Govt of Kerala - Public Works (PWD)",https://en.wikipedia.org/wiki/Satheesan_ministry,0.75,collected,2026-06-26
2828,,13,110,"Minister of Kerala (Fisheries, Harbour Engineering, Social Justice)",political_executive,executive,6,false,"Minister, Govt of Kerala - Fisheries, Harbour Engineering, Social Justice",https://en.wikipedia.org/wiki/Satheesan_ministry,0.75,collected,2026-06-26
2829,,13,110,"Minister of Kerala (Agriculture, Soil Conservation, Warehousing)",political_executive,executive,6,false,"Minister, Govt of Kerala - Agriculture, Soil Conservation, Warehousing",https://en.wikipedia.org/wiki/Satheesan_ministry,0.75,collected,2026-06-26
2830,,13,110,"Minister of Kerala (Welfare of Scheduled Castes, Scheduled Tribes and Backward Classes)",political_executive,executive,6,false,"Minister, Govt of Kerala - Welfare of Scheduled Castes, Scheduled Tribes and Backward Classes",https://en.wikipedia.org/wiki/Satheesan_ministry,0.75,collected,2026-06-26
2831,,13,110,"Minister of Kerala (Sports, Youth Affairs, Registration, Archaeology)",political_executive,executive,6,false,"Minister, Govt of Kerala - Sports, Youth Affairs, Registration, Archaeology",https://en.wikipedia.org/wiki/Satheesan_ministry,0.75,collected,2026-06-26
2832,282,292,,"Mayor, Bruhat Bengaluru Mahanagara Palike",elected_representative,executive,8,true,Elected head of Bruhat Bengaluru Mahanagara Palike,https://en.wikipedia.org/wiki/Bruhat_Bengaluru_Mahanagara_Palike,0.65,collected,2026-07-03
2833,282,292,1240,"Municipal Commissioner, Bruhat Bengaluru Mahanagara Palike",bureaucratic,administrative,8,false,Administrative head of Bruhat Bengaluru Mahanagara Palike,https://en.wikipedia.org/wiki/List_of_municipal_corporations_in_India + Karnataka DMA (dma.karnataka.gov.in),0.55,collected,2026-06-26
2834,283,305,,"Mayor, Hubballi-Dharwad Municipal Corporation",elected_representative,executive,8,false,Elected head of Hubballi-Dharwad Municipal Corporation,https://en.wikipedia.org/wiki/List_of_municipal_corporations_in_India + Karnataka DMA (dma.karnataka.gov.in),0.45,collected,2026-06-26
2835,283,305,1266,"Municipal Commissioner, Hubballi-Dharwad Municipal Corporation",bureaucratic,administrative,8,false,Administrative head of Hubballi-Dharwad Municipal Corporation,https://en.wikipedia.org/wiki/List_of_municipal_corporations_in_India + Karnataka DMA (dma.karnataka.gov.in),0.55,collected,2026-06-26
2836,284,314,,"Mayor, Mysuru Municipal Corporation",elected_representative,executive,8,true,Elected head of Mysuru Municipal Corporation,https://en.wikipedia.org/wiki/Mysore_City_Corporation,0.75,collected,2026-07-03
2837,284,314,1284,"Municipal Commissioner, Mysuru Municipal Corporation",bureaucratic,administrative,8,false,Administrative head of Mysuru Municipal Corporation,https://newskarnataka.com/mysuru/mcc-plans-revival-of-public-toilets-and-e-toilets/12052026/,0.80,collected,2026-07-03
2838,285,303,,"Mayor, Mangaluru City Corporation",elected_representative,executive,8,false,Elected head of Mangaluru City Corporation,https://en.wikipedia.org/wiki/Mangaluru_City_Corporation,0.65,collected,2026-07-03
2839,285,303,1262,"Municipal Commissioner, Mangaluru City Corporation",bureaucratic,administrative,8,false,Administrative head of Mangaluru City Corporation,https://mangalurusmartcity.net/about-mscl,0.85,collected,2026-07-03
2840,286,295,,"Mayor, Belagavi City Corporation",elected_representative,executive,8,false,Elected head of Belagavi City Corporation,https://timesofindia.indiatimes.com/city/hubballi/belagavi-gets-new-mayor-as-preeti-wins-poll-kongali-elected-as-deputy/articleshow/129662203.cms,0.80,collected,2026-07-03
2841,286,295,1246,"Municipal Commissioner, Belagavi City Corporation",bureaucratic,administrative,8,false,Administrative head of Belagavi City Corporation,https://en.wikipedia.org/wiki/Belagavi_City_Corporation,0.65,collected,2026-07-03
2842,287,307,,"Mayor, Kalaburagi City Corporation",elected_representative,executive,8,false,Elected head of Kalaburagi City Corporation,https://en.wikipedia.org/wiki/Kalaburagi_City_Corporation,0.65,collected,2026-07-03
2843,287,307,1270,"Municipal Commissioner, Kalaburagi City Corporation",bureaucratic,administrative,8,false,Administrative head of Kalaburagi City Corporation,https://timesofindia.indiatimes.com/city/hubballi/kalaburagi-dcs-car-seized-over-delay-in-land-compensation/articleshow/128821700.cms,0.80,collected,2026-07-03
2844,288,304,,"Mayor, Davanagere-Harihar Municipal Corporation",elected_representative,executive,8,false,Elected head of Davanagere-Harihar Municipal Corporation,https://en.wikipedia.org/wiki/Davanagere_City_Corporation,0.70,collected,2026-07-03
2845,288,304,1264,"Municipal Commissioner, Davanagere-Harihar Municipal Corporation",bureaucratic,administrative,8,false,Administrative head of Davanagere-Harihar Municipal Corporation,https://en.wikipedia.org/wiki/Davanagere_City_Corporation,0.70,collected,2026-07-03
2846,289,296,,"Mayor, Ballari City Corporation",elected_representative,executive,8,false,Elected head of Ballari City Corporation,https://timesofindia.indiatimes.com/city/hubballi/gadeppa-pujar-elected-as-ballari-mayor-and-mubeena-his-deputy/articleshow/125351443.cms,0.80,collected,2026-07-03
2847,289,296,1248,"Municipal Commissioner, Ballari City Corporation",bureaucratic,administrative,8,false,Administrative head of Ballari City Corporation,https://hospet.online/ballari-city-corporation-decides-to-install-cctv-cameras-to-monitor-waste-management/,0.70,collected,2026-07-03
2848,290,298,,"Mayor, Vijayapura City Corporation",elected_representative,executive,8,true,Elected head of Vijayapura City Corporation,https://en.wikipedia.org/wiki/Vijayapura,0.75,collected,2026-07-03
2849,290,298,1252,"Municipal Commissioner, Vijayapura City Corporation",bureaucratic,administrative,8,false,Administrative head of Vijayapura City Corporation,https://en.wikipedia.org/wiki/Bijapur,0.65,collected,2026-07-03
2850,291,317,,"Mayor, Tumakuru City Corporation",elected_representative,executive,8,false,Elected head of Tumakuru City Corporation,https://en.wikipedia.org/wiki/Tumkur,0.65,collected,2026-07-03
2851,291,317,1290,"Municipal Commissioner, Tumakuru City Corporation",bureaucratic,administrative,8,false,Administrative head of Tumakuru City Corporation,https://en.wikipedia.org/wiki/Tumkur,0.65,collected,2026-07-03
2852,292,316,,"Mayor, Shivamogga City Corporation",elected_representative,executive,8,true,Elected head of Shivamogga City Corporation,https://www.janaagraha.org/wp-content/uploads/2024/09/A-critical-review-of-decentralised-participatory-governance-in-cities-of-Karnataka_Janaagraha_10092024.pdf,0.75,collected,2026-07-03
2853,292,316,1288,"Municipal Commissioner, Shivamogga City Corporation",bureaucratic,administrative,8,false,Administrative head of Shivamogga City Corporation,https://www.inkl.com/news/take-steps-to-avoid-rain-havoc-officers-told,0.70,collected,2026-07-03
2854,293,315,,"Mayor, Raichur City Municipal Corporation",elected_representative,executive,8,true,Elected head of Raichur City Municipal Corporation,https://indiankanoon.org/doc/138255539/,0.75,collected,2026-07-03
2855,293,315,1286,"Municipal Commissioner, Raichur City Municipal Corporation",bureaucratic,administrative,8,false,Administrative head of Raichur City Municipal Corporation,https://en.wikipedia.org/wiki/List_of_municipal_corporations_in_India + Karnataka DMA (dma.karnataka.gov.in),0.55,collected,2026-06-26
2856,4,1,207,"Secretary, Ministry of Finance",bureaucratic,administrative,6,false,Senior-most IAS officer in the Ministry of Finance; also Finance Secretary to the Government of India,https://en.wikipedia.org/wiki/List_of_office-holders_in_the_Government_of_India,0.85,collected,2026-06-30
2857,3,1,207,"Secretary, Ministry of Defence",bureaucratic,administrative,6,false,Senior-most IAS officer in the Ministry of Defence; also Defence Secretary to the Government of India,https://en.wikipedia.org/wiki/List_of_office-holders_in_the_Government_of_India,0.85,collected,2026-06-30
2858,10,1,207,"Secretary, Ministry of External Affairs",bureaucratic,administrative,6,false,Senior-most IFS officer in the Ministry of External Affairs; also Foreign Secretary to the Government of India,https://en.wikipedia.org/wiki/List_of_office-holders_in_the_Government_of_India,0.85,collected,2026-06-30
2859,7,1,207,"Secretary, Ministry of Road Transport and Highways",bureaucratic,administrative,6,false,Senior-most IAS officer heading MoRTH bureaucracy,https://en.wikipedia.org/wiki/Ministry_of_Road_Transport_and_Highways,0.85,collected,2026-06-30
2860,8,1,207,"Secretary, Ministry of Health and Family Welfare",bureaucratic,administrative,6,false,Senior-most IAS officer heading MoHFW bureaucracy (Dept of Health & Family Welfare),https://en.wikipedia.org/wiki/Ministry_of_Health_and_Family_Welfare,0.85,collected,2026-06-30
2861,5,1,207,"Chairman & CEO, Railway Board",bureaucratic,administrative,6,false,Senior-most bureaucrat in the Ministry of Railways; equivalent to Secretary to GoI,https://en.wikipedia.org/wiki/List_of_office-holders_in_the_Government_of_India,0.85,collected,2026-06-30
2862,6,1,207,"Secretary, Ministry of Education",bureaucratic,administrative,6,false,Senior-most IAS officer heading Ministry of Education bureaucracy,https://en.wikipedia.org/wiki/Ministry_of_Education_(India),0.75,collected,2026-06-30
2863,13,1,207,"Secretary, Ministry of Commerce and Industry",bureaucratic,administrative,6,false,Senior-most IAS officer heading MoCI bureaucracy,https://en.wikipedia.org/wiki/Ministry_of_Commerce_and_Industry_(India),0.75,collected,2026-06-30
2864,11,1,207,"Secretary, Ministry of Power",bureaucratic,administrative,6,false,Senior-most IAS officer heading Ministry of Power bureaucracy,https://en.wikipedia.org/wiki/Ministry_of_Power_(India),0.75,collected,2026-06-30
2865,22,1,207,"Secretary, Ministry of Communications",bureaucratic,administrative,6,false,Senior-most officer heading Ministry of Communications bureaucracy,https://en.wikipedia.org/wiki/Ministry_of_Communications_(India),0.75,collected,2026-06-30
2866,9,1,207,"Secretary, Ministry of Agriculture and Farmers' Welfare",bureaucratic,administrative,6,false,Senior-most IAS officer heading Agriculture Ministry bureaucracy,https://en.wikipedia.org/wiki/Ministry_of_Agriculture_and_Farmers%27_Welfare,0.75,collected,2026-06-30
2867,18,1,207,"Secretary, Ministry of Civil Aviation",bureaucratic,administrative,6,false,Senior-most IAS officer heading Civil Aviation Ministry bureaucracy,https://en.wikipedia.org/wiki/Ministry_of_Civil_Aviation_(India),0.75,collected,2026-06-30
2868,28,1,207,"Secretary, Ministry of Labour and Employment",bureaucratic,administrative,6,false,Senior-most IAS officer heading Labour Ministry bureaucracy,https://en.wikipedia.org/wiki/Ministry_of_Labour_and_Employment_(India),0.75,collected,2026-06-30
2869,23,1,207,"Secretary, Ministry of Environment, Forest and Climate Change",bureaucratic,administrative,6,false,Senior-most IAS officer heading MoEFCC bureaucracy,https://en.wikipedia.org/wiki/,0.85,collected,2026-06-30
2870,29,1,207,"Secretary, Ministry of Coal",bureaucratic,administrative,6,false,Senior-most IAS officer heading Ministry of Coal bureaucracy,https://en.wikipedia.org/wiki/,0.85,collected,2026-06-30
2871,27,1,207,"Secretary, Ministry of Petroleum and Natural Gas",bureaucratic,administrative,6,false,Senior-most IAS officer heading MoPNG bureaucracy,https://en.wikipedia.org/wiki/,0.85,collected,2026-06-30
2872,30,1,207,"Secretary, Ministry of Food Processing Industries",bureaucratic,administrative,6,false,Senior-most officer heading Food Processing Ministry bureaucracy,https://en.wikipedia.org/wiki/,0.85,collected,2026-06-30
2873,12,1,207,"Secretary, Ministry of Heavy Industries",bureaucratic,administrative,6,false,Senior-most officer heading the ministry bureaucracy,https://documents.doptcirculars.nic.in/D2/D02eod/I-SecykDsyA.pdf,0.90,collected,2026-07-03
2874,14,1,207,"Secretary, Ministry of MSME",bureaucratic,administrative,6,false,Senior-most officer heading the ministry bureaucracy,https://documents.doptcirculars.nic.in/D2/D02eod/I-SecykDsyA.pdf,0.90,collected,2026-07-03
2875,15,1,207,"Secretary, Ministry of Panchayati Raj",bureaucratic,administrative,6,false,Senior-most officer heading the ministry bureaucracy,https://documents.doptcirculars.nic.in/D2/D02eod/I-SecykDsyA.pdf,0.90,collected,2026-07-03
2876,16,1,207,"Secretary, Ministry of Ports, Shipping and Waterways",bureaucratic,administrative,6,false,Senior-most officer heading the ministry bureaucracy,https://documents.doptcirculars.nic.in/D2/D02eod/I-SecykDsyA.pdf,0.90,collected,2026-07-03
2877,17,1,207,"Secretary, Ministry of Social Justice and Empowerment",bureaucratic,administrative,6,false,Senior-most officer heading the ministry bureaucracy,https://documents.doptcirculars.nic.in/D2/D02eod/I-SecykDsyA.pdf,0.90,collected,2026-07-03
2878,19,1,207,"Secretary, Ministry of Consumer Affairs, Food and Public Distribution",bureaucratic,administrative,6,false,Senior-most officer heading the ministry bureaucracy,https://documents.doptcirculars.nic.in/D2/D02eod/I-SecykDsyA.pdf,0.85,collected,2026-07-03
2879,20,1,207,"Secretary, Ministry of Tribal Affairs",bureaucratic,administrative,6,false,Senior-most officer heading the ministry bureaucracy,https://documents.doptcirculars.nic.in/D2/D02eod/I-SecykDsyA.pdf,0.90,collected,2026-07-03
2880,21,1,207,"Secretary, Ministry of Textiles",bureaucratic,administrative,6,false,Senior-most officer heading the ministry bureaucracy,https://documents.doptcirculars.nic.in/D2/D02eod/I-SecykDsyA.pdf,0.90,collected,2026-07-03
2881,24,1,207,"Secretary, Ministry of Culture",bureaucratic,administrative,6,false,Senior-most officer heading the ministry bureaucracy,https://documents.doptcirculars.nic.in/D2/D02eod/I-SecykDsyA.pdf,0.90,collected,2026-07-03
2882,25,1,207,"Secretary, Ministry of Women and Child Development",bureaucratic,administrative,6,false,Senior-most officer heading the ministry bureaucracy,https://documents.doptcirculars.nic.in/D2/D02eod/I-SecykDsyA.pdf,0.90,collected,2026-07-03
2883,26,1,207,"Secretary, Ministry of Parliamentary Affairs",bureaucratic,administrative,6,false,Senior-most officer heading the ministry bureaucracy,https://documents.doptcirculars.nic.in/D2/D02eod/I-SecykDsyA.pdf,0.90,collected,2026-07-03
2884,31,1,207,"Secretary, Ministry of Jal Shakti",bureaucratic,administrative,6,false,Senior-most officer heading the ministry bureaucracy,https://documents.doptcirculars.nic.in/D2/D02eod/I-SecykDsyA.pdf,0.85,collected,2026-07-03
2885,32,1,207,"Secretary, Ministry of Statistics and Programme Implementation",bureaucratic,administrative,6,false,Senior-most officer heading the ministry bureaucracy,https://documents.doptcirculars.nic.in/D2/D02eod/I-SecykDsyA.pdf,0.90,collected,2026-07-03
2886,33,1,207,"Secretary, Ministry of Science and Technology",bureaucratic,administrative,6,false,Senior-most officer heading the ministry bureaucracy,https://documents.doptcirculars.nic.in/D2/D02eod/I-SecykDsyA.pdf,0.85,collected,2026-07-03
2887,34,1,207,"Secretary, Ministry of Law and Justice",bureaucratic,administrative,6,false,Senior-most officer heading the ministry bureaucracy,https://documents.doptcirculars.nic.in/D2/D02eod/I-SecykDsyA.pdf,0.85,collected,2026-07-03
2888,35,1,207,"Secretary, Ministry of AYUSH",bureaucratic,administrative,6,false,Senior-most officer heading the ministry bureaucracy,https://documents.doptcirculars.nic.in/D2/D02eod/I-SecykDsyA.pdf,0.90,collected,2026-07-03
2889,36,1,207,"Secretary, Ministry of Skill Development and Entrepreneurship",bureaucratic,administrative,6,false,Senior-most officer heading the ministry bureaucracy,https://documents.doptcirculars.nic.in/D2/D02eod/I-SecykDsyA.pdf,0.90,collected,2026-07-03
2890,12,1,207,"Secretary, Ministry of Heavy Industries",bureaucratic,administrative,6,false,Senior-most officer heading the ministry bureaucracy,https://en.wikipedia.org/wiki/Secretary_to_the_Government_of_India,0.85,collected,2026-06-30
2891,14,1,207,"Secretary, Ministry of MSME",bureaucratic,administrative,6,false,Senior-most officer heading the ministry bureaucracy,https://en.wikipedia.org/wiki/Secretary_to_the_Government_of_India,0.85,collected,2026-06-30
2892,15,1,207,"Secretary, Ministry of Panchayati Raj",bureaucratic,administrative,6,false,Senior-most officer heading the ministry bureaucracy,https://en.wikipedia.org/wiki/Secretary_to_the_Government_of_India,0.85,collected,2026-06-30
2893,16,1,207,"Secretary, Ministry of Ports, Shipping and Waterways",bureaucratic,administrative,6,false,Senior-most officer heading the ministry bureaucracy,https://en.wikipedia.org/wiki/Secretary_to_the_Government_of_India,0.85,collected,2026-06-30
2894,17,1,207,"Secretary, Ministry of Social Justice and Empowerment",bureaucratic,administrative,6,false,Senior-most officer heading the ministry bureaucracy,https://en.wikipedia.org/wiki/Secretary_to_the_Government_of_India,0.85,collected,2026-06-30
2895,19,1,207,"Secretary, Ministry of Consumer Affairs, Food and Public Distribution",bureaucratic,administrative,6,false,Senior-most officer heading the ministry bureaucracy,https://en.wikipedia.org/wiki/Secretary_to_the_Government_of_India,0.85,collected,2026-06-30
2896,20,1,207,"Secretary, Ministry of Tribal Affairs",bureaucratic,administrative,6,false,Senior-most officer heading the ministry bureaucracy,https://en.wikipedia.org/wiki/Secretary_to_the_Government_of_India,0.85,collected,2026-06-30
2897,21,1,207,"Secretary, Ministry of Textiles",bureaucratic,administrative,6,false,Senior-most officer heading the ministry bureaucracy,https://en.wikipedia.org/wiki/Secretary_to_the_Government_of_India,0.85,collected,2026-06-30
2898,24,1,207,"Secretary, Ministry of Culture",bureaucratic,administrative,6,false,Senior-most officer heading the ministry bureaucracy,https://en.wikipedia.org/wiki/Secretary_to_the_Government_of_India,0.85,collected,2026-06-30
2899,25,1,207,"Secretary, Ministry of Women and Child Development",bureaucratic,administrative,6,false,Senior-most officer heading the ministry bureaucracy,https://en.wikipedia.org/wiki/Secretary_to_the_Government_of_India,0.85,collected,2026-06-30
2900,26,1,207,"Secretary, Ministry of Parliamentary Affairs",bureaucratic,administrative,6,false,Senior-most officer heading the ministry bureaucracy,https://en.wikipedia.org/wiki/Secretary_to_the_Government_of_India,0.85,collected,2026-06-30
2901,31,1,207,"Secretary, Ministry of Jal Shakti",bureaucratic,administrative,6,false,Senior-most officer heading the ministry bureaucracy,https://en.wikipedia.org/wiki/Secretary_to_the_Government_of_India,0.85,collected,2026-06-30
2902,32,1,207,"Secretary, Ministry of Statistics and Programme Implementation",bureaucratic,administrative,6,false,Senior-most officer heading the ministry bureaucracy,https://en.wikipedia.org/wiki/Secretary_to_the_Government_of_India,0.85,collected,2026-06-30
2903,34,1,207,"Secretary, Ministry of Law and Justice",bureaucratic,administrative,6,false,Senior-most officer heading the ministry bureaucracy,https://en.wikipedia.org/wiki/Secretary_to_the_Government_of_India,0.85,collected,2026-06-30
2904,35,1,207,"Secretary, Ministry of AYUSH",bureaucratic,administrative,6,false,Senior-most officer heading the ministry bureaucracy,https://en.wikipedia.org/wiki/Secretary_to_the_Government_of_India,0.85,collected,2026-06-30
2905,36,1,207,"Secretary, Ministry of Skill Development and Entrepreneurship",bureaucratic,administrative,6,false,Senior-most officer heading the ministry bureaucracy,https://en.wikipedia.org/wiki/Secretary_to_the_Government_of_India,0.85,collected,2026-06-30
